#
# A fatal error has been detected by the Java Runtime Environment:
#
#  EXCEPTION_ACCESS_VIOLATION (0xc0000005) at pc=0x00007fff6d81a0f6, pid=19600, tid=20028
#
# JRE version: OpenJDK Runtime Environment (21.0.5) (build 21.0.5+-13047016-b750.29)
# Java VM: OpenJDK 64-Bit Server VM (21.0.5+-13047016-b750.29, mixed mode, tiered, compressed oops, compressed class ptrs, g1 gc, windows-amd64)
# Problematic frame:
# V  [jvm.dll+0x13a0f6]
#
# No core dump will be written. Minidumps are not enabled by default on client versions of Windows
#
# If you would like to submit a bug report, please visit:
#   https://youtrack.jetbrains.com/issues/JBR
#

---------------  S U M M A R Y ------------

Command Line: --add-opens=java.base/java.lang=ALL-UNNAMED --add-opens=java.base/java.lang.invoke=ALL-UNNAMED --add-opens=java.base/java.util=ALL-UNNAMED --add-opens=java.prefs/java.util.prefs=ALL-UNNAMED --add-exports=jdk.compiler/com.sun.tools.javac.api=ALL-UNNAMED --add-exports=jdk.compiler/com.sun.tools.javac.util=ALL-UNNAMED --add-opens=java.base/java.util=ALL-UNNAMED --add-opens=java.prefs/java.util.prefs=ALL-UNNAMED --add-opens=java.base/java.nio.charset=ALL-UNNAMED --add-opens=java.base/java.net=ALL-UNNAMED --add-opens=java.base/java.util.concurrent.atomic=ALL-UNNAMED --add-opens=java.xml/javax.xml.namespace=ALL-UNNAMED -Xmx2048m -Dfile.encoding=UTF-8 -Duser.country=RU -Duser.language=ru -Duser.variant -javaagent:C:\Users\77012\.gradle\wrapper\dists\gradle-8.11.1-bin\bpt9gzteqjrbo1mjrsomdt32c\gradle-8.11.1\lib\agents\gradle-instrumentation-agent-8.11.1.jar org.gradle.launcher.daemon.bootstrap.GradleDaemon 8.11.1

Host: 11th Gen Intel(R) Core(TM) i5-11300H @ 3.10GHz, 8 cores, 7G,  Windows 10 , 64 bit Build 19041 (10.0.19041.5915)
Time: Tue Oct 14 20:10:08 2025  Windows 10 , 64 bit Build 19041 (10.0.19041.5915) elapsed time: 169.793316 seconds (0d 0h 2m 49s)

---------------  T H R E A D  ---------------

Current thread (0x000001fa3c9462a0):  WorkerThread "G1 Conc#1"      [id=20028, stack(0x000000b3f0800000,0x000000b3f0900000) (1024K)]

Stack: [0x000000b3f0800000,0x000000b3f0900000],  sp=0x000000b3f08ff738,  free space=1021k
Native frames: (J=compiled Java code, j=interpreted, Vv=VM code, C=native code)
V  [jvm.dll+0x13a0f6]


siginfo: EXCEPTION_ACCESS_VIOLATION (0xc0000005), reading address 0x00000003230b9340


Registers:
RAX=0x0490048900000124, RBX=0x000001fa1def9201, RCX=0x0000000084b9bfe8, RDX=0x0000000084b9bfe8
RSP=0x000000b3f08ff738, RBP=0x0000000000000000, RSI=0x000001fa1dee4d90, RDI=0x0000000084b9bfe8
R8 =0x00000003230b9338, R9 =0x000000000000004b, R10=0x000001fa1de9fb50, R11=0x0000000000000004
R12=0x0000000000000000, R13=0x00000000000003d8, R14=0x0000000100610298, R15=0x0000000083efe160
RIP=0x00007fff6d81a0f6, EFLAGS=0x0000000000010202


Register to memory mapping:

RAX=0x0490048900000124 is an unknown value
RBX=0x000001fa1def9201 points into unknown readable memory: ff ff ff 21 2b 7c 24
RCX=0x0000000084b9bfe8 is pointing into object: [B 
{0x0000000084b9bfd0} - klass: {type array byte}
 - length: 155
RDX=0x0000000084b9bfe8 is pointing into object: [B 
{0x0000000084b9bfd0} - klass: {type array byte}
 - length: 155
RSP=0x000000b3f08ff738 points into unknown readable memory: 0x00007fff6d9f798a | 8a 79 9f 6d ff 7f 00 00
RBP=0x0 is null
RSI=0x000001fa1dee4d90 points into unknown readable memory: 0x000001fa1def57f0 | f0 57 ef 1d fa 01 00 00
RDI=0x0000000084b9bfe8 is pointing into object: [B 
{0x0000000084b9bfd0} - klass: {type array byte}
 - length: 155
R8 =0x00000003230b9338 is an unknown value
R9 =0x000000000000004b is an unknown value
R10=0x000001fa1de9fb50 points into unknown readable memory: 0x00007fff6e048380 | 80 83 04 6e ff 7f 00 00
R11=0x0000000000000004 is an unknown value
R12=0x0 is null
R13=0x00000000000003d8 is an unknown value
R14=0x0000000100610298 is a pointer to class: 
org.gradle.internal.fingerprint.impl.DefaultFileSystemLocationFingerprint$1 {0x00000001006102a0}
 - instance size:     2
 - klass size:        67
 - access:            synchronized synthetic 
 - flags:             rewritten should_verify_class 
 - state:             fully_initialized
 - name:              'org/gradle/internal/fingerprint/impl/DefaultFileSystemLocationFingerprint$1'
 - super:             'java/lang/Object'
 - sub:               
 - arrays:            null
 - methods:           Array<T>(0x000001fa3a4927f0)
 - method ordering:   Array<T>(0x000001fa38000018)
 - local interfaces:  Array<T>(0x000001fa38000058)
 - trans. interfaces: Array<T>(0x000001fa38000058)
 - constants:         constant pool [43] {0x000001fa3a492628} for 'org/gradle/internal/fingerprint/impl/DefaultFileSystemLocationFingerprint$1' cache=0x000001fa3a492950
 - class loader data:  loader data: 0x000001fa37a2bc60 for instance a 'org/gradle/internal/classloader/VisitableURLClassLoader'{0x000000008006faa8}
 - source file:       'DefaultFileSystemLocationFingerprint.java'
 - inner classes:     Array<T>(0x000001fa3a492918)
 - nest members:     Array<T>(0x000001fa38000028)
 - permitted subclasses:     Array<T>(0x000001fa38000028)
 - java mirror:       a 'java/lang/Class'{0x00000000ff724198} = 'org/gradle/internal/fingerprint/impl/DefaultFileSystemLocationFingerprint$1'
 - vtable length      5  (start addr: 0x0000000100610478)
 - itable length      2 (start addr: 0x00000001006104a0)
 - ---- static fields (1 words):
 - static final synthetic '$SwitchMap$org$gradle$internal$file$FileType' '[I' @112 
 - ---- non-static fields (0 words):
 - non-static oop maps: 
R15=0x0000000083efe160 is an oop: org.gradle.internal.fingerprint.impl.DefaultFileSystemLocationFingerprint 
{0x0000000083efe160} - klass: 'org/gradle/internal/fingerprint/impl/DefaultFileSystemLocationFingerprint'
 - ---- fields (total size 3 words):
 - private final 'normalizedContentHash' 'Lorg/gradle/internal/hash/HashCode;' @12  a 'org/gradle/internal/hash/HashCode$HashCode128'{0x0000000083efe178} (0x83efe178)
 - private final 'normalizedPath' 'Ljava/lang/String;' @16  
[error occurred during error reporting (printing register info), id 0xc0000005, EXCEPTION_ACCESS_VIOLATION (0xc0000005) at pc=0x00007fff6dd9ae16]

Top of Stack: (sp=0x000000b3f08ff738)
0x000000b3f08ff738:   00007fff6d9f798a 00000000013f7b1c
0x000000b3f08ff748:   0000000002e0b6a2 0000da5a7c7a0ec5
0x000000b3f08ff758:   0000000000000000 0000000084b9bfe8
0x000000b3f08ff768:   00007fff6d9f775f 000001fa1def9290
0x000000b3f08ff778:   000000b3f08ff8c0 0000000100610290
0x000000b3f08ff788:   00007fff6dda879c 0000000083efe174
0x000000b3f08ff798:   00007fff6d9f509d 0000000083efe170
0x000000b3f08ff7a8:   00007fff6d9f594d 000000b3f08ff7e0
0x000000b3f08ff7b8:   0000000000000000 0000000000000000
0x000000b3f08ff7c8:   0000000000000000 0000000083efe160
0x000000b3f08ff7d8:   00007fff6d9f4ce2 0000000100610000
0x000000b3f08ff7e8:   0000000000000003 000000b3f08ff8c0
0x000000b3f08ff7f8:   0000000000000000 0000000083efe160
0x000000b3f08ff808:   00007fff6da124fa 000001fa1def9290
0x000000b3f08ff818:   0000000000000040 00000000000000fa
0x000000b3f08ff828:   000001fa1dea84c0 0000000000000001
0x000000b3f08ff838:   000001fa1def9290 000000b3ee6ff301
0x000000b3f08ff848:   0000000000000000 000001fa1def9290
0x000000b3f08ff858:   00007fff6da117b0 000001fa1def9290
0x000000b3f08ff868:   000000b3ee6ff301 0000000083efe160
0x000000b3f08ff878:   0000000000000000 000001fa1dee4d90
0x000000b3f08ff888:   000001fa1def9290 000000008f500000
0x000000b3f08ff898:   0000000000020000 000000008f500000
0x000000b3f08ff8a8:   0000000000020000 000000000135f1b4
0x000000b3f08ff8b8:   0000000002c67cc4 00007fff6e049d18
0x000000b3f08ff8c8:   000001fa3757dca0 0000000000000003
0x000000b3f08ff8d8:   000001fa1de9fb50 000001fa1def9290
0x000000b3f08ff8e8:   00007fff6dd7fd03 c215b08487e53e77
0x000000b3f08ff8f8:   0000000000000000 0000000000000000
0x000000b3f08ff908:   0000000000000000 0000000000000000
0x000000b3f08ff918:   000001fa3c611b70 00000000000003d8
0x000000b3f08ff928:   000001fa3c611f48 000001fa3dbce360 

Instructions: (pc=0x00007fff6d81a0f6)
0x00007fff6d819ff6:   4c 63 c0 41 8b c1 48 c1 f8 10 48 63 14 19 41 8b
0x00007fff6d81a006:   c9 83 e1 3f 48 d3 e2 0f b6 c8 49 8d 04 10 49 f7
0x00007fff6d81a016:   d0 48 03 c8 49 c1 e8 03 48 c1 e9 03 49 23 c8 eb
0x00007fff6d81a026:   12 49 8b 00 48 8b d3 49 8b c8 ff 90 00 01 00 00
0x00007fff6d81a036:   48 8b c8 48 89 1f 48 8b c7 48 8b 5c 24 30 48 89
0x00007fff6d81a046:   4f 08 48 83 c4 20 5f c3 cc cc 0f b6 05 b9 81 9f
0x00007fff6d81a056:   00 48 8b d1 84 c0 74 16 44 8b 41 08 8b 0d b0 6e
0x00007fff6d81a066:   9f 00 49 d3 e0 4c 03 05 9e 6e 9f 00 eb 04 4c 8b
0x00007fff6d81a076:   41 08 45 8b 48 08 45 85 c9 7e 0e 41 f6 c1 01 75
0x00007fff6d81a086:   53 41 c1 f9 03 49 63 c1 c3 79 49 84 c0 41 b8 0c
0x00007fff6d81a096:   00 00 00 8b 05 69 7f 9f 00 b9 10 00 00 00 41 0f
0x00007fff6d81a0a6:   45 c8 ff c8 4c 63 c0 41 8b c1 48 c1 f8 10 0f b6
0x00007fff6d81a0b6:   c0 48 63 14 11 41 8b c9 83 e1 3f 48 d3 e2 49 8d
0x00007fff6d81a0c6:   0c 10 49 f7 d0 48 03 c1 49 c1 e8 03 48 c1 e8 03
0x00007fff6d81a0d6:   49 23 c0 c3 49 8b 00 49 8b c8 48 ff a0 00 01 00
0x00007fff6d81a0e6:   00 cc cc cc cc cc cc cc cc cc 4c 8b c2 48 8b d1
0x00007fff6d81a0f6:   45 8b 48 08 45 85 c9 7e 0e 41 f6 c1 01 75 56 41
0x00007fff6d81a106:   c1 f9 03 49 63 c1 c3 79 4c 80 3d fa 80 9f 00 00
0x00007fff6d81a116:   b8 0c 00 00 00 b9 10 00 00 00 0f 45 c8 8b 05 df
0x00007fff6d81a126:   7e 9f 00 ff c8 4c 63 c0 41 8b c1 48 c1 f8 10 48
0x00007fff6d81a136:   63 14 11 41 8b c9 83 e1 3f 0f b6 c0 48 d3 e2 49
0x00007fff6d81a146:   8d 0c 10 49 f7 d0 48 03 c1 49 c1 e8 03 48 c1 e8
0x00007fff6d81a156:   03 49 23 c0 c3 49 8b 00 49 8b c8 48 ff a0 00 01
0x00007fff6d81a166:   00 00 cc cc cc cc cc cc cc cc 40 53 48 83 ec 20
0x00007fff6d81a176:   48 8b d9 49 8b c0 33 c9 45 0f b6 c1 48 89 0b 48
0x00007fff6d81a186:   89 4b 08 48 8b cb 48 89 53 10 48 8b d0 e8 28 09
0x00007fff6d81a196:   00 00 48 8b c3 48 83 c4 20 5b c3 cc cc cc cc cc
0x00007fff6d81a1a6:   cc cc cc cc cc cc cc cc cc cc 40 53 48 83 ec 20
0x00007fff6d81a1b6:   33 c0 44 88 41 10 45 0f b6 c1 48 89 01 48 89 41
0x00007fff6d81a1c6:   08 48 8b d9 e8 01 0a 00 00 48 8b c3 48 83 c4 20
0x00007fff6d81a1d6:   5b c3 cc cc cc cc cc cc cc cc 40 53 48 83 ec 20
0x00007fff6d81a1e6:   33 c0 48 8b d9 48 89 01 48 89 41 08 e8 99 0b 00 


Stack slot to memory mapping:

stack at sp + 0 slots: 0x00007fff6d9f798a jvm.dll
stack at sp + 1 slots: 0x00000000013f7b1c is an unknown value
stack at sp + 2 slots: 0x0000000002e0b6a2 is an unknown value
stack at sp + 3 slots: 0x0000da5a7c7a0ec5 is an unknown value
stack at sp + 4 slots: 0x0 is null
stack at sp + 5 slots: 0x0000000084b9bfe8 is pointing into object: [B 
{0x0000000084b9bfd0} - klass: {type array byte}
 - length: 155
stack at sp + 6 slots: 0x00007fff6d9f775f jvm.dll
stack at sp + 7 slots: 0x000001fa1def9290 points into unknown readable memory: 0x00007fff6e049cf8 | f8 9c 04 6e ff 7f 00 00


---------------  P R O C E S S  ---------------

Threads class SMR info:
_java_thread_list=0x000001fa3c8fb060, length=157, elements={
0x000001fa1de8f720, 0x000001fa37722390, 0x000001fa377230d0, 0x000001fa3772bfa0,
0x000001fa3772cae0, 0x000001fa3772d620, 0x000001fa3770ca60, 0x000001fa377303c0,
0x000001fa37730e50, 0x000001fa37502a30, 0x000001fa37a1e000, 0x000001fa3d9c3750,
0x000001fa379596a0, 0x000001fa3d8daec0, 0x000001fa3d837980, 0x000001fa3d835cb0,
0x000001fa3dbe0ab0, 0x000001fa3d8cadb0, 0x000001fa3d8cc540, 0x000001fa3d988330,
0x000001fa3d98b120, 0x000001fa3d98aa90, 0x000001fa3d98b7b0, 0x000001fa3d98a400,
0x000001fa3d989d70, 0x000001fa3d989050, 0x000001fa3d9889c0, 0x000001fa3d9896e0,
0x000001fa3fb0ea80, 0x000001fa3fb09bc0, 0x000001fa3fb0f110, 0x000001fa3fb0a250,
0x000001fa3fb0a8e0, 0x000001fa3fb0af70, 0x000001fa3fb0b600, 0x000001fa3fb0f7a0,
0x000001fa3fb0bc90, 0x000001fa3fb0c9b0, 0x000001fa3fb0c320, 0x000001fa3fb0d6d0,
0x000001fa3fb0dd60, 0x000001fa3fb0e3f0, 0x000001fa3fb08ea0, 0x000001fa41cf02a0,
0x000001fa41cf3db0, 0x000001fa41cef580, 0x000001fa41ced4b0, 0x000001fa41cf1650,
0x000001fa41cefc10, 0x000001fa41cf0930, 0x000001fa41cf0fc0, 0x000001fa41cf1ce0,
0x000001fa41cf2370, 0x000001fa41cee860, 0x000001fa41cedb40, 0x000001fa41cee1d0,
0x000001fa41cf2a00, 0x000001fa41cf3720, 0x000001fa41cf4ad0, 0x000001fa41cf4440,
0x000001fa41cf3090, 0x000001fa41ceeef0, 0x000001fa416aa070, 0x000001fa416ae8a0,
0x000001fa416a8630, 0x000001fa416ab420, 0x000001fa416abab0, 0x000001fa416ace60,
0x000001fa416aad90, 0x000001fa416a9350, 0x000001fa416ae210, 0x000001fa416ac140,
0x000001fa416ad4f0, 0x000001fa416adb80, 0x000001fa416aef30, 0x000001fa416a7fa0,
0x000001fa416af5c0, 0x000001fa3fb08810, 0x000001fa42e3df00, 0x000001fa42e42dc0,
0x000001fa412d97e0, 0x000001fa412d4920, 0x000001fa412d5640, 0x000001fa412d7da0,
0x000001fa412d4fb0, 0x000001fa412d5cd0, 0x000001fa412d69f0, 0x000001fa43785af0,
0x000001fa43783a20, 0x000001fa43786810, 0x000001fa43785460, 0x000001fa437840b0,
0x000001fa43784740, 0x000001fa43786180, 0x000001fa43784dd0, 0x000001fa3f85ab00,
0x000001fa3f860050, 0x000001fa3f85b190, 0x000001fa3f85a470, 0x000001fa3f8590c0,
0x000001fa3f85d8f0, 0x000001fa3f85b820, 0x000001fa3f8606e0, 0x000001fa3f85beb0,
0x000001fa3f85df80, 0x000001fa3f85d260, 0x000001fa3f85eca0, 0x000001fa3f859750,
0x000001fa3f85c540, 0x000001fa3f859de0, 0x000001fa3f85cbd0, 0x000001fa3f85f330,
0x000001fa3f85f9c0, 0x000001fa37a2fff0, 0x000001fa37a31a30, 0x000001fa37a313a0,
0x000001fa37a35bd0, 0x000001fa37a320c0, 0x000001fa37a2f960, 0x000001fa37a2f2d0,
0x000001fa37a34190, 0x000001fa3cde6fb0, 0x000001fa3cde7640, 0x000001fa3cde7cd0,
0x000001fa48e68110, 0x000001fa48e64c90, 0x000001fa48e6a870, 0x000001fa48e687a0,
0x000001fa48e6a1e0, 0x000001fa48e638e0, 0x000001fa48e67a80, 0x000001fa48e66d60,
0x000001fa48e659b0, 0x000001fa48e6b590, 0x000001fa42e3c4c0, 0x000001fa4c9569e0,
0x000001fa4c953bf0, 0x000001fa4c955630, 0x000001fa4b160860, 0x000001fa4b1601d0,
0x000001fa4b160ef0, 0x000001fa4b159f60, 0x000001fa4b1622a0, 0x000001fa42e3f940,
0x000001fa42e41380, 0x000001fa40d1ef70, 0x000001fa40d209b0, 0x000001fa40d24b50,
0x000001fa40d25f00, 0x000001fa40d251e0, 0x000001fa40d21040, 0x000001fa3efb3fb0,
0x000001fa3efb61c0, 0x000001fa40d25870, 0x000001fa497ef770, 0x000001fa497f1840,
0x000001fa497ee3c0
}

Java Threads: ( => current thread )
  0x000001fa1de8f720 JavaThread "main"                              [_thread_blocked, id=14248, stack(0x000000b3ee400000,0x000000b3ee500000) (1024K)]
  0x000001fa37722390 JavaThread "Reference Handler"          daemon [_thread_blocked, id=20212, stack(0x000000b3eec00000,0x000000b3eed00000) (1024K)]
  0x000001fa377230d0 JavaThread "Finalizer"                  daemon [_thread_blocked, id=19956, stack(0x000000b3eed00000,0x000000b3eee00000) (1024K)]
  0x000001fa3772bfa0 JavaThread "Signal Dispatcher"          daemon [_thread_blocked, id=2420, stack(0x000000b3eee00000,0x000000b3eef00000) (1024K)]
  0x000001fa3772cae0 JavaThread "Attach Listener"            daemon [_thread_blocked, id=22124, stack(0x000000b3eef00000,0x000000b3ef000000) (1024K)]
  0x000001fa3772d620 JavaThread "Service Thread"             daemon [_thread_blocked, id=20892, stack(0x000000b3ef000000,0x000000b3ef100000) (1024K)]
  0x000001fa3770ca60 JavaThread "Monitor Deflation Thread"   daemon [_thread_blocked, id=22172, stack(0x000000b3ef100000,0x000000b3ef200000) (1024K)]
  0x000001fa377303c0 JavaThread "C2 CompilerThread0"         daemon [_thread_in_native, id=14752, stack(0x000000b3ef200000,0x000000b3ef300000) (1024K)]
  0x000001fa37730e50 JavaThread "C1 CompilerThread0"         daemon [_thread_blocked, id=15168, stack(0x000000b3ef300000,0x000000b3ef400000) (1024K)]
  0x000001fa37502a30 JavaThread "Common-Cleaner"             daemon [_thread_blocked, id=18528, stack(0x000000b3ef400000,0x000000b3ef500000) (1024K)]
  0x000001fa37a1e000 JavaThread "Notification Thread"        daemon [_thread_blocked, id=20080, stack(0x000000b3ef500000,0x000000b3ef600000) (1024K)]
  0x000001fa3d9c3750 JavaThread "Daemon health stats"               [_thread_blocked, id=20704, stack(0x000000b3efc00000,0x000000b3efd00000) (1024K)]
  0x000001fa379596a0 JavaThread "Incoming local TCP Connector on port 54044"        [_thread_in_native, id=10940, stack(0x000000b3efe00000,0x000000b3eff00000) (1024K)]
  0x000001fa3d8daec0 JavaThread "Daemon periodic checks"            [_thread_blocked, id=12488, stack(0x000000b3eff00000,0x000000b3f0000000) (1024K)]
  0x000001fa3d837980 JavaThread "Daemon"                            [_thread_blocked, id=21252, stack(0x000000b3f0000000,0x000000b3f0100000) (1024K)]
  0x000001fa3d835cb0 JavaThread "Handler for socket connection from /127.0.0.1:54044 to /127.0.0.1:54045"        [_thread_in_native, id=2396, stack(0x000000b3f0100000,0x000000b3f0200000) (1024K)]
  0x000001fa3dbe0ab0 JavaThread "Cancel handler"                    [_thread_blocked, id=9876, stack(0x000000b3f0200000,0x000000b3f0300000) (1024K)]
  0x000001fa3d8cadb0 JavaThread "Daemon worker"                     [_thread_blocked, id=21408, stack(0x000000b3f0300000,0x000000b3f0400000) (1024K)]
  0x000001fa3d8cc540 JavaThread "Asynchronous log dispatcher for DefaultDaemonConnection: socket connection from /127.0.0.1:54044 to /127.0.0.1:54045"        [_thread_blocked, id=12140, stack(0x000000b3f0400000,0x000000b3f0500000) (1024K)]
  0x000001fa3d988330 JavaThread "Stdin handler"                     [_thread_blocked, id=18436, stack(0x000000b3f0500000,0x000000b3f0600000) (1024K)]
  0x000001fa3d98b120 JavaThread "Daemon client event forwarder"        [_thread_blocked, id=22308, stack(0x000000b3f0600000,0x000000b3f0700000) (1024K)]
  0x000001fa3d98aa90 JavaThread "Cache worker for journal cache (C:\Users\77012\.gradle\caches\journal-1)"        [_thread_blocked, id=17932, stack(0x000000b3f0900000,0x000000b3f0a00000) (1024K)]
  0x000001fa3d98b7b0 JavaThread "File lock request listener"        [_thread_in_native, id=19184, stack(0x000000b3f0a00000,0x000000b3f0b00000) (1024K)]
  0x000001fa3d98a400 JavaThread "Cache worker for file hash cache (C:\Users\77012\.gradle\caches\8.11.1\fileHashes)"        [_thread_blocked, id=22128, stack(0x000000b3f0b00000,0x000000b3f0c00000) (1024K)]
  0x000001fa3d989d70 JavaThread "Cache worker for file content cache (C:\Users\77012\.gradle\caches\8.11.1\fileContent)"        [_thread_blocked, id=380, stack(0x000000b3f0c00000,0x000000b3f0d00000) (1024K)]
  0x000001fa3d989050 JavaThread "Cache worker for file hash cache (C:\Users\77012\AndroidStudioProjects\PlaylistMaker_db12_utube\.gradle\8.11.1\fileHashes)"        [_thread_blocked, id=18948, stack(0x000000b3f0d00000,0x000000b3f0e00000) (1024K)]
  0x000001fa3d9889c0 JavaThread "Cache worker for checksums cache (C:\Users\77012\AndroidStudioProjects\PlaylistMaker_db12_utube\.gradle\8.11.1\checksums)"        [_thread_blocked, id=1988, stack(0x000000b3f0e00000,0x000000b3f0f00000) (1024K)]
  0x000001fa3d9896e0 JavaThread "Cache worker for Build Output Cleanup Cache (C:\Users\77012\AndroidStudioProjects\PlaylistMaker_db12_utube\.gradle\buildOutputCleanup)"        [_thread_blocked, id=21644, stack(0x000000b3f1000000,0x000000b3f1100000) (1024K)]
  0x000001fa3fb0ea80 JavaThread "File watcher server"        daemon [_thread_in_native, id=15128, stack(0x000000b3f1100000,0x000000b3f1200000) (1024K)]
  0x000001fa3fb09bc0 JavaThread "File watcher consumer"      daemon [_thread_blocked, id=19612, stack(0x000000b3f1200000,0x000000b3f1300000) (1024K)]
  0x000001fa3fb0f110 JavaThread "Cache worker for cache directory md-rule (C:\Users\77012\.gradle\caches\8.11.1\md-rule)"        [_thread_blocked, id=18760, stack(0x000000b3f1300000,0x000000b3f1400000) (1024K)]
  0x000001fa3fb0a250 JavaThread "Cache worker for cache directory md-supplier (C:\Users\77012\.gradle\caches\8.11.1\md-supplier)"        [_thread_blocked, id=2348, stack(0x000000b3f1400000,0x000000b3f1500000) (1024K)]
  0x000001fa3fb0a8e0 JavaThread "build event listener"              [_thread_blocked, id=11664, stack(0x000000b3f1600000,0x000000b3f1700000) (1024K)]
  0x000001fa3fb0af70 JavaThread "build event listener"              [_thread_blocked, id=9504, stack(0x000000b3f1700000,0x000000b3f1800000) (1024K)]
  0x000001fa3fb0b600 JavaThread "build event listener"              [_thread_blocked, id=15524, stack(0x000000b3efd00000,0x000000b3efe00000) (1024K)]
  0x000001fa3fb0f7a0 JavaThread "Build operations"                  [_thread_blocked, id=3148, stack(0x000000b3f0f00000,0x000000b3f1000000) (1024K)]
  0x000001fa3fb0bc90 JavaThread "Build operations Thread 2"         [_thread_blocked, id=21528, stack(0x000000b3f1800000,0x000000b3f1900000) (1024K)]
  0x000001fa3fb0c9b0 JavaThread "Memory manager"                    [_thread_blocked, id=4276, stack(0x000000b3f1a00000,0x000000b3f1b00000) (1024K)]
  0x000001fa3fb0c320 JavaThread "included builds"                   [_thread_blocked, id=22400, stack(0x000000b3f1b00000,0x000000b3f1c00000) (1024K)]
  0x000001fa3fb0d6d0 JavaThread "Execution worker"                  [_thread_blocked, id=20372, stack(0x000000b3f1c00000,0x000000b3f1d00000) (1024K)]
  0x000001fa3fb0dd60 JavaThread "Execution worker Thread 2"         [_thread_blocked, id=17852, stack(0x000000b3f1d00000,0x000000b3f1e00000) (1024K)]
  0x000001fa3fb0e3f0 JavaThread "Execution worker Thread 3"         [_thread_blocked, id=14852, stack(0x000000b3f1e00000,0x000000b3f1f00000) (1024K)]
  0x000001fa3fb08ea0 JavaThread "Execution worker Thread 4"         [_thread_blocked, id=13904, stack(0x000000b3f1f00000,0x000000b3f2000000) (1024K)]
  0x000001fa41cf02a0 JavaThread "Execution worker Thread 5"         [_thread_blocked, id=13576, stack(0x000000b3f2000000,0x000000b3f2100000) (1024K)]
  0x000001fa41cf3db0 JavaThread "Execution worker Thread 6"         [_thread_blocked, id=21048, stack(0x000000b3f2100000,0x000000b3f2200000) (1024K)]
  0x000001fa41cef580 JavaThread "Execution worker Thread 7"         [_thread_blocked, id=8060, stack(0x000000b3f2200000,0x000000b3f2300000) (1024K)]
  0x000001fa41ced4b0 JavaThread "Cache worker for execution history cache (C:\Users\77012\AndroidStudioProjects\PlaylistMaker_db12_utube\.gradle\8.11.1\executionHistory)"        [_thread_blocked, id=16020, stack(0x000000b3f2300000,0x000000b3f2400000) (1024K)]
  0x000001fa41cf1650 JavaThread "pool-2-thread-1"                   [_thread_blocked, id=13600, stack(0x000000b3f1500000,0x000000b3f1600000) (1024K)]
  0x000001fa41cefc10 JavaThread "Unconstrained build operations"        [_thread_blocked, id=21936, stack(0x000000b3f2400000,0x000000b3f2500000) (1024K)]
  0x000001fa41cf0930 JavaThread "Unconstrained build operations Thread 2"        [_thread_blocked, id=2940, stack(0x000000b3f2500000,0x000000b3f2600000) (1024K)]
  0x000001fa41cf0fc0 JavaThread "Unconstrained build operations Thread 3"        [_thread_blocked, id=12176, stack(0x000000b3f2600000,0x000000b3f2700000) (1024K)]
  0x000001fa41cf1ce0 JavaThread "Unconstrained build operations Thread 4"        [_thread_blocked, id=18744, stack(0x000000b3f2700000,0x000000b3f2800000) (1024K)]
  0x000001fa41cf2370 JavaThread "Unconstrained build operations Thread 5"        [_thread_blocked, id=4836, stack(0x000000b3f2800000,0x000000b3f2900000) (1024K)]
  0x000001fa41cee860 JavaThread "Unconstrained build operations Thread 6"        [_thread_blocked, id=18420, stack(0x000000b3f2900000,0x000000b3f2a00000) (1024K)]
  0x000001fa41cedb40 JavaThread "Unconstrained build operations Thread 7"        [_thread_blocked, id=11096, stack(0x000000b3f2a00000,0x000000b3f2b00000) (1024K)]
  0x000001fa41cee1d0 JavaThread "Unconstrained build operations Thread 8"        [_thread_blocked, id=2180, stack(0x000000b3f2b00000,0x000000b3f2c00000) (1024K)]
  0x000001fa41cf2a00 JavaThread "Unconstrained build operations Thread 9"        [_thread_blocked, id=18224, stack(0x000000b3f2c00000,0x000000b3f2d00000) (1024K)]
  0x000001fa41cf3720 JavaThread "Unconstrained build operations Thread 10"        [_thread_blocked, id=20188, stack(0x000000b3f2d00000,0x000000b3f2e00000) (1024K)]
  0x000001fa41cf4ad0 JavaThread "Unconstrained build operations Thread 11"        [_thread_blocked, id=21940, stack(0x000000b3f2e00000,0x000000b3f2f00000) (1024K)]
  0x000001fa41cf4440 JavaThread "Unconstrained build operations Thread 12"        [_thread_blocked, id=21984, stack(0x000000b3f2f00000,0x000000b3f3000000) (1024K)]
  0x000001fa41cf3090 JavaThread "Unconstrained build operations Thread 13"        [_thread_blocked, id=2692, stack(0x000000b3f3000000,0x000000b3f3100000) (1024K)]
  0x000001fa41ceeef0 JavaThread "Unconstrained build operations Thread 14"        [_thread_blocked, id=22380, stack(0x000000b3f3100000,0x000000b3f3200000) (1024K)]
  0x000001fa416aa070 JavaThread "WorkerExecutor Queue"              [_thread_in_native, id=19700, stack(0x000000b3f3300000,0x000000b3f3400000) (1024K)]
  0x000001fa416ae8a0 JavaThread "Unconstrained build operations Thread 15"        [_thread_blocked, id=2340, stack(0x000000b3f3400000,0x000000b3f3500000) (1024K)]
  0x000001fa416a8630 JavaThread "Unconstrained build operations Thread 16"        [_thread_blocked, id=17920, stack(0x000000b3f3500000,0x000000b3f3600000) (1024K)]
  0x000001fa416ab420 JavaThread "WorkerExecutor Queue Thread 3"        [_thread_in_native, id=22224, stack(0x000000b3f3700000,0x000000b3f3800000) (1024K)]
  0x000001fa416abab0 JavaThread "Unconstrained build operations Thread 17"        [_thread_blocked, id=18724, stack(0x000000b3f3900000,0x000000b3f3a00000) (1024K)]
  0x000001fa416ace60 JavaThread "Unconstrained build operations Thread 18"        [_thread_blocked, id=16832, stack(0x000000b3f3a00000,0x000000b3f3b00000) (1024K)]
  0x000001fa416aad90 JavaThread "Unconstrained build operations Thread 19"        [_thread_blocked, id=7856, stack(0x000000b3f3b00000,0x000000b3f3c00000) (1024K)]
  0x000001fa416a9350 JavaThread "Unconstrained build operations Thread 20"        [_thread_blocked, id=3524, stack(0x000000b3f3c00000,0x000000b3f3d00000) (1024K)]
  0x000001fa416ae210 JavaThread "Unconstrained build operations Thread 21"        [_thread_blocked, id=2620, stack(0x000000b3f3d00000,0x000000b3f3e00000) (1024K)]
  0x000001fa416ac140 JavaThread "Unconstrained build operations Thread 22"        [_thread_blocked, id=18684, stack(0x000000b3f3e00000,0x000000b3f3f00000) (1024K)]
  0x000001fa416ad4f0 JavaThread "Unconstrained build operations Thread 23"        [_thread_blocked, id=4308, stack(0x000000b3f3f00000,0x000000b3f4000000) (1024K)]
  0x000001fa416adb80 JavaThread "Unconstrained build operations Thread 24"        [_thread_blocked, id=19460, stack(0x000000b3f4000000,0x000000b3f4100000) (1024K)]
  0x000001fa416aef30 JavaThread "Unconstrained build operations Thread 25"        [_thread_blocked, id=14288, stack(0x000000b3f4100000,0x000000b3f4200000) (1024K)]
  0x000001fa416a7fa0 JavaThread "Unconstrained build operations Thread 26"        [_thread_blocked, id=21316, stack(0x000000b3f4200000,0x000000b3f4300000) (1024K)]
  0x000001fa416af5c0 JavaThread "Unconstrained build operations Thread 27"        [_thread_blocked, id=20964, stack(0x000000b3f4300000,0x000000b3f4400000) (1024K)]
  0x000001fa3fb08810 JavaThread "Unconstrained build operations Thread 28"        [_thread_blocked, id=11928, stack(0x000000b3f4400000,0x000000b3f4500000) (1024K)]
  0x000001fa42e3df00 JavaThread "Unconstrained build operations Thread 29"        [_thread_blocked, id=21764, stack(0x000000b3f4500000,0x000000b3f4600000) (1024K)]
  0x000001fa42e42dc0 JavaThread "Unconstrained build operations Thread 30"        [_thread_blocked, id=11208, stack(0x000000b3f4600000,0x000000b3f4700000) (1024K)]
  0x000001fa412d97e0 JavaThread "Unconstrained build operations Thread 31"        [_thread_blocked, id=9848, stack(0x000000b3f4700000,0x000000b3f4800000) (1024K)]
  0x000001fa412d4920 JavaThread "Unconstrained build operations Thread 32"        [_thread_blocked, id=6208, stack(0x000000b3f4800000,0x000000b3f4900000) (1024K)]
  0x000001fa412d5640 JavaThread "Unconstrained build operations Thread 33"        [_thread_blocked, id=11856, stack(0x000000b3f4900000,0x000000b3f4a00000) (1024K)]
  0x000001fa412d7da0 JavaThread "Unconstrained build operations Thread 34"        [_thread_blocked, id=10052, stack(0x000000b3f4a00000,0x000000b3f4b00000) (1024K)]
  0x000001fa412d4fb0 JavaThread "Unconstrained build operations Thread 35"        [_thread_blocked, id=16304, stack(0x000000b3f4b00000,0x000000b3f4c00000) (1024K)]
  0x000001fa412d5cd0 JavaThread "Unconstrained build operations Thread 36"        [_thread_blocked, id=6152, stack(0x000000b3f4c00000,0x000000b3f4d00000) (1024K)]
  0x000001fa412d69f0 JavaThread "Unconstrained build operations Thread 37"        [_thread_blocked, id=19396, stack(0x000000b3f4d00000,0x000000b3f4e00000) (1024K)]
  0x000001fa43785af0 JavaThread "Unconstrained build operations Thread 38"        [_thread_blocked, id=9912, stack(0x000000b3f4e00000,0x000000b3f4f00000) (1024K)]
  0x000001fa43783a20 JavaThread "Unconstrained build operations Thread 39"        [_thread_blocked, id=20544, stack(0x000000b3f4f00000,0x000000b3f5000000) (1024K)]
  0x000001fa43786810 JavaThread "Unconstrained build operations Thread 40"        [_thread_blocked, id=15192, stack(0x000000b3f5000000,0x000000b3f5100000) (1024K)]
  0x000001fa43785460 JavaThread "Unconstrained build operations Thread 41"        [_thread_blocked, id=21840, stack(0x000000b3f5100000,0x000000b3f5200000) (1024K)]
  0x000001fa437840b0 JavaThread "Unconstrained build operations Thread 42"        [_thread_blocked, id=22056, stack(0x000000b3f5200000,0x000000b3f5300000) (1024K)]
  0x000001fa43784740 JavaThread "Unconstrained build operations Thread 43"        [_thread_blocked, id=21716, stack(0x000000b3f5300000,0x000000b3f5400000) (1024K)]
  0x000001fa43786180 JavaThread "Unconstrained build operations Thread 44"        [_thread_blocked, id=16364, stack(0x000000b3f5400000,0x000000b3f5500000) (1024K)]
  0x000001fa43784dd0 JavaThread "Unconstrained build operations Thread 45"        [_thread_blocked, id=17668, stack(0x000000b3f5500000,0x000000b3f5600000) (1024K)]
  0x000001fa3f85ab00 JavaThread "Unconstrained build operations Thread 46"        [_thread_blocked, id=8256, stack(0x000000b3f5600000,0x000000b3f5700000) (1024K)]
  0x000001fa3f860050 JavaThread "Unconstrained build operations Thread 47"        [_thread_blocked, id=18704, stack(0x000000b3f5700000,0x000000b3f5800000) (1024K)]
  0x000001fa3f85b190 JavaThread "Unconstrained build operations Thread 48"        [_thread_blocked, id=17984, stack(0x000000b3f5800000,0x000000b3f5900000) (1024K)]
  0x000001fa3f85a470 JavaThread "Unconstrained build operations Thread 49"        [_thread_blocked, id=13436, stack(0x000000b3f5900000,0x000000b3f5a00000) (1024K)]
  0x000001fa3f8590c0 JavaThread "Unconstrained build operations Thread 50"        [_thread_blocked, id=16524, stack(0x000000b3f5a00000,0x000000b3f5b00000) (1024K)]
  0x000001fa3f85d8f0 JavaThread "Unconstrained build operations Thread 51"        [_thread_blocked, id=19332, stack(0x000000b3f5b00000,0x000000b3f5c00000) (1024K)]
  0x000001fa3f85b820 JavaThread "Unconstrained build operations Thread 52"        [_thread_blocked, id=20612, stack(0x000000b3f5c00000,0x000000b3f5d00000) (1024K)]
  0x000001fa3f8606e0 JavaThread "Unconstrained build operations Thread 53"        [_thread_blocked, id=20592, stack(0x000000b3f5d00000,0x000000b3f5e00000) (1024K)]
  0x000001fa3f85beb0 JavaThread "Unconstrained build operations Thread 54"        [_thread_blocked, id=9520, stack(0x000000b3f5e00000,0x000000b3f5f00000) (1024K)]
  0x000001fa3f85df80 JavaThread "Unconstrained build operations Thread 55"        [_thread_blocked, id=832, stack(0x000000b3f5f00000,0x000000b3f6000000) (1024K)]
  0x000001fa3f85d260 JavaThread "Unconstrained build operations Thread 56"        [_thread_blocked, id=2228, stack(0x000000b3f6000000,0x000000b3f6100000) (1024K)]
  0x000001fa3f85eca0 JavaThread "Unconstrained build operations Thread 57"        [_thread_blocked, id=4724, stack(0x000000b3f6100000,0x000000b3f6200000) (1024K)]
  0x000001fa3f859750 JavaThread "Unconstrained build operations Thread 58"        [_thread_blocked, id=14136, stack(0x000000b3f6200000,0x000000b3f6300000) (1024K)]
  0x000001fa3f85c540 JavaThread "Unconstrained build operations Thread 59"        [_thread_blocked, id=13328, stack(0x000000b3f6300000,0x000000b3f6400000) (1024K)]
  0x000001fa3f859de0 JavaThread "Unconstrained build operations Thread 60"        [_thread_blocked, id=12808, stack(0x000000b3f6400000,0x000000b3f6500000) (1024K)]
  0x000001fa3f85cbd0 JavaThread "Unconstrained build operations Thread 61"        [_thread_blocked, id=21444, stack(0x000000b3f6500000,0x000000b3f6600000) (1024K)]
  0x000001fa3f85f330 JavaThread "WorkerExecutor Queue Thread 6"        [_thread_in_native, id=1756, stack(0x000000b3f6600000,0x000000b3f6700000) (1024K)]
  0x000001fa3f85f9c0 JavaThread "WorkerExecutor Queue Thread 7"        [_thread_in_native, id=18328, stack(0x000000b3f6700000,0x000000b3f6800000) (1024K)]
  0x000001fa37a2fff0 JavaThread "Unconstrained build operations Thread 62"        [_thread_blocked, id=22500, stack(0x000000b3f6800000,0x000000b3f6900000) (1024K)]
  0x000001fa37a31a30 JavaThread "Unconstrained build operations Thread 63"        [_thread_blocked, id=20928, stack(0x000000b3f6900000,0x000000b3f6a00000) (1024K)]
  0x000001fa37a313a0 JavaThread "Unconstrained build operations Thread 64"        [_thread_blocked, id=22028, stack(0x000000b3f6a00000,0x000000b3f6b00000) (1024K)]
  0x000001fa37a35bd0 JavaThread "Unconstrained build operations Thread 65"        [_thread_blocked, id=5476, stack(0x000000b3f6b00000,0x000000b3f6c00000) (1024K)]
  0x000001fa37a320c0 JavaThread "Unconstrained build operations Thread 66"        [_thread_blocked, id=6736, stack(0x000000b3f6c00000,0x000000b3f6d00000) (1024K)]
  0x000001fa37a2f960 JavaThread "Unconstrained build operations Thread 67"        [_thread_blocked, id=18256, stack(0x000000b3f6d00000,0x000000b3f6e00000) (1024K)]
  0x000001fa37a2f2d0 JavaThread "Unconstrained build operations Thread 68"        [_thread_blocked, id=18764, stack(0x000000b3f6e00000,0x000000b3f6f00000) (1024K)]
  0x000001fa37a34190 JavaThread "WorkerExecutor Queue Thread 8"        [_thread_in_Java, id=15328, stack(0x000000b3f6f00000,0x000000b3f7000000) (1024K)]
  0x000001fa3cde6fb0 JavaThread "Unconstrained build operations Thread 69"        [_thread_blocked, id=17456, stack(0x000000b3f7000000,0x000000b3f7100000) (1024K)]
  0x000001fa3cde7640 JavaThread "Unconstrained build operations Thread 70"        [_thread_blocked, id=12412, stack(0x000000b3f7100000,0x000000b3f7200000) (1024K)]
  0x000001fa3cde7cd0 JavaThread "Unconstrained build operations Thread 71"        [_thread_blocked, id=22176, stack(0x000000b3f7200000,0x000000b3f7300000) (1024K)]
  0x000001fa48e68110 JavaThread "Unconstrained build operations Thread 72"        [_thread_blocked, id=19720, stack(0x000000b3f7300000,0x000000b3f7400000) (1024K)]
  0x000001fa48e64c90 JavaThread "Unconstrained build operations Thread 73"        [_thread_blocked, id=18716, stack(0x000000b3f7400000,0x000000b3f7500000) (1024K)]
  0x000001fa48e6a870 JavaThread "Unconstrained build operations Thread 74"        [_thread_blocked, id=20812, stack(0x000000b3f7500000,0x000000b3f7600000) (1024K)]
  0x000001fa48e687a0 JavaThread "Unconstrained build operations Thread 75"        [_thread_blocked, id=18048, stack(0x000000b3f7600000,0x000000b3f7700000) (1024K)]
  0x000001fa48e6a1e0 JavaThread "Unconstrained build operations Thread 76"        [_thread_blocked, id=1384, stack(0x000000b3f7700000,0x000000b3f7800000) (1024K)]
  0x000001fa48e638e0 JavaThread "Unconstrained build operations Thread 77"        [_thread_blocked, id=19072, stack(0x000000b3f7800000,0x000000b3f7900000) (1024K)]
  0x000001fa48e67a80 JavaThread "Unconstrained build operations Thread 78"        [_thread_blocked, id=18688, stack(0x000000b3f7900000,0x000000b3f7a00000) (1024K)]
  0x000001fa48e66d60 JavaThread "Unconstrained build operations Thread 79"        [_thread_blocked, id=10948, stack(0x000000b3f7a00000,0x000000b3f7b00000) (1024K)]
  0x000001fa48e659b0 JavaThread "Unconstrained build operations Thread 80"        [_thread_blocked, id=9832, stack(0x000000b3f7b00000,0x000000b3f7c00000) (1024K)]
  0x000001fa48e6b590 JavaThread "WorkerExecutor Queue Thread 9"        [_thread_in_native, id=11280, stack(0x000000b3f7d00000,0x000000b3f7e00000) (1024K)]
  0x000001fa42e3c4c0 JavaThread "WorkerExecutor Queue Thread 10"        [_thread_in_vm, id=8040, stack(0x000000b3f3200000,0x000000b3f3300000) (1024K)]
  0x000001fa4c9569e0 JavaThread "pool-3-thread-1"                   [_thread_blocked, id=21008, stack(0x000000b3f8500000,0x000000b3f8600000) (1024K)]
  0x000001fa4c953bf0 JavaThread "stderr"                            [_thread_in_native, id=8648, stack(0x000000b3f8600000,0x000000b3f8700000) (1024K)]
  0x000001fa4c955630 JavaThread "stdout"                            [_thread_in_native, id=584, stack(0x000000b3f8700000,0x000000b3f8800000) (1024K)]
  0x000001fa4b160860 JavaThread "RMI Scheduler(0)"           daemon [_thread_blocked, id=3628, stack(0x000000b3ee200000,0x000000b3ee300000) (1024K)]
  0x000001fa4b1601d0 JavaThread "RMI GC Daemon"              daemon [_thread_blocked, id=21324, stack(0x000000b3f1900000,0x000000b3f1a00000) (1024K)]
  0x000001fa4b160ef0 JavaThread "RMI TCP Accept-0"           daemon [_thread_in_native, id=14440, stack(0x000000b3f7c00000,0x000000b3f7d00000) (1024K)]
  0x000001fa4b159f60 JavaThread "RMI Reaper"                        [_thread_blocked, id=8240, stack(0x000000b3f7e00000,0x000000b3f7f00000) (1024K)]
  0x000001fa4b1622a0 JavaThread "RMI TCP Connection(5)-127.0.0.1" daemon [_thread_in_native, id=12832, stack(0x000000b3f7f00000,0x000000b3f8000000) (1024K)]
  0x000001fa42e3f940 JavaThread "RMI TCP Connection(6)-127.0.0.1" daemon [_thread_in_native, id=17640, stack(0x000000b3f8200000,0x000000b3f8300000) (1024K)]
  0x000001fa42e41380 JavaThread "Cache worker for Java compile cache (C:\Users\77012\.gradle\caches\8.11.1\javaCompile)"        [_thread_blocked, id=10204, stack(0x000000b3ee100000,0x000000b3ee200000) (1024K)]
  0x000001fa40d1ef70 JavaThread "Build operations Thread 3"         [_thread_blocked, id=9300, stack(0x000000b3f8400000,0x000000b3f8500000) (1024K)]
  0x000001fa40d209b0 JavaThread "Build operations Thread 4"         [_thread_blocked, id=19992, stack(0x000000b3f8800000,0x000000b3f8900000) (1024K)]
  0x000001fa40d24b50 JavaThread "Build operations Thread 5"         [_thread_blocked, id=9176, stack(0x000000b3f8900000,0x000000b3f8a00000) (1024K)]
  0x000001fa40d25f00 JavaThread "Build operations Thread 6"         [_thread_blocked, id=2864, stack(0x000000b3f8a00000,0x000000b3f8b00000) (1024K)]
  0x000001fa40d251e0 JavaThread "Build operations Thread 7"         [_thread_blocked, id=3300, stack(0x000000b3f8b00000,0x000000b3f8c00000) (1024K)]
  0x000001fa40d21040 JavaThread "Build operations Thread 8"         [_thread_blocked, id=20600, stack(0x000000b3f8c00000,0x000000b3f8d00000) (1024K)]
  0x000001fa3efb3fb0 JavaThread "C2 CompilerThread1"         daemon [_thread_in_native, id=7452, stack(0x000000b3f3800000,0x000000b3f3900000) (1024K)]
  0x000001fa3efb61c0 JavaThread "C2 CompilerThread2"         daemon [_thread_in_native, id=21380, stack(0x000000b3f8300000,0x000000b3f8400000) (1024K)]
  0x000001fa40d25870 JavaThread "WorkerExecutor Queue Thread 11"        [_thread_blocked, id=15268, stack(0x000000b3f8d00000,0x000000b3f8e00000) (1024K)]
  0x000001fa497ef770 JavaThread "RMI RenewClean-[127.0.0.1:17407,org.jetbrains.kotlin.daemon.common.LoopbackNetworkInterface$ClientLoopbackSocketFactory@4f97d0d]" daemon [_thread_blocked, id=15484, stack(0x000000b3ee300000,0x000000b3ee400000) (1024K)]
  0x000001fa497f1840 JavaThread "RMI RenewClean-[127.0.0.1:17407,org.jetbrains.kotlin.daemon.common.LoopbackNetworkInterface$ClientLoopbackSocketFactory@7a8a0f79]" daemon [_thread_blocked, id=13956, stack(0x000000b3f3600000,0x000000b3f3700000) (1024K)]
  0x000001fa497ee3c0 JavaThread "RMI TCP Connection(7)-127.0.0.1" daemon [_thread_in_native, id=3760, stack(0x000000b3f8e00000,0x000000b3f8f00000) (1024K)]
Total: 157

Other Threads:
  0x000001fa3757e6c0 VMThread "VM Thread"                           [id=18852, stack(0x000000b3eeb00000,0x000000b3eec00000) (1024K)]
  0x000001fa37501640 WatcherThread "VM Periodic Task Thread"        [id=132, stack(0x000000b3eea00000,0x000000b3eeb00000) (1024K)]
  0x000001fa1dee46a0 WorkerThread "GC Thread#0"                     [id=14364, stack(0x000000b3ee500000,0x000000b3ee600000) (1024K)]
  0x000001fa3c06a390 WorkerThread "GC Thread#1"                     [id=18132, stack(0x000000b3ef600000,0x000000b3ef700000) (1024K)]
  0x000001fa3c12f910 WorkerThread "GC Thread#2"                     [id=11624, stack(0x000000b3ef700000,0x000000b3ef800000) (1024K)]
  0x000001fa3c260010 WorkerThread "GC Thread#3"                     [id=20096, stack(0x000000b3ef800000,0x000000b3ef900000) (1024K)]
  0x000001fa3c2603b0 WorkerThread "GC Thread#4"                     [id=18440, stack(0x000000b3ef900000,0x000000b3efa00000) (1024K)]
  0x000001fa3c947520 WorkerThread "GC Thread#5"                     [id=6328, stack(0x000000b3efa00000,0x000000b3efb00000) (1024K)]
  0x000001fa3c9478c0 WorkerThread "GC Thread#6"                     [id=22024, stack(0x000000b3efb00000,0x000000b3efc00000) (1024K)]
  0x000001fa3c945f00 WorkerThread "GC Thread#7"                     [id=19096, stack(0x000000b3f0700000,0x000000b3f0800000) (1024K)]
  0x000001fa1def57f0 ConcurrentGCThread "G1 Main Marker"            [id=4100, stack(0x000000b3ee600000,0x000000b3ee700000) (1024K)]
  0x000001fa1def6a90 WorkerThread "G1 Conc#0"                       [id=1728, stack(0x000000b3ee700000,0x000000b3ee800000) (1024K)]
=>0x000001fa3c9462a0 WorkerThread "G1 Conc#1"                       [id=20028, stack(0x000000b3f0800000,0x000000b3f0900000) (1024K)]
  0x000001fa373b34e0 ConcurrentGCThread "G1 Refine#0"               [id=5216, stack(0x000000b3ee800000,0x000000b3ee900000) (1024K)]
  0x000001fa1df5de60 ConcurrentGCThread "G1 Service"                [id=6384, stack(0x000000b3ee900000,0x000000b3eea00000) (1024K)]
Total: 15

Threads with active compile tasks:
C2 CompilerThread0  169832 41082   !   4       sun.nio.ch.IOUtil::write (178 bytes)
C2 CompilerThread1  169832 41035       4       com.android.tools.r8.dex.L::a (293 bytes)
Total: 2

VM state: not at safepoint (normal execution)

VM Mutex/Monitor currently owned by a thread: None

Heap address: 0x0000000080000000, size: 2048 MB, Compressed Oops mode: 32-bit

CDS archive(s) not mapped
Compressed class space mapped at: 0x0000000100000000-0x0000000140000000, reserved size: 1073741824
Narrow klass base: 0x0000000000000000, Narrow klass shift: 3, Narrow klass range: 0x140000000

GC Precious Log:
 CardTable entry size: 512
 Card Set container configuration: InlinePtr #cards 5 size 8 Array Of Cards #cards 12 size 40 Howl #buckets 4 coarsen threshold 1843 Howl Bitmap #cards 512 size 80 coarsen threshold 460 Card regions per heap region 1 cards per card region 2048
 CPUs: 8 total, 8 available
 Memory: 7871M
 Large Page Support: Disabled
 NUMA Support: Disabled
 Compressed Oops: Enabled (32-bit)
 Heap Region Size: 1M
 Heap Min Capacity: 8M
 Heap Initial Capacity: 124M
 Heap Max Capacity: 2G
 Pre-touch: Disabled
 Parallel Workers: 8
 Concurrent Workers: 2
 Concurrent Refinement Workers: 8
 Periodic GC: Disabled

Heap:
 garbage-first heap   total 1044480K, used 448000K [0x0000000080000000, 0x0000000100000000)
  region size 1024K, 107 young (109568K), 3 survivors (3072K)
 Metaspace       used 175906K, committed 178432K, reserved 1245184K
  class space    used 21466K, committed 22784K, reserved 1048576K

Heap Regions: E=young(eden), S=young(survivor), O=old, HS=humongous(starts), HC=humongous(continues), CS=collection set, F=free, TAMS=top-at-mark-start, PB=parsable bottom
|   0|0x0000000080000000, 0x0000000080100000, 0x0000000080100000|100%| O|  |TAMS 0x0000000080100000| PB 0x0000000080000000| Untracked 
|   1|0x0000000080100000, 0x0000000080200000, 0x0000000080200000|100%|HS|  |TAMS 0x0000000080200000| PB 0x0000000080100000| Complete 
|   2|0x0000000080200000, 0x0000000080300000, 0x0000000080300000|100%|HC|  |TAMS 0x0000000080300000| PB 0x0000000080200000| Complete 
|   3|0x0000000080300000, 0x0000000080400000, 0x0000000080400000|100%|HC|  |TAMS 0x0000000080400000| PB 0x0000000080300000| Complete 
|   4|0x0000000080400000, 0x0000000080500000, 0x0000000080500000|100%| O|  |TAMS 0x0000000080500000| PB 0x0000000080400000| Untracked 
|   5|0x0000000080500000, 0x0000000080600000, 0x0000000080600000|100%| O|  |TAMS 0x0000000080600000| PB 0x0000000080500000| Untracked 
|   6|0x0000000080600000, 0x0000000080700000, 0x0000000080700000|100%| O|  |TAMS 0x0000000080700000| PB 0x0000000080600000| Untracked 
|   7|0x0000000080700000, 0x0000000080800000, 0x0000000080800000|100%|HS|  |TAMS 0x0000000080800000| PB 0x0000000080700000| Complete 
|   8|0x0000000080800000, 0x0000000080900000, 0x0000000080900000|100%| O|  |TAMS 0x0000000080900000| PB 0x0000000080800000| Untracked 
|   9|0x0000000080900000, 0x0000000080a00000, 0x0000000080a00000|100%| O|  |TAMS 0x0000000080a00000| PB 0x0000000080900000| Untracked 
|  10|0x0000000080a00000, 0x0000000080b00000, 0x0000000080b00000|100%| O|  |TAMS 0x0000000080b00000| PB 0x0000000080a00000| Untracked 
|  11|0x0000000080b00000, 0x0000000080c00000, 0x0000000080c00000|100%| O|  |TAMS 0x0000000080c00000| PB 0x0000000080b00000| Untracked 
|  12|0x0000000080c00000, 0x0000000080d00000, 0x0000000080d00000|100%|HS|  |TAMS 0x0000000080d00000| PB 0x0000000080c00000| Complete 
|  13|0x0000000080d00000, 0x0000000080e00000, 0x0000000080e00000|100%| O|  |TAMS 0x0000000080e00000| PB 0x0000000080d00000| Untracked 
|  14|0x0000000080e00000, 0x0000000080f00000, 0x0000000080f00000|100%| O|  |TAMS 0x0000000080f00000| PB 0x0000000080e00000| Untracked 
|  15|0x0000000080f00000, 0x0000000081000000, 0x0000000081000000|100%| O|  |TAMS 0x0000000081000000| PB 0x0000000080f00000| Untracked 
|  16|0x0000000081000000, 0x0000000081100000, 0x0000000081100000|100%| O|  |TAMS 0x0000000081100000| PB 0x0000000081000000| Untracked 
|  17|0x0000000081100000, 0x0000000081200000, 0x0000000081200000|100%| O|  |TAMS 0x0000000081200000| PB 0x0000000081100000| Untracked 
|  18|0x0000000081200000, 0x0000000081300000, 0x0000000081300000|100%| O|  |TAMS 0x0000000081300000| PB 0x0000000081200000| Untracked 
|  19|0x0000000081300000, 0x0000000081400000, 0x0000000081400000|100%|HS|  |TAMS 0x0000000081400000| PB 0x0000000081300000| Complete 
|  20|0x0000000081400000, 0x0000000081500000, 0x0000000081500000|100%|HS|  |TAMS 0x0000000081500000| PB 0x0000000081400000| Complete 
|  21|0x0000000081500000, 0x0000000081600000, 0x0000000081600000|100%|HS|  |TAMS 0x0000000081600000| PB 0x0000000081500000| Complete 
|  22|0x0000000081600000, 0x0000000081700000, 0x0000000081700000|100%|HC|  |TAMS 0x0000000081700000| PB 0x0000000081600000| Complete 
|  23|0x0000000081700000, 0x0000000081800000, 0x0000000081800000|100%|HS|  |TAMS 0x0000000081800000| PB 0x0000000081700000| Complete 
|  24|0x0000000081800000, 0x0000000081900000, 0x0000000081900000|100%| O|  |TAMS 0x0000000081900000| PB 0x0000000081800000| Untracked 
|  25|0x0000000081900000, 0x0000000081a00000, 0x0000000081a00000|100%| O|  |TAMS 0x0000000081a00000| PB 0x0000000081900000| Untracked 
|  26|0x0000000081a00000, 0x0000000081b00000, 0x0000000081b00000|100%| O|  |TAMS 0x0000000081b00000| PB 0x0000000081a00000| Untracked 
|  27|0x0000000081b00000, 0x0000000081c00000, 0x0000000081c00000|100%|HS|  |TAMS 0x0000000081c00000| PB 0x0000000081b00000| Complete 
|  28|0x0000000081c00000, 0x0000000081d00000, 0x0000000081d00000|100%| O|  |TAMS 0x0000000081d00000| PB 0x0000000081c00000| Untracked 
|  29|0x0000000081d00000, 0x0000000081e00000, 0x0000000081e00000|100%| O|  |TAMS 0x0000000081e00000| PB 0x0000000081d00000| Untracked 
|  30|0x0000000081e00000, 0x0000000081f00000, 0x0000000081f00000|100%|HS|  |TAMS 0x0000000081f00000| PB 0x0000000081e00000| Complete 
|  31|0x0000000081f00000, 0x0000000082000000, 0x0000000082000000|100%|HC|  |TAMS 0x0000000082000000| PB 0x0000000081f00000| Complete 
|  32|0x0000000082000000, 0x0000000082100000, 0x0000000082100000|100%| O|  |TAMS 0x0000000082100000| PB 0x0000000082000000| Untracked 
|  33|0x0000000082100000, 0x0000000082200000, 0x0000000082200000|100%| O|  |TAMS 0x0000000082200000| PB 0x0000000082100000| Untracked 
|  34|0x0000000082200000, 0x0000000082300000, 0x0000000082300000|100%| O|  |TAMS 0x0000000082300000| PB 0x0000000082200000| Untracked 
|  35|0x0000000082300000, 0x0000000082400000, 0x0000000082400000|100%| O|  |TAMS 0x0000000082400000| PB 0x0000000082300000| Untracked 
|  36|0x0000000082400000, 0x0000000082500000, 0x0000000082500000|100%| O|  |TAMS 0x0000000082500000| PB 0x0000000082400000| Untracked 
|  37|0x0000000082500000, 0x0000000082600000, 0x0000000082600000|100%| O|  |TAMS 0x0000000082600000| PB 0x0000000082500000| Untracked 
|  38|0x0000000082600000, 0x0000000082700000, 0x0000000082700000|100%|HS|  |TAMS 0x0000000082700000| PB 0x0000000082600000| Complete 
|  39|0x0000000082700000, 0x0000000082800000, 0x0000000082800000|100%|HC|  |TAMS 0x0000000082800000| PB 0x0000000082700000| Complete 
|  40|0x0000000082800000, 0x0000000082900000, 0x0000000082900000|100%|HC|  |TAMS 0x0000000082900000| PB 0x0000000082800000| Complete 
|  41|0x0000000082900000, 0x0000000082a00000, 0x0000000082a00000|100%|HS|  |TAMS 0x0000000082a00000| PB 0x0000000082900000| Complete 
|  42|0x0000000082a00000, 0x0000000082b00000, 0x0000000082b00000|100%| O|  |TAMS 0x0000000082b00000| PB 0x0000000082a00000| Untracked 
|  43|0x0000000082b00000, 0x0000000082c00000, 0x0000000082c00000|100%| O|  |TAMS 0x0000000082c00000| PB 0x0000000082b00000| Untracked 
|  44|0x0000000082c00000, 0x0000000082d00000, 0x0000000082d00000|100%| O|  |TAMS 0x0000000082d00000| PB 0x0000000082c00000| Untracked 
|  45|0x0000000082d00000, 0x0000000082e00000, 0x0000000082e00000|100%|HS|  |TAMS 0x0000000082e00000| PB 0x0000000082d00000| Complete 
|  46|0x0000000082e00000, 0x0000000082f00000, 0x0000000082f00000|100%| O|  |TAMS 0x0000000082f00000| PB 0x0000000082e00000| Untracked 
|  47|0x0000000082f00000, 0x0000000083000000, 0x0000000083000000|100%| O|  |TAMS 0x0000000083000000| PB 0x0000000082f00000| Untracked 
|  48|0x0000000083000000, 0x0000000083100000, 0x0000000083100000|100%|HS|  |TAMS 0x0000000083100000| PB 0x0000000083000000| Complete 
|  49|0x0000000083100000, 0x0000000083200000, 0x0000000083200000|100%|HC|  |TAMS 0x0000000083200000| PB 0x0000000083100000| Complete 
|  50|0x0000000083200000, 0x0000000083300000, 0x0000000083300000|100%|HC|  |TAMS 0x0000000083300000| PB 0x0000000083200000| Complete 
|  51|0x0000000083300000, 0x0000000083400000, 0x0000000083400000|100%| O|  |TAMS 0x0000000083400000| PB 0x0000000083300000| Untracked 
|  52|0x0000000083400000, 0x0000000083500000, 0x0000000083500000|100%| O|  |TAMS 0x0000000083500000| PB 0x0000000083400000| Untracked 
|  53|0x0000000083500000, 0x0000000083600000, 0x0000000083600000|100%| O|  |TAMS 0x0000000083600000| PB 0x0000000083500000| Untracked 
|  54|0x0000000083600000, 0x0000000083700000, 0x0000000083700000|100%| O|  |TAMS 0x0000000083700000| PB 0x0000000083600000| Untracked 
|  55|0x0000000083700000, 0x0000000083800000, 0x0000000083800000|100%| O|  |TAMS 0x0000000083800000| PB 0x0000000083700000| Untracked 
|  56|0x0000000083800000, 0x0000000083900000, 0x0000000083900000|100%| O|  |TAMS 0x0000000083900000| PB 0x0000000083800000| Untracked 
|  57|0x0000000083900000, 0x0000000083a00000, 0x0000000083a00000|100%| O|  |TAMS 0x0000000083a00000| PB 0x0000000083900000| Untracked 
|  58|0x0000000083a00000, 0x0000000083b00000, 0x0000000083b00000|100%| O|  |TAMS 0x0000000083b00000| PB 0x0000000083a00000| Untracked 
|  59|0x0000000083b00000, 0x0000000083c00000, 0x0000000083c00000|100%| O|  |TAMS 0x0000000083c00000| PB 0x0000000083b00000| Untracked 
|  60|0x0000000083c00000, 0x0000000083d00000, 0x0000000083d00000|100%| O|  |TAMS 0x0000000083d00000| PB 0x0000000083c00000| Untracked 
|  61|0x0000000083d00000, 0x0000000083e00000, 0x0000000083e00000|100%| O|  |TAMS 0x0000000083e00000| PB 0x0000000083d00000| Untracked 
|  62|0x0000000083e00000, 0x0000000083f00000, 0x0000000083f00000|100%| O|  |TAMS 0x0000000083f00000| PB 0x0000000083e00000| Untracked 
|  63|0x0000000083f00000, 0x0000000084000000, 0x0000000084000000|100%| O|  |TAMS 0x0000000084000000| PB 0x0000000083f00000| Untracked 
|  64|0x0000000084000000, 0x0000000084100000, 0x0000000084100000|100%| O|  |TAMS 0x0000000084100000| PB 0x0000000084000000| Untracked 
|  65|0x0000000084100000, 0x0000000084200000, 0x0000000084200000|100%| O|  |TAMS 0x0000000084200000| PB 0x0000000084100000| Untracked 
|  66|0x0000000084200000, 0x0000000084300000, 0x0000000084300000|100%| O|  |TAMS 0x0000000084300000| PB 0x0000000084200000| Untracked 
|  67|0x0000000084300000, 0x0000000084400000, 0x0000000084400000|100%| O|  |TAMS 0x0000000084400000| PB 0x0000000084300000| Untracked 
|  68|0x0000000084400000, 0x0000000084500000, 0x0000000084500000|100%| O|  |TAMS 0x0000000084500000| PB 0x0000000084400000| Untracked 
|  69|0x0000000084500000, 0x0000000084600000, 0x0000000084600000|100%| O|  |TAMS 0x0000000084600000| PB 0x0000000084500000| Untracked 
|  70|0x0000000084600000, 0x0000000084700000, 0x0000000084700000|100%| O|  |TAMS 0x0000000084700000| PB 0x0000000084600000| Untracked 
|  71|0x0000000084700000, 0x0000000084800000, 0x0000000084800000|100%| O|  |TAMS 0x0000000084800000| PB 0x0000000084700000| Untracked 
|  72|0x0000000084800000, 0x0000000084900000, 0x0000000084900000|100%| O|  |TAMS 0x0000000084900000| PB 0x0000000084800000| Untracked 
|  73|0x0000000084900000, 0x0000000084a00000, 0x0000000084a00000|100%| O|  |TAMS 0x0000000084a00000| PB 0x0000000084900000| Untracked 
|  74|0x0000000084a00000, 0x0000000084b00000, 0x0000000084b00000|100%| O|  |TAMS 0x0000000084b00000| PB 0x0000000084a00000| Untracked 
|  75|0x0000000084b00000, 0x0000000084c00000, 0x0000000084c00000|100%| O|  |TAMS 0x0000000084c00000| PB 0x0000000084b00000| Untracked 
|  76|0x0000000084c00000, 0x0000000084d00000, 0x0000000084d00000|100%| O|  |TAMS 0x0000000084d00000| PB 0x0000000084c00000| Untracked 
|  77|0x0000000084d00000, 0x0000000084e00000, 0x0000000084e00000|100%| O|  |TAMS 0x0000000084e00000| PB 0x0000000084d00000| Untracked 
|  78|0x0000000084e00000, 0x0000000084f00000, 0x0000000084f00000|100%| O|  |TAMS 0x0000000084f00000| PB 0x0000000084e00000| Untracked 
|  79|0x0000000084f00000, 0x0000000085000000, 0x0000000085000000|100%| O|  |TAMS 0x0000000085000000| PB 0x0000000084f00000| Untracked 
|  80|0x0000000085000000, 0x0000000085100000, 0x0000000085100000|100%| O|  |TAMS 0x0000000085100000| PB 0x0000000085000000| Untracked 
|  81|0x0000000085100000, 0x0000000085200000, 0x0000000085200000|100%| O|  |TAMS 0x0000000085200000| PB 0x0000000085100000| Untracked 
|  82|0x0000000085200000, 0x0000000085300000, 0x0000000085300000|100%| O|  |TAMS 0x0000000085300000| PB 0x0000000085200000| Untracked 
|  83|0x0000000085300000, 0x0000000085400000, 0x0000000085400000|100%| O|  |TAMS 0x0000000085400000| PB 0x0000000085300000| Untracked 
|  84|0x0000000085400000, 0x0000000085500000, 0x0000000085500000|100%| O|  |TAMS 0x0000000085500000| PB 0x0000000085400000| Untracked 
|  85|0x0000000085500000, 0x0000000085600000, 0x0000000085600000|100%| O|  |TAMS 0x0000000085600000| PB 0x0000000085500000| Untracked 
|  86|0x0000000085600000, 0x0000000085700000, 0x0000000085700000|100%| O|  |TAMS 0x0000000085700000| PB 0x0000000085600000| Untracked 
|  87|0x0000000085700000, 0x0000000085800000, 0x0000000085800000|100%| O|  |TAMS 0x0000000085800000| PB 0x0000000085700000| Untracked 
|  88|0x0000000085800000, 0x0000000085900000, 0x0000000085900000|100%| O|  |TAMS 0x0000000085900000| PB 0x0000000085800000| Untracked 
|  89|0x0000000085900000, 0x0000000085a00000, 0x0000000085a00000|100%| O|  |TAMS 0x0000000085a00000| PB 0x0000000085900000| Untracked 
|  90|0x0000000085a00000, 0x0000000085b00000, 0x0000000085b00000|100%| O|  |TAMS 0x0000000085b00000| PB 0x0000000085a00000| Untracked 
|  91|0x0000000085b00000, 0x0000000085c00000, 0x0000000085c00000|100%| O|  |TAMS 0x0000000085c00000| PB 0x0000000085b00000| Untracked 
|  92|0x0000000085c00000, 0x0000000085d00000, 0x0000000085d00000|100%| O|  |TAMS 0x0000000085d00000| PB 0x0000000085c00000| Untracked 
|  93|0x0000000085d00000, 0x0000000085e00000, 0x0000000085e00000|100%| O|  |TAMS 0x0000000085e00000| PB 0x0000000085d00000| Untracked 
|  94|0x0000000085e00000, 0x0000000085f00000, 0x0000000085f00000|100%| O|  |TAMS 0x0000000085f00000| PB 0x0000000085e00000| Untracked 
|  95|0x0000000085f00000, 0x0000000086000000, 0x0000000086000000|100%| O|  |TAMS 0x0000000086000000| PB 0x0000000085f00000| Untracked 
|  96|0x0000000086000000, 0x0000000086100000, 0x0000000086100000|100%| O|  |TAMS 0x0000000086100000| PB 0x0000000086000000| Untracked 
|  97|0x0000000086100000, 0x0000000086200000, 0x0000000086200000|100%| O|  |TAMS 0x0000000086200000| PB 0x0000000086100000| Untracked 
|  98|0x0000000086200000, 0x0000000086300000, 0x0000000086300000|100%| O|  |TAMS 0x0000000086300000| PB 0x0000000086200000| Untracked 
|  99|0x0000000086300000, 0x0000000086400000, 0x0000000086400000|100%| O|  |TAMS 0x0000000086400000| PB 0x0000000086300000| Untracked 
| 100|0x0000000086400000, 0x0000000086500000, 0x0000000086500000|100%|HS|  |TAMS 0x0000000086500000| PB 0x0000000086400000| Complete 
| 101|0x0000000086500000, 0x0000000086600000, 0x0000000086600000|100%|HC|  |TAMS 0x0000000086600000| PB 0x0000000086500000| Complete 
| 102|0x0000000086600000, 0x0000000086700000, 0x0000000086700000|100%| O|  |TAMS 0x0000000086700000| PB 0x0000000086600000| Untracked 
| 103|0x0000000086700000, 0x0000000086800000, 0x0000000086800000|100%| O|  |TAMS 0x0000000086800000| PB 0x0000000086700000| Untracked 
| 104|0x0000000086800000, 0x0000000086900000, 0x0000000086900000|100%| O|  |TAMS 0x0000000086900000| PB 0x0000000086800000| Untracked 
| 105|0x0000000086900000, 0x0000000086a00000, 0x0000000086a00000|100%| O|  |TAMS 0x0000000086a00000| PB 0x0000000086900000| Untracked 
| 106|0x0000000086a00000, 0x0000000086b00000, 0x0000000086b00000|100%| O|  |TAMS 0x0000000086b00000| PB 0x0000000086a00000| Untracked 
| 107|0x0000000086b00000, 0x0000000086c00000, 0x0000000086c00000|100%| O|  |TAMS 0x0000000086c00000| PB 0x0000000086b00000| Untracked 
| 108|0x0000000086c00000, 0x0000000086d00000, 0x0000000086d00000|100%| O|  |TAMS 0x0000000086d00000| PB 0x0000000086c00000| Untracked 
| 109|0x0000000086d00000, 0x0000000086e00000, 0x0000000086e00000|100%| O|  |TAMS 0x0000000086e00000| PB 0x0000000086d00000| Untracked 
| 110|0x0000000086e00000, 0x0000000086f00000, 0x0000000086f00000|100%| O|  |TAMS 0x0000000086f00000| PB 0x0000000086e00000| Untracked 
| 111|0x0000000086f00000, 0x0000000087000000, 0x0000000087000000|100%|HS|  |TAMS 0x0000000087000000| PB 0x0000000086f00000| Complete 
| 112|0x0000000087000000, 0x0000000087100000, 0x0000000087100000|100%|HC|  |TAMS 0x0000000087100000| PB 0x0000000087000000| Complete 
| 113|0x0000000087100000, 0x0000000087200000, 0x0000000087200000|100%|HC|  |TAMS 0x0000000087200000| PB 0x0000000087100000| Complete 
| 114|0x0000000087200000, 0x0000000087300000, 0x0000000087300000|100%| O|  |TAMS 0x0000000087300000| PB 0x0000000087200000| Untracked 
| 115|0x0000000087300000, 0x0000000087400000, 0x0000000087400000|100%| O|  |TAMS 0x0000000087400000| PB 0x0000000087300000| Untracked 
| 116|0x0000000087400000, 0x0000000087500000, 0x0000000087500000|100%|HS|  |TAMS 0x0000000087500000| PB 0x0000000087400000| Complete 
| 117|0x0000000087500000, 0x0000000087600000, 0x0000000087600000|100%|HC|  |TAMS 0x0000000087600000| PB 0x0000000087500000| Complete 
| 118|0x0000000087600000, 0x0000000087700000, 0x0000000087700000|100%|HC|  |TAMS 0x0000000087700000| PB 0x0000000087600000| Complete 
| 119|0x0000000087700000, 0x0000000087800000, 0x0000000087800000|100%|HC|  |TAMS 0x0000000087800000| PB 0x0000000087700000| Complete 
| 120|0x0000000087800000, 0x0000000087900000, 0x0000000087900000|100%|HC|  |TAMS 0x0000000087900000| PB 0x0000000087800000| Complete 
| 121|0x0000000087900000, 0x0000000087a00000, 0x0000000087a00000|100%|HC|  |TAMS 0x0000000087a00000| PB 0x0000000087900000| Complete 
| 122|0x0000000087a00000, 0x0000000087b00000, 0x0000000087b00000|100%|HC|  |TAMS 0x0000000087b00000| PB 0x0000000087a00000| Complete 
| 123|0x0000000087b00000, 0x0000000087c00000, 0x0000000087c00000|100%| O|  |TAMS 0x0000000087c00000| PB 0x0000000087b00000| Untracked 
| 124|0x0000000087c00000, 0x0000000087d00000, 0x0000000087d00000|100%| O|  |TAMS 0x0000000087d00000| PB 0x0000000087c00000| Untracked 
| 125|0x0000000087d00000, 0x0000000087e00000, 0x0000000087e00000|100%| O|  |TAMS 0x0000000087e00000| PB 0x0000000087d00000| Untracked 
| 126|0x0000000087e00000, 0x0000000087f00000, 0x0000000087f00000|100%| O|  |TAMS 0x0000000087f00000| PB 0x0000000087e00000| Untracked 
| 127|0x0000000087f00000, 0x0000000088000000, 0x0000000088000000|100%| O|  |TAMS 0x0000000088000000| PB 0x0000000087f00000| Untracked 
| 128|0x0000000088000000, 0x0000000088100000, 0x0000000088100000|100%| O|  |TAMS 0x0000000088100000| PB 0x0000000088000000| Untracked 
| 129|0x0000000088100000, 0x0000000088200000, 0x0000000088200000|100%| O|  |TAMS 0x00000000881e8dd0| PB 0x0000000088100000| Untracked 
| 130|0x0000000088200000, 0x0000000088300000, 0x0000000088300000|100%| O|  |TAMS 0x0000000088300000| PB 0x0000000088200000| Untracked 
| 131|0x0000000088300000, 0x0000000088400000, 0x0000000088400000|100%| O|  |TAMS 0x0000000088300000| PB 0x0000000088300000| Untracked 
| 132|0x0000000088400000, 0x0000000088500000, 0x0000000088500000|100%| O|  |TAMS 0x0000000088500000| PB 0x0000000088400000| Untracked 
| 133|0x0000000088500000, 0x0000000088600000, 0x0000000088600000|100%| O|  |TAMS 0x0000000088500000| PB 0x0000000088500000| Untracked 
| 134|0x0000000088600000, 0x0000000088700000, 0x0000000088700000|100%| O|  |TAMS 0x0000000088700000| PB 0x0000000088600000| Untracked 
| 135|0x0000000088700000, 0x0000000088800000, 0x0000000088800000|100%| O|  |TAMS 0x0000000088800000| PB 0x0000000088700000| Untracked 
| 136|0x0000000088800000, 0x0000000088900000, 0x0000000088900000|100%| O|  |TAMS 0x0000000088900000| PB 0x0000000088800000| Untracked 
| 137|0x0000000088900000, 0x0000000088a00000, 0x0000000088a00000|100%| O|  |TAMS 0x0000000088a00000| PB 0x0000000088900000| Untracked 
| 138|0x0000000088a00000, 0x0000000088b00000, 0x0000000088b00000|100%| O|  |TAMS 0x0000000088b00000| PB 0x0000000088a00000| Untracked 
| 139|0x0000000088b00000, 0x0000000088c00000, 0x0000000088c00000|100%| O|  |TAMS 0x0000000088c00000| PB 0x0000000088b00000| Untracked 
| 140|0x0000000088c00000, 0x0000000088d00000, 0x0000000088d00000|100%| O|  |TAMS 0x0000000088d00000| PB 0x0000000088c00000| Untracked 
| 141|0x0000000088d00000, 0x0000000088e00000, 0x0000000088e00000|100%| O|  |TAMS 0x0000000088e00000| PB 0x0000000088d00000| Untracked 
| 142|0x0000000088e00000, 0x0000000088f00000, 0x0000000088f00000|100%| O|  |TAMS 0x0000000088f00000| PB 0x0000000088e00000| Untracked 
| 143|0x0000000088f00000, 0x0000000089000000, 0x0000000089000000|100%| O|  |TAMS 0x0000000089000000| PB 0x0000000088f00000| Untracked 
| 144|0x0000000089000000, 0x0000000089100000, 0x0000000089100000|100%| O|  |TAMS 0x0000000089100000| PB 0x0000000089000000| Untracked 
| 145|0x0000000089100000, 0x0000000089200000, 0x0000000089200000|100%| O|  |TAMS 0x0000000089200000| PB 0x0000000089100000| Untracked 
| 146|0x0000000089200000, 0x0000000089300000, 0x0000000089300000|100%| O|  |TAMS 0x0000000089300000| PB 0x0000000089200000| Untracked 
| 147|0x0000000089300000, 0x0000000089400000, 0x0000000089400000|100%| O|  |TAMS 0x0000000089400000| PB 0x0000000089300000| Untracked 
| 148|0x0000000089400000, 0x0000000089500000, 0x0000000089500000|100%| O|  |TAMS 0x0000000089500000| PB 0x0000000089400000| Untracked 
| 149|0x0000000089500000, 0x0000000089600000, 0x0000000089600000|100%| O|  |TAMS 0x0000000089600000| PB 0x0000000089500000| Untracked 
| 150|0x0000000089600000, 0x0000000089700000, 0x0000000089700000|100%| O|  |TAMS 0x0000000089600000| PB 0x0000000089600000| Untracked 
| 151|0x0000000089700000, 0x0000000089800000, 0x0000000089800000|100%| O|  |TAMS 0x0000000089800000| PB 0x0000000089700000| Untracked 
| 152|0x0000000089800000, 0x0000000089900000, 0x0000000089900000|100%| O|  |TAMS 0x0000000089800000| PB 0x0000000089800000| Untracked 
| 153|0x0000000089900000, 0x0000000089a00000, 0x0000000089a00000|100%| O|  |TAMS 0x0000000089900000| PB 0x0000000089900000| Untracked 
| 154|0x0000000089a00000, 0x0000000089b00000, 0x0000000089b00000|100%| O|  |TAMS 0x0000000089a00000| PB 0x0000000089a00000| Untracked 
| 155|0x0000000089b00000, 0x0000000089c00000, 0x0000000089c00000|100%| O|  |TAMS 0x0000000089b00000| PB 0x0000000089b00000| Untracked 
| 156|0x0000000089c00000, 0x0000000089d00000, 0x0000000089d00000|100%| O|  |TAMS 0x0000000089c00000| PB 0x0000000089c00000| Untracked 
| 157|0x0000000089d00000, 0x0000000089e00000, 0x0000000089e00000|100%| O|  |TAMS 0x0000000089d00000| PB 0x0000000089d00000| Untracked 
| 158|0x0000000089e00000, 0x0000000089f00000, 0x0000000089f00000|100%| O|  |TAMS 0x0000000089e00000| PB 0x0000000089e00000| Untracked 
| 159|0x0000000089f00000, 0x000000008a000000, 0x000000008a000000|100%| O|  |TAMS 0x0000000089f00000| PB 0x0000000089f00000| Untracked 
| 160|0x000000008a000000, 0x000000008a100000, 0x000000008a100000|100%| O|  |TAMS 0x000000008a100000| PB 0x000000008a000000| Untracked 
| 161|0x000000008a100000, 0x000000008a200000, 0x000000008a200000|100%| O|  |TAMS 0x000000008a100000| PB 0x000000008a100000| Untracked 
| 162|0x000000008a200000, 0x000000008a300000, 0x000000008a300000|100%| O|  |TAMS 0x000000008a200000| PB 0x000000008a200000| Untracked 
| 163|0x000000008a300000, 0x000000008a400000, 0x000000008a400000|100%| O|  |TAMS 0x000000008a300000| PB 0x000000008a300000| Untracked 
| 164|0x000000008a400000, 0x000000008a500000, 0x000000008a500000|100%| O|  |TAMS 0x000000008a400000| PB 0x000000008a400000| Untracked 
| 165|0x000000008a500000, 0x000000008a600000, 0x000000008a600000|100%| O|  |TAMS 0x000000008a500000| PB 0x000000008a500000| Untracked 
| 166|0x000000008a600000, 0x000000008a700000, 0x000000008a700000|100%| O|  |TAMS 0x000000008a600000| PB 0x000000008a600000| Untracked 
| 167|0x000000008a700000, 0x000000008a800000, 0x000000008a800000|100%| O|  |TAMS 0x000000008a700000| PB 0x000000008a700000| Untracked 
| 168|0x000000008a800000, 0x000000008a900000, 0x000000008a900000|100%| O|  |TAMS 0x000000008a900000| PB 0x000000008a800000| Untracked 
| 169|0x000000008a900000, 0x000000008aa00000, 0x000000008aa00000|100%| O|  |TAMS 0x000000008aa00000| PB 0x000000008a900000| Untracked 
| 170|0x000000008aa00000, 0x000000008ab00000, 0x000000008ab00000|100%| O|  |TAMS 0x000000008ab00000| PB 0x000000008aa00000| Untracked 
| 171|0x000000008ab00000, 0x000000008ac00000, 0x000000008ac00000|100%| O|  |TAMS 0x000000008ac00000| PB 0x000000008ab00000| Untracked 
| 172|0x000000008ac00000, 0x000000008ad00000, 0x000000008ad00000|100%| O|  |TAMS 0x000000008ad00000| PB 0x000000008ac00000| Untracked 
| 173|0x000000008ad00000, 0x000000008ae00000, 0x000000008ae00000|100%| O|  |TAMS 0x000000008ae00000| PB 0x000000008ad00000| Untracked 
| 174|0x000000008ae00000, 0x000000008af00000, 0x000000008af00000|100%| O|  |TAMS 0x000000008af00000| PB 0x000000008ae00000| Untracked 
| 175|0x000000008af00000, 0x000000008b000000, 0x000000008b000000|100%|HS|  |TAMS 0x000000008b000000| PB 0x000000008af00000| Complete 
| 176|0x000000008b000000, 0x000000008b100000, 0x000000008b100000|100%|HC|  |TAMS 0x000000008b100000| PB 0x000000008b000000| Complete 
| 177|0x000000008b100000, 0x000000008b200000, 0x000000008b200000|100%| O|  |TAMS 0x000000008b200000| PB 0x000000008b100000| Untracked 
| 178|0x000000008b200000, 0x000000008b300000, 0x000000008b300000|100%| O|  |TAMS 0x000000008b300000| PB 0x000000008b200000| Untracked 
| 179|0x000000008b300000, 0x000000008b400000, 0x000000008b400000|100%| O|  |TAMS 0x000000008b400000| PB 0x000000008b300000| Untracked 
| 180|0x000000008b400000, 0x000000008b500000, 0x000000008b500000|100%| O|  |TAMS 0x000000008b400000| PB 0x000000008b400000| Untracked 
| 181|0x000000008b500000, 0x000000008b600000, 0x000000008b600000|100%| O|  |TAMS 0x000000008b600000| PB 0x000000008b500000| Untracked 
| 182|0x000000008b600000, 0x000000008b700000, 0x000000008b700000|100%| O|  |TAMS 0x000000008b700000| PB 0x000000008b600000| Untracked 
| 183|0x000000008b700000, 0x000000008b800000, 0x000000008b800000|100%| O|  |TAMS 0x000000008b800000| PB 0x000000008b700000| Untracked 
| 184|0x000000008b800000, 0x000000008b900000, 0x000000008b900000|100%| O|  |TAMS 0x000000008b900000| PB 0x000000008b800000| Untracked 
| 185|0x000000008b900000, 0x000000008ba00000, 0x000000008ba00000|100%| O|  |TAMS 0x000000008ba00000| PB 0x000000008b900000| Untracked 
| 186|0x000000008ba00000, 0x000000008bb00000, 0x000000008bb00000|100%| O|  |TAMS 0x000000008bb00000| PB 0x000000008ba00000| Untracked 
| 187|0x000000008bb00000, 0x000000008bc00000, 0x000000008bc00000|100%| O|  |TAMS 0x000000008bc00000| PB 0x000000008bb00000| Untracked 
| 188|0x000000008bc00000, 0x000000008bd00000, 0x000000008bd00000|100%| O|  |TAMS 0x000000008bd00000| PB 0x000000008bc00000| Untracked 
| 189|0x000000008bd00000, 0x000000008be00000, 0x000000008be00000|100%| O|  |TAMS 0x000000008be00000| PB 0x000000008bd00000| Untracked 
| 190|0x000000008be00000, 0x000000008bf00000, 0x000000008bf00000|100%| O|  |TAMS 0x000000008bf00000| PB 0x000000008be00000| Untracked 
| 191|0x000000008bf00000, 0x000000008c000000, 0x000000008c000000|100%| O|  |TAMS 0x000000008c000000| PB 0x000000008bf00000| Untracked 
| 192|0x000000008c000000, 0x000000008c100000, 0x000000008c100000|100%| O|  |TAMS 0x000000008c100000| PB 0x000000008c000000| Untracked 
| 193|0x000000008c100000, 0x000000008c200000, 0x000000008c200000|100%| O|  |TAMS 0x000000008c200000| PB 0x000000008c100000| Untracked 
| 194|0x000000008c200000, 0x000000008c300000, 0x000000008c300000|100%| O|  |TAMS 0x000000008c300000| PB 0x000000008c200000| Untracked 
| 195|0x000000008c300000, 0x000000008c400000, 0x000000008c400000|100%| O|  |TAMS 0x000000008c400000| PB 0x000000008c300000| Untracked 
| 196|0x000000008c400000, 0x000000008c500000, 0x000000008c500000|100%| O|  |TAMS 0x000000008c500000| PB 0x000000008c400000| Untracked 
| 197|0x000000008c500000, 0x000000008c600000, 0x000000008c600000|100%| O|  |TAMS 0x000000008c600000| PB 0x000000008c500000| Untracked 
| 198|0x000000008c600000, 0x000000008c700000, 0x000000008c700000|100%| O|  |TAMS 0x000000008c700000| PB 0x000000008c600000| Untracked 
| 199|0x000000008c700000, 0x000000008c800000, 0x000000008c800000|100%| O|  |TAMS 0x000000008c800000| PB 0x000000008c700000| Untracked 
| 200|0x000000008c800000, 0x000000008c900000, 0x000000008c900000|100%| O|  |TAMS 0x000000008c900000| PB 0x000000008c800000| Untracked 
| 201|0x000000008c900000, 0x000000008ca00000, 0x000000008ca00000|100%| O|  |TAMS 0x000000008ca00000| PB 0x000000008c900000| Untracked 
| 202|0x000000008ca00000, 0x000000008cb00000, 0x000000008cb00000|100%| O|  |TAMS 0x000000008cb00000| PB 0x000000008ca00000| Untracked 
| 203|0x000000008cb00000, 0x000000008cc00000, 0x000000008cc00000|100%| O|  |TAMS 0x000000008cc00000| PB 0x000000008cb00000| Untracked 
| 204|0x000000008cc00000, 0x000000008cd00000, 0x000000008cd00000|100%| O|  |TAMS 0x000000008cd00000| PB 0x000000008cc00000| Untracked 
| 205|0x000000008cd00000, 0x000000008ce00000, 0x000000008ce00000|100%| O|  |TAMS 0x000000008ce00000| PB 0x000000008cd00000| Untracked 
| 206|0x000000008ce00000, 0x000000008cf00000, 0x000000008cf00000|100%| O|  |TAMS 0x000000008cf00000| PB 0x000000008ce00000| Untracked 
| 207|0x000000008cf00000, 0x000000008d000000, 0x000000008d000000|100%| O|  |TAMS 0x000000008d000000| PB 0x000000008cf00000| Untracked 
| 208|0x000000008d000000, 0x000000008d100000, 0x000000008d100000|100%| O|  |TAMS 0x000000008d100000| PB 0x000000008d000000| Untracked 
| 209|0x000000008d100000, 0x000000008d200000, 0x000000008d200000|100%| O|  |TAMS 0x000000008d200000| PB 0x000000008d100000| Untracked 
| 210|0x000000008d200000, 0x000000008d300000, 0x000000008d300000|100%| O|  |TAMS 0x000000008d300000| PB 0x000000008d200000| Untracked 
| 211|0x000000008d300000, 0x000000008d400000, 0x000000008d400000|100%| O|  |TAMS 0x000000008d300000| PB 0x000000008d300000| Untracked 
| 212|0x000000008d400000, 0x000000008d500000, 0x000000008d500000|100%| O|  |TAMS 0x000000008d500000| PB 0x000000008d400000| Untracked 
| 213|0x000000008d500000, 0x000000008d600000, 0x000000008d600000|100%| O|  |TAMS 0x000000008d600000| PB 0x000000008d500000| Untracked 
| 214|0x000000008d600000, 0x000000008d700000, 0x000000008d700000|100%| O|  |TAMS 0x000000008d700000| PB 0x000000008d600000| Untracked 
| 215|0x000000008d700000, 0x000000008d800000, 0x000000008d800000|100%| O|  |TAMS 0x000000008d800000| PB 0x000000008d700000| Untracked 
| 216|0x000000008d800000, 0x000000008d900000, 0x000000008d900000|100%| O|  |TAMS 0x000000008d900000| PB 0x000000008d800000| Untracked 
| 217|0x000000008d900000, 0x000000008da00000, 0x000000008da00000|100%| O|  |TAMS 0x000000008da00000| PB 0x000000008d900000| Untracked 
| 218|0x000000008da00000, 0x000000008db00000, 0x000000008db00000|100%| O|  |TAMS 0x000000008db00000| PB 0x000000008da00000| Untracked 
| 219|0x000000008db00000, 0x000000008dc00000, 0x000000008dc00000|100%| O|  |TAMS 0x000000008dc00000| PB 0x000000008db00000| Untracked 
| 220|0x000000008dc00000, 0x000000008dd00000, 0x000000008dd00000|100%| O|  |TAMS 0x000000008dd00000| PB 0x000000008dc00000| Untracked 
| 221|0x000000008dd00000, 0x000000008de00000, 0x000000008de00000|100%| O|  |TAMS 0x000000008de00000| PB 0x000000008dd00000| Untracked 
| 222|0x000000008de00000, 0x000000008df00000, 0x000000008df00000|100%| O|  |TAMS 0x000000008df00000| PB 0x000000008de00000| Untracked 
| 223|0x000000008df00000, 0x000000008e000000, 0x000000008e000000|100%| O|  |TAMS 0x000000008e000000| PB 0x000000008df00000| Untracked 
| 224|0x000000008e000000, 0x000000008e100000, 0x000000008e100000|100%| O|  |TAMS 0x000000008e100000| PB 0x000000008e000000| Untracked 
| 225|0x000000008e100000, 0x000000008e200000, 0x000000008e200000|100%| O|  |TAMS 0x000000008e200000| PB 0x000000008e100000| Untracked 
| 226|0x000000008e200000, 0x000000008e300000, 0x000000008e300000|100%| O|  |TAMS 0x000000008e300000| PB 0x000000008e200000| Untracked 
| 227|0x000000008e300000, 0x000000008e400000, 0x000000008e400000|100%| O|  |TAMS 0x000000008e400000| PB 0x000000008e300000| Untracked 
| 228|0x000000008e400000, 0x000000008e500000, 0x000000008e500000|100%| O|  |TAMS 0x000000008e500000| PB 0x000000008e400000| Untracked 
| 229|0x000000008e500000, 0x000000008e600000, 0x000000008e600000|100%| O|  |TAMS 0x000000008e600000| PB 0x000000008e500000| Untracked 
| 230|0x000000008e600000, 0x000000008e700000, 0x000000008e700000|100%| O|  |TAMS 0x000000008e700000| PB 0x000000008e600000| Untracked 
| 231|0x000000008e700000, 0x000000008e800000, 0x000000008e800000|100%| O|  |TAMS 0x000000008e800000| PB 0x000000008e700000| Untracked 
| 232|0x000000008e800000, 0x000000008e900000, 0x000000008e900000|100%| O|  |TAMS 0x000000008e900000| PB 0x000000008e800000| Untracked 
| 233|0x000000008e900000, 0x000000008ea00000, 0x000000008ea00000|100%| O|  |TAMS 0x000000008ea00000| PB 0x000000008e900000| Untracked 
| 234|0x000000008ea00000, 0x000000008eb00000, 0x000000008eb00000|100%| O|  |TAMS 0x000000008eb00000| PB 0x000000008ea00000| Untracked 
| 235|0x000000008eb00000, 0x000000008ec00000, 0x000000008ec00000|100%| O|  |TAMS 0x000000008ec00000| PB 0x000000008eb00000| Untracked 
| 236|0x000000008ec00000, 0x000000008ed00000, 0x000000008ed00000|100%| O|  |TAMS 0x000000008ed00000| PB 0x000000008ec00000| Untracked 
| 237|0x000000008ed00000, 0x000000008ee00000, 0x000000008ee00000|100%| O|  |TAMS 0x000000008ee00000| PB 0x000000008ed00000| Untracked 
| 238|0x000000008ee00000, 0x000000008ef00000, 0x000000008ef00000|100%| O|  |TAMS 0x000000008ef00000| PB 0x000000008ee00000| Untracked 
| 239|0x000000008ef00000, 0x000000008f000000, 0x000000008f000000|100%| O|  |TAMS 0x000000008f000000| PB 0x000000008ef00000| Untracked 
| 240|0x000000008f000000, 0x000000008f100000, 0x000000008f100000|100%| O|  |TAMS 0x000000008f100000| PB 0x000000008f000000| Untracked 
| 241|0x000000008f100000, 0x000000008f200000, 0x000000008f200000|100%| O|  |TAMS 0x000000008f200000| PB 0x000000008f100000| Untracked 
| 242|0x000000008f200000, 0x000000008f300000, 0x000000008f300000|100%| O|  |TAMS 0x000000008f300000| PB 0x000000008f200000| Untracked 
| 243|0x000000008f300000, 0x000000008f400000, 0x000000008f400000|100%| O|  |TAMS 0x000000008f400000| PB 0x000000008f300000| Untracked 
| 244|0x000000008f400000, 0x000000008f500000, 0x000000008f500000|100%| O|  |TAMS 0x000000008f500000| PB 0x000000008f400000| Untracked 
| 245|0x000000008f500000, 0x000000008f600000, 0x000000008f600000|100%| O|  |TAMS 0x000000008f600000| PB 0x000000008f500000| Untracked 
| 246|0x000000008f600000, 0x000000008f700000, 0x000000008f700000|100%| O|  |TAMS 0x000000008f700000| PB 0x000000008f600000| Untracked 
| 247|0x000000008f700000, 0x000000008f800000, 0x000000008f800000|100%| O|  |TAMS 0x000000008f800000| PB 0x000000008f700000| Untracked 
| 248|0x000000008f800000, 0x000000008f900000, 0x000000008f900000|100%| O|  |TAMS 0x000000008f900000| PB 0x000000008f800000| Untracked 
| 249|0x000000008f900000, 0x000000008fa00000, 0x000000008fa00000|100%| O|  |TAMS 0x000000008fa00000| PB 0x000000008f900000| Untracked 
| 250|0x000000008fa00000, 0x000000008fb00000, 0x000000008fb00000|100%| O|  |TAMS 0x000000008fb00000| PB 0x000000008fa00000| Untracked 
| 251|0x000000008fb00000, 0x000000008fc00000, 0x000000008fc00000|100%| O|  |TAMS 0x000000008fb00000| PB 0x000000008fb00000| Untracked 
| 252|0x000000008fc00000, 0x000000008fd00000, 0x000000008fd00000|100%| O|  |TAMS 0x000000008fc00000| PB 0x000000008fc00000| Untracked 
| 253|0x000000008fd00000, 0x000000008fe00000, 0x000000008fe00000|100%| O|  |TAMS 0x000000008fd00000| PB 0x000000008fd00000| Untracked 
| 254|0x000000008fe00000, 0x000000008ff00000, 0x000000008ff00000|100%| O|  |TAMS 0x000000008fe00000| PB 0x000000008fe00000| Untracked 
| 255|0x000000008ff00000, 0x0000000090000000, 0x0000000090000000|100%| O|  |TAMS 0x000000008ff00000| PB 0x000000008ff00000| Untracked 
| 256|0x0000000090000000, 0x0000000090100000, 0x0000000090100000|100%| O|  |TAMS 0x0000000090000000| PB 0x0000000090000000| Untracked 
| 257|0x0000000090100000, 0x0000000090200000, 0x0000000090200000|100%| O|  |TAMS 0x0000000090100000| PB 0x0000000090100000| Untracked 
| 258|0x0000000090200000, 0x0000000090300000, 0x0000000090300000|100%| O|  |TAMS 0x0000000090200000| PB 0x0000000090200000| Untracked 
| 259|0x0000000090300000, 0x0000000090400000, 0x0000000090400000|100%| O|  |TAMS 0x0000000090300000| PB 0x0000000090300000| Untracked 
| 260|0x0000000090400000, 0x0000000090500000, 0x0000000090500000|100%| O|  |TAMS 0x0000000090400000| PB 0x0000000090400000| Untracked 
| 261|0x0000000090500000, 0x0000000090600000, 0x0000000090600000|100%| O|  |TAMS 0x0000000090500000| PB 0x0000000090500000| Untracked 
| 262|0x0000000090600000, 0x0000000090700000, 0x0000000090700000|100%| O|  |TAMS 0x0000000090600000| PB 0x0000000090600000| Untracked 
| 263|0x0000000090700000, 0x0000000090800000, 0x0000000090800000|100%| O|  |TAMS 0x0000000090700000| PB 0x0000000090700000| Untracked 
| 264|0x0000000090800000, 0x0000000090900000, 0x0000000090900000|100%| O|  |TAMS 0x0000000090800000| PB 0x0000000090800000| Untracked 
| 265|0x0000000090900000, 0x0000000090a00000, 0x0000000090a00000|100%| O|  |TAMS 0x0000000090900000| PB 0x0000000090900000| Untracked 
| 266|0x0000000090a00000, 0x0000000090b00000, 0x0000000090b00000|100%| O|  |TAMS 0x0000000090a00000| PB 0x0000000090a00000| Untracked 
| 267|0x0000000090b00000, 0x0000000090c00000, 0x0000000090c00000|100%| O|  |TAMS 0x0000000090b00000| PB 0x0000000090b00000| Untracked 
| 268|0x0000000090c00000, 0x0000000090d00000, 0x0000000090d00000|100%| O|  |TAMS 0x0000000090c00000| PB 0x0000000090c00000| Untracked 
| 269|0x0000000090d00000, 0x0000000090e00000, 0x0000000090e00000|100%| O|  |TAMS 0x0000000090d00000| PB 0x0000000090d00000| Untracked 
| 270|0x0000000090e00000, 0x0000000090f00000, 0x0000000090f00000|100%| O|  |TAMS 0x0000000090e00000| PB 0x0000000090e00000| Untracked 
| 271|0x0000000090f00000, 0x0000000091000000, 0x0000000091000000|100%| O|  |TAMS 0x0000000090f00000| PB 0x0000000090f00000| Untracked 
| 272|0x0000000091000000, 0x0000000091100000, 0x0000000091100000|100%| O|  |TAMS 0x0000000091000000| PB 0x0000000091000000| Untracked 
| 273|0x0000000091100000, 0x0000000091200000, 0x0000000091200000|100%| O|  |TAMS 0x0000000091100000| PB 0x0000000091100000| Untracked 
| 274|0x0000000091200000, 0x0000000091300000, 0x0000000091300000|100%| O|  |TAMS 0x0000000091200000| PB 0x0000000091200000| Untracked 
| 275|0x0000000091300000, 0x0000000091400000, 0x0000000091400000|100%| O|  |TAMS 0x0000000091300000| PB 0x0000000091300000| Untracked 
| 276|0x0000000091400000, 0x0000000091500000, 0x0000000091500000|100%| O|  |TAMS 0x0000000091400000| PB 0x0000000091400000| Untracked 
| 277|0x0000000091500000, 0x0000000091600000, 0x0000000091600000|100%| O|  |TAMS 0x0000000091500000| PB 0x0000000091500000| Untracked 
| 278|0x0000000091600000, 0x0000000091700000, 0x0000000091700000|100%| O|  |TAMS 0x0000000091600000| PB 0x0000000091600000| Untracked 
| 279|0x0000000091700000, 0x0000000091800000, 0x0000000091800000|100%| O|  |TAMS 0x0000000091700000| PB 0x0000000091700000| Untracked 
| 280|0x0000000091800000, 0x0000000091900000, 0x0000000091900000|100%| O|  |TAMS 0x0000000091800000| PB 0x0000000091800000| Untracked 
| 281|0x0000000091900000, 0x0000000091a00000, 0x0000000091a00000|100%| O|  |TAMS 0x0000000091900000| PB 0x0000000091900000| Untracked 
| 282|0x0000000091a00000, 0x0000000091b00000, 0x0000000091b00000|100%| O|  |TAMS 0x0000000091a00000| PB 0x0000000091a00000| Untracked 
| 283|0x0000000091b00000, 0x0000000091c00000, 0x0000000091c00000|100%| O|  |TAMS 0x0000000091b00000| PB 0x0000000091b00000| Untracked 
| 284|0x0000000091c00000, 0x0000000091d00000, 0x0000000091d00000|100%| O|  |TAMS 0x0000000091c00000| PB 0x0000000091c00000| Untracked 
| 285|0x0000000091d00000, 0x0000000091e00000, 0x0000000091e00000|100%| O|  |TAMS 0x0000000091d00000| PB 0x0000000091d00000| Untracked 
| 286|0x0000000091e00000, 0x0000000091e00000, 0x0000000091f00000|  0%| F|  |TAMS 0x0000000091e00000| PB 0x0000000091e00000| Untracked 
| 287|0x0000000091f00000, 0x0000000091f00000, 0x0000000092000000|  0%| F|  |TAMS 0x0000000091f00000| PB 0x0000000091f00000| Untracked 
| 288|0x0000000092000000, 0x0000000092000000, 0x0000000092100000|  0%| F|  |TAMS 0x0000000092000000| PB 0x0000000092000000| Untracked 
| 289|0x0000000092100000, 0x0000000092100000, 0x0000000092200000|  0%| F|  |TAMS 0x0000000092100000| PB 0x0000000092100000| Untracked 
| 290|0x0000000092200000, 0x0000000092200000, 0x0000000092300000|  0%| F|  |TAMS 0x0000000092200000| PB 0x0000000092200000| Untracked 
| 291|0x0000000092300000, 0x0000000092300000, 0x0000000092400000|  0%| F|  |TAMS 0x0000000092300000| PB 0x0000000092300000| Untracked 
| 292|0x0000000092400000, 0x0000000092400000, 0x0000000092500000|  0%| F|  |TAMS 0x0000000092400000| PB 0x0000000092400000| Untracked 
| 293|0x0000000092500000, 0x0000000092500000, 0x0000000092600000|  0%| F|  |TAMS 0x0000000092500000| PB 0x0000000092500000| Untracked 
| 294|0x0000000092600000, 0x0000000092600000, 0x0000000092700000|  0%| F|  |TAMS 0x0000000092600000| PB 0x0000000092600000| Untracked 
| 295|0x0000000092700000, 0x0000000092700000, 0x0000000092800000|  0%| F|  |TAMS 0x0000000092700000| PB 0x0000000092700000| Untracked 
| 296|0x0000000092800000, 0x0000000092800000, 0x0000000092900000|  0%| F|  |TAMS 0x0000000092800000| PB 0x0000000092800000| Untracked 
| 297|0x0000000092900000, 0x0000000092900000, 0x0000000092a00000|  0%| F|  |TAMS 0x0000000092900000| PB 0x0000000092900000| Untracked 
| 298|0x0000000092a00000, 0x0000000092a00000, 0x0000000092b00000|  0%| F|  |TAMS 0x0000000092a00000| PB 0x0000000092a00000| Untracked 
| 299|0x0000000092b00000, 0x0000000092b00000, 0x0000000092c00000|  0%| F|  |TAMS 0x0000000092b00000| PB 0x0000000092b00000| Untracked 
| 300|0x0000000092c00000, 0x0000000092c00000, 0x0000000092d00000|  0%| F|  |TAMS 0x0000000092c00000| PB 0x0000000092c00000| Untracked 
| 301|0x0000000092d00000, 0x0000000092d00000, 0x0000000092e00000|  0%| F|  |TAMS 0x0000000092d00000| PB 0x0000000092d00000| Untracked 
| 302|0x0000000092e00000, 0x0000000092e00000, 0x0000000092f00000|  0%| F|  |TAMS 0x0000000092e00000| PB 0x0000000092e00000| Untracked 
| 303|0x0000000092f00000, 0x0000000092f00000, 0x0000000093000000|  0%| F|  |TAMS 0x0000000092f00000| PB 0x0000000092f00000| Untracked 
| 304|0x0000000093000000, 0x0000000093000000, 0x0000000093100000|  0%| F|  |TAMS 0x0000000093000000| PB 0x0000000093000000| Untracked 
| 305|0x0000000093100000, 0x0000000093100000, 0x0000000093200000|  0%| F|  |TAMS 0x0000000093100000| PB 0x0000000093100000| Untracked 
| 306|0x0000000093200000, 0x0000000093200000, 0x0000000093300000|  0%| F|  |TAMS 0x0000000093200000| PB 0x0000000093200000| Untracked 
| 307|0x0000000093300000, 0x0000000093300000, 0x0000000093400000|  0%| F|  |TAMS 0x0000000093300000| PB 0x0000000093300000| Untracked 
| 308|0x0000000093400000, 0x0000000093400000, 0x0000000093500000|  0%| F|  |TAMS 0x0000000093400000| PB 0x0000000093400000| Untracked 
| 309|0x0000000093500000, 0x0000000093500000, 0x0000000093600000|  0%| F|  |TAMS 0x0000000093500000| PB 0x0000000093500000| Untracked 
| 310|0x0000000093600000, 0x0000000093600000, 0x0000000093700000|  0%| F|  |TAMS 0x0000000093600000| PB 0x0000000093600000| Untracked 
| 311|0x0000000093700000, 0x0000000093700000, 0x0000000093800000|  0%| F|  |TAMS 0x0000000093700000| PB 0x0000000093700000| Untracked 
| 312|0x0000000093800000, 0x0000000093800000, 0x0000000093900000|  0%| F|  |TAMS 0x0000000093800000| PB 0x0000000093800000| Untracked 
| 313|0x0000000093900000, 0x0000000093900000, 0x0000000093a00000|  0%| F|  |TAMS 0x0000000093900000| PB 0x0000000093900000| Untracked 
| 314|0x0000000093a00000, 0x0000000093a00000, 0x0000000093b00000|  0%| F|  |TAMS 0x0000000093a00000| PB 0x0000000093a00000| Untracked 
| 315|0x0000000093b00000, 0x0000000093c00000, 0x0000000093c00000|100%| O|  |TAMS 0x0000000093b00000| PB 0x0000000093b00000| Untracked 
| 316|0x0000000093c00000, 0x0000000093c00000, 0x0000000093d00000|  0%| F|  |TAMS 0x0000000093c00000| PB 0x0000000093c00000| Untracked 
| 317|0x0000000093d00000, 0x0000000093d00000, 0x0000000093e00000|  0%| F|  |TAMS 0x0000000093d00000| PB 0x0000000093d00000| Untracked 
| 318|0x0000000093e00000, 0x0000000093e00000, 0x0000000093f00000|  0%| F|  |TAMS 0x0000000093e00000| PB 0x0000000093e00000| Untracked 
| 319|0x0000000093f00000, 0x0000000093f00000, 0x0000000094000000|  0%| F|  |TAMS 0x0000000093f00000| PB 0x0000000093f00000| Untracked 
| 320|0x0000000094000000, 0x0000000094100000, 0x0000000094100000|100%| O|  |TAMS 0x0000000094000000| PB 0x0000000094000000| Untracked 
| 321|0x0000000094100000, 0x0000000094200000, 0x0000000094200000|100%| O|  |TAMS 0x0000000094100000| PB 0x0000000094100000| Untracked 
| 322|0x0000000094200000, 0x0000000094300000, 0x0000000094300000|100%| O|  |TAMS 0x0000000094200000| PB 0x0000000094200000| Untracked 
| 323|0x0000000094300000, 0x0000000094380000, 0x0000000094400000| 50%| O|  |TAMS 0x0000000094300000| PB 0x0000000094300000| Untracked 
| 324|0x0000000094400000, 0x0000000094400000, 0x0000000094500000|  0%| F|  |TAMS 0x0000000094400000| PB 0x0000000094400000| Untracked 
| 325|0x0000000094500000, 0x0000000094500000, 0x0000000094600000|  0%| F|  |TAMS 0x0000000094500000| PB 0x0000000094500000| Untracked 
| 326|0x0000000094600000, 0x0000000094600000, 0x0000000094700000|  0%| F|  |TAMS 0x0000000094600000| PB 0x0000000094600000| Untracked 
| 327|0x0000000094700000, 0x0000000094700000, 0x0000000094800000|  0%| F|  |TAMS 0x0000000094700000| PB 0x0000000094700000| Untracked 
| 328|0x0000000094800000, 0x0000000094800000, 0x0000000094900000|  0%| F|  |TAMS 0x0000000094800000| PB 0x0000000094800000| Untracked 
| 329|0x0000000094900000, 0x0000000094900000, 0x0000000094a00000|  0%| F|  |TAMS 0x0000000094900000| PB 0x0000000094900000| Untracked 
| 330|0x0000000094a00000, 0x0000000094a00000, 0x0000000094b00000|  0%| F|  |TAMS 0x0000000094a00000| PB 0x0000000094a00000| Untracked 
| 331|0x0000000094b00000, 0x0000000094b00000, 0x0000000094c00000|  0%| F|  |TAMS 0x0000000094b00000| PB 0x0000000094b00000| Untracked 
| 332|0x0000000094c00000, 0x0000000094c00000, 0x0000000094d00000|  0%| F|  |TAMS 0x0000000094c00000| PB 0x0000000094c00000| Untracked 
| 333|0x0000000094d00000, 0x0000000094d00000, 0x0000000094e00000|  0%| F|  |TAMS 0x0000000094d00000| PB 0x0000000094d00000| Untracked 
| 334|0x0000000094e00000, 0x0000000094e00000, 0x0000000094f00000|  0%| F|  |TAMS 0x0000000094e00000| PB 0x0000000094e00000| Untracked 
| 335|0x0000000094f00000, 0x0000000094f00000, 0x0000000095000000|  0%| F|  |TAMS 0x0000000094f00000| PB 0x0000000094f00000| Untracked 
| 336|0x0000000095000000, 0x0000000095000000, 0x0000000095100000|  0%| F|  |TAMS 0x0000000095000000| PB 0x0000000095000000| Untracked 
| 337|0x0000000095100000, 0x0000000095100000, 0x0000000095200000|  0%| F|  |TAMS 0x0000000095100000| PB 0x0000000095100000| Untracked 
| 338|0x0000000095200000, 0x0000000095200000, 0x0000000095300000|  0%| F|  |TAMS 0x0000000095200000| PB 0x0000000095200000| Untracked 
| 339|0x0000000095300000, 0x0000000095300000, 0x0000000095400000|  0%| F|  |TAMS 0x0000000095300000| PB 0x0000000095300000| Untracked 
| 340|0x0000000095400000, 0x0000000095400000, 0x0000000095500000|  0%| F|  |TAMS 0x0000000095400000| PB 0x0000000095400000| Untracked 
| 341|0x0000000095500000, 0x0000000095500000, 0x0000000095600000|  0%| F|  |TAMS 0x0000000095500000| PB 0x0000000095500000| Untracked 
| 342|0x0000000095600000, 0x0000000095600000, 0x0000000095700000|  0%| F|  |TAMS 0x0000000095600000| PB 0x0000000095600000| Untracked 
| 343|0x0000000095700000, 0x0000000095700000, 0x0000000095800000|  0%| F|  |TAMS 0x0000000095700000| PB 0x0000000095700000| Untracked 
| 344|0x0000000095800000, 0x0000000095800000, 0x0000000095900000|  0%| F|  |TAMS 0x0000000095800000| PB 0x0000000095800000| Untracked 
| 345|0x0000000095900000, 0x0000000095900000, 0x0000000095a00000|  0%| F|  |TAMS 0x0000000095900000| PB 0x0000000095900000| Untracked 
| 346|0x0000000095a00000, 0x0000000095a00000, 0x0000000095b00000|  0%| F|  |TAMS 0x0000000095a00000| PB 0x0000000095a00000| Untracked 
| 347|0x0000000095b00000, 0x0000000095b00000, 0x0000000095c00000|  0%| F|  |TAMS 0x0000000095b00000| PB 0x0000000095b00000| Untracked 
| 348|0x0000000095c00000, 0x0000000095c00000, 0x0000000095d00000|  0%| F|  |TAMS 0x0000000095c00000| PB 0x0000000095c00000| Untracked 
| 349|0x0000000095d00000, 0x0000000095d00000, 0x0000000095e00000|  0%| F|  |TAMS 0x0000000095d00000| PB 0x0000000095d00000| Untracked 
| 350|0x0000000095e00000, 0x0000000095e00000, 0x0000000095f00000|  0%| F|  |TAMS 0x0000000095e00000| PB 0x0000000095e00000| Untracked 
| 351|0x0000000095f00000, 0x0000000095f00000, 0x0000000096000000|  0%| F|  |TAMS 0x0000000095f00000| PB 0x0000000095f00000| Untracked 
| 352|0x0000000096000000, 0x0000000096000000, 0x0000000096100000|  0%| F|  |TAMS 0x0000000096000000| PB 0x0000000096000000| Untracked 
| 353|0x0000000096100000, 0x0000000096100000, 0x0000000096200000|  0%| F|  |TAMS 0x0000000096100000| PB 0x0000000096100000| Untracked 
| 354|0x0000000096200000, 0x0000000096200000, 0x0000000096300000|  0%| F|  |TAMS 0x0000000096200000| PB 0x0000000096200000| Untracked 
| 355|0x0000000096300000, 0x0000000096300000, 0x0000000096400000|  0%| F|  |TAMS 0x0000000096300000| PB 0x0000000096300000| Untracked 
| 356|0x0000000096400000, 0x0000000096400000, 0x0000000096500000|  0%| F|  |TAMS 0x0000000096400000| PB 0x0000000096400000| Untracked 
| 357|0x0000000096500000, 0x0000000096500000, 0x0000000096600000|  0%| F|  |TAMS 0x0000000096500000| PB 0x0000000096500000| Untracked 
| 358|0x0000000096600000, 0x0000000096600000, 0x0000000096700000|  0%| F|  |TAMS 0x0000000096600000| PB 0x0000000096600000| Untracked 
| 359|0x0000000096700000, 0x0000000096700000, 0x0000000096800000|  0%| F|  |TAMS 0x0000000096700000| PB 0x0000000096700000| Untracked 
| 360|0x0000000096800000, 0x0000000096800000, 0x0000000096900000|  0%| F|  |TAMS 0x0000000096800000| PB 0x0000000096800000| Untracked 
| 361|0x0000000096900000, 0x0000000096900000, 0x0000000096a00000|  0%| F|  |TAMS 0x0000000096900000| PB 0x0000000096900000| Untracked 
| 362|0x0000000096a00000, 0x0000000096a00000, 0x0000000096b00000|  0%| F|  |TAMS 0x0000000096a00000| PB 0x0000000096a00000| Untracked 
| 363|0x0000000096b00000, 0x0000000096b00000, 0x0000000096c00000|  0%| F|  |TAMS 0x0000000096b00000| PB 0x0000000096b00000| Untracked 
| 364|0x0000000096c00000, 0x0000000096c00000, 0x0000000096d00000|  0%| F|  |TAMS 0x0000000096c00000| PB 0x0000000096c00000| Untracked 
| 365|0x0000000096d00000, 0x0000000096d00000, 0x0000000096e00000|  0%| F|  |TAMS 0x0000000096d00000| PB 0x0000000096d00000| Untracked 
| 366|0x0000000096e00000, 0x0000000096e00000, 0x0000000096f00000|  0%| F|  |TAMS 0x0000000096e00000| PB 0x0000000096e00000| Untracked 
| 367|0x0000000096f00000, 0x0000000096f00000, 0x0000000097000000|  0%| F|  |TAMS 0x0000000096f00000| PB 0x0000000096f00000| Untracked 
| 368|0x0000000097000000, 0x0000000097000000, 0x0000000097100000|  0%| F|  |TAMS 0x0000000097000000| PB 0x0000000097000000| Untracked 
| 369|0x0000000097100000, 0x0000000097100000, 0x0000000097200000|  0%| F|  |TAMS 0x0000000097100000| PB 0x0000000097100000| Untracked 
| 370|0x0000000097200000, 0x0000000097200000, 0x0000000097300000|  0%| F|  |TAMS 0x0000000097200000| PB 0x0000000097200000| Untracked 
| 371|0x0000000097300000, 0x0000000097300000, 0x0000000097400000|  0%| F|  |TAMS 0x0000000097300000| PB 0x0000000097300000| Untracked 
| 372|0x0000000097400000, 0x0000000097400000, 0x0000000097500000|  0%| F|  |TAMS 0x0000000097400000| PB 0x0000000097400000| Untracked 
| 373|0x0000000097500000, 0x0000000097500000, 0x0000000097600000|  0%| F|  |TAMS 0x0000000097500000| PB 0x0000000097500000| Untracked 
| 374|0x0000000097600000, 0x0000000097600000, 0x0000000097700000|  0%| F|  |TAMS 0x0000000097600000| PB 0x0000000097600000| Untracked 
| 375|0x0000000097700000, 0x0000000097700000, 0x0000000097800000|  0%| F|  |TAMS 0x0000000097700000| PB 0x0000000097700000| Untracked 
| 376|0x0000000097800000, 0x0000000097800000, 0x0000000097900000|  0%| F|  |TAMS 0x0000000097800000| PB 0x0000000097800000| Untracked 
| 377|0x0000000097900000, 0x0000000097900000, 0x0000000097a00000|  0%| F|  |TAMS 0x0000000097900000| PB 0x0000000097900000| Untracked 
| 378|0x0000000097a00000, 0x0000000097a00000, 0x0000000097b00000|  0%| F|  |TAMS 0x0000000097a00000| PB 0x0000000097a00000| Untracked 
| 379|0x0000000097b00000, 0x0000000097b00000, 0x0000000097c00000|  0%| F|  |TAMS 0x0000000097b00000| PB 0x0000000097b00000| Untracked 
| 380|0x0000000097c00000, 0x0000000097c00000, 0x0000000097d00000|  0%| F|  |TAMS 0x0000000097c00000| PB 0x0000000097c00000| Untracked 
| 381|0x0000000097d00000, 0x0000000097d00000, 0x0000000097e00000|  0%| F|  |TAMS 0x0000000097d00000| PB 0x0000000097d00000| Untracked 
| 382|0x0000000097e00000, 0x0000000097e00000, 0x0000000097f00000|  0%| F|  |TAMS 0x0000000097e00000| PB 0x0000000097e00000| Untracked 
| 383|0x0000000097f00000, 0x0000000097f00000, 0x0000000098000000|  0%| F|  |TAMS 0x0000000097f00000| PB 0x0000000097f00000| Untracked 
| 384|0x0000000098000000, 0x0000000098000000, 0x0000000098100000|  0%| F|  |TAMS 0x0000000098000000| PB 0x0000000098000000| Untracked 
| 385|0x0000000098100000, 0x0000000098100000, 0x0000000098200000|  0%| F|  |TAMS 0x0000000098100000| PB 0x0000000098100000| Untracked 
| 386|0x0000000098200000, 0x0000000098200000, 0x0000000098300000|  0%| F|  |TAMS 0x0000000098200000| PB 0x0000000098200000| Untracked 
| 387|0x0000000098300000, 0x0000000098300000, 0x0000000098400000|  0%| F|  |TAMS 0x0000000098300000| PB 0x0000000098300000| Untracked 
| 388|0x0000000098400000, 0x0000000098400000, 0x0000000098500000|  0%| F|  |TAMS 0x0000000098400000| PB 0x0000000098400000| Untracked 
| 389|0x0000000098500000, 0x0000000098500000, 0x0000000098600000|  0%| F|  |TAMS 0x0000000098500000| PB 0x0000000098500000| Untracked 
| 390|0x0000000098600000, 0x0000000098600000, 0x0000000098700000|  0%| F|  |TAMS 0x0000000098600000| PB 0x0000000098600000| Untracked 
| 391|0x0000000098700000, 0x0000000098700000, 0x0000000098800000|  0%| F|  |TAMS 0x0000000098700000| PB 0x0000000098700000| Untracked 
| 392|0x0000000098800000, 0x0000000098800000, 0x0000000098900000|  0%| F|  |TAMS 0x0000000098800000| PB 0x0000000098800000| Untracked 
| 393|0x0000000098900000, 0x0000000098900000, 0x0000000098a00000|  0%| F|  |TAMS 0x0000000098900000| PB 0x0000000098900000| Untracked 
| 394|0x0000000098a00000, 0x0000000098a00000, 0x0000000098b00000|  0%| F|  |TAMS 0x0000000098a00000| PB 0x0000000098a00000| Untracked 
| 395|0x0000000098b00000, 0x0000000098b00000, 0x0000000098c00000|  0%| F|  |TAMS 0x0000000098b00000| PB 0x0000000098b00000| Untracked 
| 396|0x0000000098c00000, 0x0000000098c00000, 0x0000000098d00000|  0%| F|  |TAMS 0x0000000098c00000| PB 0x0000000098c00000| Untracked 
| 397|0x0000000098d00000, 0x0000000098d00000, 0x0000000098e00000|  0%| F|  |TAMS 0x0000000098d00000| PB 0x0000000098d00000| Untracked 
| 398|0x0000000098e00000, 0x0000000098e00000, 0x0000000098f00000|  0%| F|  |TAMS 0x0000000098e00000| PB 0x0000000098e00000| Untracked 
| 399|0x0000000098f00000, 0x0000000098f00000, 0x0000000099000000|  0%| F|  |TAMS 0x0000000098f00000| PB 0x0000000098f00000| Untracked 
| 400|0x0000000099000000, 0x0000000099000000, 0x0000000099100000|  0%| F|  |TAMS 0x0000000099000000| PB 0x0000000099000000| Untracked 
| 401|0x0000000099100000, 0x0000000099100000, 0x0000000099200000|  0%| F|  |TAMS 0x0000000099100000| PB 0x0000000099100000| Untracked 
| 402|0x0000000099200000, 0x0000000099200000, 0x0000000099300000|  0%| F|  |TAMS 0x0000000099200000| PB 0x0000000099200000| Untracked 
| 403|0x0000000099300000, 0x0000000099300000, 0x0000000099400000|  0%| F|  |TAMS 0x0000000099300000| PB 0x0000000099300000| Untracked 
| 404|0x0000000099400000, 0x0000000099400000, 0x0000000099500000|  0%| F|  |TAMS 0x0000000099400000| PB 0x0000000099400000| Untracked 
| 405|0x0000000099500000, 0x0000000099500000, 0x0000000099600000|  0%| F|  |TAMS 0x0000000099500000| PB 0x0000000099500000| Untracked 
| 406|0x0000000099600000, 0x0000000099600000, 0x0000000099700000|  0%| F|  |TAMS 0x0000000099600000| PB 0x0000000099600000| Untracked 
| 407|0x0000000099700000, 0x0000000099700000, 0x0000000099800000|  0%| F|  |TAMS 0x0000000099700000| PB 0x0000000099700000| Untracked 
| 408|0x0000000099800000, 0x0000000099800000, 0x0000000099900000|  0%| F|  |TAMS 0x0000000099800000| PB 0x0000000099800000| Untracked 
| 409|0x0000000099900000, 0x0000000099900000, 0x0000000099a00000|  0%| F|  |TAMS 0x0000000099900000| PB 0x0000000099900000| Untracked 
| 410|0x0000000099a00000, 0x0000000099a00000, 0x0000000099b00000|  0%| F|  |TAMS 0x0000000099a00000| PB 0x0000000099a00000| Untracked 
| 411|0x0000000099b00000, 0x0000000099b00000, 0x0000000099c00000|  0%| F|  |TAMS 0x0000000099b00000| PB 0x0000000099b00000| Untracked 
| 412|0x0000000099c00000, 0x0000000099c00000, 0x0000000099d00000|  0%| F|  |TAMS 0x0000000099c00000| PB 0x0000000099c00000| Untracked 
| 413|0x0000000099d00000, 0x0000000099d00000, 0x0000000099e00000|  0%| F|  |TAMS 0x0000000099d00000| PB 0x0000000099d00000| Untracked 
| 414|0x0000000099e00000, 0x0000000099e00000, 0x0000000099f00000|  0%| F|  |TAMS 0x0000000099e00000| PB 0x0000000099e00000| Untracked 
| 415|0x0000000099f00000, 0x0000000099f00000, 0x000000009a000000|  0%| F|  |TAMS 0x0000000099f00000| PB 0x0000000099f00000| Untracked 
| 416|0x000000009a000000, 0x000000009a000000, 0x000000009a100000|  0%| F|  |TAMS 0x000000009a000000| PB 0x000000009a000000| Untracked 
| 417|0x000000009a100000, 0x000000009a100000, 0x000000009a200000|  0%| F|  |TAMS 0x000000009a100000| PB 0x000000009a100000| Untracked 
| 418|0x000000009a200000, 0x000000009a200000, 0x000000009a300000|  0%| F|  |TAMS 0x000000009a200000| PB 0x000000009a200000| Untracked 
| 419|0x000000009a300000, 0x000000009a300000, 0x000000009a400000|  0%| F|  |TAMS 0x000000009a300000| PB 0x000000009a300000| Untracked 
| 420|0x000000009a400000, 0x000000009a400000, 0x000000009a500000|  0%| F|  |TAMS 0x000000009a400000| PB 0x000000009a400000| Untracked 
| 421|0x000000009a500000, 0x000000009a500000, 0x000000009a600000|  0%| F|  |TAMS 0x000000009a500000| PB 0x000000009a500000| Untracked 
| 422|0x000000009a600000, 0x000000009a600000, 0x000000009a700000|  0%| F|  |TAMS 0x000000009a600000| PB 0x000000009a600000| Untracked 
| 423|0x000000009a700000, 0x000000009a700000, 0x000000009a800000|  0%| F|  |TAMS 0x000000009a700000| PB 0x000000009a700000| Untracked 
| 424|0x000000009a800000, 0x000000009a800000, 0x000000009a900000|  0%| F|  |TAMS 0x000000009a800000| PB 0x000000009a800000| Untracked 
| 425|0x000000009a900000, 0x000000009a900000, 0x000000009aa00000|  0%| F|  |TAMS 0x000000009a900000| PB 0x000000009a900000| Untracked 
| 426|0x000000009aa00000, 0x000000009aa00000, 0x000000009ab00000|  0%| F|  |TAMS 0x000000009aa00000| PB 0x000000009aa00000| Untracked 
| 427|0x000000009ab00000, 0x000000009ab00000, 0x000000009ac00000|  0%| F|  |TAMS 0x000000009ab00000| PB 0x000000009ab00000| Untracked 
| 428|0x000000009ac00000, 0x000000009ac00000, 0x000000009ad00000|  0%| F|  |TAMS 0x000000009ac00000| PB 0x000000009ac00000| Untracked 
| 429|0x000000009ad00000, 0x000000009ad00000, 0x000000009ae00000|  0%| F|  |TAMS 0x000000009ad00000| PB 0x000000009ad00000| Untracked 
| 430|0x000000009ae00000, 0x000000009ae00000, 0x000000009af00000|  0%| F|  |TAMS 0x000000009ae00000| PB 0x000000009ae00000| Untracked 
| 431|0x000000009af00000, 0x000000009af00000, 0x000000009b000000|  0%| F|  |TAMS 0x000000009af00000| PB 0x000000009af00000| Untracked 
| 432|0x000000009b000000, 0x000000009b000000, 0x000000009b100000|  0%| F|  |TAMS 0x000000009b000000| PB 0x000000009b000000| Untracked 
| 433|0x000000009b100000, 0x000000009b100000, 0x000000009b200000|  0%| F|  |TAMS 0x000000009b100000| PB 0x000000009b100000| Untracked 
| 434|0x000000009b200000, 0x000000009b200000, 0x000000009b300000|  0%| F|  |TAMS 0x000000009b200000| PB 0x000000009b200000| Untracked 
| 435|0x000000009b300000, 0x000000009b300000, 0x000000009b400000|  0%| F|  |TAMS 0x000000009b300000| PB 0x000000009b300000| Untracked 
| 436|0x000000009b400000, 0x000000009b400000, 0x000000009b500000|  0%| F|  |TAMS 0x000000009b400000| PB 0x000000009b400000| Untracked 
| 437|0x000000009b500000, 0x000000009b500000, 0x000000009b600000|  0%| F|  |TAMS 0x000000009b500000| PB 0x000000009b500000| Untracked 
| 438|0x000000009b600000, 0x000000009b600000, 0x000000009b700000|  0%| F|  |TAMS 0x000000009b600000| PB 0x000000009b600000| Untracked 
| 439|0x000000009b700000, 0x000000009b700000, 0x000000009b800000|  0%| F|  |TAMS 0x000000009b700000| PB 0x000000009b700000| Untracked 
| 440|0x000000009b800000, 0x000000009b800000, 0x000000009b900000|  0%| F|  |TAMS 0x000000009b800000| PB 0x000000009b800000| Untracked 
| 441|0x000000009b900000, 0x000000009b900000, 0x000000009ba00000|  0%| F|  |TAMS 0x000000009b900000| PB 0x000000009b900000| Untracked 
| 442|0x000000009ba00000, 0x000000009ba00000, 0x000000009bb00000|  0%| F|  |TAMS 0x000000009ba00000| PB 0x000000009ba00000| Untracked 
| 443|0x000000009bb00000, 0x000000009bb00000, 0x000000009bc00000|  0%| F|  |TAMS 0x000000009bb00000| PB 0x000000009bb00000| Untracked 
| 444|0x000000009bc00000, 0x000000009bc00000, 0x000000009bd00000|  0%| F|  |TAMS 0x000000009bc00000| PB 0x000000009bc00000| Untracked 
| 445|0x000000009bd00000, 0x000000009bd00000, 0x000000009be00000|  0%| F|  |TAMS 0x000000009bd00000| PB 0x000000009bd00000| Untracked 
| 446|0x000000009be00000, 0x000000009be00000, 0x000000009bf00000|  0%| F|  |TAMS 0x000000009be00000| PB 0x000000009be00000| Untracked 
| 447|0x000000009bf00000, 0x000000009bf00000, 0x000000009c000000|  0%| F|  |TAMS 0x000000009bf00000| PB 0x000000009bf00000| Untracked 
| 448|0x000000009c000000, 0x000000009c000000, 0x000000009c100000|  0%| F|  |TAMS 0x000000009c000000| PB 0x000000009c000000| Untracked 
| 449|0x000000009c100000, 0x000000009c100000, 0x000000009c200000|  0%| F|  |TAMS 0x000000009c100000| PB 0x000000009c100000| Untracked 
| 450|0x000000009c200000, 0x000000009c200000, 0x000000009c300000|  0%| F|  |TAMS 0x000000009c200000| PB 0x000000009c200000| Untracked 
| 451|0x000000009c300000, 0x000000009c300000, 0x000000009c400000|  0%| F|  |TAMS 0x000000009c300000| PB 0x000000009c300000| Untracked 
| 452|0x000000009c400000, 0x000000009c400000, 0x000000009c500000|  0%| F|  |TAMS 0x000000009c400000| PB 0x000000009c400000| Untracked 
| 453|0x000000009c500000, 0x000000009c500000, 0x000000009c600000|  0%| F|  |TAMS 0x000000009c500000| PB 0x000000009c500000| Untracked 
| 454|0x000000009c600000, 0x000000009c600000, 0x000000009c700000|  0%| F|  |TAMS 0x000000009c600000| PB 0x000000009c600000| Untracked 
| 455|0x000000009c700000, 0x000000009c700000, 0x000000009c800000|  0%| F|  |TAMS 0x000000009c700000| PB 0x000000009c700000| Untracked 
| 456|0x000000009c800000, 0x000000009c800000, 0x000000009c900000|  0%| F|  |TAMS 0x000000009c800000| PB 0x000000009c800000| Untracked 
| 457|0x000000009c900000, 0x000000009c900000, 0x000000009ca00000|  0%| F|  |TAMS 0x000000009c900000| PB 0x000000009c900000| Untracked 
| 458|0x000000009ca00000, 0x000000009ca00000, 0x000000009cb00000|  0%| F|  |TAMS 0x000000009ca00000| PB 0x000000009ca00000| Untracked 
| 459|0x000000009cb00000, 0x000000009cb00000, 0x000000009cc00000|  0%| F|  |TAMS 0x000000009cb00000| PB 0x000000009cb00000| Untracked 
| 460|0x000000009cc00000, 0x000000009cc00000, 0x000000009cd00000|  0%| F|  |TAMS 0x000000009cc00000| PB 0x000000009cc00000| Untracked 
| 461|0x000000009cd00000, 0x000000009cd00000, 0x000000009ce00000|  0%| F|  |TAMS 0x000000009cd00000| PB 0x000000009cd00000| Untracked 
| 462|0x000000009ce00000, 0x000000009ce00000, 0x000000009cf00000|  0%| F|  |TAMS 0x000000009ce00000| PB 0x000000009ce00000| Untracked 
| 463|0x000000009cf00000, 0x000000009cf00000, 0x000000009d000000|  0%| F|  |TAMS 0x000000009cf00000| PB 0x000000009cf00000| Untracked 
| 464|0x000000009d000000, 0x000000009d000000, 0x000000009d100000|  0%| F|  |TAMS 0x000000009d000000| PB 0x000000009d000000| Untracked 
| 465|0x000000009d100000, 0x000000009d100000, 0x000000009d200000|  0%| F|  |TAMS 0x000000009d100000| PB 0x000000009d100000| Untracked 
| 466|0x000000009d200000, 0x000000009d200000, 0x000000009d300000|  0%| F|  |TAMS 0x000000009d200000| PB 0x000000009d200000| Untracked 
| 467|0x000000009d300000, 0x000000009d300000, 0x000000009d400000|  0%| F|  |TAMS 0x000000009d300000| PB 0x000000009d300000| Untracked 
| 468|0x000000009d400000, 0x000000009d400000, 0x000000009d500000|  0%| F|  |TAMS 0x000000009d400000| PB 0x000000009d400000| Untracked 
| 469|0x000000009d500000, 0x000000009d500000, 0x000000009d600000|  0%| F|  |TAMS 0x000000009d500000| PB 0x000000009d500000| Untracked 
| 470|0x000000009d600000, 0x000000009d600000, 0x000000009d700000|  0%| F|  |TAMS 0x000000009d600000| PB 0x000000009d600000| Untracked 
| 471|0x000000009d700000, 0x000000009d700000, 0x000000009d800000|  0%| F|  |TAMS 0x000000009d700000| PB 0x000000009d700000| Untracked 
| 472|0x000000009d800000, 0x000000009d800000, 0x000000009d900000|  0%| F|  |TAMS 0x000000009d800000| PB 0x000000009d800000| Untracked 
| 473|0x000000009d900000, 0x000000009d900000, 0x000000009da00000|  0%| F|  |TAMS 0x000000009d900000| PB 0x000000009d900000| Untracked 
| 474|0x000000009da00000, 0x000000009da00000, 0x000000009db00000|  0%| F|  |TAMS 0x000000009da00000| PB 0x000000009da00000| Untracked 
| 475|0x000000009db00000, 0x000000009db00000, 0x000000009dc00000|  0%| F|  |TAMS 0x000000009db00000| PB 0x000000009db00000| Untracked 
| 476|0x000000009dc00000, 0x000000009dc00000, 0x000000009dd00000|  0%| F|  |TAMS 0x000000009dc00000| PB 0x000000009dc00000| Untracked 
| 477|0x000000009dd00000, 0x000000009dd00000, 0x000000009de00000|  0%| F|  |TAMS 0x000000009dd00000| PB 0x000000009dd00000| Untracked 
| 478|0x000000009de00000, 0x000000009de00000, 0x000000009df00000|  0%| F|  |TAMS 0x000000009de00000| PB 0x000000009de00000| Untracked 
| 479|0x000000009df00000, 0x000000009df00000, 0x000000009e000000|  0%| F|  |TAMS 0x000000009df00000| PB 0x000000009df00000| Untracked 
| 480|0x000000009e000000, 0x000000009e000000, 0x000000009e100000|  0%| F|  |TAMS 0x000000009e000000| PB 0x000000009e000000| Untracked 
| 481|0x000000009e100000, 0x000000009e100000, 0x000000009e200000|  0%| F|  |TAMS 0x000000009e100000| PB 0x000000009e100000| Untracked 
| 482|0x000000009e200000, 0x000000009e200000, 0x000000009e300000|  0%| F|  |TAMS 0x000000009e200000| PB 0x000000009e200000| Untracked 
| 483|0x000000009e300000, 0x000000009e300000, 0x000000009e400000|  0%| F|  |TAMS 0x000000009e300000| PB 0x000000009e300000| Untracked 
| 484|0x000000009e400000, 0x000000009e400000, 0x000000009e500000|  0%| F|  |TAMS 0x000000009e400000| PB 0x000000009e400000| Untracked 
| 485|0x000000009e500000, 0x000000009e500000, 0x000000009e600000|  0%| F|  |TAMS 0x000000009e500000| PB 0x000000009e500000| Untracked 
| 486|0x000000009e600000, 0x000000009e600000, 0x000000009e700000|  0%| F|  |TAMS 0x000000009e600000| PB 0x000000009e600000| Untracked 
| 487|0x000000009e700000, 0x000000009e700000, 0x000000009e800000|  0%| F|  |TAMS 0x000000009e700000| PB 0x000000009e700000| Untracked 
| 488|0x000000009e800000, 0x000000009e800000, 0x000000009e900000|  0%| F|  |TAMS 0x000000009e800000| PB 0x000000009e800000| Untracked 
| 489|0x000000009e900000, 0x000000009e900000, 0x000000009ea00000|  0%| F|  |TAMS 0x000000009e900000| PB 0x000000009e900000| Untracked 
| 490|0x000000009ea00000, 0x000000009ea00000, 0x000000009eb00000|  0%| F|  |TAMS 0x000000009ea00000| PB 0x000000009ea00000| Untracked 
| 491|0x000000009eb00000, 0x000000009eb00000, 0x000000009ec00000|  0%| F|  |TAMS 0x000000009eb00000| PB 0x000000009eb00000| Untracked 
| 492|0x000000009ec00000, 0x000000009ec00000, 0x000000009ed00000|  0%| F|  |TAMS 0x000000009ec00000| PB 0x000000009ec00000| Untracked 
| 493|0x000000009ed00000, 0x000000009ed00000, 0x000000009ee00000|  0%| F|  |TAMS 0x000000009ed00000| PB 0x000000009ed00000| Untracked 
| 494|0x000000009ee00000, 0x000000009ee00000, 0x000000009ef00000|  0%| F|  |TAMS 0x000000009ee00000| PB 0x000000009ee00000| Untracked 
| 495|0x000000009ef00000, 0x000000009ef00000, 0x000000009f000000|  0%| F|  |TAMS 0x000000009ef00000| PB 0x000000009ef00000| Untracked 
| 496|0x000000009f000000, 0x000000009f000000, 0x000000009f100000|  0%| F|  |TAMS 0x000000009f000000| PB 0x000000009f000000| Untracked 
| 497|0x000000009f100000, 0x000000009f100000, 0x000000009f200000|  0%| F|  |TAMS 0x000000009f100000| PB 0x000000009f100000| Untracked 
| 498|0x000000009f200000, 0x000000009f200000, 0x000000009f300000|  0%| F|  |TAMS 0x000000009f200000| PB 0x000000009f200000| Untracked 
| 499|0x000000009f300000, 0x000000009f300000, 0x000000009f400000|  0%| F|  |TAMS 0x000000009f300000| PB 0x000000009f300000| Untracked 
| 500|0x000000009f400000, 0x000000009f400000, 0x000000009f500000|  0%| F|  |TAMS 0x000000009f400000| PB 0x000000009f400000| Untracked 
| 501|0x000000009f500000, 0x000000009f500000, 0x000000009f600000|  0%| F|  |TAMS 0x000000009f500000| PB 0x000000009f500000| Untracked 
| 502|0x000000009f600000, 0x000000009f600000, 0x000000009f700000|  0%| F|  |TAMS 0x000000009f600000| PB 0x000000009f600000| Untracked 
| 503|0x000000009f700000, 0x000000009f700000, 0x000000009f800000|  0%| F|  |TAMS 0x000000009f700000| PB 0x000000009f700000| Untracked 
| 504|0x000000009f800000, 0x000000009f800000, 0x000000009f900000|  0%| F|  |TAMS 0x000000009f800000| PB 0x000000009f800000| Untracked 
| 505|0x000000009f900000, 0x000000009f900000, 0x000000009fa00000|  0%| F|  |TAMS 0x000000009f900000| PB 0x000000009f900000| Untracked 
| 506|0x000000009fa00000, 0x000000009fa00000, 0x000000009fb00000|  0%| F|  |TAMS 0x000000009fa00000| PB 0x000000009fa00000| Untracked 
| 507|0x000000009fb00000, 0x000000009fb00000, 0x000000009fc00000|  0%| F|  |TAMS 0x000000009fb00000| PB 0x000000009fb00000| Untracked 
| 508|0x000000009fc00000, 0x000000009fc00000, 0x000000009fd00000|  0%| F|  |TAMS 0x000000009fc00000| PB 0x000000009fc00000| Untracked 
| 509|0x000000009fd00000, 0x000000009fd00000, 0x000000009fe00000|  0%| F|  |TAMS 0x000000009fd00000| PB 0x000000009fd00000| Untracked 
| 510|0x000000009fe00000, 0x000000009fe00000, 0x000000009ff00000|  0%| F|  |TAMS 0x000000009fe00000| PB 0x000000009fe00000| Untracked 
| 511|0x000000009ff00000, 0x000000009ff00000, 0x00000000a0000000|  0%| F|  |TAMS 0x000000009ff00000| PB 0x000000009ff00000| Untracked 
| 512|0x00000000a0000000, 0x00000000a0000000, 0x00000000a0100000|  0%| F|  |TAMS 0x00000000a0000000| PB 0x00000000a0000000| Untracked 
| 513|0x00000000a0100000, 0x00000000a0100000, 0x00000000a0200000|  0%| F|  |TAMS 0x00000000a0100000| PB 0x00000000a0100000| Untracked 
| 514|0x00000000a0200000, 0x00000000a0200000, 0x00000000a0300000|  0%| F|  |TAMS 0x00000000a0200000| PB 0x00000000a0200000| Untracked 
| 515|0x00000000a0300000, 0x00000000a0300000, 0x00000000a0400000|  0%| F|  |TAMS 0x00000000a0300000| PB 0x00000000a0300000| Untracked 
| 516|0x00000000a0400000, 0x00000000a0400000, 0x00000000a0500000|  0%| F|  |TAMS 0x00000000a0400000| PB 0x00000000a0400000| Untracked 
| 517|0x00000000a0500000, 0x00000000a0600000, 0x00000000a0600000|100%| O|  |TAMS 0x00000000a0600000| PB 0x00000000a0500000| Untracked 
| 518|0x00000000a0600000, 0x00000000a0600000, 0x00000000a0700000|  0%| F|  |TAMS 0x00000000a0600000| PB 0x00000000a0600000| Untracked 
| 519|0x00000000a0700000, 0x00000000a0800000, 0x00000000a0800000|100%| O|  |TAMS 0x00000000a0800000| PB 0x00000000a0700000| Untracked 
| 520|0x00000000a0800000, 0x00000000a0900000, 0x00000000a0900000|100%| O|  |TAMS 0x00000000a0900000| PB 0x00000000a0800000| Untracked 
| 521|0x00000000a0900000, 0x00000000a0900000, 0x00000000a0a00000|  0%| F|  |TAMS 0x00000000a0900000| PB 0x00000000a0900000| Untracked 
| 522|0x00000000a0a00000, 0x00000000a0a00000, 0x00000000a0b00000|  0%| F|  |TAMS 0x00000000a0a00000| PB 0x00000000a0a00000| Untracked 
| 523|0x00000000a0b00000, 0x00000000a0c00000, 0x00000000a0c00000|100%| O|  |TAMS 0x00000000a0c00000| PB 0x00000000a0b00000| Untracked 
| 524|0x00000000a0c00000, 0x00000000a0c00000, 0x00000000a0d00000|  0%| F|  |TAMS 0x00000000a0c00000| PB 0x00000000a0c00000| Untracked 
| 525|0x00000000a0d00000, 0x00000000a0d00000, 0x00000000a0e00000|  0%| F|  |TAMS 0x00000000a0d00000| PB 0x00000000a0d00000| Untracked 
| 526|0x00000000a0e00000, 0x00000000a0f00000, 0x00000000a0f00000|100%| O|  |TAMS 0x00000000a0f00000| PB 0x00000000a0e00000| Untracked 
| 527|0x00000000a0f00000, 0x00000000a1000000, 0x00000000a1000000|100%| O|  |TAMS 0x00000000a1000000| PB 0x00000000a0f00000| Untracked 
| 528|0x00000000a1000000, 0x00000000a1000000, 0x00000000a1100000|  0%| F|  |TAMS 0x00000000a1000000| PB 0x00000000a1000000| Untracked 
| 529|0x00000000a1100000, 0x00000000a1100000, 0x00000000a1200000|  0%| F|  |TAMS 0x00000000a1100000| PB 0x00000000a1100000| Untracked 
| 530|0x00000000a1200000, 0x00000000a1200000, 0x00000000a1300000|  0%| F|  |TAMS 0x00000000a1200000| PB 0x00000000a1200000| Untracked 
| 531|0x00000000a1300000, 0x00000000a1300000, 0x00000000a1400000|  0%| F|  |TAMS 0x00000000a1300000| PB 0x00000000a1300000| Untracked 
| 532|0x00000000a1400000, 0x00000000a1400000, 0x00000000a1500000|  0%| F|  |TAMS 0x00000000a1400000| PB 0x00000000a1400000| Untracked 
| 533|0x00000000a1500000, 0x00000000a1500000, 0x00000000a1600000|  0%| F|  |TAMS 0x00000000a1500000| PB 0x00000000a1500000| Untracked 
| 534|0x00000000a1600000, 0x00000000a1600000, 0x00000000a1700000|  0%| F|  |TAMS 0x00000000a1600000| PB 0x00000000a1600000| Untracked 
| 535|0x00000000a1700000, 0x00000000a1700000, 0x00000000a1800000|  0%| F|  |TAMS 0x00000000a1700000| PB 0x00000000a1700000| Untracked 
| 536|0x00000000a1800000, 0x00000000a1800000, 0x00000000a1900000|  0%| F|  |TAMS 0x00000000a1800000| PB 0x00000000a1800000| Untracked 
| 537|0x00000000a1900000, 0x00000000a1900000, 0x00000000a1a00000|  0%| F|  |TAMS 0x00000000a1900000| PB 0x00000000a1900000| Untracked 
| 538|0x00000000a1a00000, 0x00000000a1a00000, 0x00000000a1b00000|  0%| F|  |TAMS 0x00000000a1a00000| PB 0x00000000a1a00000| Untracked 
| 539|0x00000000a1b00000, 0x00000000a1b00000, 0x00000000a1c00000|  0%| F|  |TAMS 0x00000000a1b00000| PB 0x00000000a1b00000| Untracked 
| 540|0x00000000a1c00000, 0x00000000a1c00000, 0x00000000a1d00000|  0%| F|  |TAMS 0x00000000a1c00000| PB 0x00000000a1c00000| Untracked 
| 541|0x00000000a1d00000, 0x00000000a1d00000, 0x00000000a1e00000|  0%| F|  |TAMS 0x00000000a1d00000| PB 0x00000000a1d00000| Untracked 
| 542|0x00000000a1e00000, 0x00000000a1e00000, 0x00000000a1f00000|  0%| F|  |TAMS 0x00000000a1e00000| PB 0x00000000a1e00000| Untracked 
| 543|0x00000000a1f00000, 0x00000000a1f00000, 0x00000000a2000000|  0%| F|  |TAMS 0x00000000a1f00000| PB 0x00000000a1f00000| Untracked 
| 544|0x00000000a2000000, 0x00000000a2000000, 0x00000000a2100000|  0%| F|  |TAMS 0x00000000a2000000| PB 0x00000000a2000000| Untracked 
| 545|0x00000000a2100000, 0x00000000a2100000, 0x00000000a2200000|  0%| F|  |TAMS 0x00000000a2100000| PB 0x00000000a2100000| Untracked 
| 546|0x00000000a2200000, 0x00000000a2200000, 0x00000000a2300000|  0%| F|  |TAMS 0x00000000a2200000| PB 0x00000000a2200000| Untracked 
| 547|0x00000000a2300000, 0x00000000a2300000, 0x00000000a2400000|  0%| F|  |TAMS 0x00000000a2300000| PB 0x00000000a2300000| Untracked 
| 548|0x00000000a2400000, 0x00000000a2400000, 0x00000000a2500000|  0%| F|  |TAMS 0x00000000a2400000| PB 0x00000000a2400000| Untracked 
| 549|0x00000000a2500000, 0x00000000a2500000, 0x00000000a2600000|  0%| F|  |TAMS 0x00000000a2500000| PB 0x00000000a2500000| Untracked 
| 550|0x00000000a2600000, 0x00000000a2600000, 0x00000000a2700000|  0%| F|  |TAMS 0x00000000a2600000| PB 0x00000000a2600000| Untracked 
| 551|0x00000000a2700000, 0x00000000a2700000, 0x00000000a2800000|  0%| F|  |TAMS 0x00000000a2700000| PB 0x00000000a2700000| Untracked 
| 552|0x00000000a2800000, 0x00000000a2800000, 0x00000000a2900000|  0%| F|  |TAMS 0x00000000a2800000| PB 0x00000000a2800000| Untracked 
| 553|0x00000000a2900000, 0x00000000a2900000, 0x00000000a2a00000|  0%| F|  |TAMS 0x00000000a2900000| PB 0x00000000a2900000| Untracked 
| 554|0x00000000a2a00000, 0x00000000a2a00000, 0x00000000a2b00000|  0%| F|  |TAMS 0x00000000a2a00000| PB 0x00000000a2a00000| Untracked 
| 555|0x00000000a2b00000, 0x00000000a2b00000, 0x00000000a2c00000|  0%| F|  |TAMS 0x00000000a2b00000| PB 0x00000000a2b00000| Untracked 
| 556|0x00000000a2c00000, 0x00000000a2c00000, 0x00000000a2d00000|  0%| F|  |TAMS 0x00000000a2c00000| PB 0x00000000a2c00000| Untracked 
| 557|0x00000000a2d00000, 0x00000000a2d00000, 0x00000000a2e00000|  0%| F|  |TAMS 0x00000000a2d00000| PB 0x00000000a2d00000| Untracked 
| 558|0x00000000a2e00000, 0x00000000a2e00000, 0x00000000a2f00000|  0%| F|  |TAMS 0x00000000a2e00000| PB 0x00000000a2e00000| Untracked 
| 559|0x00000000a2f00000, 0x00000000a2f00000, 0x00000000a3000000|  0%| F|  |TAMS 0x00000000a2f00000| PB 0x00000000a2f00000| Untracked 
| 560|0x00000000a3000000, 0x00000000a3000000, 0x00000000a3100000|  0%| F|  |TAMS 0x00000000a3000000| PB 0x00000000a3000000| Untracked 
| 561|0x00000000a3100000, 0x00000000a3100000, 0x00000000a3200000|  0%| F|  |TAMS 0x00000000a3100000| PB 0x00000000a3100000| Untracked 
| 562|0x00000000a3200000, 0x00000000a3200000, 0x00000000a3300000|  0%| F|  |TAMS 0x00000000a3200000| PB 0x00000000a3200000| Untracked 
| 563|0x00000000a3300000, 0x00000000a3300000, 0x00000000a3400000|  0%| F|  |TAMS 0x00000000a3300000| PB 0x00000000a3300000| Untracked 
| 564|0x00000000a3400000, 0x00000000a3400000, 0x00000000a3500000|  0%| F|  |TAMS 0x00000000a3400000| PB 0x00000000a3400000| Untracked 
| 565|0x00000000a3500000, 0x00000000a3500000, 0x00000000a3600000|  0%| F|  |TAMS 0x00000000a3500000| PB 0x00000000a3500000| Untracked 
| 566|0x00000000a3600000, 0x00000000a3600000, 0x00000000a3700000|  0%| F|  |TAMS 0x00000000a3600000| PB 0x00000000a3600000| Untracked 
| 567|0x00000000a3700000, 0x00000000a3800000, 0x00000000a3800000|100%| O|  |TAMS 0x00000000a3800000| PB 0x00000000a3700000| Untracked 
| 568|0x00000000a3800000, 0x00000000a3900000, 0x00000000a3900000|100%| O|  |TAMS 0x00000000a3900000| PB 0x00000000a3800000| Untracked 
| 569|0x00000000a3900000, 0x00000000a3a00000, 0x00000000a3a00000|100%| O|  |TAMS 0x00000000a3a00000| PB 0x00000000a3900000| Untracked 
| 570|0x00000000a3a00000, 0x00000000a3b00000, 0x00000000a3b00000|100%| O|  |TAMS 0x00000000a3b00000| PB 0x00000000a3a00000| Untracked 
| 571|0x00000000a3b00000, 0x00000000a3c00000, 0x00000000a3c00000|100%| O|  |TAMS 0x00000000a3c00000| PB 0x00000000a3b00000| Untracked 
| 572|0x00000000a3c00000, 0x00000000a3d00000, 0x00000000a3d00000|100%| O|  |TAMS 0x00000000a3d00000| PB 0x00000000a3c00000| Untracked 
| 573|0x00000000a3d00000, 0x00000000a3e00000, 0x00000000a3e00000|100%| O|  |TAMS 0x00000000a3e00000| PB 0x00000000a3d00000| Untracked 
| 574|0x00000000a3e00000, 0x00000000a3f00000, 0x00000000a3f00000|100%| O|  |TAMS 0x00000000a3f00000| PB 0x00000000a3e00000| Untracked 
| 575|0x00000000a3f00000, 0x00000000a4000000, 0x00000000a4000000|100%| O|  |TAMS 0x00000000a4000000| PB 0x00000000a3f00000| Untracked 
| 576|0x00000000a4000000, 0x00000000a4000000, 0x00000000a4100000|  0%| F|  |TAMS 0x00000000a4000000| PB 0x00000000a4000000| Untracked 
| 577|0x00000000a4100000, 0x00000000a4100000, 0x00000000a4200000|  0%| F|  |TAMS 0x00000000a4100000| PB 0x00000000a4100000| Untracked 
| 578|0x00000000a4200000, 0x00000000a4200000, 0x00000000a4300000|  0%| F|  |TAMS 0x00000000a4200000| PB 0x00000000a4200000| Untracked 
| 579|0x00000000a4300000, 0x00000000a4300000, 0x00000000a4400000|  0%| F|  |TAMS 0x00000000a4300000| PB 0x00000000a4300000| Untracked 
| 580|0x00000000a4400000, 0x00000000a4400000, 0x00000000a4500000|  0%| F|  |TAMS 0x00000000a4400000| PB 0x00000000a4400000| Untracked 
| 581|0x00000000a4500000, 0x00000000a4500000, 0x00000000a4600000|  0%| F|  |TAMS 0x00000000a4500000| PB 0x00000000a4500000| Untracked 
| 582|0x00000000a4600000, 0x00000000a4600000, 0x00000000a4700000|  0%| F|  |TAMS 0x00000000a4600000| PB 0x00000000a4600000| Untracked 
| 583|0x00000000a4700000, 0x00000000a4700000, 0x00000000a4800000|  0%| F|  |TAMS 0x00000000a4700000| PB 0x00000000a4700000| Untracked 
| 584|0x00000000a4800000, 0x00000000a4800000, 0x00000000a4900000|  0%| F|  |TAMS 0x00000000a4800000| PB 0x00000000a4800000| Untracked 
| 585|0x00000000a4900000, 0x00000000a4900000, 0x00000000a4a00000|  0%| F|  |TAMS 0x00000000a4900000| PB 0x00000000a4900000| Untracked 
| 586|0x00000000a4a00000, 0x00000000a4a00000, 0x00000000a4b00000|  0%| F|  |TAMS 0x00000000a4a00000| PB 0x00000000a4a00000| Untracked 
| 587|0x00000000a4b00000, 0x00000000a4b00000, 0x00000000a4c00000|  0%| F|  |TAMS 0x00000000a4b00000| PB 0x00000000a4b00000| Untracked 
| 588|0x00000000a4c00000, 0x00000000a4c00000, 0x00000000a4d00000|  0%| F|  |TAMS 0x00000000a4c00000| PB 0x00000000a4c00000| Untracked 
| 589|0x00000000a4d00000, 0x00000000a4d00000, 0x00000000a4e00000|  0%| F|  |TAMS 0x00000000a4d00000| PB 0x00000000a4d00000| Untracked 
| 590|0x00000000a4e00000, 0x00000000a4e00000, 0x00000000a4f00000|  0%| F|  |TAMS 0x00000000a4e00000| PB 0x00000000a4e00000| Untracked 
| 591|0x00000000a4f00000, 0x00000000a4f00000, 0x00000000a5000000|  0%| F|  |TAMS 0x00000000a4f00000| PB 0x00000000a4f00000| Untracked 
| 592|0x00000000a5000000, 0x00000000a5000000, 0x00000000a5100000|  0%| F|  |TAMS 0x00000000a5000000| PB 0x00000000a5000000| Untracked 
| 593|0x00000000a5100000, 0x00000000a5100000, 0x00000000a5200000|  0%| F|  |TAMS 0x00000000a5100000| PB 0x00000000a5100000| Untracked 
| 594|0x00000000a5200000, 0x00000000a5200000, 0x00000000a5300000|  0%| F|  |TAMS 0x00000000a5200000| PB 0x00000000a5200000| Untracked 
| 595|0x00000000a5300000, 0x00000000a5300000, 0x00000000a5400000|  0%| F|  |TAMS 0x00000000a5300000| PB 0x00000000a5300000| Untracked 
| 596|0x00000000a5400000, 0x00000000a5400000, 0x00000000a5500000|  0%| F|  |TAMS 0x00000000a5400000| PB 0x00000000a5400000| Untracked 
| 597|0x00000000a5500000, 0x00000000a5500000, 0x00000000a5600000|  0%| F|  |TAMS 0x00000000a5500000| PB 0x00000000a5500000| Untracked 
| 598|0x00000000a5600000, 0x00000000a5600000, 0x00000000a5700000|  0%| F|  |TAMS 0x00000000a5600000| PB 0x00000000a5600000| Untracked 
| 599|0x00000000a5700000, 0x00000000a5700000, 0x00000000a5800000|  0%| F|  |TAMS 0x00000000a5700000| PB 0x00000000a5700000| Untracked 
| 600|0x00000000a5800000, 0x00000000a5800000, 0x00000000a5900000|  0%| F|  |TAMS 0x00000000a5800000| PB 0x00000000a5800000| Untracked 
| 601|0x00000000a5900000, 0x00000000a5900000, 0x00000000a5a00000|  0%| F|  |TAMS 0x00000000a5900000| PB 0x00000000a5900000| Untracked 
| 602|0x00000000a5a00000, 0x00000000a5a00000, 0x00000000a5b00000|  0%| F|  |TAMS 0x00000000a5a00000| PB 0x00000000a5a00000| Untracked 
| 603|0x00000000a5b00000, 0x00000000a5b00000, 0x00000000a5c00000|  0%| F|  |TAMS 0x00000000a5b00000| PB 0x00000000a5b00000| Untracked 
| 604|0x00000000a5c00000, 0x00000000a5c00000, 0x00000000a5d00000|  0%| F|  |TAMS 0x00000000a5c00000| PB 0x00000000a5c00000| Untracked 
| 605|0x00000000a5d00000, 0x00000000a5d00000, 0x00000000a5e00000|  0%| F|  |TAMS 0x00000000a5d00000| PB 0x00000000a5d00000| Untracked 
| 606|0x00000000a5e00000, 0x00000000a5e00000, 0x00000000a5f00000|  0%| F|  |TAMS 0x00000000a5e00000| PB 0x00000000a5e00000| Untracked 
| 607|0x00000000a5f00000, 0x00000000a5f00000, 0x00000000a6000000|  0%| F|  |TAMS 0x00000000a5f00000| PB 0x00000000a5f00000| Untracked 
| 608|0x00000000a6000000, 0x00000000a6000000, 0x00000000a6100000|  0%| F|  |TAMS 0x00000000a6000000| PB 0x00000000a6000000| Untracked 
| 609|0x00000000a6100000, 0x00000000a6100000, 0x00000000a6200000|  0%| F|  |TAMS 0x00000000a6100000| PB 0x00000000a6100000| Untracked 
| 610|0x00000000a6200000, 0x00000000a6200000, 0x00000000a6300000|  0%| F|  |TAMS 0x00000000a6200000| PB 0x00000000a6200000| Untracked 
| 611|0x00000000a6300000, 0x00000000a6300000, 0x00000000a6400000|  0%| F|  |TAMS 0x00000000a6300000| PB 0x00000000a6300000| Untracked 
| 612|0x00000000a6400000, 0x00000000a6400000, 0x00000000a6500000|  0%| F|  |TAMS 0x00000000a6400000| PB 0x00000000a6400000| Untracked 
| 613|0x00000000a6500000, 0x00000000a6500000, 0x00000000a6600000|  0%| F|  |TAMS 0x00000000a6500000| PB 0x00000000a6500000| Untracked 
| 614|0x00000000a6600000, 0x00000000a6600000, 0x00000000a6700000|  0%| F|  |TAMS 0x00000000a6600000| PB 0x00000000a6600000| Untracked 
| 615|0x00000000a6700000, 0x00000000a6700000, 0x00000000a6800000|  0%| F|  |TAMS 0x00000000a6700000| PB 0x00000000a6700000| Untracked 
| 616|0x00000000a6800000, 0x00000000a6900000, 0x00000000a6900000|100%| O|  |TAMS 0x00000000a6900000| PB 0x00000000a6800000| Untracked 
| 617|0x00000000a6900000, 0x00000000a6a00000, 0x00000000a6a00000|100%| O|  |TAMS 0x00000000a6a00000| PB 0x00000000a6900000| Untracked 
| 618|0x00000000a6a00000, 0x00000000a6b00000, 0x00000000a6b00000|100%| O|  |TAMS 0x00000000a6b00000| PB 0x00000000a6a00000| Untracked 
| 619|0x00000000a6b00000, 0x00000000a6c00000, 0x00000000a6c00000|100%| O|  |TAMS 0x00000000a6c00000| PB 0x00000000a6b00000| Untracked 
| 620|0x00000000a6c00000, 0x00000000a6d00000, 0x00000000a6d00000|100%| O|  |TAMS 0x00000000a6d00000| PB 0x00000000a6c00000| Untracked 
| 621|0x00000000a6d00000, 0x00000000a6d00000, 0x00000000a6e00000|  0%| F|  |TAMS 0x00000000a6d00000| PB 0x00000000a6d00000| Untracked 
| 622|0x00000000a6e00000, 0x00000000a6e00000, 0x00000000a6f00000|  0%| F|  |TAMS 0x00000000a6e00000| PB 0x00000000a6e00000| Untracked 
| 623|0x00000000a6f00000, 0x00000000a6f00000, 0x00000000a7000000|  0%| F|  |TAMS 0x00000000a6f00000| PB 0x00000000a6f00000| Untracked 
| 624|0x00000000a7000000, 0x00000000a7000000, 0x00000000a7100000|  0%| F|  |TAMS 0x00000000a7000000| PB 0x00000000a7000000| Untracked 
| 625|0x00000000a7100000, 0x00000000a7100000, 0x00000000a7200000|  0%| F|  |TAMS 0x00000000a7100000| PB 0x00000000a7100000| Untracked 
| 626|0x00000000a7200000, 0x00000000a7200000, 0x00000000a7300000|  0%| F|  |TAMS 0x00000000a7200000| PB 0x00000000a7200000| Untracked 
| 627|0x00000000a7300000, 0x00000000a7300000, 0x00000000a7400000|  0%| F|  |TAMS 0x00000000a7300000| PB 0x00000000a7300000| Untracked 
| 628|0x00000000a7400000, 0x00000000a7400000, 0x00000000a7500000|  0%| F|  |TAMS 0x00000000a7400000| PB 0x00000000a7400000| Untracked 
| 629|0x00000000a7500000, 0x00000000a7500000, 0x00000000a7600000|  0%| F|  |TAMS 0x00000000a7500000| PB 0x00000000a7500000| Untracked 
| 630|0x00000000a7600000, 0x00000000a7600000, 0x00000000a7700000|  0%| F|  |TAMS 0x00000000a7600000| PB 0x00000000a7600000| Untracked 
| 631|0x00000000a7700000, 0x00000000a7700000, 0x00000000a7800000|  0%| F|  |TAMS 0x00000000a7700000| PB 0x00000000a7700000| Untracked 
| 632|0x00000000a7800000, 0x00000000a7800000, 0x00000000a7900000|  0%| F|  |TAMS 0x00000000a7800000| PB 0x00000000a7800000| Untracked 
| 633|0x00000000a7900000, 0x00000000a7900000, 0x00000000a7a00000|  0%| F|  |TAMS 0x00000000a7900000| PB 0x00000000a7900000| Untracked 
| 634|0x00000000a7a00000, 0x00000000a7a00000, 0x00000000a7b00000|  0%| F|  |TAMS 0x00000000a7a00000| PB 0x00000000a7a00000| Untracked 
| 635|0x00000000a7b00000, 0x00000000a7b00000, 0x00000000a7c00000|  0%| F|  |TAMS 0x00000000a7b00000| PB 0x00000000a7b00000| Untracked 
| 636|0x00000000a7c00000, 0x00000000a7c00000, 0x00000000a7d00000|  0%| F|  |TAMS 0x00000000a7c00000| PB 0x00000000a7c00000| Untracked 
| 637|0x00000000a7d00000, 0x00000000a7d00000, 0x00000000a7e00000|  0%| F|  |TAMS 0x00000000a7d00000| PB 0x00000000a7d00000| Untracked 
| 638|0x00000000a7e00000, 0x00000000a7e00000, 0x00000000a7f00000|  0%| F|  |TAMS 0x00000000a7e00000| PB 0x00000000a7e00000| Untracked 
| 639|0x00000000a7f00000, 0x00000000a7f00000, 0x00000000a8000000|  0%| F|  |TAMS 0x00000000a7f00000| PB 0x00000000a7f00000| Untracked 
| 640|0x00000000a8000000, 0x00000000a8000000, 0x00000000a8100000|  0%| F|  |TAMS 0x00000000a8000000| PB 0x00000000a8000000| Untracked 
| 641|0x00000000a8100000, 0x00000000a8100000, 0x00000000a8200000|  0%| F|  |TAMS 0x00000000a8100000| PB 0x00000000a8100000| Untracked 
| 642|0x00000000a8200000, 0x00000000a8200000, 0x00000000a8300000|  0%| F|  |TAMS 0x00000000a8200000| PB 0x00000000a8200000| Untracked 
| 643|0x00000000a8300000, 0x00000000a8300000, 0x00000000a8400000|  0%| F|  |TAMS 0x00000000a8300000| PB 0x00000000a8300000| Untracked 
| 644|0x00000000a8400000, 0x00000000a8400000, 0x00000000a8500000|  0%| F|  |TAMS 0x00000000a8400000| PB 0x00000000a8400000| Untracked 
| 645|0x00000000a8500000, 0x00000000a8500000, 0x00000000a8600000|  0%| F|  |TAMS 0x00000000a8500000| PB 0x00000000a8500000| Untracked 
| 646|0x00000000a8600000, 0x00000000a8600000, 0x00000000a8700000|  0%| F|  |TAMS 0x00000000a8600000| PB 0x00000000a8600000| Untracked 
| 647|0x00000000a8700000, 0x00000000a8700000, 0x00000000a8800000|  0%| F|  |TAMS 0x00000000a8700000| PB 0x00000000a8700000| Untracked 
| 648|0x00000000a8800000, 0x00000000a8800000, 0x00000000a8900000|  0%| F|  |TAMS 0x00000000a8800000| PB 0x00000000a8800000| Untracked 
| 649|0x00000000a8900000, 0x00000000a8900000, 0x00000000a8a00000|  0%| F|  |TAMS 0x00000000a8900000| PB 0x00000000a8900000| Untracked 
| 650|0x00000000a8a00000, 0x00000000a8a00000, 0x00000000a8b00000|  0%| F|  |TAMS 0x00000000a8a00000| PB 0x00000000a8a00000| Untracked 
| 651|0x00000000a8b00000, 0x00000000a8b00000, 0x00000000a8c00000|  0%| F|  |TAMS 0x00000000a8b00000| PB 0x00000000a8b00000| Untracked 
| 652|0x00000000a8c00000, 0x00000000a8c00000, 0x00000000a8d00000|  0%| F|  |TAMS 0x00000000a8c00000| PB 0x00000000a8c00000| Untracked 
| 653|0x00000000a8d00000, 0x00000000a8d00000, 0x00000000a8e00000|  0%| F|  |TAMS 0x00000000a8d00000| PB 0x00000000a8d00000| Untracked 
| 654|0x00000000a8e00000, 0x00000000a8e00000, 0x00000000a8f00000|  0%| F|  |TAMS 0x00000000a8e00000| PB 0x00000000a8e00000| Untracked 
| 655|0x00000000a8f00000, 0x00000000a8f00000, 0x00000000a9000000|  0%| F|  |TAMS 0x00000000a8f00000| PB 0x00000000a8f00000| Untracked 
| 656|0x00000000a9000000, 0x00000000a9000000, 0x00000000a9100000|  0%| F|  |TAMS 0x00000000a9000000| PB 0x00000000a9000000| Untracked 
| 657|0x00000000a9100000, 0x00000000a9100000, 0x00000000a9200000|  0%| F|  |TAMS 0x00000000a9100000| PB 0x00000000a9100000| Untracked 
| 658|0x00000000a9200000, 0x00000000a9200000, 0x00000000a9300000|  0%| F|  |TAMS 0x00000000a9200000| PB 0x00000000a9200000| Untracked 
| 659|0x00000000a9300000, 0x00000000a9300000, 0x00000000a9400000|  0%| F|  |TAMS 0x00000000a9300000| PB 0x00000000a9300000| Untracked 
| 660|0x00000000a9400000, 0x00000000a9400000, 0x00000000a9500000|  0%| F|  |TAMS 0x00000000a9400000| PB 0x00000000a9400000| Untracked 
| 661|0x00000000a9500000, 0x00000000a9600000, 0x00000000a9600000|100%| O|  |TAMS 0x00000000a9600000| PB 0x00000000a9500000| Untracked 
| 662|0x00000000a9600000, 0x00000000a9700000, 0x00000000a9700000|100%| O|  |TAMS 0x00000000a9700000| PB 0x00000000a9600000| Untracked 
| 663|0x00000000a9700000, 0x00000000a9700000, 0x00000000a9800000|  0%| F|  |TAMS 0x00000000a9700000| PB 0x00000000a9700000| Untracked 
| 664|0x00000000a9800000, 0x00000000a9900000, 0x00000000a9900000|100%| O|  |TAMS 0x00000000a9900000| PB 0x00000000a9800000| Untracked 
| 665|0x00000000a9900000, 0x00000000a9a00000, 0x00000000a9a00000|100%| O|  |TAMS 0x00000000a9a00000| PB 0x00000000a9900000| Untracked 
| 666|0x00000000a9a00000, 0x00000000a9b00000, 0x00000000a9b00000|100%| O|  |TAMS 0x00000000a9b00000| PB 0x00000000a9a00000| Untracked 
| 667|0x00000000a9b00000, 0x00000000a9c00000, 0x00000000a9c00000|100%| O|  |TAMS 0x00000000a9c00000| PB 0x00000000a9b00000| Untracked 
| 668|0x00000000a9c00000, 0x00000000a9c00000, 0x00000000a9d00000|  0%| F|  |TAMS 0x00000000a9c00000| PB 0x00000000a9c00000| Untracked 
| 669|0x00000000a9d00000, 0x00000000a9e00000, 0x00000000a9e00000|100%| O|  |TAMS 0x00000000a9e00000| PB 0x00000000a9d00000| Untracked 
| 670|0x00000000a9e00000, 0x00000000a9e00000, 0x00000000a9f00000|  0%| F|  |TAMS 0x00000000a9e00000| PB 0x00000000a9e00000| Untracked 
| 671|0x00000000a9f00000, 0x00000000aa000000, 0x00000000aa000000|100%| O|  |TAMS 0x00000000aa000000| PB 0x00000000a9f00000| Untracked 
| 672|0x00000000aa000000, 0x00000000aa000000, 0x00000000aa100000|  0%| F|  |TAMS 0x00000000aa000000| PB 0x00000000aa000000| Untracked 
| 673|0x00000000aa100000, 0x00000000aa200000, 0x00000000aa200000|100%| O|  |TAMS 0x00000000aa200000| PB 0x00000000aa100000| Untracked 
| 674|0x00000000aa200000, 0x00000000aa200000, 0x00000000aa300000|  0%| F|  |TAMS 0x00000000aa200000| PB 0x00000000aa200000| Untracked 
| 675|0x00000000aa300000, 0x00000000aa400000, 0x00000000aa400000|100%| O|  |TAMS 0x00000000aa400000| PB 0x00000000aa300000| Untracked 
| 676|0x00000000aa400000, 0x00000000aa500000, 0x00000000aa500000|100%| O|  |TAMS 0x00000000aa500000| PB 0x00000000aa400000| Untracked 
| 677|0x00000000aa500000, 0x00000000aa500000, 0x00000000aa600000|  0%| F|  |TAMS 0x00000000aa500000| PB 0x00000000aa500000| Untracked 
| 678|0x00000000aa600000, 0x00000000aa600000, 0x00000000aa700000|  0%| F|  |TAMS 0x00000000aa600000| PB 0x00000000aa600000| Untracked 
| 679|0x00000000aa700000, 0x00000000aa700000, 0x00000000aa800000|  0%| F|  |TAMS 0x00000000aa700000| PB 0x00000000aa700000| Untracked 
| 680|0x00000000aa800000, 0x00000000aa800000, 0x00000000aa900000|  0%| F|  |TAMS 0x00000000aa800000| PB 0x00000000aa800000| Untracked 
| 681|0x00000000aa900000, 0x00000000aa900000, 0x00000000aaa00000|  0%| F|  |TAMS 0x00000000aa900000| PB 0x00000000aa900000| Untracked 
| 682|0x00000000aaa00000, 0x00000000aaa00000, 0x00000000aab00000|  0%| F|  |TAMS 0x00000000aaa00000| PB 0x00000000aaa00000| Untracked 
| 683|0x00000000aab00000, 0x00000000aab00000, 0x00000000aac00000|  0%| F|  |TAMS 0x00000000aab00000| PB 0x00000000aab00000| Untracked 
| 684|0x00000000aac00000, 0x00000000aac00000, 0x00000000aad00000|  0%| F|  |TAMS 0x00000000aac00000| PB 0x00000000aac00000| Untracked 
| 685|0x00000000aad00000, 0x00000000aad00000, 0x00000000aae00000|  0%| F|  |TAMS 0x00000000aad00000| PB 0x00000000aad00000| Untracked 
| 686|0x00000000aae00000, 0x00000000aae00000, 0x00000000aaf00000|  0%| F|  |TAMS 0x00000000aae00000| PB 0x00000000aae00000| Untracked 
| 687|0x00000000aaf00000, 0x00000000aaf00000, 0x00000000ab000000|  0%| F|  |TAMS 0x00000000aaf00000| PB 0x00000000aaf00000| Untracked 
| 688|0x00000000ab000000, 0x00000000ab000000, 0x00000000ab100000|  0%| F|  |TAMS 0x00000000ab000000| PB 0x00000000ab000000| Untracked 
| 689|0x00000000ab100000, 0x00000000ab100000, 0x00000000ab200000|  0%| F|  |TAMS 0x00000000ab100000| PB 0x00000000ab100000| Untracked 
| 690|0x00000000ab200000, 0x00000000ab200000, 0x00000000ab300000|  0%| F|  |TAMS 0x00000000ab200000| PB 0x00000000ab200000| Untracked 
| 691|0x00000000ab300000, 0x00000000ab300000, 0x00000000ab400000|  0%| F|  |TAMS 0x00000000ab300000| PB 0x00000000ab300000| Untracked 
| 692|0x00000000ab400000, 0x00000000ab400000, 0x00000000ab500000|  0%| F|  |TAMS 0x00000000ab400000| PB 0x00000000ab400000| Untracked 
| 693|0x00000000ab500000, 0x00000000ab500000, 0x00000000ab600000|  0%| F|  |TAMS 0x00000000ab500000| PB 0x00000000ab500000| Untracked 
| 694|0x00000000ab600000, 0x00000000ab600000, 0x00000000ab700000|  0%| F|  |TAMS 0x00000000ab600000| PB 0x00000000ab600000| Untracked 
| 695|0x00000000ab700000, 0x00000000ab700000, 0x00000000ab800000|  0%| F|  |TAMS 0x00000000ab700000| PB 0x00000000ab700000| Untracked 
| 696|0x00000000ab800000, 0x00000000ab800000, 0x00000000ab900000|  0%| F|  |TAMS 0x00000000ab800000| PB 0x00000000ab800000| Untracked 
| 697|0x00000000ab900000, 0x00000000ab900000, 0x00000000aba00000|  0%| F|  |TAMS 0x00000000ab900000| PB 0x00000000ab900000| Untracked 
| 698|0x00000000aba00000, 0x00000000aba00000, 0x00000000abb00000|  0%| F|  |TAMS 0x00000000aba00000| PB 0x00000000aba00000| Untracked 
| 699|0x00000000abb00000, 0x00000000abb00000, 0x00000000abc00000|  0%| F|  |TAMS 0x00000000abb00000| PB 0x00000000abb00000| Untracked 
| 700|0x00000000abc00000, 0x00000000abc00000, 0x00000000abd00000|  0%| F|  |TAMS 0x00000000abc00000| PB 0x00000000abc00000| Untracked 
| 701|0x00000000abd00000, 0x00000000abd00000, 0x00000000abe00000|  0%| F|  |TAMS 0x00000000abd00000| PB 0x00000000abd00000| Untracked 
| 702|0x00000000abe00000, 0x00000000abe00000, 0x00000000abf00000|  0%| F|  |TAMS 0x00000000abe00000| PB 0x00000000abe00000| Untracked 
| 703|0x00000000abf00000, 0x00000000abf00000, 0x00000000ac000000|  0%| F|  |TAMS 0x00000000abf00000| PB 0x00000000abf00000| Untracked 
| 704|0x00000000ac000000, 0x00000000ac000000, 0x00000000ac100000|  0%| F|  |TAMS 0x00000000ac000000| PB 0x00000000ac000000| Untracked 
| 705|0x00000000ac100000, 0x00000000ac100000, 0x00000000ac200000|  0%| F|  |TAMS 0x00000000ac100000| PB 0x00000000ac100000| Untracked 
| 706|0x00000000ac200000, 0x00000000ac200000, 0x00000000ac300000|  0%| F|  |TAMS 0x00000000ac200000| PB 0x00000000ac200000| Untracked 
| 707|0x00000000ac300000, 0x00000000ac300000, 0x00000000ac400000|  0%| F|  |TAMS 0x00000000ac300000| PB 0x00000000ac300000| Untracked 
| 708|0x00000000ac400000, 0x00000000ac400000, 0x00000000ac500000|  0%| F|  |TAMS 0x00000000ac400000| PB 0x00000000ac400000| Untracked 
| 709|0x00000000ac500000, 0x00000000ac500000, 0x00000000ac600000|  0%| F|  |TAMS 0x00000000ac500000| PB 0x00000000ac500000| Untracked 
| 710|0x00000000ac600000, 0x00000000ac600000, 0x00000000ac700000|  0%| F|  |TAMS 0x00000000ac600000| PB 0x00000000ac600000| Untracked 
| 711|0x00000000ac700000, 0x00000000ac700000, 0x00000000ac800000|  0%| F|  |TAMS 0x00000000ac700000| PB 0x00000000ac700000| Untracked 
| 712|0x00000000ac800000, 0x00000000ac800000, 0x00000000ac900000|  0%| F|  |TAMS 0x00000000ac800000| PB 0x00000000ac800000| Untracked 
| 713|0x00000000ac900000, 0x00000000ac900000, 0x00000000aca00000|  0%| F|  |TAMS 0x00000000ac900000| PB 0x00000000ac900000| Untracked 
| 714|0x00000000aca00000, 0x00000000aca00000, 0x00000000acb00000|  0%| F|  |TAMS 0x00000000aca00000| PB 0x00000000aca00000| Untracked 
| 715|0x00000000acb00000, 0x00000000acb00000, 0x00000000acc00000|  0%| F|  |TAMS 0x00000000acb00000| PB 0x00000000acb00000| Untracked 
| 716|0x00000000acc00000, 0x00000000acc00000, 0x00000000acd00000|  0%| F|  |TAMS 0x00000000acc00000| PB 0x00000000acc00000| Untracked 
| 717|0x00000000acd00000, 0x00000000acd00000, 0x00000000ace00000|  0%| F|  |TAMS 0x00000000acd00000| PB 0x00000000acd00000| Untracked 
| 718|0x00000000ace00000, 0x00000000ace00000, 0x00000000acf00000|  0%| F|  |TAMS 0x00000000ace00000| PB 0x00000000ace00000| Untracked 
| 719|0x00000000acf00000, 0x00000000acf00000, 0x00000000ad000000|  0%| F|  |TAMS 0x00000000acf00000| PB 0x00000000acf00000| Untracked 
| 720|0x00000000ad000000, 0x00000000ad000000, 0x00000000ad100000|  0%| F|  |TAMS 0x00000000ad000000| PB 0x00000000ad000000| Untracked 
| 721|0x00000000ad100000, 0x00000000ad100000, 0x00000000ad200000|  0%| F|  |TAMS 0x00000000ad100000| PB 0x00000000ad100000| Untracked 
| 722|0x00000000ad200000, 0x00000000ad200000, 0x00000000ad300000|  0%| F|  |TAMS 0x00000000ad200000| PB 0x00000000ad200000| Untracked 
| 723|0x00000000ad300000, 0x00000000ad300000, 0x00000000ad400000|  0%| F|  |TAMS 0x00000000ad300000| PB 0x00000000ad300000| Untracked 
| 724|0x00000000ad400000, 0x00000000ad400000, 0x00000000ad500000|  0%| F|  |TAMS 0x00000000ad400000| PB 0x00000000ad400000| Untracked 
| 725|0x00000000ad500000, 0x00000000ad500000, 0x00000000ad600000|  0%| F|  |TAMS 0x00000000ad500000| PB 0x00000000ad500000| Untracked 
| 726|0x00000000ad600000, 0x00000000ad600000, 0x00000000ad700000|  0%| F|  |TAMS 0x00000000ad600000| PB 0x00000000ad600000| Untracked 
| 727|0x00000000ad700000, 0x00000000ad700000, 0x00000000ad800000|  0%| F|  |TAMS 0x00000000ad700000| PB 0x00000000ad700000| Untracked 
| 728|0x00000000ad800000, 0x00000000ad800000, 0x00000000ad900000|  0%| F|  |TAMS 0x00000000ad800000| PB 0x00000000ad800000| Untracked 
| 729|0x00000000ad900000, 0x00000000ad900000, 0x00000000ada00000|  0%| F|  |TAMS 0x00000000ad900000| PB 0x00000000ad900000| Untracked 
| 730|0x00000000ada00000, 0x00000000ada00000, 0x00000000adb00000|  0%| F|  |TAMS 0x00000000ada00000| PB 0x00000000ada00000| Untracked 
| 731|0x00000000adb00000, 0x00000000adb00000, 0x00000000adc00000|  0%| F|  |TAMS 0x00000000adb00000| PB 0x00000000adb00000| Untracked 
| 732|0x00000000adc00000, 0x00000000adc00000, 0x00000000add00000|  0%| F|  |TAMS 0x00000000adc00000| PB 0x00000000adc00000| Untracked 
| 733|0x00000000add00000, 0x00000000add00000, 0x00000000ade00000|  0%| F|  |TAMS 0x00000000add00000| PB 0x00000000add00000| Untracked 
| 734|0x00000000ade00000, 0x00000000ade00000, 0x00000000adf00000|  0%| F|  |TAMS 0x00000000ade00000| PB 0x00000000ade00000| Untracked 
| 735|0x00000000adf00000, 0x00000000adf00000, 0x00000000ae000000|  0%| F|  |TAMS 0x00000000adf00000| PB 0x00000000adf00000| Untracked 
| 736|0x00000000ae000000, 0x00000000ae000000, 0x00000000ae100000|  0%| F|  |TAMS 0x00000000ae000000| PB 0x00000000ae000000| Untracked 
| 737|0x00000000ae100000, 0x00000000ae100000, 0x00000000ae200000|  0%| F|  |TAMS 0x00000000ae100000| PB 0x00000000ae100000| Untracked 
| 738|0x00000000ae200000, 0x00000000ae200000, 0x00000000ae300000|  0%| F|  |TAMS 0x00000000ae200000| PB 0x00000000ae200000| Untracked 
| 739|0x00000000ae300000, 0x00000000ae300000, 0x00000000ae400000|  0%| F|  |TAMS 0x00000000ae300000| PB 0x00000000ae300000| Untracked 
| 740|0x00000000ae400000, 0x00000000ae400000, 0x00000000ae500000|  0%| F|  |TAMS 0x00000000ae400000| PB 0x00000000ae400000| Untracked 
| 741|0x00000000ae500000, 0x00000000ae500000, 0x00000000ae600000|  0%| F|  |TAMS 0x00000000ae500000| PB 0x00000000ae500000| Untracked 
| 742|0x00000000ae600000, 0x00000000ae600000, 0x00000000ae700000|  0%| F|  |TAMS 0x00000000ae600000| PB 0x00000000ae600000| Untracked 
| 743|0x00000000ae700000, 0x00000000ae700000, 0x00000000ae800000|  0%| F|  |TAMS 0x00000000ae700000| PB 0x00000000ae700000| Untracked 
| 744|0x00000000ae800000, 0x00000000ae800000, 0x00000000ae900000|  0%| F|  |TAMS 0x00000000ae800000| PB 0x00000000ae800000| Untracked 
| 745|0x00000000ae900000, 0x00000000ae900000, 0x00000000aea00000|  0%| F|  |TAMS 0x00000000ae900000| PB 0x00000000ae900000| Untracked 
| 746|0x00000000aea00000, 0x00000000aea00000, 0x00000000aeb00000|  0%| F|  |TAMS 0x00000000aea00000| PB 0x00000000aea00000| Untracked 
| 747|0x00000000aeb00000, 0x00000000aeb00000, 0x00000000aec00000|  0%| F|  |TAMS 0x00000000aeb00000| PB 0x00000000aeb00000| Untracked 
| 748|0x00000000aec00000, 0x00000000aec00000, 0x00000000aed00000|  0%| F|  |TAMS 0x00000000aec00000| PB 0x00000000aec00000| Untracked 
| 749|0x00000000aed00000, 0x00000000aed00000, 0x00000000aee00000|  0%| F|  |TAMS 0x00000000aed00000| PB 0x00000000aed00000| Untracked 
| 750|0x00000000aee00000, 0x00000000aee00000, 0x00000000aef00000|  0%| F|  |TAMS 0x00000000aee00000| PB 0x00000000aee00000| Untracked 
| 751|0x00000000aef00000, 0x00000000aef00000, 0x00000000af000000|  0%| F|  |TAMS 0x00000000aef00000| PB 0x00000000aef00000| Untracked 
| 752|0x00000000af000000, 0x00000000af000000, 0x00000000af100000|  0%| F|  |TAMS 0x00000000af000000| PB 0x00000000af000000| Untracked 
| 753|0x00000000af100000, 0x00000000af100000, 0x00000000af200000|  0%| F|  |TAMS 0x00000000af100000| PB 0x00000000af100000| Untracked 
| 754|0x00000000af200000, 0x00000000af200000, 0x00000000af300000|  0%| F|  |TAMS 0x00000000af200000| PB 0x00000000af200000| Untracked 
| 755|0x00000000af300000, 0x00000000af300000, 0x00000000af400000|  0%| F|  |TAMS 0x00000000af300000| PB 0x00000000af300000| Untracked 
| 756|0x00000000af400000, 0x00000000af400000, 0x00000000af500000|  0%| F|  |TAMS 0x00000000af400000| PB 0x00000000af400000| Untracked 
| 757|0x00000000af500000, 0x00000000af500000, 0x00000000af600000|  0%| F|  |TAMS 0x00000000af500000| PB 0x00000000af500000| Untracked 
| 758|0x00000000af600000, 0x00000000af600000, 0x00000000af700000|  0%| F|  |TAMS 0x00000000af600000| PB 0x00000000af600000| Untracked 
| 759|0x00000000af700000, 0x00000000af700000, 0x00000000af800000|  0%| F|  |TAMS 0x00000000af700000| PB 0x00000000af700000| Untracked 
| 760|0x00000000af800000, 0x00000000af800000, 0x00000000af900000|  0%| F|  |TAMS 0x00000000af800000| PB 0x00000000af800000| Untracked 
| 761|0x00000000af900000, 0x00000000af900000, 0x00000000afa00000|  0%| F|  |TAMS 0x00000000af900000| PB 0x00000000af900000| Untracked 
| 762|0x00000000afa00000, 0x00000000afa00000, 0x00000000afb00000|  0%| F|  |TAMS 0x00000000afa00000| PB 0x00000000afa00000| Untracked 
| 763|0x00000000afb00000, 0x00000000afb00000, 0x00000000afc00000|  0%| F|  |TAMS 0x00000000afb00000| PB 0x00000000afb00000| Untracked 
| 764|0x00000000afc00000, 0x00000000afc00000, 0x00000000afd00000|  0%| F|  |TAMS 0x00000000afc00000| PB 0x00000000afc00000| Untracked 
| 765|0x00000000afd00000, 0x00000000afd00000, 0x00000000afe00000|  0%| F|  |TAMS 0x00000000afd00000| PB 0x00000000afd00000| Untracked 
| 766|0x00000000afe00000, 0x00000000afe00000, 0x00000000aff00000|  0%| F|  |TAMS 0x00000000afe00000| PB 0x00000000afe00000| Untracked 
| 767|0x00000000aff00000, 0x00000000aff00000, 0x00000000b0000000|  0%| F|  |TAMS 0x00000000aff00000| PB 0x00000000aff00000| Untracked 
| 768|0x00000000b0000000, 0x00000000b0000000, 0x00000000b0100000|  0%| F|  |TAMS 0x00000000b0000000| PB 0x00000000b0000000| Untracked 
| 769|0x00000000b0100000, 0x00000000b0100000, 0x00000000b0200000|  0%| F|  |TAMS 0x00000000b0100000| PB 0x00000000b0100000| Untracked 
| 770|0x00000000b0200000, 0x00000000b0200000, 0x00000000b0300000|  0%| F|  |TAMS 0x00000000b0200000| PB 0x00000000b0200000| Untracked 
| 771|0x00000000b0300000, 0x00000000b0300000, 0x00000000b0400000|  0%| F|  |TAMS 0x00000000b0300000| PB 0x00000000b0300000| Untracked 
| 772|0x00000000b0400000, 0x00000000b0400000, 0x00000000b0500000|  0%| F|  |TAMS 0x00000000b0400000| PB 0x00000000b0400000| Untracked 
| 773|0x00000000b0500000, 0x00000000b0500000, 0x00000000b0600000|  0%| F|  |TAMS 0x00000000b0500000| PB 0x00000000b0500000| Untracked 
| 774|0x00000000b0600000, 0x00000000b0600000, 0x00000000b0700000|  0%| F|  |TAMS 0x00000000b0600000| PB 0x00000000b0600000| Untracked 
| 775|0x00000000b0700000, 0x00000000b0700000, 0x00000000b0800000|  0%| F|  |TAMS 0x00000000b0700000| PB 0x00000000b0700000| Untracked 
| 776|0x00000000b0800000, 0x00000000b0800000, 0x00000000b0900000|  0%| F|  |TAMS 0x00000000b0800000| PB 0x00000000b0800000| Untracked 
| 777|0x00000000b0900000, 0x00000000b0900000, 0x00000000b0a00000|  0%| F|  |TAMS 0x00000000b0900000| PB 0x00000000b0900000| Untracked 
| 778|0x00000000b0a00000, 0x00000000b0a00000, 0x00000000b0b00000|  0%| F|  |TAMS 0x00000000b0a00000| PB 0x00000000b0a00000| Untracked 
| 779|0x00000000b0b00000, 0x00000000b0b00000, 0x00000000b0c00000|  0%| F|  |TAMS 0x00000000b0b00000| PB 0x00000000b0b00000| Untracked 
| 780|0x00000000b0c00000, 0x00000000b0c00000, 0x00000000b0d00000|  0%| F|  |TAMS 0x00000000b0c00000| PB 0x00000000b0c00000| Untracked 
| 781|0x00000000b0d00000, 0x00000000b0d00000, 0x00000000b0e00000|  0%| F|  |TAMS 0x00000000b0d00000| PB 0x00000000b0d00000| Untracked 
| 782|0x00000000b0e00000, 0x00000000b0e00000, 0x00000000b0f00000|  0%| F|  |TAMS 0x00000000b0e00000| PB 0x00000000b0e00000| Untracked 
| 783|0x00000000b0f00000, 0x00000000b0f00000, 0x00000000b1000000|  0%| F|  |TAMS 0x00000000b0f00000| PB 0x00000000b0f00000| Untracked 
| 784|0x00000000b1000000, 0x00000000b1000000, 0x00000000b1100000|  0%| F|  |TAMS 0x00000000b1000000| PB 0x00000000b1000000| Untracked 
| 785|0x00000000b1100000, 0x00000000b1100000, 0x00000000b1200000|  0%| F|  |TAMS 0x00000000b1100000| PB 0x00000000b1100000| Untracked 
| 786|0x00000000b1200000, 0x00000000b1200000, 0x00000000b1300000|  0%| F|  |TAMS 0x00000000b1200000| PB 0x00000000b1200000| Untracked 
| 787|0x00000000b1300000, 0x00000000b1300000, 0x00000000b1400000|  0%| F|  |TAMS 0x00000000b1300000| PB 0x00000000b1300000| Untracked 
| 788|0x00000000b1400000, 0x00000000b1400000, 0x00000000b1500000|  0%| F|  |TAMS 0x00000000b1400000| PB 0x00000000b1400000| Untracked 
| 789|0x00000000b1500000, 0x00000000b1500000, 0x00000000b1600000|  0%| F|  |TAMS 0x00000000b1500000| PB 0x00000000b1500000| Untracked 
| 790|0x00000000b1600000, 0x00000000b1600000, 0x00000000b1700000|  0%| F|  |TAMS 0x00000000b1600000| PB 0x00000000b1600000| Untracked 
| 791|0x00000000b1700000, 0x00000000b1700000, 0x00000000b1800000|  0%| F|  |TAMS 0x00000000b1700000| PB 0x00000000b1700000| Untracked 
| 792|0x00000000b1800000, 0x00000000b1800000, 0x00000000b1900000|  0%| F|  |TAMS 0x00000000b1800000| PB 0x00000000b1800000| Untracked 
| 793|0x00000000b1900000, 0x00000000b1900000, 0x00000000b1a00000|  0%| F|  |TAMS 0x00000000b1900000| PB 0x00000000b1900000| Untracked 
| 794|0x00000000b1a00000, 0x00000000b1a00000, 0x00000000b1b00000|  0%| F|  |TAMS 0x00000000b1a00000| PB 0x00000000b1a00000| Untracked 
| 795|0x00000000b1b00000, 0x00000000b1b00000, 0x00000000b1c00000|  0%| F|  |TAMS 0x00000000b1b00000| PB 0x00000000b1b00000| Untracked 
| 796|0x00000000b1c00000, 0x00000000b1c00000, 0x00000000b1d00000|  0%| F|  |TAMS 0x00000000b1c00000| PB 0x00000000b1c00000| Untracked 
| 797|0x00000000b1d00000, 0x00000000b1d00000, 0x00000000b1e00000|  0%| F|  |TAMS 0x00000000b1d00000| PB 0x00000000b1d00000| Untracked 
| 798|0x00000000b1e00000, 0x00000000b1e00000, 0x00000000b1f00000|  0%| F|  |TAMS 0x00000000b1e00000| PB 0x00000000b1e00000| Untracked 
| 799|0x00000000b1f00000, 0x00000000b1f00000, 0x00000000b2000000|  0%| F|  |TAMS 0x00000000b1f00000| PB 0x00000000b1f00000| Untracked 
| 800|0x00000000b2000000, 0x00000000b2000000, 0x00000000b2100000|  0%| F|  |TAMS 0x00000000b2000000| PB 0x00000000b2000000| Untracked 
| 801|0x00000000b2100000, 0x00000000b2100000, 0x00000000b2200000|  0%| F|  |TAMS 0x00000000b2100000| PB 0x00000000b2100000| Untracked 
| 802|0x00000000b2200000, 0x00000000b2200000, 0x00000000b2300000|  0%| F|  |TAMS 0x00000000b2200000| PB 0x00000000b2200000| Untracked 
| 803|0x00000000b2300000, 0x00000000b2300000, 0x00000000b2400000|  0%| F|  |TAMS 0x00000000b2300000| PB 0x00000000b2300000| Untracked 
| 804|0x00000000b2400000, 0x00000000b2400000, 0x00000000b2500000|  0%| F|  |TAMS 0x00000000b2400000| PB 0x00000000b2400000| Untracked 
| 805|0x00000000b2500000, 0x00000000b2500000, 0x00000000b2600000|  0%| F|  |TAMS 0x00000000b2500000| PB 0x00000000b2500000| Untracked 
| 806|0x00000000b2600000, 0x00000000b2600000, 0x00000000b2700000|  0%| F|  |TAMS 0x00000000b2600000| PB 0x00000000b2600000| Untracked 
| 807|0x00000000b2700000, 0x00000000b2700000, 0x00000000b2800000|  0%| F|  |TAMS 0x00000000b2700000| PB 0x00000000b2700000| Untracked 
| 808|0x00000000b2800000, 0x00000000b2800000, 0x00000000b2900000|  0%| F|  |TAMS 0x00000000b2800000| PB 0x00000000b2800000| Untracked 
| 809|0x00000000b2900000, 0x00000000b2900000, 0x00000000b2a00000|  0%| F|  |TAMS 0x00000000b2900000| PB 0x00000000b2900000| Untracked 
| 810|0x00000000b2a00000, 0x00000000b2a00000, 0x00000000b2b00000|  0%| F|  |TAMS 0x00000000b2a00000| PB 0x00000000b2a00000| Untracked 
| 811|0x00000000b2b00000, 0x00000000b2b00000, 0x00000000b2c00000|  0%| F|  |TAMS 0x00000000b2b00000| PB 0x00000000b2b00000| Untracked 
| 812|0x00000000b2c00000, 0x00000000b2c00000, 0x00000000b2d00000|  0%| F|  |TAMS 0x00000000b2c00000| PB 0x00000000b2c00000| Untracked 
| 813|0x00000000b2d00000, 0x00000000b2d00000, 0x00000000b2e00000|  0%| F|  |TAMS 0x00000000b2d00000| PB 0x00000000b2d00000| Untracked 
| 814|0x00000000b2e00000, 0x00000000b2e00000, 0x00000000b2f00000|  0%| F|  |TAMS 0x00000000b2e00000| PB 0x00000000b2e00000| Untracked 
| 815|0x00000000b2f00000, 0x00000000b2f00000, 0x00000000b3000000|  0%| F|  |TAMS 0x00000000b2f00000| PB 0x00000000b2f00000| Untracked 
| 816|0x00000000b3000000, 0x00000000b3000000, 0x00000000b3100000|  0%| F|  |TAMS 0x00000000b3000000| PB 0x00000000b3000000| Untracked 
| 817|0x00000000b3100000, 0x00000000b3100000, 0x00000000b3200000|  0%| F|  |TAMS 0x00000000b3100000| PB 0x00000000b3100000| Untracked 
| 818|0x00000000b3200000, 0x00000000b3200000, 0x00000000b3300000|  0%| F|  |TAMS 0x00000000b3200000| PB 0x00000000b3200000| Untracked 
| 819|0x00000000b3300000, 0x00000000b3300000, 0x00000000b3400000|  0%| F|  |TAMS 0x00000000b3300000| PB 0x00000000b3300000| Untracked 
| 820|0x00000000b3400000, 0x00000000b3400000, 0x00000000b3500000|  0%| F|  |TAMS 0x00000000b3400000| PB 0x00000000b3400000| Untracked 
| 821|0x00000000b3500000, 0x00000000b3500000, 0x00000000b3600000|  0%| F|  |TAMS 0x00000000b3500000| PB 0x00000000b3500000| Untracked 
| 822|0x00000000b3600000, 0x00000000b3600000, 0x00000000b3700000|  0%| F|  |TAMS 0x00000000b3600000| PB 0x00000000b3600000| Untracked 
| 823|0x00000000b3700000, 0x00000000b3700000, 0x00000000b3800000|  0%| F|  |TAMS 0x00000000b3700000| PB 0x00000000b3700000| Untracked 
| 824|0x00000000b3800000, 0x00000000b3800000, 0x00000000b3900000|  0%| F|  |TAMS 0x00000000b3800000| PB 0x00000000b3800000| Untracked 
| 825|0x00000000b3900000, 0x00000000b3900000, 0x00000000b3a00000|  0%| F|  |TAMS 0x00000000b3900000| PB 0x00000000b3900000| Untracked 
| 826|0x00000000b3a00000, 0x00000000b3a00000, 0x00000000b3b00000|  0%| F|  |TAMS 0x00000000b3a00000| PB 0x00000000b3a00000| Untracked 
| 827|0x00000000b3b00000, 0x00000000b3b00000, 0x00000000b3c00000|  0%| F|  |TAMS 0x00000000b3b00000| PB 0x00000000b3b00000| Untracked 
| 828|0x00000000b3c00000, 0x00000000b3c00000, 0x00000000b3d00000|  0%| F|  |TAMS 0x00000000b3c00000| PB 0x00000000b3c00000| Untracked 
| 829|0x00000000b3d00000, 0x00000000b3d00000, 0x00000000b3e00000|  0%| F|  |TAMS 0x00000000b3d00000| PB 0x00000000b3d00000| Untracked 
| 830|0x00000000b3e00000, 0x00000000b3e00000, 0x00000000b3f00000|  0%| F|  |TAMS 0x00000000b3e00000| PB 0x00000000b3e00000| Untracked 
| 831|0x00000000b3f00000, 0x00000000b3f00000, 0x00000000b4000000|  0%| F|  |TAMS 0x00000000b3f00000| PB 0x00000000b3f00000| Untracked 
| 832|0x00000000b4000000, 0x00000000b4000000, 0x00000000b4100000|  0%| F|  |TAMS 0x00000000b4000000| PB 0x00000000b4000000| Untracked 
| 833|0x00000000b4100000, 0x00000000b4100000, 0x00000000b4200000|  0%| F|  |TAMS 0x00000000b4100000| PB 0x00000000b4100000| Untracked 
| 834|0x00000000b4200000, 0x00000000b4200000, 0x00000000b4300000|  0%| F|  |TAMS 0x00000000b4200000| PB 0x00000000b4200000| Untracked 
| 835|0x00000000b4300000, 0x00000000b4300000, 0x00000000b4400000|  0%| F|  |TAMS 0x00000000b4300000| PB 0x00000000b4300000| Untracked 
| 836|0x00000000b4400000, 0x00000000b4400000, 0x00000000b4500000|  0%| F|  |TAMS 0x00000000b4400000| PB 0x00000000b4400000| Untracked 
| 837|0x00000000b4500000, 0x00000000b4500000, 0x00000000b4600000|  0%| F|  |TAMS 0x00000000b4500000| PB 0x00000000b4500000| Untracked 
| 838|0x00000000b4600000, 0x00000000b4600000, 0x00000000b4700000|  0%| F|  |TAMS 0x00000000b4600000| PB 0x00000000b4600000| Untracked 
| 839|0x00000000b4700000, 0x00000000b4700000, 0x00000000b4800000|  0%| F|  |TAMS 0x00000000b4700000| PB 0x00000000b4700000| Untracked 
| 840|0x00000000b4800000, 0x00000000b4800000, 0x00000000b4900000|  0%| F|  |TAMS 0x00000000b4800000| PB 0x00000000b4800000| Untracked 
| 841|0x00000000b4900000, 0x00000000b4900000, 0x00000000b4a00000|  0%| F|  |TAMS 0x00000000b4900000| PB 0x00000000b4900000| Untracked 
| 842|0x00000000b4a00000, 0x00000000b4a00000, 0x00000000b4b00000|  0%| F|  |TAMS 0x00000000b4a00000| PB 0x00000000b4a00000| Untracked 
| 843|0x00000000b4b00000, 0x00000000b4b00000, 0x00000000b4c00000|  0%| F|  |TAMS 0x00000000b4b00000| PB 0x00000000b4b00000| Untracked 
| 844|0x00000000b4c00000, 0x00000000b4c00000, 0x00000000b4d00000|  0%| F|  |TAMS 0x00000000b4c00000| PB 0x00000000b4c00000| Untracked 
| 845|0x00000000b4d00000, 0x00000000b4d00000, 0x00000000b4e00000|  0%| F|  |TAMS 0x00000000b4d00000| PB 0x00000000b4d00000| Untracked 
| 846|0x00000000b4e00000, 0x00000000b4e00000, 0x00000000b4f00000|  0%| F|  |TAMS 0x00000000b4e00000| PB 0x00000000b4e00000| Untracked 
| 847|0x00000000b4f00000, 0x00000000b4f00000, 0x00000000b5000000|  0%| F|  |TAMS 0x00000000b4f00000| PB 0x00000000b4f00000| Untracked 
| 848|0x00000000b5000000, 0x00000000b5000000, 0x00000000b5100000|  0%| F|  |TAMS 0x00000000b5000000| PB 0x00000000b5000000| Untracked 
| 849|0x00000000b5100000, 0x00000000b5100000, 0x00000000b5200000|  0%| F|  |TAMS 0x00000000b5100000| PB 0x00000000b5100000| Untracked 
| 850|0x00000000b5200000, 0x00000000b5200000, 0x00000000b5300000|  0%| F|  |TAMS 0x00000000b5200000| PB 0x00000000b5200000| Untracked 
| 851|0x00000000b5300000, 0x00000000b5300000, 0x00000000b5400000|  0%| F|  |TAMS 0x00000000b5300000| PB 0x00000000b5300000| Untracked 
| 852|0x00000000b5400000, 0x00000000b5400000, 0x00000000b5500000|  0%| F|  |TAMS 0x00000000b5400000| PB 0x00000000b5400000| Untracked 
| 853|0x00000000b5500000, 0x00000000b5500000, 0x00000000b5600000|  0%| F|  |TAMS 0x00000000b5500000| PB 0x00000000b5500000| Untracked 
| 854|0x00000000b5600000, 0x00000000b5600000, 0x00000000b5700000|  0%| F|  |TAMS 0x00000000b5600000| PB 0x00000000b5600000| Untracked 
| 855|0x00000000b5700000, 0x00000000b5700000, 0x00000000b5800000|  0%| F|  |TAMS 0x00000000b5700000| PB 0x00000000b5700000| Untracked 
| 856|0x00000000b5800000, 0x00000000b5800000, 0x00000000b5900000|  0%| F|  |TAMS 0x00000000b5800000| PB 0x00000000b5800000| Untracked 
| 857|0x00000000b5900000, 0x00000000b5900000, 0x00000000b5a00000|  0%| F|  |TAMS 0x00000000b5900000| PB 0x00000000b5900000| Untracked 
| 858|0x00000000b5a00000, 0x00000000b5a00000, 0x00000000b5b00000|  0%| F|  |TAMS 0x00000000b5a00000| PB 0x00000000b5a00000| Untracked 
| 859|0x00000000b5b00000, 0x00000000b5b00000, 0x00000000b5c00000|  0%| F|  |TAMS 0x00000000b5b00000| PB 0x00000000b5b00000| Untracked 
| 860|0x00000000b5c00000, 0x00000000b5c00000, 0x00000000b5d00000|  0%| F|  |TAMS 0x00000000b5c00000| PB 0x00000000b5c00000| Untracked 
| 861|0x00000000b5d00000, 0x00000000b5d00000, 0x00000000b5e00000|  0%| F|  |TAMS 0x00000000b5d00000| PB 0x00000000b5d00000| Untracked 
| 862|0x00000000b5e00000, 0x00000000b5e00000, 0x00000000b5f00000|  0%| F|  |TAMS 0x00000000b5e00000| PB 0x00000000b5e00000| Untracked 
| 863|0x00000000b5f00000, 0x00000000b5f00000, 0x00000000b6000000|  0%| F|  |TAMS 0x00000000b5f00000| PB 0x00000000b5f00000| Untracked 
| 864|0x00000000b6000000, 0x00000000b6000000, 0x00000000b6100000|  0%| F|  |TAMS 0x00000000b6000000| PB 0x00000000b6000000| Untracked 
| 865|0x00000000b6100000, 0x00000000b6100000, 0x00000000b6200000|  0%| F|  |TAMS 0x00000000b6100000| PB 0x00000000b6100000| Untracked 
| 866|0x00000000b6200000, 0x00000000b6200000, 0x00000000b6300000|  0%| F|  |TAMS 0x00000000b6200000| PB 0x00000000b6200000| Untracked 
| 867|0x00000000b6300000, 0x00000000b6300000, 0x00000000b6400000|  0%| F|  |TAMS 0x00000000b6300000| PB 0x00000000b6300000| Untracked 
| 868|0x00000000b6400000, 0x00000000b6400000, 0x00000000b6500000|  0%| F|  |TAMS 0x00000000b6400000| PB 0x00000000b6400000| Untracked 
| 869|0x00000000b6500000, 0x00000000b6500000, 0x00000000b6600000|  0%| F|  |TAMS 0x00000000b6500000| PB 0x00000000b6500000| Untracked 
| 870|0x00000000b6600000, 0x00000000b6600000, 0x00000000b6700000|  0%| F|  |TAMS 0x00000000b6600000| PB 0x00000000b6600000| Untracked 
| 871|0x00000000b6700000, 0x00000000b6700000, 0x00000000b6800000|  0%| F|  |TAMS 0x00000000b6700000| PB 0x00000000b6700000| Untracked 
| 872|0x00000000b6800000, 0x00000000b6800000, 0x00000000b6900000|  0%| F|  |TAMS 0x00000000b6800000| PB 0x00000000b6800000| Untracked 
| 873|0x00000000b6900000, 0x00000000b6900000, 0x00000000b6a00000|  0%| F|  |TAMS 0x00000000b6900000| PB 0x00000000b6900000| Untracked 
| 874|0x00000000b6a00000, 0x00000000b6a00000, 0x00000000b6b00000|  0%| F|  |TAMS 0x00000000b6a00000| PB 0x00000000b6a00000| Untracked 
| 875|0x00000000b6b00000, 0x00000000b6b00000, 0x00000000b6c00000|  0%| F|  |TAMS 0x00000000b6b00000| PB 0x00000000b6b00000| Untracked 
| 876|0x00000000b6c00000, 0x00000000b6c00000, 0x00000000b6d00000|  0%| F|  |TAMS 0x00000000b6c00000| PB 0x00000000b6c00000| Untracked 
| 877|0x00000000b6d00000, 0x00000000b6d00000, 0x00000000b6e00000|  0%| F|  |TAMS 0x00000000b6d00000| PB 0x00000000b6d00000| Untracked 
| 878|0x00000000b6e00000, 0x00000000b6e00000, 0x00000000b6f00000|  0%| F|  |TAMS 0x00000000b6e00000| PB 0x00000000b6e00000| Untracked 
| 879|0x00000000b6f00000, 0x00000000b6f00000, 0x00000000b7000000|  0%| F|  |TAMS 0x00000000b6f00000| PB 0x00000000b6f00000| Untracked 
| 880|0x00000000b7000000, 0x00000000b7000000, 0x00000000b7100000|  0%| F|  |TAMS 0x00000000b7000000| PB 0x00000000b7000000| Untracked 
| 881|0x00000000b7100000, 0x00000000b7100000, 0x00000000b7200000|  0%| F|  |TAMS 0x00000000b7100000| PB 0x00000000b7100000| Untracked 
| 882|0x00000000b7200000, 0x00000000b7200000, 0x00000000b7300000|  0%| F|  |TAMS 0x00000000b7200000| PB 0x00000000b7200000| Untracked 
| 883|0x00000000b7300000, 0x00000000b7300000, 0x00000000b7400000|  0%| F|  |TAMS 0x00000000b7300000| PB 0x00000000b7300000| Untracked 
| 884|0x00000000b7400000, 0x00000000b7400000, 0x00000000b7500000|  0%| F|  |TAMS 0x00000000b7400000| PB 0x00000000b7400000| Untracked 
| 885|0x00000000b7500000, 0x00000000b7500000, 0x00000000b7600000|  0%| F|  |TAMS 0x00000000b7500000| PB 0x00000000b7500000| Untracked 
| 886|0x00000000b7600000, 0x00000000b7600000, 0x00000000b7700000|  0%| F|  |TAMS 0x00000000b7600000| PB 0x00000000b7600000| Untracked 
| 887|0x00000000b7700000, 0x00000000b7700000, 0x00000000b7800000|  0%| F|  |TAMS 0x00000000b7700000| PB 0x00000000b7700000| Untracked 
| 888|0x00000000b7800000, 0x00000000b7800000, 0x00000000b7900000|  0%| F|  |TAMS 0x00000000b7800000| PB 0x00000000b7800000| Untracked 
| 889|0x00000000b7900000, 0x00000000b7900000, 0x00000000b7a00000|  0%| F|  |TAMS 0x00000000b7900000| PB 0x00000000b7900000| Untracked 
| 890|0x00000000b7a00000, 0x00000000b7a00000, 0x00000000b7b00000|  0%| F|  |TAMS 0x00000000b7a00000| PB 0x00000000b7a00000| Untracked 
| 891|0x00000000b7b00000, 0x00000000b7b00000, 0x00000000b7c00000|  0%| F|  |TAMS 0x00000000b7b00000| PB 0x00000000b7b00000| Untracked 
| 892|0x00000000b7c00000, 0x00000000b7c00000, 0x00000000b7d00000|  0%| F|  |TAMS 0x00000000b7c00000| PB 0x00000000b7c00000| Untracked 
| 893|0x00000000b7d00000, 0x00000000b7d00000, 0x00000000b7e00000|  0%| F|  |TAMS 0x00000000b7d00000| PB 0x00000000b7d00000| Untracked 
| 894|0x00000000b7e00000, 0x00000000b7e00000, 0x00000000b7f00000|  0%| F|  |TAMS 0x00000000b7e00000| PB 0x00000000b7e00000| Untracked 
| 895|0x00000000b7f00000, 0x00000000b7f00000, 0x00000000b8000000|  0%| F|  |TAMS 0x00000000b7f00000| PB 0x00000000b7f00000| Untracked 
| 896|0x00000000b8000000, 0x00000000b8072468, 0x00000000b8100000| 44%| E|  |TAMS 0x00000000b8000000| PB 0x00000000b8000000| Complete 
| 897|0x00000000b8100000, 0x00000000b8200000, 0x00000000b8200000|100%| E|CS|TAMS 0x00000000b8100000| PB 0x00000000b8100000| Complete 
| 898|0x00000000b8200000, 0x00000000b8300000, 0x00000000b8300000|100%| E|  |TAMS 0x00000000b8200000| PB 0x00000000b8200000| Complete 
| 899|0x00000000b8300000, 0x00000000b8400000, 0x00000000b8400000|100%| E|CS|TAMS 0x00000000b8300000| PB 0x00000000b8300000| Complete 
| 900|0x00000000b8400000, 0x00000000b8500000, 0x00000000b8500000|100%| E|CS|TAMS 0x00000000b8400000| PB 0x00000000b8400000| Complete 
| 901|0x00000000b8500000, 0x00000000b8600000, 0x00000000b8600000|100%| E|CS|TAMS 0x00000000b8500000| PB 0x00000000b8500000| Complete 
| 902|0x00000000b8600000, 0x00000000b8700000, 0x00000000b8700000|100%| E|CS|TAMS 0x00000000b8600000| PB 0x00000000b8600000| Complete 
| 903|0x00000000b8700000, 0x00000000b8800000, 0x00000000b8800000|100%| E|CS|TAMS 0x00000000b8700000| PB 0x00000000b8700000| Complete 
| 904|0x00000000b8800000, 0x00000000b8900000, 0x00000000b8900000|100%| E|CS|TAMS 0x00000000b8800000| PB 0x00000000b8800000| Complete 
| 905|0x00000000b8900000, 0x00000000b8a00000, 0x00000000b8a00000|100%| E|CS|TAMS 0x00000000b8900000| PB 0x00000000b8900000| Complete 
| 906|0x00000000b8a00000, 0x00000000b8b00000, 0x00000000b8b00000|100%| E|CS|TAMS 0x00000000b8a00000| PB 0x00000000b8a00000| Complete 
| 907|0x00000000b8b00000, 0x00000000b8c00000, 0x00000000b8c00000|100%| E|CS|TAMS 0x00000000b8b00000| PB 0x00000000b8b00000| Complete 
| 908|0x00000000b8c00000, 0x00000000b8d00000, 0x00000000b8d00000|100%| E|CS|TAMS 0x00000000b8c00000| PB 0x00000000b8c00000| Complete 
| 909|0x00000000b8d00000, 0x00000000b8e00000, 0x00000000b8e00000|100%| E|CS|TAMS 0x00000000b8d00000| PB 0x00000000b8d00000| Complete 
|1020|0x00000000bfc00000, 0x00000000bfd00000, 0x00000000bfd00000|100%| E|CS|TAMS 0x00000000bfc00000| PB 0x00000000bfc00000| Complete 
|1021|0x00000000bfd00000, 0x00000000bfe00000, 0x00000000bfe00000|100%| E|CS|TAMS 0x00000000bfd00000| PB 0x00000000bfd00000| Complete 
|1022|0x00000000bfe00000, 0x00000000bff00000, 0x00000000bff00000|100%| E|CS|TAMS 0x00000000bfe00000| PB 0x00000000bfe00000| Complete 
|1023|0x00000000bff00000, 0x00000000c0000000, 0x00000000c0000000|100%| E|CS|TAMS 0x00000000bff00000| PB 0x00000000bff00000| Complete 
|1024|0x00000000c0000000, 0x00000000c0100000, 0x00000000c0100000|100%| E|CS|TAMS 0x00000000c0000000| PB 0x00000000c0000000| Complete 
|1025|0x00000000c0100000, 0x00000000c0200000, 0x00000000c0200000|100%| E|CS|TAMS 0x00000000c0100000| PB 0x00000000c0100000| Complete 
|1026|0x00000000c0200000, 0x00000000c0300000, 0x00000000c0300000|100%| E|CS|TAMS 0x00000000c0200000| PB 0x00000000c0200000| Complete 
|1027|0x00000000c0300000, 0x00000000c0400000, 0x00000000c0400000|100%| E|CS|TAMS 0x00000000c0300000| PB 0x00000000c0300000| Complete 
|1028|0x00000000c0400000, 0x00000000c0500000, 0x00000000c0500000|100%| E|CS|TAMS 0x00000000c0400000| PB 0x00000000c0400000| Complete 
|1029|0x00000000c0500000, 0x00000000c0600000, 0x00000000c0600000|100%| E|CS|TAMS 0x00000000c0500000| PB 0x00000000c0500000| Complete 
|1030|0x00000000c0600000, 0x00000000c0700000, 0x00000000c0700000|100%| E|CS|TAMS 0x00000000c0600000| PB 0x00000000c0600000| Complete 
|1031|0x00000000c0700000, 0x00000000c0800000, 0x00000000c0800000|100%| E|CS|TAMS 0x00000000c0700000| PB 0x00000000c0700000| Complete 
|1032|0x00000000c0800000, 0x00000000c0900000, 0x00000000c0900000|100%| E|CS|TAMS 0x00000000c0800000| PB 0x00000000c0800000| Complete 
|1033|0x00000000c0900000, 0x00000000c0a00000, 0x00000000c0a00000|100%| E|CS|TAMS 0x00000000c0900000| PB 0x00000000c0900000| Complete 
|1034|0x00000000c0a00000, 0x00000000c0b00000, 0x00000000c0b00000|100%| E|CS|TAMS 0x00000000c0a00000| PB 0x00000000c0a00000| Complete 
|1035|0x00000000c0b00000, 0x00000000c0c00000, 0x00000000c0c00000|100%| E|CS|TAMS 0x00000000c0b00000| PB 0x00000000c0b00000| Complete 
|1036|0x00000000c0c00000, 0x00000000c0d00000, 0x00000000c0d00000|100%| E|CS|TAMS 0x00000000c0c00000| PB 0x00000000c0c00000| Complete 
|1037|0x00000000c0d00000, 0x00000000c0e00000, 0x00000000c0e00000|100%| E|CS|TAMS 0x00000000c0d00000| PB 0x00000000c0d00000| Complete 
|1038|0x00000000c0e00000, 0x00000000c0f00000, 0x00000000c0f00000|100%| E|CS|TAMS 0x00000000c0e00000| PB 0x00000000c0e00000| Complete 
|1039|0x00000000c0f00000, 0x00000000c1000000, 0x00000000c1000000|100%| E|CS|TAMS 0x00000000c0f00000| PB 0x00000000c0f00000| Complete 
|1040|0x00000000c1000000, 0x00000000c1100000, 0x00000000c1100000|100%| E|CS|TAMS 0x00000000c1000000| PB 0x00000000c1000000| Complete 
|1041|0x00000000c1100000, 0x00000000c1200000, 0x00000000c1200000|100%| E|CS|TAMS 0x00000000c1100000| PB 0x00000000c1100000| Complete 
|1042|0x00000000c1200000, 0x00000000c1300000, 0x00000000c1300000|100%| E|CS|TAMS 0x00000000c1200000| PB 0x00000000c1200000| Complete 
|1043|0x00000000c1300000, 0x00000000c1400000, 0x00000000c1400000|100%| E|CS|TAMS 0x00000000c1300000| PB 0x00000000c1300000| Complete 
|1044|0x00000000c1400000, 0x00000000c1500000, 0x00000000c1500000|100%| E|CS|TAMS 0x00000000c1400000| PB 0x00000000c1400000| Complete 
|1045|0x00000000c1500000, 0x00000000c1600000, 0x00000000c1600000|100%| E|CS|TAMS 0x00000000c1500000| PB 0x00000000c1500000| Complete 
|1046|0x00000000c1600000, 0x00000000c1700000, 0x00000000c1700000|100%| E|CS|TAMS 0x00000000c1600000| PB 0x00000000c1600000| Complete 
|1047|0x00000000c1700000, 0x00000000c1800000, 0x00000000c1800000|100%| E|CS|TAMS 0x00000000c1700000| PB 0x00000000c1700000| Complete 
|1048|0x00000000c1800000, 0x00000000c1900000, 0x00000000c1900000|100%| E|CS|TAMS 0x00000000c1800000| PB 0x00000000c1800000| Complete 
|1049|0x00000000c1900000, 0x00000000c1a00000, 0x00000000c1a00000|100%| E|CS|TAMS 0x00000000c1900000| PB 0x00000000c1900000| Complete 
|1050|0x00000000c1a00000, 0x00000000c1b00000, 0x00000000c1b00000|100%| E|CS|TAMS 0x00000000c1a00000| PB 0x00000000c1a00000| Complete 
|1051|0x00000000c1b00000, 0x00000000c1c00000, 0x00000000c1c00000|100%| E|CS|TAMS 0x00000000c1b00000| PB 0x00000000c1b00000| Complete 
|1052|0x00000000c1c00000, 0x00000000c1d00000, 0x00000000c1d00000|100%| E|CS|TAMS 0x00000000c1c00000| PB 0x00000000c1c00000| Complete 
|1053|0x00000000c1d00000, 0x00000000c1e00000, 0x00000000c1e00000|100%| E|CS|TAMS 0x00000000c1d00000| PB 0x00000000c1d00000| Complete 
|1054|0x00000000c1e00000, 0x00000000c1f00000, 0x00000000c1f00000|100%| E|CS|TAMS 0x00000000c1e00000| PB 0x00000000c1e00000| Complete 
|1055|0x00000000c1f00000, 0x00000000c2000000, 0x00000000c2000000|100%| E|CS|TAMS 0x00000000c1f00000| PB 0x00000000c1f00000| Complete 
|1056|0x00000000c2000000, 0x00000000c2100000, 0x00000000c2100000|100%| E|CS|TAMS 0x00000000c2000000| PB 0x00000000c2000000| Complete 
|1057|0x00000000c2100000, 0x00000000c2200000, 0x00000000c2200000|100%| E|CS|TAMS 0x00000000c2100000| PB 0x00000000c2100000| Complete 
|1058|0x00000000c2200000, 0x00000000c2300000, 0x00000000c2300000|100%| E|CS|TAMS 0x00000000c2200000| PB 0x00000000c2200000| Complete 
|1059|0x00000000c2300000, 0x00000000c2400000, 0x00000000c2400000|100%| E|CS|TAMS 0x00000000c2300000| PB 0x00000000c2300000| Complete 
|1060|0x00000000c2400000, 0x00000000c2500000, 0x00000000c2500000|100%| E|CS|TAMS 0x00000000c2400000| PB 0x00000000c2400000| Complete 
|1061|0x00000000c2500000, 0x00000000c2600000, 0x00000000c2600000|100%| E|CS|TAMS 0x00000000c2500000| PB 0x00000000c2500000| Complete 
|1062|0x00000000c2600000, 0x00000000c2700000, 0x00000000c2700000|100%| E|CS|TAMS 0x00000000c2600000| PB 0x00000000c2600000| Complete 
|1063|0x00000000c2700000, 0x00000000c2800000, 0x00000000c2800000|100%| E|CS|TAMS 0x00000000c2700000| PB 0x00000000c2700000| Complete 
|1982|0x00000000fbe00000, 0x00000000fbf00000, 0x00000000fbf00000|100%| E|CS|TAMS 0x00000000fbe00000| PB 0x00000000fbe00000| Complete 
|1983|0x00000000fbf00000, 0x00000000fc000000, 0x00000000fc000000|100%| E|CS|TAMS 0x00000000fbf00000| PB 0x00000000fbf00000| Complete 
|1984|0x00000000fc000000, 0x00000000fc100000, 0x00000000fc100000|100%| E|CS|TAMS 0x00000000fc000000| PB 0x00000000fc000000| Complete 
|1985|0x00000000fc100000, 0x00000000fc200000, 0x00000000fc200000|100%| E|CS|TAMS 0x00000000fc100000| PB 0x00000000fc100000| Complete 
|1986|0x00000000fc200000, 0x00000000fc300000, 0x00000000fc300000|100%| E|CS|TAMS 0x00000000fc200000| PB 0x00000000fc200000| Complete 
|1987|0x00000000fc300000, 0x00000000fc400000, 0x00000000fc400000|100%| E|CS|TAMS 0x00000000fc300000| PB 0x00000000fc300000| Complete 
|1988|0x00000000fc400000, 0x00000000fc500000, 0x00000000fc500000|100%| E|CS|TAMS 0x00000000fc400000| PB 0x00000000fc400000| Complete 
|1989|0x00000000fc500000, 0x00000000fc600000, 0x00000000fc600000|100%| E|CS|TAMS 0x00000000fc500000| PB 0x00000000fc500000| Complete 
|1990|0x00000000fc600000, 0x00000000fc700000, 0x00000000fc700000|100%| E|CS|TAMS 0x00000000fc600000| PB 0x00000000fc600000| Complete 
|1991|0x00000000fc700000, 0x00000000fc800000, 0x00000000fc800000|100%| E|CS|TAMS 0x00000000fc700000| PB 0x00000000fc700000| Complete 
|1992|0x00000000fc800000, 0x00000000fc900000, 0x00000000fc900000|100%| E|CS|TAMS 0x00000000fc800000| PB 0x00000000fc800000| Complete 
|1993|0x00000000fc900000, 0x00000000fca00000, 0x00000000fca00000|100%| E|CS|TAMS 0x00000000fc900000| PB 0x00000000fc900000| Complete 
|1994|0x00000000fca00000, 0x00000000fcb00000, 0x00000000fcb00000|100%| E|CS|TAMS 0x00000000fca00000| PB 0x00000000fca00000| Complete 
|1995|0x00000000fcb00000, 0x00000000fcc00000, 0x00000000fcc00000|100%| E|CS|TAMS 0x00000000fcb00000| PB 0x00000000fcb00000| Complete 
|1996|0x00000000fcc00000, 0x00000000fcd00000, 0x00000000fcd00000|100%| E|CS|TAMS 0x00000000fcc00000| PB 0x00000000fcc00000| Complete 
|1997|0x00000000fcd00000, 0x00000000fce00000, 0x00000000fce00000|100%| E|CS|TAMS 0x00000000fcd00000| PB 0x00000000fcd00000| Complete 
|1998|0x00000000fce00000, 0x00000000fcf00000, 0x00000000fcf00000|100%| E|CS|TAMS 0x00000000fce00000| PB 0x00000000fce00000| Complete 
|1999|0x00000000fcf00000, 0x00000000fd000000, 0x00000000fd000000|100%| E|CS|TAMS 0x00000000fcf00000| PB 0x00000000fcf00000| Complete 
|2000|0x00000000fd000000, 0x00000000fd100000, 0x00000000fd100000|100%| E|CS|TAMS 0x00000000fd000000| PB 0x00000000fd000000| Complete 
|2001|0x00000000fd100000, 0x00000000fd200000, 0x00000000fd200000|100%| E|CS|TAMS 0x00000000fd100000| PB 0x00000000fd100000| Complete 
|2002|0x00000000fd200000, 0x00000000fd300000, 0x00000000fd300000|100%| E|CS|TAMS 0x00000000fd200000| PB 0x00000000fd200000| Complete 
|2003|0x00000000fd300000, 0x00000000fd400000, 0x00000000fd400000|100%| E|CS|TAMS 0x00000000fd300000| PB 0x00000000fd300000| Complete 
|2004|0x00000000fd400000, 0x00000000fd500000, 0x00000000fd500000|100%| E|CS|TAMS 0x00000000fd400000| PB 0x00000000fd400000| Complete 
|2005|0x00000000fd500000, 0x00000000fd600000, 0x00000000fd600000|100%| E|CS|TAMS 0x00000000fd500000| PB 0x00000000fd500000| Complete 
|2006|0x00000000fd600000, 0x00000000fd700000, 0x00000000fd700000|100%| E|CS|TAMS 0x00000000fd600000| PB 0x00000000fd600000| Complete 
|2007|0x00000000fd700000, 0x00000000fd800000, 0x00000000fd800000|100%| E|CS|TAMS 0x00000000fd700000| PB 0x00000000fd700000| Complete 
|2008|0x00000000fd800000, 0x00000000fd900000, 0x00000000fd900000|100%| E|CS|TAMS 0x00000000fd800000| PB 0x00000000fd800000| Complete 
|2009|0x00000000fd900000, 0x00000000fda00000, 0x00000000fda00000|100%| E|CS|TAMS 0x00000000fd900000| PB 0x00000000fd900000| Complete 
|2010|0x00000000fda00000, 0x00000000fdb00000, 0x00000000fdb00000|100%| E|CS|TAMS 0x00000000fda00000| PB 0x00000000fda00000| Complete 
|2011|0x00000000fdb00000, 0x00000000fdc00000, 0x00000000fdc00000|100%| E|CS|TAMS 0x00000000fdb00000| PB 0x00000000fdb00000| Complete 
|2012|0x00000000fdc00000, 0x00000000fdd00000, 0x00000000fdd00000|100%| E|CS|TAMS 0x00000000fdc00000| PB 0x00000000fdc00000| Complete 
|2013|0x00000000fdd00000, 0x00000000fde00000, 0x00000000fde00000|100%| E|CS|TAMS 0x00000000fdd00000| PB 0x00000000fdd00000| Complete 
|2014|0x00000000fde00000, 0x00000000fdf00000, 0x00000000fdf00000|100%| E|CS|TAMS 0x00000000fde00000| PB 0x00000000fde00000| Complete 
|2015|0x00000000fdf00000, 0x00000000fe000000, 0x00000000fe000000|100%| E|CS|TAMS 0x00000000fdf00000| PB 0x00000000fdf00000| Complete 
|2016|0x00000000fe000000, 0x00000000fe100000, 0x00000000fe100000|100%| E|CS|TAMS 0x00000000fe000000| PB 0x00000000fe000000| Complete 
|2017|0x00000000fe100000, 0x00000000fe200000, 0x00000000fe200000|100%| E|CS|TAMS 0x00000000fe100000| PB 0x00000000fe100000| Complete 
|2018|0x00000000fe200000, 0x00000000fe300000, 0x00000000fe300000|100%| E|CS|TAMS 0x00000000fe200000| PB 0x00000000fe200000| Complete 
|2019|0x00000000fe300000, 0x00000000fe400000, 0x00000000fe400000|100%| E|CS|TAMS 0x00000000fe300000| PB 0x00000000fe300000| Complete 
|2020|0x00000000fe400000, 0x00000000fe500000, 0x00000000fe500000|100%| E|CS|TAMS 0x00000000fe400000| PB 0x00000000fe400000| Complete 
|2021|0x00000000fe500000, 0x00000000fe600000, 0x00000000fe600000|100%| E|CS|TAMS 0x00000000fe500000| PB 0x00000000fe500000| Complete 
|2022|0x00000000fe600000, 0x00000000fe700000, 0x00000000fe700000|100%| E|CS|TAMS 0x00000000fe600000| PB 0x00000000fe600000| Complete 
|2023|0x00000000fe700000, 0x00000000fe800000, 0x00000000fe800000|100%| E|CS|TAMS 0x00000000fe700000| PB 0x00000000fe700000| Complete 
|2024|0x00000000fe800000, 0x00000000fe900000, 0x00000000fe900000|100%| E|CS|TAMS 0x00000000fe800000| PB 0x00000000fe800000| Complete 
|2025|0x00000000fe900000, 0x00000000fea00000, 0x00000000fea00000|100%| E|CS|TAMS 0x00000000fe900000| PB 0x00000000fe900000| Complete 
|2026|0x00000000fea00000, 0x00000000feb00000, 0x00000000feb00000|100%| E|CS|TAMS 0x00000000fea00000| PB 0x00000000fea00000| Complete 
|2027|0x00000000feb00000, 0x00000000fec00000, 0x00000000fec00000|100%| E|CS|TAMS 0x00000000feb00000| PB 0x00000000feb00000| Complete 
|2028|0x00000000fec00000, 0x00000000fed00000, 0x00000000fed00000|100%| E|CS|TAMS 0x00000000fec00000| PB 0x00000000fec00000| Complete 
|2029|0x00000000fed00000, 0x00000000fee00000, 0x00000000fee00000|100%| E|CS|TAMS 0x00000000fed00000| PB 0x00000000fed00000| Complete 
|2030|0x00000000fee00000, 0x00000000fef00000, 0x00000000fef00000|100%| E|CS|TAMS 0x00000000fee00000| PB 0x00000000fee00000| Complete 
|2031|0x00000000fef00000, 0x00000000ff000000, 0x00000000ff000000|100%| E|CS|TAMS 0x00000000fef00000| PB 0x00000000fef00000| Complete 
|2032|0x00000000ff000000, 0x00000000ff100000, 0x00000000ff100000|100%| E|CS|TAMS 0x00000000ff000000| PB 0x00000000ff000000| Complete 
|2033|0x00000000ff100000, 0x00000000ff200000, 0x00000000ff200000|100%| S|CS|TAMS 0x00000000ff100000| PB 0x00000000ff100000| Complete 
|2034|0x00000000ff200000, 0x00000000ff300000, 0x00000000ff300000|100%| S|CS|TAMS 0x00000000ff200000| PB 0x00000000ff200000| Complete 
|2035|0x00000000ff300000, 0x00000000ff400000, 0x00000000ff400000|100%| O|  |TAMS 0x00000000ff400000| PB 0x00000000ff300000| Untracked 
|2036|0x00000000ff400000, 0x00000000ff500000, 0x00000000ff500000|100%| O|  |TAMS 0x00000000ff500000| PB 0x00000000ff400000| Untracked 
|2037|0x00000000ff500000, 0x00000000ff600000, 0x00000000ff600000|100%| S|CS|TAMS 0x00000000ff500000| PB 0x00000000ff500000| Complete 
|2038|0x00000000ff600000, 0x00000000ff700000, 0x00000000ff700000|100%| E|CS|TAMS 0x00000000ff600000| PB 0x00000000ff600000| Complete 
|2039|0x00000000ff700000, 0x00000000ff800000, 0x00000000ff800000|100%| O|  |TAMS 0x00000000ff800000| PB 0x00000000ff700000| Untracked 
|2040|0x00000000ff800000, 0x00000000ff900000, 0x00000000ff900000|100%| O|  |TAMS 0x00000000ff900000| PB 0x00000000ff800000| Untracked 
|2041|0x00000000ff900000, 0x00000000ffa00000, 0x00000000ffa00000|100%| O|  |TAMS 0x00000000ffa00000| PB 0x00000000ff900000| Untracked 
|2042|0x00000000ffa00000, 0x00000000ffb00000, 0x00000000ffb00000|100%| O|  |TAMS 0x00000000ffb00000| PB 0x00000000ffa00000| Untracked 
|2043|0x00000000ffb00000, 0x00000000ffc00000, 0x00000000ffc00000|100%| O|  |TAMS 0x00000000ffc00000| PB 0x00000000ffb00000| Untracked 
|2044|0x00000000ffc00000, 0x00000000ffd00000, 0x00000000ffd00000|100%| O|  |TAMS 0x00000000ffd00000| PB 0x00000000ffc00000| Untracked 
|2045|0x00000000ffd00000, 0x00000000ffe00000, 0x00000000ffe00000|100%| O|  |TAMS 0x00000000ffe00000| PB 0x00000000ffd00000| Untracked 
|2046|0x00000000ffe00000, 0x00000000fff00000, 0x00000000fff00000|100%| O|  |TAMS 0x00000000fff00000| PB 0x00000000ffe00000| Untracked 
|2047|0x00000000fff00000, 0x0000000100000000, 0x0000000100000000|100%| O|  |TAMS 0x0000000100000000| PB 0x00000000fff00000| Untracked 

Card table byte_map: [0x000001fa32670000,0x000001fa32a70000] _byte_map_base: 0x000001fa32270000

Marking Bits: (CMBitMap*) 0x000001fa1dee4da0
 Bits: [0x000001fa32a70000, 0x000001fa34a70000)

Polling page: 0x000001fa1df60000

Metaspace:

Usage:
  Non-class:    150.82 MB used.
      Class:     20.96 MB used.
       Both:    171.79 MB used.

Virtual space:
  Non-class space:      192.00 MB reserved,     152.00 MB ( 79%) committed,  3 nodes.
      Class space:        1.00 GB reserved,      22.25 MB (  2%) committed,  1 nodes.
             Both:        1.19 GB reserved,     174.25 MB ( 14%) committed. 

Chunk freelists:
   Non-Class:  8.03 MB
       Class:  9.80 MB
        Both:  17.83 MB

MaxMetaspaceSize: unlimited
CompressedClassSpaceSize: 1.00 GB
Initial GC threshold: 21.00 MB
Current GC threshold: 277.12 MB
CDS: off
 - commit_granule_bytes: 65536.
 - commit_granule_words: 8192.
 - virtual_space_node_default_size: 8388608.
 - enlarge_chunks_in_place: 1.
 - use_allocation_guard: 0.


Internal statistics:

num_allocs_failed_limit: 9.
num_arena_births: 4982.
num_arena_deaths: 6.
num_vsnodes_births: 4.
num_vsnodes_deaths: 0.
num_space_committed: 2789.
num_space_uncommitted: 3.
num_chunks_returned_to_freelist: 41.
num_chunks_taken_from_freelist: 13027.
num_chunk_merges: 13.
num_chunk_splits: 8266.
num_chunks_enlarged: 4972.
num_inconsistent_stats: 0.

CodeHeap 'non-profiled nmethods': size=120000Kb used=22651Kb max_used=28029Kb free=97348Kb
 bounds [0x000001fa2a2c0000, 0x000001fa2be20000, 0x000001fa317f0000]
CodeHeap 'profiled nmethods': size=120000Kb used=50157Kb max_used=57854Kb free=69842Kb
 bounds [0x000001fa227f0000, 0x000001fa26070000, 0x000001fa29d20000]
CodeHeap 'non-nmethods': size=5760Kb used=3301Kb max_used=3408Kb free=2458Kb
 bounds [0x000001fa29d20000, 0x000001fa2a090000, 0x000001fa2a2c0000]
 total_blobs=22589 nmethods=21506 adapters=984
 compilation: enabled
              stopped_count=0, restarted_count=0
 full_count=0

Compilation events (20 events):
Event: 169.519 Thread 0x000001fa3efb3fb0 41023       4       java.nio.CharBuffer::allocate (20 bytes)
Event: 169.521 Thread 0x000001fa3efb3fb0 nmethod 41023 0x000001fa2ae0f590 code [0x000001fa2ae0f720, 0x000001fa2ae0f9f8]
Event: 169.521 Thread 0x000001fa3efb3fb0 41031       4       java.nio.HeapCharBuffer::<init> (21 bytes)
Event: 169.525 Thread 0x000001fa3efb3fb0 nmethod 41031 0x000001fa2a307410 code [0x000001fa2a3075c0, 0x000001fa2a307a48]
Event: 169.525 Thread 0x000001fa3efb3fb0 41020       4       java.nio.charset.CharsetDecoder::flush (49 bytes)
Event: 169.526 Thread 0x000001fa3efb3fb0 nmethod 41020 0x000001fa2b0b1210 code [0x000001fa2b0b13a0, 0x000001fa2b0b1480]
Event: 169.526 Thread 0x000001fa3efb3fb0 41022       4       java.nio.charset.CharsetDecoder::decode (152 bytes)
Event: 169.543 Thread 0x000001fa3efb3fb0 nmethod 41022 0x000001fa2a466e90 code [0x000001fa2a4671e0, 0x000001fa2a468180]
Event: 169.543 Thread 0x000001fa3efb3fb0 41035       4       com.android.tools.r8.dex.L::a (293 bytes)
Event: 169.554 Thread 0x000001fa37730e50 41044       2       com.android.tools.r8.dex.J::<init> (133 bytes)
Event: 169.555 Thread 0x000001fa37730e50 nmethod 41044 0x000001fa23b2f310 code [0x000001fa23b2f580, 0x000001fa23b303e0]
Event: 169.555 Thread 0x000001fa37730e50 41046       2       com.android.tools.r8.dex.L$$Lambda/0x0000000100f35e80::accept (15 bytes)
Event: 169.555 Thread 0x000001fa37730e50 nmethod 41046 0x000001fa234d2590 code [0x000001fa234d2740, 0x000001fa234d2890]
Event: 169.555 Thread 0x000001fa37730e50 41047       2       com.android.tools.r8.dex.H::e (31 bytes)
Event: 169.555 Thread 0x000001fa37730e50 nmethod 41047 0x000001fa23a51290 code [0x000001fa23a51420, 0x000001fa23a51528]
Event: 169.555 Thread 0x000001fa37730e50 41048       2       com.android.tools.r8.dex.L$$Lambda/0x0000000100f367d8::accept (15 bytes)
Event: 169.555 Thread 0x000001fa37730e50 nmethod 41048 0x000001fa234d2190 code [0x000001fa234d2340, 0x000001fa234d2490]
Event: 169.555 Thread 0x000001fa37730e50 41045       2       com.android.tools.r8.dex.k::a (36 bytes)
Event: 169.556 Thread 0x000001fa37730e50 nmethod 41045 0x000001fa234d1c90 code [0x000001fa234d1e40, 0x000001fa234d2060]
Event: 169.558 Thread 0x000001fa37730e50 41049       2       com.android.tools.r8.dex.L$$Lambda/0x0000000100f359f0::accept (15 bytes)

GC Heap History (20 events):
Event: 103.137 GC heap before
{Heap before GC invocations=81 (full 0):
 garbage-first heap   total 1157120K, used 926201K [0x0000000080000000, 0x0000000100000000)
  region size 1024K, 453 young (463872K), 26 survivors (26624K)
 Metaspace       used 160866K, committed 163264K, reserved 1245184K
  class space    used 19961K, committed 21184K, reserved 1048576K
}
Event: 103.199 GC heap after
{Heap after GC invocations=82 (full 0):
 garbage-first heap   total 1157120K, used 516964K [0x0000000080000000, 0x0000000100000000)
  region size 1024K, 57 young (58368K), 57 survivors (58368K)
 Metaspace       used 160866K, committed 163264K, reserved 1245184K
  class space    used 19961K, committed 21184K, reserved 1048576K
}
Event: 103.911 GC heap before
{Heap before GC invocations=82 (full 0):
 garbage-first heap   total 1157120K, used 837476K [0x0000000080000000, 0x0000000100000000)
  region size 1024K, 371 young (379904K), 57 survivors (58368K)
 Metaspace       used 161378K, committed 163776K, reserved 1245184K
  class space    used 20009K, committed 21248K, reserved 1048576K
}
Event: 103.957 GC heap after
{Heap after GC invocations=83 (full 0):
 garbage-first heap   total 1157120K, used 478720K [0x0000000080000000, 0x0000000100000000)
  region size 1024K, 10 young (10240K), 10 survivors (10240K)
 Metaspace       used 161378K, committed 163776K, reserved 1245184K
  class space    used 20009K, committed 21248K, reserved 1048576K
}
Event: 153.591 GC heap before
{Heap before GC invocations=83 (full 0):
 garbage-first heap   total 1157120K, used 956927K [0x0000000080000000, 0x0000000100000000)
  region size 1024K, 469 young (480256K), 10 survivors (10240K)
 Metaspace       used 166794K, committed 169344K, reserved 1245184K
  class space    used 20640K, committed 21952K, reserved 1048576K
}
Event: 153.863 GC heap after
{Heap after GC invocations=84 (full 0):
 garbage-first heap   total 1157120K, used 520636K [0x0000000080000000, 0x0000000100000000)
  region size 1024K, 47 young (48128K), 47 survivors (48128K)
 Metaspace       used 166794K, committed 169344K, reserved 1245184K
  class space    used 20640K, committed 21952K, reserved 1048576K
}
Event: 156.476 GC heap before
{Heap before GC invocations=85 (full 0):
 garbage-first heap   total 1157120K, used 511420K [0x0000000080000000, 0x0000000100000000)
  region size 1024K, 206 young (210944K), 47 survivors (48128K)
 Metaspace       used 167063K, committed 169536K, reserved 1245184K
  class space    used 20656K, committed 21952K, reserved 1048576K
}
Event: 157.072 GC heap after
{Heap after GC invocations=86 (full 0):
 garbage-first heap   total 1157120K, used 370688K [0x0000000080000000, 0x0000000100000000)
  region size 1024K, 26 young (26624K), 26 survivors (26624K)
 Metaspace       used 167063K, committed 169536K, reserved 1245184K
  class space    used 20656K, committed 21952K, reserved 1048576K
}
Event: 162.023 GC heap before
{Heap before GC invocations=86 (full 0):
 garbage-first heap   total 1157120K, used 975872K [0x0000000080000000, 0x0000000100000000)
  region size 1024K, 618 young (632832K), 26 survivors (26624K)
 Metaspace       used 167819K, committed 170304K, reserved 1245184K
  class space    used 20688K, committed 22016K, reserved 1048576K
}
Event: 162.165 GC heap after
{Heap after GC invocations=87 (full 0):
 garbage-first heap   total 1157120K, used 324096K [0x0000000080000000, 0x0000000100000000)
  region size 1024K, 48 young (49152K), 48 survivors (49152K)
 Metaspace       used 167819K, committed 170304K, reserved 1245184K
  class space    used 20688K, committed 22016K, reserved 1048576K
}
Event: 162.178 GC heap before
{Heap before GC invocations=87 (full 0):
 garbage-first heap   total 1157120K, used 331264K [0x0000000080000000, 0x0000000100000000)
  region size 1024K, 56 young (57344K), 48 survivors (49152K)
 Metaspace       used 167826K, committed 170368K, reserved 1245184K
  class space    used 20688K, committed 22016K, reserved 1048576K
}
Event: 162.266 GC heap after
{Heap after GC invocations=88 (full 0):
 garbage-first heap   total 1157120K, used 328704K [0x0000000080000000, 0x0000000100000000)
  region size 1024K, 4 young (4096K), 4 survivors (4096K)
 Metaspace       used 167826K, committed 170368K, reserved 1245184K
  class space    used 20688K, committed 22016K, reserved 1048576K
}
Event: 165.612 GC heap before
{Heap before GC invocations=89 (full 0):
 garbage-first heap   total 1044480K, used 647167K [0x0000000080000000, 0x0000000100000000)
  region size 1024K, 328 young (335872K), 4 survivors (4096K)
 Metaspace       used 169774K, committed 172288K, reserved 1245184K
  class space    used 20812K, committed 22144K, reserved 1048576K
}
Event: 165.788 GC heap after
{Heap after GC invocations=90 (full 0):
 garbage-first heap   total 1044480K, used 318976K [0x0000000080000000, 0x0000000100000000)
  region size 1024K, 10 young (10240K), 10 survivors (10240K)
 Metaspace       used 169774K, committed 172288K, reserved 1245184K
  class space    used 20812K, committed 22144K, reserved 1048576K
}
Event: 166.958 GC heap before
{Heap before GC invocations=90 (full 0):
 garbage-first heap   total 1044480K, used 934400K [0x0000000080000000, 0x0000000100000000)
  region size 1024K, 612 young (626688K), 10 survivors (10240K)
 Metaspace       used 172870K, committed 175360K, reserved 1245184K
  class space    used 21127K, committed 22400K, reserved 1048576K
}
Event: 166.995 GC heap after
{Heap after GC invocations=91 (full 0):
 garbage-first heap   total 1044480K, used 331184K [0x0000000080000000, 0x0000000100000000)
  region size 1024K, 26 young (26624K), 26 survivors (26624K)
 Metaspace       used 172870K, committed 175360K, reserved 1245184K
  class space    used 21127K, committed 22400K, reserved 1048576K
}
Event: 168.838 GC heap before
{Heap before GC invocations=91 (full 0):
 garbage-first heap   total 1044480K, used 930224K [0x0000000080000000, 0x0000000100000000)
  region size 1024K, 612 young (626688K), 26 survivors (26624K)
 Metaspace       used 175885K, committed 178432K, reserved 1245184K
  class space    used 21466K, committed 22784K, reserved 1048576K
}
Event: 169.002 GC heap after
{Heap after GC invocations=92 (full 0):
 garbage-first heap   total 1044480K, used 340387K [0x0000000080000000, 0x0000000100000000)
  region size 1024K, 60 young (61440K), 60 survivors (61440K)
 Metaspace       used 175885K, committed 178432K, reserved 1245184K
  class space    used 21466K, committed 22784K, reserved 1048576K
}
Event: 169.003 GC heap before
{Heap before GC invocations=92 (full 0):
 garbage-first heap   total 1044480K, used 341411K [0x0000000080000000, 0x0000000100000000)
  region size 1024K, 61 young (62464K), 60 survivors (61440K)
 Metaspace       used 175885K, committed 178432K, reserved 1245184K
  class space    used 21466K, committed 22784K, reserved 1048576K
}
Event: 169.145 GC heap after
{Heap after GC invocations=93 (full 0):
 garbage-first heap   total 1044480K, used 343552K [0x0000000080000000, 0x0000000100000000)
  region size 1024K, 3 young (3072K), 3 survivors (3072K)
 Metaspace       used 175885K, committed 178432K, reserved 1245184K
  class space    used 21466K, committed 22784K, reserved 1048576K
}

Dll operation events (3 events):
Event: 0.013 Loaded shared library C:\Program Files\Android\Android Studio1\jbr\bin\java.dll
Event: 0.017 Loaded shared library C:\Program Files\Android\Android Studio1\jbr\bin\zip.dll
Event: 12.940 Loaded shared library C:\Program Files\Android\Android Studio1\jbr\bin\verify.dll

Deoptimization events (20 events):
Event: 168.694 Thread 0x000001fa416ab420 DEOPT PACKING pc=0x000001fa231ad81c sp=0x000000b3f37fcdf0
Event: 168.694 Thread 0x000001fa416ab420 DEOPT UNPACKING pc=0x000001fa29d788e2 sp=0x000000b3f37fc2d8 mode 0
Event: 168.694 Thread 0x000001fa416ab420 DEOPT PACKING pc=0x000001fa24cb6b25 sp=0x000000b3f37fcdd0
Event: 168.694 Thread 0x000001fa416ab420 DEOPT UNPACKING pc=0x000001fa29d788e2 sp=0x000000b3f37fc2c0 mode 0
Event: 168.699 Thread 0x000001fa416ab420 DEOPT PACKING pc=0x000001fa25f57d24 sp=0x000000b3f37fd090
Event: 168.699 Thread 0x000001fa416ab420 DEOPT UNPACKING pc=0x000001fa29d788e2 sp=0x000000b3f37fc5a0 mode 0
Event: 168.703 Thread 0x000001fa416ab420 DEOPT PACKING pc=0x000001fa24cb6b25 sp=0x000000b3f37fcde0
Event: 168.703 Thread 0x000001fa416ab420 DEOPT UNPACKING pc=0x000001fa29d788e2 sp=0x000000b3f37fc2d0 mode 0
Event: 168.712 Thread 0x000001fa3f85f9c0 DEOPT PACKING pc=0x000001fa24c47c79 sp=0x000000b3f67fd4d0
Event: 168.712 Thread 0x000001fa3f85f9c0 DEOPT UNPACKING pc=0x000001fa29d788e2 sp=0x000000b3f67fca88 mode 0
Event: 168.713 Thread 0x000001fa416ab420 DEOPT PACKING pc=0x000001fa231ad81c sp=0x000000b3f37fcdf0
Event: 168.713 Thread 0x000001fa416ab420 DEOPT UNPACKING pc=0x000001fa29d788e2 sp=0x000000b3f37fc2d8 mode 0
Event: 168.713 Thread 0x000001fa416ab420 DEOPT PACKING pc=0x000001fa25f57d24 sp=0x000000b3f37fd090
Event: 168.713 Thread 0x000001fa416ab420 DEOPT UNPACKING pc=0x000001fa29d788e2 sp=0x000000b3f37fc5a0 mode 0
Event: 168.716 Thread 0x000001fa416ab420 DEOPT PACKING pc=0x000001fa24cb6b25 sp=0x000000b3f37fcdd0
Event: 168.717 Thread 0x000001fa416ab420 DEOPT UNPACKING pc=0x000001fa29d788e2 sp=0x000000b3f37fc2c0 mode 0
Event: 169.253 Thread 0x000001fa3f85f9c0 DEOPT PACKING pc=0x000001fa24c47c79 sp=0x000000b3f67fd500
Event: 169.253 Thread 0x000001fa3f85f9c0 DEOPT UNPACKING pc=0x000001fa29d788e2 sp=0x000000b3f67fcab0 mode 0
Event: 169.528 Thread 0x000001fa37a34190 DEOPT PACKING pc=0x000001fa24c47c79 sp=0x000000b3f6ffd2d0
Event: 169.528 Thread 0x000001fa37a34190 DEOPT UNPACKING pc=0x000001fa29d788e2 sp=0x000000b3f6ffc880 mode 0

Classes loaded (20 events):
Event: 150.106 Loading class java/lang/runtime/ObjectMethods$1
Event: 150.107 Loading class java/lang/runtime/ObjectMethods$1 done
Event: 150.117 Loading class java/lang/invoke/DirectMethodHandle$1
Event: 150.118 Loading class java/lang/invoke/DirectMethodHandle$1 done
Event: 150.489 Loading class java/util/DualPivotQuicksort
Event: 150.491 Loading class java/util/DualPivotQuicksort done
Event: 152.906 Loading class java/time/Ser
Event: 152.907 Loading class java/time/Ser done
Event: 158.630 Loading class java/util/zip/Deflater
Event: 158.690 Loading class java/util/zip/Deflater done
Event: 158.713 Loading class java/util/zip/Deflater$DeflaterZStreamRef
Event: 158.724 Loading class java/util/zip/Deflater$DeflaterZStreamRef done
Event: 158.732 Loading class java/util/zip/ZipOutputStream$XEntry
Event: 158.736 Loading class java/util/zip/ZipOutputStream$XEntry done
Event: 166.217 Loading class sun/nio/cs/US_ASCII$Decoder
Event: 166.220 Loading class sun/nio/cs/US_ASCII$Decoder done
Event: 166.239 Loading class java/io/SequenceInputStream
Event: 166.242 Loading class java/io/SequenceInputStream done
Event: 168.099 Loading class java/util/Comparators$NaturalOrderComparator
Event: 168.116 Loading class java/util/Comparators$NaturalOrderComparator done

Classes unloaded (20 events):
Event: 163.128 Thread 0x000001fa3757e6c0 Unloading class 0x00000001014eba98 'kotlin/Lazy'
Event: 163.128 Thread 0x000001fa3757e6c0 Unloading class 0x00000001014eb828 'kotlin/NoWhenBranchMatchedException'
Event: 163.128 Thread 0x000001fa3757e6c0 Unloading class 0x00000001014eb610 'kotlin/LazyKt'
Event: 163.128 Thread 0x000001fa3757e6c0 Unloading class 0x00000001014eb3f8 'kotlin/LazyKt__LazyKt'
Event: 163.128 Thread 0x000001fa3757e6c0 Unloading class 0x00000001014eb1e0 'kotlin/LazyKt__LazyJVMKt'
Event: 163.128 Thread 0x000001fa3757e6c0 Unloading class 0x00000001014eaf88 'androidx/room/compiler/processing/javac/JavacBasicAnnotationProcessor$xEnv$2'
Event: 163.128 Thread 0x000001fa3757e6c0 Unloading class 0x00000001014ead50 'kotlin/jvm/internal/Lambda'
Event: 163.128 Thread 0x000001fa3757e6c0 Unloading class 0x00000001014eab40 'kotlin/jvm/internal/FunctionBase'
Event: 163.128 Thread 0x000001fa3757e6c0 Unloading class 0x00000001014ea930 'kotlin/jvm/functions/Function0'
Event: 163.128 Thread 0x000001fa3757e6c0 Unloading class 0x00000001014ea6c0 'kotlin/UninitializedPropertyAccessException'
Event: 163.128 Thread 0x000001fa3757e6c0 Unloading class 0x00000001014ea448 'kotlin/KotlinNullPointerException'
Event: 163.128 Thread 0x000001fa3757e6c0 Unloading class 0x00000001014ea230 'kotlin/jvm/internal/Intrinsics'
Event: 163.128 Thread 0x000001fa3757e6c0 Unloading class 0x00000001014ea000 'androidx/room/RoomProcessor$$Lambda+0x00000001014ea000'
Event: 163.128 Thread 0x000001fa3757e6c0 Unloading class 0x00000001014e9c10 'androidx/room/compiler/processing/XProcessingEnvConfig'
Event: 163.128 Thread 0x000001fa3757e6c0 Unloading class 0x00000001014e9a00 'kotlin/jvm/functions/Function1'
Event: 163.128 Thread 0x000001fa3757e6c0 Unloading class 0x00000001014e97f0 'kotlin/Function'
Event: 163.128 Thread 0x000001fa3757e6c0 Unloading class 0x00000001014e9500 'androidx/room/RoomProcessor'
Event: 163.128 Thread 0x000001fa3757e6c0 Unloading class 0x00000001014e9210 'androidx/room/compiler/processing/javac/JavacBasicAnnotationProcessor'
Event: 163.128 Thread 0x000001fa3757e6c0 Unloading class 0x00000001014e9000 'androidx/room/compiler/processing/XBasicAnnotationProcessor'
Event: 163.128 Thread 0x000001fa3757e6c0 Unloading class 0x00000001014e8400 'com/bumptech/glide/annotation/compiler/GlideAnnotationProcessor'

Classes redefined (0 events):
No events

Internal exceptions (20 events):
Event: 169.509 Thread 0x000001fa3f85f9c0 Exception <a 'sun/nio/fs/WindowsException'{0x00000000c24fa780}> (0x00000000c24fa780) 
thrown [s\src\hotspot\share\prims\jni.cpp, line 535]
Event: 169.510 Thread 0x000001fa3f85f9c0 Exception <a 'sun/nio/fs/WindowsException'{0x00000000c238ec88}> (0x00000000c238ec88) 
thrown [s\src\hotspot\share\prims\jni.cpp, line 535]
Event: 169.513 Thread 0x000001fa416ab420 Exception <a 'sun/nio/fs/WindowsException'{0x00000000fbff1310}> (0x00000000fbff1310) 
thrown [s\src\hotspot\share\prims\jni.cpp, line 535]
Event: 169.516 Thread 0x000001fa416aa070 Exception <a 'sun/nio/fs/WindowsException'{0x00000000c2597c90}> (0x00000000c2597c90) 
thrown [s\src\hotspot\share\prims\jni.cpp, line 535]
Event: 169.519 Thread 0x000001fa416aa070 Exception <a 'sun/nio/fs/WindowsException'{0x00000000c21281c0}> (0x00000000c21281c0) 
thrown [s\src\hotspot\share\prims\jni.cpp, line 535]
Event: 169.525 Thread 0x000001fa37a34190 Exception <a 'sun/nio/fs/WindowsException'{0x00000000c21a7d00}> (0x00000000c21a7d00) 
thrown [s\src\hotspot\share\prims\jni.cpp, line 535]
Event: 169.526 Thread 0x000001fa37a34190 Exception <a 'sun/nio/fs/WindowsException'{0x00000000c2013b00}> (0x00000000c2013b00) 
thrown [s\src\hotspot\share\prims\jni.cpp, line 535]
Event: 169.530 Thread 0x000001fa37a34190 Exception <a 'sun/nio/fs/WindowsException'{0x00000000c20f19d0}> (0x00000000c20f19d0) 
thrown [s\src\hotspot\share\prims\jni.cpp, line 535]
Event: 169.531 Thread 0x000001fa3f85f9c0 Exception <a 'sun/nio/fs/WindowsException'{0x00000000c239aef8}> (0x00000000c239aef8) 
thrown [s\src\hotspot\share\prims\jni.cpp, line 535]
Event: 169.536 Thread 0x000001fa37a34190 Exception <a 'sun/nio/fs/WindowsException'{0x00000000c20f7a48}> (0x00000000c20f7a48) 
thrown [s\src\hotspot\share\prims\jni.cpp, line 535]
Event: 169.537 Thread 0x000001fa416ab420 Exception <a 'sun/nio/fs/WindowsException'{0x00000000fbffa178}> (0x00000000fbffa178) 
thrown [s\src\hotspot\share\prims\jni.cpp, line 535]
Event: 169.546 Thread 0x000001fa416ab420 Exception <a 'sun/nio/fs/WindowsException'{0x00000000c1fc4700}> (0x00000000c1fc4700) 
thrown [s\src\hotspot\share\prims\jni.cpp, line 535]
Event: 169.547 Thread 0x000001fa416aa070 Exception <a 'sun/nio/fs/WindowsException'{0x00000000c213caa8}> (0x00000000c213caa8) 
thrown [s\src\hotspot\share\prims\jni.cpp, line 535]
Event: 169.549 Thread 0x000001fa3f85f9c0 Exception <a 'sun/nio/fs/WindowsException'{0x00000000c239fd80}> (0x00000000c239fd80) 
thrown [s\src\hotspot\share\prims\jni.cpp, line 535]
Event: 169.549 Thread 0x000001fa37a34190 Exception <a 'sun/nio/fs/WindowsException'{0x00000000c1edb8f8}> (0x00000000c1edb8f8) 
thrown [s\src\hotspot\share\prims\jni.cpp, line 535]
Event: 169.549 Thread 0x000001fa3f85f9c0 Exception <a 'sun/nio/fs/WindowsException'{0x00000000c23a85c8}> (0x00000000c23a85c8) 
thrown [s\src\hotspot\share\prims\jni.cpp, line 535]
Event: 169.552 Thread 0x000001fa416ab420 Exception <a 'sun/nio/fs/WindowsException'{0x00000000c1fcb1f8}> (0x00000000c1fcb1f8) 
thrown [s\src\hotspot\share\prims\jni.cpp, line 535]
Event: 169.552 Thread 0x000001fa3f85f9c0 Exception <a 'sun/nio/fs/WindowsException'{0x00000000c1df0ce0}> (0x00000000c1df0ce0) 
thrown [s\src\hotspot\share\prims\jni.cpp, line 535]
Event: 169.553 Thread 0x000001fa416ab420 Exception <a 'sun/nio/fs/WindowsException'{0x00000000c1fd4048}> (0x00000000c1fd4048) 
thrown [s\src\hotspot\share\prims\jni.cpp, line 535]
Event: 169.556 Thread 0x000001fa416ab420 Exception <a 'sun/nio/fs/WindowsException'{0x00000000c1fe4ed0}> (0x00000000c1fe4ed0) 
thrown [s\src\hotspot\share\prims\jni.cpp, line 535]

ZGC Phase Switch (0 events):
No events

VM Operations (20 events):
Event: 166.955 Executing VM operation: ICBufferFull
Event: 166.956 Executing VM operation: ICBufferFull done
Event: 166.958 Executing VM operation: G1CollectForAllocation (G1 Evacuation Pause)
Event: 166.995 Executing VM operation: G1CollectForAllocation (G1 Evacuation Pause) done
Event: 167.297 Executing VM operation: ICBufferFull
Event: 167.297 Executing VM operation: ICBufferFull done
Event: 167.437 Executing VM operation: HandshakeAllThreads (Deoptimize)
Event: 167.437 Executing VM operation: HandshakeAllThreads (Deoptimize) done
Event: 167.656 Executing VM operation: ICBufferFull
Event: 167.657 Executing VM operation: ICBufferFull done
Event: 167.925 Executing VM operation: ICBufferFull
Event: 167.925 Executing VM operation: ICBufferFull done
Event: 168.071 Executing VM operation: ICBufferFull
Event: 168.072 Executing VM operation: ICBufferFull done
Event: 168.390 Executing VM operation: ICBufferFull
Event: 168.390 Executing VM operation: ICBufferFull done
Event: 168.838 Executing VM operation: G1CollectForAllocation (G1 Evacuation Pause)
Event: 169.002 Executing VM operation: G1CollectForAllocation (G1 Evacuation Pause) done
Event: 169.003 Executing VM operation: G1CollectForAllocation (G1 Evacuation Pause)
Event: 169.145 Executing VM operation: G1CollectForAllocation (G1 Evacuation Pause) done

Memory protections (0 events):
No events

Nmethod flushes (20 events):
Event: 163.584 Thread 0x000001fa3757e6c0 flushing  nmethod 0x000001fa24e90590
Event: 163.584 Thread 0x000001fa3757e6c0 flushing  nmethod 0x000001fa24e92790
Event: 163.584 Thread 0x000001fa3757e6c0 flushing  nmethod 0x000001fa24e92b10
Event: 163.584 Thread 0x000001fa3757e6c0 flushing  nmethod 0x000001fa24e93790
Event: 163.584 Thread 0x000001fa3757e6c0 flushing  nmethod 0x000001fa24f0e890
Event: 163.584 Thread 0x000001fa3757e6c0 flushing  nmethod 0x000001fa24f13190
Event: 163.584 Thread 0x000001fa3757e6c0 flushing  nmethod 0x000001fa24f15210
Event: 163.584 Thread 0x000001fa3757e6c0 flushing  nmethod 0x000001fa24f57f90
Event: 163.584 Thread 0x000001fa3757e6c0 flushing  nmethod 0x000001fa24fc2810
Event: 163.584 Thread 0x000001fa3757e6c0 flushing  nmethod 0x000001fa25165710
Event: 163.584 Thread 0x000001fa3757e6c0 flushing  nmethod 0x000001fa25299790
Event: 163.584 Thread 0x000001fa3757e6c0 flushing  nmethod 0x000001fa2529a110
Event: 163.584 Thread 0x000001fa3757e6c0 flushing  nmethod 0x000001fa2529d210
Event: 163.584 Thread 0x000001fa3757e6c0 flushing  nmethod 0x000001fa252cb910
Event: 163.584 Thread 0x000001fa3757e6c0 flushing  nmethod 0x000001fa252cc290
Event: 163.584 Thread 0x000001fa3757e6c0 flushing  nmethod 0x000001fa252d0a10
Event: 163.584 Thread 0x000001fa3757e6c0 flushing osr nmethod 0x000001fa252d3090
Event: 163.584 Thread 0x000001fa3757e6c0 flushing  nmethod 0x000001fa252d8290
Event: 163.584 Thread 0x000001fa3757e6c0 flushing  nmethod 0x000001fa252d9310
Event: 163.584 Thread 0x000001fa3757e6c0 flushing  nmethod 0x000001fa2535f590

Events (20 events):
Event: 147.538 Thread 0x000001fa37730e50 Thread added: 0x000001fa3efb61c0
Event: 148.356 Thread 0x000001fa3efb61c0 Thread exited: 0x000001fa3efb61c0
Event: 149.004 Thread 0x000001fa37730e50 Thread added: 0x000001fa3efb3fb0
Event: 149.004 Thread 0x000001fa37730e50 Thread added: 0x000001fa3efb83d0
Event: 150.482 Thread 0x000001fa3fb0c320 Thread added: 0x000001fa40d1ef70
Event: 150.482 Thread 0x000001fa3fb0c320 Thread added: 0x000001fa40d209b0
Event: 150.482 Thread 0x000001fa3fb0c320 Thread added: 0x000001fa40d24b50
Event: 150.482 Thread 0x000001fa3fb0c320 Thread added: 0x000001fa40d25f00
Event: 150.483 Thread 0x000001fa3fb0c320 Thread added: 0x000001fa40d251e0
Event: 150.483 Thread 0x000001fa3fb0c320 Thread added: 0x000001fa40d21040
Event: 151.016 Thread 0x000001fa3efb83d0 Thread exited: 0x000001fa3efb83d0
Event: 151.016 Thread 0x000001fa3efb3fb0 Thread exited: 0x000001fa3efb3fb0
Event: 152.659 Thread 0x000001fa37730e50 Thread added: 0x000001fa3efb3fb0
Event: 152.939 Thread 0x000001fa37730e50 Thread added: 0x000001fa3efb61c0
Event: 153.351 Thread 0x000001fa41cef580 Thread added: 0x000001fa40d25870
Event: 154.135 Thread 0x000001fa42e3d1e0 Thread exited: 0x000001fa42e3d1e0
Event: 156.334 Thread 0x000001fa416ac7d0 Thread exited: 0x000001fa416ac7d0
Event: 167.691 Thread 0x000001fa48e6b590 Thread added: 0x000001fa497ef770
Event: 167.788 Thread 0x000001fa3f85f330 Thread added: 0x000001fa497f1840
Event: 167.936 Thread 0x000001fa4b160ef0 Thread added: 0x000001fa497ee3c0


Dynamic libraries:
0x00007ff6d8730000 - 0x00007ff6d873a000 	C:\Program Files\Android\Android Studio1\jbr\bin\java.exe
0x00007fffd1970000 - 0x00007fffd1b68000 	C:\Windows\SYSTEM32\ntdll.dll
0x00007fffd1830000 - 0x00007fffd18f2000 	C:\Windows\System32\KERNEL32.DLL
0x00007fffcf460000 - 0x00007fffcf756000 	C:\Windows\System32\KERNELBASE.dll
0x00007fffcf1f0000 - 0x00007fffcf2f0000 	C:\Windows\System32\ucrtbase.dll
0x00007fffc7f10000 - 0x00007fffc7f2b000 	C:\Program Files\Android\Android Studio1\jbr\bin\VCRUNTIME140.dll
0x00007fffbc8a0000 - 0x00007fffbc8b8000 	C:\Program Files\Android\Android Studio1\jbr\bin\jli.dll
0x00007fffd0720000 - 0x00007fffd08bd000 	C:\Windows\System32\USER32.dll
0x00007fffcf1c0000 - 0x00007fffcf1e2000 	C:\Windows\System32\win32u.dll
0x00007fffb7430000 - 0x00007fffb76cb000 	C:\Windows\WinSxS\amd64_microsoft.windows.common-controls_6595b64144ccf1df_6.0.19041.6280_none_60bc30a171f2f3f3\COMCTL32.dll
0x00007fffd17f0000 - 0x00007fffd181b000 	C:\Windows\System32\GDI32.dll
0x00007fffd0a00000 - 0x00007fffd0a9e000 	C:\Windows\System32\msvcrt.dll
0x00007fffcf850000 - 0x00007fffcf969000 	C:\Windows\System32\gdi32full.dll
0x00007fffcf760000 - 0x00007fffcf7fd000 	C:\Windows\System32\msvcp_win.dll
0x00007fffcfbe0000 - 0x00007fffcfc0f000 	C:\Windows\System32\IMM32.DLL
0x00007fffca9a0000 - 0x00007fffca9ac000 	C:\Program Files\Android\Android Studio1\jbr\bin\vcruntime140_1.dll
0x00007fffa9060000 - 0x00007fffa90ed000 	C:\Program Files\Android\Android Studio1\jbr\bin\msvcp140.dll
0x00007fff6d6e0000 - 0x00007fff6e36a000 	C:\Program Files\Android\Android Studio1\jbr\bin\server\jvm.dll
0x00007fffd1600000 - 0x00007fffd16b1000 	C:\Windows\System32\ADVAPI32.dll
0x00007fffcfb40000 - 0x00007fffcfbdf000 	C:\Windows\System32\sechost.dll
0x00007fffd08e0000 - 0x00007fffd0a00000 	C:\Windows\System32\RPCRT4.dll
0x00007fffcf430000 - 0x00007fffcf457000 	C:\Windows\System32\bcrypt.dll
0x00007fffd0aa0000 - 0x00007fffd0b0b000 	C:\Windows\System32\WS2_32.dll
0x00007fffce570000 - 0x00007fffce5bb000 	C:\Windows\SYSTEM32\POWRPROF.dll
0x00007fffc9a60000 - 0x00007fffc9a6a000 	C:\Windows\SYSTEM32\VERSION.dll
0x00007fffc5360000 - 0x00007fffc5387000 	C:\Windows\SYSTEM32\WINMM.dll
0x00007fffce3e0000 - 0x00007fffce3f2000 	C:\Windows\SYSTEM32\UMPDC.dll
0x00007fffcd800000 - 0x00007fffcd812000 	C:\Windows\SYSTEM32\kernel.appcore.dll
0x00007fffc9ba0000 - 0x00007fffc9baa000 	C:\Program Files\Android\Android Studio1\jbr\bin\jimage.dll
0x00007fffcd4d0000 - 0x00007fffcd6d1000 	C:\Windows\SYSTEM32\DBGHELP.DLL
0x00007fffae6e0000 - 0x00007fffae714000 	C:\Windows\SYSTEM32\dbgcore.DLL
0x00007fffcf3a0000 - 0x00007fffcf422000 	C:\Windows\System32\bcryptPrimitives.dll
0x00007fffbc860000 - 0x00007fffbc86e000 	C:\Program Files\Android\Android Studio1\jbr\bin\instrument.dll
0x00007fffc7ef0000 - 0x00007fffc7f10000 	C:\Program Files\Android\Android Studio1\jbr\bin\java.dll
0x00007fffbc9e0000 - 0x00007fffbc9f8000 	C:\Program Files\Android\Android Studio1\jbr\bin\zip.dll
0x00007fffcfc90000 - 0x00007fffd0400000 	C:\Windows\System32\SHELL32.dll
0x00007fffccc60000 - 0x00007fffcd405000 	C:\Windows\SYSTEM32\windows.storage.dll
0x00007fffd11c0000 - 0x00007fffd1513000 	C:\Windows\System32\combase.dll
0x00007fffcea10000 - 0x00007fffcea3b000 	C:\Windows\SYSTEM32\Wldp.dll
0x00007fffd16c0000 - 0x00007fffd178d000 	C:\Windows\System32\OLEAUT32.dll
0x00007fffd0400000 - 0x00007fffd04ad000 	C:\Windows\System32\SHCORE.dll
0x00007fffd0b30000 - 0x00007fffd0b8b000 	C:\Windows\System32\shlwapi.dll
0x00007fffcef10000 - 0x00007fffcef34000 	C:\Windows\SYSTEM32\profapi.dll
0x00007fffbc9d0000 - 0x00007fffbc9e0000 	C:\Program Files\Android\Android Studio1\jbr\bin\net.dll
0x00007fffcb2e0000 - 0x00007fffcb3ea000 	C:\Windows\SYSTEM32\WINHTTP.dll
0x00007fffce770000 - 0x00007fffce7da000 	C:\Windows\system32\mswsock.dll
0x00007fffbc7c0000 - 0x00007fffbc7d6000 	C:\Program Files\Android\Android Studio1\jbr\bin\nio.dll
0x00007fffb6df0000 - 0x00007fffb6e00000 	C:\Program Files\Android\Android Studio1\jbr\bin\verify.dll
0x00007fff31720000 - 0x00007fff31747000 	C:\Users\77012\.gradle\native\c067742578af261105cb4f569cf0c3c89f3d7b1fecec35dd04571415982c5e48\windows-amd64\native-platform.dll
0x00007fff995f0000 - 0x00007fff99734000 	C:\Users\77012\.gradle\native\100fb08df4bc3b14c8652ba06237920a3bd2aa13389f12d3474272988ae205f9\windows-amd64\native-platform-file-events.dll
0x00007fffbc790000 - 0x00007fffbc799000 	C:\Program Files\Android\Android Studio1\jbr\bin\management.dll
0x00007fffbc690000 - 0x00007fffbc69b000 	C:\Program Files\Android\Android Studio1\jbr\bin\management_ext.dll
0x00007fffd1820000 - 0x00007fffd1828000 	C:\Windows\System32\PSAPI.DLL
0x00007fffce970000 - 0x00007fffce988000 	C:\Windows\SYSTEM32\CRYPTSP.dll
0x00007fffce020000 - 0x00007fffce058000 	C:\Windows\system32\rsaenh.dll
0x00007fffcee90000 - 0x00007fffceebe000 	C:\Windows\SYSTEM32\USERENV.dll
0x00007fffce960000 - 0x00007fffce96c000 	C:\Windows\SYSTEM32\CRYPTBASE.dll
0x00007fffce400000 - 0x00007fffce43b000 	C:\Windows\SYSTEM32\IPHLPAPI.DLL
0x00007fffd08d0000 - 0x00007fffd08d8000 	C:\Windows\System32\NSI.dll
0x00007fffbc9c0000 - 0x00007fffbc9c9000 	C:\Program Files\Android\Android Studio1\jbr\bin\extnet.dll
0x00007fffa49d0000 - 0x00007fffa49d7000 	C:\Windows\system32\wshunix.dll
0x00007fffce270000 - 0x00007fffce2a3000 	C:\Windows\SYSTEM32\ntmarta.dll
0x00007fffb2630000 - 0x00007fffb2647000 	C:\Windows\system32\napinsp.dll
0x00007fffb21e0000 - 0x00007fffb21fb000 	C:\Windows\system32\pnrpnsp.dll
0x00007fffcb2a0000 - 0x00007fffcb2bd000 	C:\Windows\system32\wshbth.dll
0x00007fffcb3f0000 - 0x00007fffcb40d000 	C:\Windows\system32\NLAapi.dll
0x00007fffce440000 - 0x00007fffce50a000 	C:\Windows\SYSTEM32\DNSAPI.dll
0x00007fffae750000 - 0x00007fffae762000 	C:\Windows\System32\winrnr.dll
0x00007fffc9a90000 - 0x00007fffc9a9a000 	C:\Windows\System32\rasadhlp.dll
0x00007fffc8ac0000 - 0x00007fffc8b40000 	C:\Windows\System32\fwpuclnt.dll
0x00007fffb2b20000 - 0x00007fffb2b27000 	C:\Program Files\Android\Android Studio1\jbr\bin\rmi.dll
0x00007fff97880000 - 0x00007fff97969000 	C:\Users\77012\AppData\Local\Temp\sqlite-3.41.2.2-1a16f3f3-c946-40f1-bb33-858b91e18dca-sqlitejdbc.dll

dbghelp: loaded successfully - version: 4.0.5 - missing functions: none
symbol engine: initialized successfully - sym options: 0x614 - pdb path: .;C:\Program Files\Android\Android Studio1\jbr\bin;C:\Windows\SYSTEM32;C:\Windows\WinSxS\amd64_microsoft.windows.common-controls_6595b64144ccf1df_6.0.19041.6280_none_60bc30a171f2f3f3;C:\Program Files\Android\Android Studio1\jbr\bin\server;C:\Users\77012\.gradle\native\c067742578af261105cb4f569cf0c3c89f3d7b1fecec35dd04571415982c5e48\windows-amd64;C:\Users\77012\.gradle\native\100fb08df4bc3b14c8652ba06237920a3bd2aa13389f12d3474272988ae205f9\windows-amd64;C:\Users\77012\AppData\Local\Temp

VM Arguments:
jvm_args: --add-opens=java.base/java.lang=ALL-UNNAMED --add-opens=java.base/java.lang.invoke=ALL-UNNAMED --add-opens=java.base/java.util=ALL-UNNAMED --add-opens=java.prefs/java.util.prefs=ALL-UNNAMED --add-exports=jdk.compiler/com.sun.tools.javac.api=ALL-UNNAMED --add-exports=jdk.compiler/com.sun.tools.javac.util=ALL-UNNAMED --add-opens=java.base/java.util=ALL-UNNAMED --add-opens=java.prefs/java.util.prefs=ALL-UNNAMED --add-opens=java.base/java.nio.charset=ALL-UNNAMED --add-opens=java.base/java.net=ALL-UNNAMED --add-opens=java.base/java.util.concurrent.atomic=ALL-UNNAMED --add-opens=java.xml/javax.xml.namespace=ALL-UNNAMED -Xmx2048m -Dfile.encoding=UTF-8 -Duser.country=RU -Duser.language=ru -Duser.variant -javaagent:C:\Users\77012\.gradle\wrapper\dists\gradle-8.11.1-bin\bpt9gzteqjrbo1mjrsomdt32c\gradle-8.11.1\lib\agents\gradle-instrumentation-agent-8.11.1.jar 
java_command: org.gradle.launcher.daemon.bootstrap.GradleDaemon 8.11.1
java_class_path (initial): C:\Users\77012\.gradle\wrapper\dists\gradle-8.11.1-bin\bpt9gzteqjrbo1mjrsomdt32c\gradle-8.11.1\lib\gradle-daemon-main-8.11.1.jar
Launcher Type: SUN_STANDARD

[Global flags]
     intx CICompilerCount                          = 4                                         {product} {ergonomic}
     uint ConcGCThreads                            = 2                                         {product} {ergonomic}
     uint G1ConcRefinementThreads                  = 8                                         {product} {ergonomic}
   size_t G1HeapRegionSize                         = 1048576                                   {product} {ergonomic}
    uintx GCDrainStackTargetSize                   = 64                                        {product} {ergonomic}
   size_t InitialHeapSize                          = 130023424                                 {product} {ergonomic}
   size_t MarkStackSize                            = 4194304                                   {product} {ergonomic}
   size_t MaxHeapSize                              = 2147483648                                {product} {command line}
   size_t MaxNewSize                               = 1287651328                                {product} {ergonomic}
   size_t MinHeapDeltaBytes                        = 1048576                                   {product} {ergonomic}
   size_t MinHeapSize                              = 8388608                                   {product} {ergonomic}
    uintx NonNMethodCodeHeapSize                   = 5839372                                {pd product} {ergonomic}
    uintx NonProfiledCodeHeapSize                  = 122909434                              {pd product} {ergonomic}
    uintx ProfiledCodeHeapSize                     = 122909434                              {pd product} {ergonomic}
    uintx ReservedCodeCacheSize                    = 251658240                              {pd product} {ergonomic}
     bool SegmentedCodeCache                       = true                                      {product} {ergonomic}
   size_t SoftMaxHeapSize                          = 2147483648                             {manageable} {ergonomic}
     bool UseCompressedOops                        = true                           {product lp64_product} {ergonomic}
     bool UseG1GC                                  = true                                      {product} {ergonomic}
     bool UseLargePagesIndividualAllocation        = false                                  {pd product} {ergonomic}

Logging:
Log output configuration:
 #0: stdout all=warning uptime,level,tags foldmultilines=false
 #1: stderr all=off uptime,level,tags foldmultilines=false

Environment Variables:
JAVA_HOME=C:\Program Files\Java\jdk-21
PATH=C:\Program Files\Eclipse Adoptium\jdk-11.0.20.8-hotspot\bin;C:\Program Files\Common Files\Oracle\Java\javapath;C:\Windows\system32;C:\Windows;C:\Windows\System32\Wbem;C:\Windows\System32\WindowsPowerShell\v1.0\;C:\Windows\System32\OpenSSH\;C:\Program Files\Gemalto\Classic Client\BIN;C:\Program Files (x86)\Gemalto\Classic Client\BIN;C:\Program Files (x86)\IDEMIA\AWP\Dlls;C:\Program Files\IDEMIA\AWP\Dlls;C:\Program Files (x86)\eParaksts Token Signing\;C:\Program Files\Java\jdk-21\bin;C:\Program Files (x86)\Windows Kits\10\Windows Performance Toolkit\;C:\Program Files\nodejs\;C:\Program Files\Git\cmd;C:\Users\77012\AppData\Local\Microsoft\WindowsApps;C:\Users\77012\AppData\Local\JetBrains\Toolbox\scripts;
USERNAME=77012
OS=Windows_NT
PROCESSOR_IDENTIFIER=Intel64 Family 6 Model 140 Stepping 1, GenuineIntel
TMP=C:\Users\77012\AppData\Local\Temp
TEMP=C:\Users\77012\AppData\Local\Temp




Periodic native trim disabled

JNI global refs:
JNI global refs: 29, weak refs: 10

JNI global refs memory usage: 835, weak refs: 2729

Process memory usage:
Resident Set Size: 1032192K (12% of 8060060K total physical memory with 506088K free physical memory)

OOME stack traces (most recent first):
Classloader memory used:
Loader org.gradle.internal.classloader.VisitableURLClassLoader$InstrumentingVisitableURLClassLoader: 57553K
Loader org.gradle.internal.classloader.VisitableURLClassLoader                         : 41397K
Loader bootstrap                                                                       : 33109K
Loader java.net.URLClassLoader                                                         : 20452K
Loader jdk.internal.loader.ClassLoaders$AppClassLoader                                 : 10487K
Loader org.gradle.initialization.MixInLegacyTypesClassLoader                           : 9975K
Loader jdk.internal.reflect.DelegatingClassLoader                                      : 1838K
Loader jdk.internal.loader.ClassLoaders$PlatformClassLoader                            : 1038K
Loader org.gradle.internal.classloader.VisitableURLClassLoader                         : 44504B
Loader org.codehaus.groovy.runtime.callsite.CallSiteClassLoader                        : 9312B
Loader sun.reflect.misc.MethodUtil                                                     : 2952B

Classes loaded by more than one classloader:
Class kotlin.NotImplementedError                                                      : loaded 4 times (x 78B)
Class kotlin.text.StringsKt__StringsKt                                                : loaded 4 times (x 67B)
Class kotlin.io.CloseableKt                                                           : loaded 4 times (x 67B)
Class kotlin.Pair                                                                     : loaded 4 times (x 68B)
Class kotlin.collections.CollectionsKt                                                : loaded 4 times (x 67B)
Class kotlin.collections.EmptyList                                                    : loaded 4 times (x 170B)
Class kotlin.collections.MapsKt__MapsJVMKt                                            : loaded 4 times (x 67B)
Class kotlin.collections.ArraysKt__ArraysKt                                           : loaded 4 times (x 67B)
Class kotlin.collections.SetsKt__SetsJVMKt                                            : loaded 4 times (x 67B)
Class kotlin.Function                                                                 : loaded 4 times (x 66B)
Class kotlin.collections.CollectionsKt__IteratorsJVMKt                                : loaded 4 times (x 67B)
Class kotlin.comparisons.ComparisonsKt___ComparisonsJvmKt                             : loaded 4 times (x 67B)
Class kotlin.sequences.FilteringSequence$iterator$1                                   : loaded 4 times (x 75B)
Class kotlin.sequences.SequencesKt__SequenceBuilderKt                                 : loaded 4 times (x 67B)
Class kotlin.collections.CollectionsKt__ReversedViewsKt                               : loaded 4 times (x 67B)
Class kotlin.text.StringsKt__StringsJVMKt                                             : loaded 4 times (x 67B)
Class kotlin.jvm.internal.markers.KMappedMarker                                       : loaded 4 times (x 66B)
Class kotlin.collections.SetsKt                                                       : loaded 4 times (x 67B)
Class kotlin.text.StringsKt__IndentKt                                                 : loaded 4 times (x 67B)
Class kotlin.enums.EnumEntriesList                                                    : loaded 4 times (x 219B)
Class kotlin.jvm.internal.FunctionBase                                                : loaded 4 times (x 66B)
Class kotlin.NoWhenBranchMatchedException                                             : loaded 4 times (x 78B)
Class kotlin.Lazy                                                                     : loaded 4 times (x 66B)
Class kotlin.text.StringsKt__StringBuilderKt                                          : loaded 4 times (x 67B)
Class kotlin.jvm.internal.Lambda                                                      : loaded 4 times (x 71B)
Class kotlin.collections.ArraysKt__ArraysJVMKt                                        : loaded 4 times (x 67B)
Class kotlin.collections.MapsKt__MapsKt                                               : loaded 4 times (x 67B)
Class kotlin.UninitializedPropertyAccessException                                     : loaded 4 times (x 78B)
Class kotlin.LazyKt                                                                   : loaded 4 times (x 67B)
Class kotlin.collections.SetsKt__SetsKt                                               : loaded 4 times (x 67B)
Class kotlin._Assertions                                                              : loaded 4 times (x 67B)
Class kotlin.collections.CollectionsKt__CollectionsJVMKt                              : loaded 4 times (x 67B)
Class kotlin.sequences.SequencesKt                                                    : loaded 4 times (x 67B)
Class kotlin.text.StringsKt__RegexExtensionsJVMKt                                     : loaded 4 times (x 67B)
Class kotlin.collections.CollectionsKt__CollectionsKt                                 : loaded 4 times (x 67B)
Class kotlin.collections.ArraysKt                                                     : loaded 4 times (x 67B)
Class kotlin.collections.ArraysKt___ArraysJvmKt                                       : loaded 4 times (x 67B)
Class kotlin.collections.CollectionsKt__IteratorsKt                                   : loaded 4 times (x 67B)
Class kotlin.text.StringsKt                                                           : loaded 4 times (x 67B)
Class kotlin.ranges.RangesKt___RangesKt                                               : loaded 4 times (x 67B)
Class kotlin.KotlinNullPointerException                                               : loaded 4 times (x 79B)
Class kotlin.LazyKt__LazyJVMKt                                                        : loaded 4 times (x 67B)
Class kotlin.collections.CollectionsKt__IterablesKt                                   : loaded 4 times (x 67B)
Class kotlin.collections.MapsKt                                                       : loaded 4 times (x 67B)
Class kotlin.text.StringsKt__StringNumberConversionsKt                                : loaded 4 times (x 67B)
Class kotlin.enums.EnumEntries                                                        : loaded 4 times (x 66B)
Class kotlin.jvm.internal.Intrinsics                                                  : loaded 4 times (x 67B)
Class kotlin.collections.EmptyIterator                                                : loaded 4 times (x 85B)
Class kotlin.SynchronizedLazyImpl                                                     : loaded 4 times (x 72B)
Class kotlin.text.StringsKt___StringsKt                                               : loaded 4 times (x 67B)
Class kotlin.enums.EnumEntriesKt                                                      : loaded 4 times (x 67B)
Class kotlin.text.StringsKt__RegexExtensionsKt                                        : loaded 4 times (x 67B)
Class kotlin.collections.CollectionsKt__MutableCollectionsJVMKt                       : loaded 4 times (x 67B)
Class kotlin.collections.MapsKt__MapWithDefaultKt                                     : loaded 4 times (x 67B)
Class kotlin.sequences.SequencesKt__SequencesJVMKt                                    : loaded 4 times (x 67B)
Class kotlin.collections.ArraysKt___ArraysKt                                          : loaded 4 times (x 67B)
Class kotlin.collections.AbstractList                                                 : loaded 4 times (x 193B)
Class kotlin.collections.MapsKt___MapsKt                                              : loaded 4 times (x 67B)
Class kotlin.collections.AbstractCollection                                           : loaded 4 times (x 113B)
Class kotlin.collections.CollectionsKt__MutableCollectionsKt                          : loaded 4 times (x 67B)
Class kotlin.text.StringsKt___StringsJvmKt                                            : loaded 4 times (x 67B)
Class kotlin.sequences.SequencesKt___SequencesKt                                      : loaded 4 times (x 67B)
Class kotlin.collections.AbstractList$Companion                                       : loaded 4 times (x 67B)
Class kotlin.LazyKt__LazyKt                                                           : loaded 4 times (x 67B)
Class kotlin.text.StringsKt__StringBuilderJVMKt                                       : loaded 4 times (x 67B)
Class kotlin.UNINITIALIZED_VALUE                                                      : loaded 4 times (x 67B)
Class kotlin.comparisons.ComparisonsKt__ComparisonsKt                                 : loaded 4 times (x 67B)
Class kotlin.collections.CollectionsKt___CollectionsKt                                : loaded 4 times (x 67B)
Class kotlin.collections.EmptySet                                                     : loaded 4 times (x 118B)
Class kotlin.ranges.RangesKt__RangesKt                                                : loaded 4 times (x 67B)
Class kotlin.collections.MapsKt___MapsJvmKt                                           : loaded 4 times (x 67B)
Class kotlin.collections.SetsKt___SetsKt                                              : loaded 4 times (x 67B)
Class kotlin.text.StringsKt__StringNumberConversionsJVMKt                             : loaded 4 times (x 67B)
Class kotlin.sequences.Sequence                                                       : loaded 4 times (x 66B)
Class kotlin.text.StringsKt__AppendableKt                                             : loaded 4 times (x 67B)
Class kotlin.sequences.SequencesKt__SequencesKt                                       : loaded 4 times (x 67B)
Class kotlin.comparisons.ComparisonsKt                                                : loaded 4 times (x 67B)
Class kotlin.jvm.functions.Function1                                                  : loaded 4 times (x 66B)
Class kotlin.jvm.functions.Function0                                                  : loaded 4 times (x 66B)
Class kotlin.collections.ArraysUtilJVM                                                : loaded 4 times (x 67B)
Class kotlin.ranges.RangesKt                                                          : loaded 4 times (x 67B)
Class kotlin.sequences.SequencesKt___SequencesJvmKt                                   : loaded 4 times (x 67B)
Class kotlin.comparisons.ComparisonsKt___ComparisonsKt                                : loaded 4 times (x 67B)
Class kotlin.Unit                                                                     : loaded 4 times (x 67B)
Class kotlin.TuplesKt                                                                 : loaded 4 times (x 67B)
Class kotlin.collections.CollectionsKt___CollectionsJvmKt                             : loaded 4 times (x 67B)
Class kotlin.sequences.FilteringSequence                                              : loaded 4 times (x 71B)
Class com.google.common.collect.RegularImmutableMap$Values                            : loaded 3 times (x 203B)
Class kotlin.text.CharsKt__CharJVMKt                                                  : loaded 3 times (x 67B)
Class com.google.common.collect.ImmutableSet                                          : loaded 3 times (x 141B)
Class [Lkotlin.reflect.KCallable;                                                     : loaded 3 times (x 65B)
Class kotlin.jvm.functions.Function2                                                  : loaded 3 times (x 66B)
Class com.google.common.collect.ImmutableEnumMap                                      : loaded 3 times (x 122B)
Class com.google.common.collect.ImmutableMap                                          : loaded 3 times (x 116B)
Class com.google.common.base.Predicate                                                : loaded 3 times (x 66B)
Class kotlin.jvm.functions.Function3                                                  : loaded 3 times (x 66B)
Class [Lcom.google.common.collect.ImmutableMapEntry;                                  : loaded 3 times (x 65B)
Class [Lcom.google.common.collect.AbstractMapEntry;                                   : loaded 3 times (x 65B)
Class com.google.common.collect.ImmutableEntry                                        : loaded 3 times (x 78B)
Class kotlin.annotation.Target                                                        : loaded 3 times (x 66B)
Class kotlin.reflect.KDeclarationContainer                                            : loaded 3 times (x 66B)
Class com.google.common.collect.CollectPreconditions                                  : loaded 3 times (x 67B)
Class com.google.common.collect.Maps$8                                                : loaded 3 times (x 78B)
Class kotlin.annotation.Retention                                                     : loaded 3 times (x 66B)
Class kotlin.io.FilesKt                                                               : loaded 3 times (x 67B)
Class com.google.common.collect.SortedMapDifference                                   : loaded 3 times (x 66B)
Class com.google.common.base.Platform                                                 : loaded 3 times (x 67B)
Class com.google.common.base.Platform$JdkPatternCompiler                              : loaded 3 times (x 71B)
Class com.google.common.collect.ImmutableSet$RegularSetBuilderImpl                    : loaded 3 times (x 73B)
Class kotlin.reflect.KAnnotatedElement                                                : loaded 3 times (x 66B)
Class [Lcom.google.common.collect.ImmutableEntry;                                     : loaded 3 times (x 65B)
Class com.google.common.collect.Maps                                                  : loaded 3 times (x 67B)
Class kotlin.io.FileSystemException                                                   : loaded 3 times (x 78B)
Class com.google.common.collect.RegularImmutableList                                  : loaded 3 times (x 209B)
Class com.google.common.base.Equivalence                                              : loaded 3 times (x 78B)
Class com.google.common.collect.ImmutableMapEntry$NonTerminalImmutableMapEntry        : loaded 3 times (x 81B)
Class com.google.common.base.Function                                                 : loaded 3 times (x 66B)
Class kotlin.collections.EmptyMap                                                     : loaded 3 times (x 105B)
Class com.google.common.collect.ImmutableMapEntry                                     : loaded 3 times (x 81B)
Class kotlin.jvm.internal.CallableReference                                           : loaded 3 times (x 102B)
Class com.google.common.base.CommonPattern                                            : loaded 3 times (x 70B)
Class kotlin.jvm.KotlinReflectionNotSupportedError                                    : loaded 3 times (x 78B)
Class com.google.common.collect.Maps$EntryTransformer                                 : loaded 3 times (x 66B)
Class com.google.common.collect.UnmodifiableListIterator                              : loaded 3 times (x 91B)
Class kotlin.io.FilesKt__FileReadWriteKt                                              : loaded 3 times (x 67B)
Class com.google.common.collect.RegularImmutableMap$BucketOverflowException           : loaded 3 times (x 78B)
Class com.google.common.base.FunctionalEquivalence                                    : loaded 3 times (x 79B)
Class com.google.common.collect.ImmutableAsList                                       : loaded 3 times (x 205B)
Class com.google.common.collect.Iterators$9                                           : loaded 3 times (x 77B)
Class com.google.common.collect.ImmutableMap$MapViewOfValuesAsSingletonSets           : loaded 3 times (x 122B)
Class com.google.common.collect.ImmutableSet$CachingAsList                            : loaded 3 times (x 144B)
Class com.google.common.base.Converter                                                : loaded 3 times (x 86B)
Class com.google.common.collect.Lists                                                 : loaded 3 times (x 67B)
Class com.google.common.collect.RegularImmutableMap                                   : loaded 3 times (x 117B)
Class com.google.common.collect.RegularImmutableBiMap                                 : loaded 3 times (x 145B)
Class com.google.common.base.PatternCompiler                                          : loaded 3 times (x 66B)
Class com.google.common.collect.Hashing                                               : loaded 3 times (x 67B)
Class com.google.common.collect.MapDifference                                         : loaded 3 times (x 66B)
Class com.google.common.base.Equivalence$Equals                                       : loaded 3 times (x 78B)
Class kotlin.collections.IndexedValue                                                 : loaded 3 times (x 68B)
Class com.google.common.collect.ImmutableCollection                                   : loaded 3 times (x 121B)
Class com.google.common.base.Preconditions                                            : loaded 3 times (x 67B)
Class kotlin.io.FilesKt__UtilsKt                                                      : loaded 3 times (x 67B)
Class com.google.common.collect.Iterators$5                                           : loaded 3 times (x 78B)
Class com.google.common.collect.ImmutableBiMap                                        : loaded 3 times (x 139B)
Class kotlin.text.CharsKt__CharKt                                                     : loaded 3 times (x 67B)
Class com.google.common.collect.Iterators$4                                           : loaded 3 times (x 78B)
Class kotlin.Metadata                                                                 : loaded 3 times (x 66B)
Class com.google.common.collect.ImmutableMap$IteratorBasedImmutableMap                : loaded 3 times (x 122B)
Class com.google.common.collect.SingletonImmutableSet                                 : loaded 3 times (x 142B)
Class com.google.common.collect.ImmutableList$1                                       : loaded 3 times (x 93B)
Class com.google.common.collect.Iterators$1                                           : loaded 3 times (x 77B)
Class com.google.common.collect.PeekingIterator                                       : loaded 3 times (x 66B)
Class kotlin.jvm.internal.CallableReference$NoReceiver                                : loaded 3 times (x 67B)
Class com.google.common.collect.ImmutableList$ReverseImmutableList                    : loaded 3 times (x 205B)
Class kotlin.jvm.internal.FunctionReference                                           : loaded 3 times (x 118B)
Class com.google.common.collect.Maps$BiMapConverter                                   : loaded 3 times (x 86B)
Class com.google.common.collect.ImmutableMapEntrySet$RegularEntrySet                  : loaded 3 times (x 148B)
Class com.google.common.base.JdkPattern                                               : loaded 3 times (x 71B)
Class com.google.common.collect.Iterators$ArrayItr                                    : loaded 3 times (x 93B)
Class com.google.common.collect.ImmutableCollection$Builder                           : loaded 3 times (x 72B)
Class kotlin.reflect.KFunction                                                        : loaded 3 times (x 66B)
Class com.google.common.collect.SingletonImmutableList                                : loaded 3 times (x 203B)
Class com.google.common.collect.SetMultimap                                           : loaded 3 times (x 66B)
Class kotlin.sequences.ConstrainedOnceSequence                                        : loaded 3 times (x 71B)
Class com.google.common.collect.ImmutableList                                         : loaded 3 times (x 202B)
Class com.google.common.collect.Multimap                                              : loaded 3 times (x 66B)
Class com.google.common.base.Present                                                  : loaded 3 times (x 77B)
Class kotlin.io.FilesKt__FileTreeWalkKt                                               : loaded 3 times (x 67B)
Class com.google.common.collect.ImmutableSet$SetBuilderImpl                           : loaded 3 times (x 72B)
Class [Lkotlin.reflect.KAnnotatedElement;                                             : loaded 3 times (x 65B)
Class com.google.common.collect.ImmutableMap$Builder                                  : loaded 3 times (x 78B)
Class kotlin.collections.IndexingIterator                                             : loaded 3 times (x 75B)
Class kotlin.io.FileAlreadyExistsException                                            : loaded 3 times (x 78B)
Class com.google.common.collect.ImmutableMapEntrySet                                  : loaded 3 times (x 148B)
Class com.google.common.collect.ImmutableList$SubList                                 : loaded 3 times (x 205B)
Class kotlin.io.NoSuchFileException                                                   : loaded 3 times (x 78B)
Class com.google.common.collect.AbstractIndexedListIterator                           : loaded 3 times (x 92B)
Class com.google.common.base.Equivalence$Identity                                     : loaded 3 times (x 78B)
Class kotlin.collections.IndexingIterable                                             : loaded 3 times (x 75B)
Class com.google.common.base.Absent                                                   : loaded 3 times (x 76B)
Class com.google.common.collect.AbstractIterator                                      : loaded 3 times (x 78B)
Class com.google.common.collect.UnmodifiableIterator                                  : loaded 3 times (x 76B)
Class com.google.common.collect.BiMap                                                 : loaded 3 times (x 66B)
Class com.google.common.collect.ImmutableMap$1                                        : loaded 3 times (x 77B)
Class com.google.common.collect.IndexedImmutableSet                                   : loaded 3 times (x 148B)
Class com.google.common.base.PairwiseEquivalence                                      : loaded 3 times (x 79B)
Class com.google.common.collect.RegularImmutableMap$KeySet                            : loaded 3 times (x 148B)
Class com.google.common.collect.Lists$StringAsImmutableList                           : loaded 3 times (x 203B)
Class com.google.common.collect.Iterators$MergingIterator                             : loaded 3 times (x 77B)
Class kotlin.text.CharsKt                                                             : loaded 3 times (x 67B)
Class com.google.common.collect.SingletonImmutableBiMap                               : loaded 3 times (x 139B)
Class com.google.common.base.Optional                                                 : loaded 3 times (x 76B)
Class com.google.common.collect.AbstractMapEntry                                      : loaded 3 times (x 77B)
Class com.google.common.collect.Iterators                                             : loaded 3 times (x 67B)
Class com.google.common.collect.RegularImmutableAsList                                : loaded 3 times (x 213B)
Class kotlin.io.FilesKt__FilePathComponentsKt                                         : loaded 3 times (x 67B)
Class kotlin.io.TerminateException                                                    : loaded 3 times (x 78B)
Class kotlin.reflect.KCallable                                                        : loaded 3 times (x 66B)
Class com.google.common.collect.ImmutableList$Builder                                 : loaded 3 times (x 73B)
Class com.google.common.collect.RegularImmutableSet                                   : loaded 3 times (x 145B)
Class kotlin.collections.ArrayAsCollection                                            : loaded 3 times (x 101B)
Class kotlin.collections.CollectionsKt___CollectionsKt$withIndex$1                    : loaded 2 times (x 75B)
Class com.squareup.kotlinpoet.Taggable$Builder                                        : loaded 2 times (x 66B)
Class kotlin.sequences.GeneratorSequence$iterator$1                                   : loaded 2 times (x 75B)
Class com.google.common.cache.LocalCache$1                                            : loaded 2 times (x 85B)
Class kotlin.reflect.KProperty2                                                       : loaded 2 times (x 66B)
Class com.google.common.io.ByteSource$ByteArrayByteSource                             : loaded 2 times (x 81B)
Class com.google.common.reflect.TypeToken$SimpleTypeToken                             : loaded 2 times (x 69B)
Class com.google.common.collect.MapMakerInternalMap$AbstractStrongKeyEntry            : loaded 2 times (x 76B)
Class org.apache.http.client.methods.AbstractExecutionAwareRequest                    : loaded 2 times (x 124B)
Class com.google.common.collect.Sets$ImprovedAbstractSet                              : loaded 2 times (x 131B)
Class com.google.common.cache.LocalCache$2                                            : loaded 2 times (x 138B)
Class com.google.common.collect.AbstractMultimap                                      : loaded 2 times (x 119B)
Class org.apache.commons.io.FileExistsException                                       : loaded 2 times (x 78B)
Class com.google.common.base.Ascii                                                    : loaded 2 times (x 67B)
Class com.google.common.collect.HashBiMap$BiEntry                                     : loaded 2 times (x 79B)
Class kotlin.ReplaceWith                                                              : loaded 2 times (x 66B)
Class kotlin.reflect.KClass                                                           : loaded 2 times (x 66B)
Class com.squareup.javapoet.CodeWriter                                                : loaded 2 times (x 68B)
Class kotlin.reflect.jvm.internal.impl.utils.CollectionsKt                            : loaded 2 times (x 67B)
Class kotlin.reflect.jvm.internal.CacheByClass                                        : loaded 2 times (x 69B)
Class com.google.common.collect.ImmutableRangeSet$1                                   : loaded 2 times (x 205B)
Class com.google.common.util.concurrent.AbstractFuture$UnsafeAtomicHelper$1           : loaded 2 times (x 72B)
Class com.squareup.javapoet.TypeSpec$Kind                                             : loaded 2 times (x 75B)
Class com.squareup.kotlinpoet.OriginatingElements                                     : loaded 2 times (x 71B)
Class kotlin.reflect.KProperty1                                                       : loaded 2 times (x 66B)
Class kotlin.sequences.TransformingSequence$iterator$1                                : loaded 2 times (x 75B)
Class com.squareup.kotlinpoet.Import                                                  : loaded 2 times (x 71B)
Class kotlin.io.LinesSequence$iterator$1                                              : loaded 2 times (x 75B)
Class kotlin.collections.AbstractIterator                                             : loaded 2 times (x 79B)
Class com.google.common.collect.Range                                                 : loaded 2 times (x 83B)
Class org.apache.http.client.methods.HttpEntityEnclosingRequestBase                   : loaded 2 times (x 149B)
Class com.google.common.base.CharMatcher$RangesMatcher                                : loaded 2 times (x 108B)
Class com.google.common.util.concurrent.AbstractFuture$Trusted                        : loaded 2 times (x 66B)
Class [Lorg.jetbrains.kotlin.build.report.metrics.BuildTime;                          : loaded 2 times (x 65B)
Class kotlin.collections.MutableMapWithDefault                                        : loaded 2 times (x 66B)
Class com.squareup.kotlinpoet.CodeWriterKt                                            : loaded 2 times (x 67B)
Class com.squareup.kotlinpoet.MemberSpecHolder                                        : loaded 2 times (x 66B)
Class [Lkotlin.Function;                                                              : loaded 2 times (x 65B)
Class kotlin.reflect.jvm.internal.KMutableProperty1Impl                               : loaded 2 times (x 131B)
Class kotlin.reflect.jvm.internal.impl.builtins.functions.FunctionTypeKind$SuspendFunction: loaded 2 times (x 68B)
Class com.google.common.io.ByteSink$AsCharSink                                        : loaded 2 times (x 76B)
Class com.google.common.util.concurrent.UncheckedExecutionException                   : loaded 2 times (x 78B)
Class com.squareup.kotlinpoet.FileSpec$Builder                                        : loaded 2 times (x 107B)
Class kotlin.io.FileTreeWalk$FileTreeWalkIterator$WhenMappings                        : loaded 2 times (x 67B)
Class com.google.common.collect.ImmutableSortedSetFauxverideShim                      : loaded 2 times (x 143B)
Class com.google.common.base.CharMatcher$JavaLetterOrDigit                            : loaded 2 times (x 107B)
Class org.gradle.internal.InternalTransformer                                         : loaded 2 times (x 66B)
Class org.gradle.internal.service.ServiceLocator                                      : loaded 2 times (x 66B)
Class com.google.common.collect.Platform                                              : loaded 2 times (x 67B)
Class kotlin.DeprecationLevel                                                         : loaded 2 times (x 75B)
Class com.squareup.kotlinpoet.Annotatable                                             : loaded 2 times (x 66B)
Class kotlin.reflect.jvm.internal.ReflectionFactoryImpl                               : loaded 2 times (x 87B)
Class com.google.common.collect.ImmutableBiMap$Builder                                : loaded 2 times (x 78B)
Class org.objectweb.asm.ClassWriter                                                   : loaded 2 times (x 102B)
Class com.google.common.collect.AbstractMapBasedMultimap$KeySet$1                     : loaded 2 times (x 78B)
Class org.apache.http.client.methods.HttpRequestBase                                  : loaded 2 times (x 141B)
Class com.google.common.base.CharMatcher$And                                          : loaded 2 times (x 108B)
Class com.google.common.cache.CacheLoader$UnsupportedLoadingOperationException        : loaded 2 times (x 78B)
Class org.gradle.internal.classloader.ClasspathUtil$1                                 : loaded 2 times (x 72B)
Class com.squareup.javapoet.JavaFile$Builder                                          : loaded 2 times (x 68B)
Class com.squareup.kotlinpoet.TypeSpecHolder$Builder                                  : loaded 2 times (x 66B)
Class [Lorg.objectweb.asm.Type;                                                       : loaded 2 times (x 65B)
Class kotlin.reflect.KProperty0                                                       : loaded 2 times (x 66B)
Class kotlin.Result                                                                   : loaded 2 times (x 68B)
Class kotlin.collections.builders.ListBuilderKt                                       : loaded 2 times (x 67B)
Class kotlin.reflect.jvm.internal.impl.builtins.StandardNames$FqNames                 : loaded 2 times (x 67B)
Class org.objectweb.asm.FieldVisitor                                                  : loaded 2 times (x 73B)
Class com.google.common.collect.FluentIterable$1                                      : loaded 2 times (x 77B)
Class com.google.common.base.Objects                                                  : loaded 2 times (x 67B)
Class org.gradle.api.internal.classpath.DefaultModuleRegistry$DefaultModule           : loaded 2 times (x 82B)
Class org.jetbrains.kotlin.name.ClassId                                               : loaded 2 times (x 68B)
Class com.squareup.kotlinpoet.TypeSpec                                                : loaded 2 times (x 92B)
Class com.squareup.kotlinpoet.OriginatingElementsHolderKt                             : loaded 2 times (x 67B)
Class kotlin.ResultKt                                                                 : loaded 2 times (x 67B)
Class org.jetbrains.kotlin.build.report.metrics.GradleBuildTime                       : loaded 2 times (x 82B)
Class com.google.common.base.MoreObjects                                              : loaded 2 times (x 67B)
Class kotlin.reflect.jvm.internal.ClassValueCache                                     : loaded 2 times (x 70B)
Class com.google.common.collect.FluentIterable$2                                      : loaded 2 times (x 77B)
Class com.google.common.reflect.Reflection                                            : loaded 2 times (x 67B)
Class com.google.common.primitives.Ints                                               : loaded 2 times (x 67B)
Class com.google.common.base.Joiner                                                   : loaded 2 times (x 75B)
Class org.apache.commons.io.output.ByteArrayOutputStream                              : loaded 2 times (x 98B)
Class com.squareup.javapoet.MethodSpec$Builder                                        : loaded 2 times (x 68B)
Class kotlin.Deprecated                                                               : loaded 2 times (x 66B)
Class com.google.common.reflect.TypeResolver$TypeVariableKey                          : loaded 2 times (x 68B)
Class kotlin.Result$Failure                                                           : loaded 2 times (x 68B)
Class com.google.common.collect.FluentIterable$3                                      : loaded 2 times (x 77B)
Class com.google.common.math.MathPreconditions                                        : loaded 2 times (x 67B)
Class com.google.common.collect.ObjectArrays                                          : loaded 2 times (x 67B)
Class com.google.common.collect.ArrayListMultimapGwtSerializationDependencies         : loaded 2 times (x 168B)
Class com.google.common.collect.Multiset                                              : loaded 2 times (x 66B)
Class com.google.common.collect.BaseImmutableMultimap                                 : loaded 2 times (x 119B)
Class com.google.common.collect.EmptyImmutableListMultimap                            : loaded 2 times (x 172B)
Class com.squareup.kotlinpoet.LineWrapper                                             : loaded 2 times (x 74B)
Class kotlin.reflect.jvm.internal.impl.name.StandardClassIdsKt                        : loaded 2 times (x 67B)
Class com.squareup.kotlinpoet.Dynamic                                                 : loaded 2 times (x 82B)
Class com.squareup.javapoet.ParameterizedTypeName                                     : loaded 2 times (x 77B)
Class kotlin.reflect.jvm.internal.impl.builtins.jvm.JavaToKotlinClassMap              : loaded 2 times (x 67B)
Class kotlin.reflect.jvm.internal.KotlinReflectionInternalError                       : loaded 2 times (x 78B)
Class org.apache.commons.io.output.NullOutputStream                                   : loaded 2 times (x 81B)
Class org.gradle.api.internal.classpath.Module                                        : loaded 2 times (x 66B)
Class kotlin.reflect.jvm.internal.impl.name.FqNamesUtilKt                             : loaded 2 times (x 67B)
Class com.squareup.javapoet.AnnotationSpec$Builder                                    : loaded 2 times (x 68B)
Class com.squareup.kotlinpoet.CodeBlock                                               : loaded 2 times (x 68B)
Class com.squareup.kotlinpoet.PropertySpec                                            : loaded 2 times (x 85B)
Class kotlin.internal.ProgressionUtilKt                                               : loaded 2 times (x 67B)
Class kotlin.reflect.jvm.internal.KClassifierImpl                                     : loaded 2 times (x 66B)
Class kotlin.reflect.KMutableProperty                                                 : loaded 2 times (x 66B)
Class com.google.common.cache.Weigher                                                 : loaded 2 times (x 66B)
Class org.gradle.api.internal.classpath.UnknownModuleException                        : loaded 2 times (x 78B)
Class kotlin.jvm.internal.PropertyReference                                           : loaded 2 times (x 111B)
Class com.google.common.base.Stopwatch                                                : loaded 2 times (x 68B)
Class com.google.common.cache.LocalCache$Strength                                     : loaded 2 times (x 77B)
Class com.google.common.cache.Cache                                                   : loaded 2 times (x 66B)
Class com.squareup.kotlinpoet.ClassName$Companion                                     : loaded 2 times (x 67B)
Class org.jetbrains.kotlin.build.report.metrics.BuildMetricsReporter                  : loaded 2 times (x 66B)
Class com.squareup.javapoet.TypeSpec$Builder                                          : loaded 2 times (x 68B)
Class com.google.common.io.AppendableWriter                                           : loaded 2 times (x 96B)
Class com.google.common.io.Files$2                                                    : loaded 2 times (x 72B)
Class org.apache.commons.io.filefilter.IOFileFilter                                   : loaded 2 times (x 66B)
Class com.google.common.base.NullnessCasts                                            : loaded 2 times (x 67B)
Class com.google.common.util.concurrent.AbstractFuture$Cancellation                   : loaded 2 times (x 68B)
Class com.squareup.javapoet.MethodSpec                                                : loaded 2 times (x 68B)
Class kotlin.io.ByteStreamsKt                                                         : loaded 2 times (x 67B)
Class com.google.common.cache.CacheLoader$FunctionToCacheLoader                       : loaded 2 times (x 71B)
Class [Lkotlin.reflect.jvm.internal.impl.builtins.PrimitiveType;                      : loaded 2 times (x 65B)
Class kotlin.reflect.jvm.internal.impl.builtins.StandardNames                         : loaded 2 times (x 67B)
Class kotlin.reflect.jvm.internal.ReflectProperties$LazySoftVal                       : loaded 2 times (x 74B)
Class com.google.common.collect.AbstractMapBasedMultimap$WrappedCollection$WrappedIterator: loaded 2 times (x 80B)
Class com.google.common.cache.RemovalListener                                         : loaded 2 times (x 66B)
Class org.gradle.api.internal.DefaultClassPathRegistry                                : loaded 2 times (x 72B)
Class kotlin.ranges.ClosedRange                                                       : loaded 2 times (x 66B)
Class com.squareup.javapoet.CodeBlock$Builder                                         : loaded 2 times (x 68B)
Class kotlin.annotation.AnnotationTarget                                              : loaded 2 times (x 75B)
Class com.google.common.collect.ImmutableRangeSet$AsSet                               : loaded 2 times (x 295B)
Class kotlin.jvm.JvmClassMappingKt                                                    : loaded 2 times (x 67B)
Class kotlin.reflect.jvm.internal.KPropertyImpl                                       : loaded 2 times (x 111B)
Class kotlin.reflect.KProperty                                                        : loaded 2 times (x 66B)
Class kotlin.jvm.internal.Reflection                                                  : loaded 2 times (x 67B)
Class com.google.common.collect.ImmutableMultimap$Keys                                : loaded 2 times (x 162B)
Class com.google.common.reflect.Invokable$ConstructorInvokable                        : loaded 2 times (x 103B)
Class com.google.common.primitives.IntsMethodsForWeb                                  : loaded 2 times (x 67B)
Class org.gradle.api.internal.ClassPathRegistry                                       : loaded 2 times (x 66B)
Class org.gradle.internal.classpath.DefaultClassPath$ImmutableUniqueList              : loaded 2 times (x 195B)
Class org.apache.commons.io.output.UnsynchronizedByteArrayOutputStream                : loaded 2 times (x 98B)
Class kotlin.collections.IntIterator                                                  : loaded 2 times (x 78B)
Class kotlin.reflect.jvm.internal.impl.resolve.jvm.JvmPrimitiveType                   : loaded 2 times (x 75B)
Class kotlin.reflect.jvm.internal.ComputableClassValue                                : loaded 2 times (x 76B)
Class com.google.common.collect.NullnessCasts                                         : loaded 2 times (x 67B)
Class com.google.common.base.ExtraObjectsMethodsForWeb                                : loaded 2 times (x 67B)
Class com.google.common.reflect.TypeToken                                             : loaded 2 times (x 69B)
Class com.google.common.collect.MapMakerInternalMap$Segment                           : loaded 2 times (x 138B)
Class org.apache.commons.io.IOUtils                                                   : loaded 2 times (x 67B)
Class com.google.common.reflect.Types$ParameterizedTypeImpl                           : loaded 2 times (x 77B)
Class com.google.common.collect.ImmutableListMultimap                                 : loaded 2 times (x 172B)
Class kotlin.reflect.jvm.internal.impl.name.StandardClassIds                          : loaded 2 times (x 67B)
Class com.google.common.io.ByteSink                                                   : loaded 2 times (x 72B)
Class com.google.common.cache.CacheBuilder                                            : loaded 2 times (x 68B)
Class org.gradle.internal.classpath.ClassPath                                         : loaded 2 times (x 66B)
Class org.gradle.api.UncheckedIOException                                             : loaded 2 times (x 78B)
Class [Lkotlin.annotation.AnnotationTarget;                                           : loaded 2 times (x 65B)
Class com.squareup.kotlinpoet.LineWrapper$Companion                                   : loaded 2 times (x 67B)
Class com.squareup.kotlinpoet.KModifier$Target                                        : loaded 2 times (x 75B)
Class [Lkotlin.coroutines.intrinsics.CoroutineSingletons;                             : loaded 2 times (x 65B)
Class org.gradle.internal.classloader.InstrumentingClassLoader                        : loaded 2 times (x 66B)
Class kotlin.reflect.jvm.internal.KPackageImpl                                        : loaded 2 times (x 81B)
Class [Lkotlin.reflect.jvm.internal.impl.name.FqName;                                 : loaded 2 times (x 65B)
Class [Lcom.google.common.reflect.Types$JavaVersion;                                  : loaded 2 times (x 65B)
Class com.google.common.collect.Interners$InternerBuilder                             : loaded 2 times (x 72B)
Class com.google.common.io.Files$FileByteSource                                       : loaded 2 times (x 81B)
Class org.gradle.internal.classpath.TransformedClassPath                              : loaded 2 times (x 92B)
Class com.google.common.cache.CacheBuilder$NullListener                               : loaded 2 times (x 78B)
Class com.squareup.javapoet.ParameterSpec$Builder                                     : loaded 2 times (x 68B)
Class [Lkotlin.reflect.KDeclarationContainer;                                         : loaded 2 times (x 65B)
Class org.objectweb.asm.SymbolTable$Entry                                             : loaded 2 times (x 70B)
Class com.google.common.io.CharStreams$NullWriter                                     : loaded 2 times (x 95B)
Class com.google.common.util.concurrent.AbstractFuture$AtomicHelper                   : loaded 2 times (x 74B)
Class com.squareup.kotlinpoet.FunSpec$Builder                                         : loaded 2 times (x 99B)
Class org.apache.http.HttpMessage                                                     : loaded 2 times (x 66B)
Class com.squareup.kotlinpoet.TypeName$Companion                                      : loaded 2 times (x 67B)
Class com.google.common.base.Suppliers$SupplierOfInstance                             : loaded 2 times (x 75B)
Class com.google.common.reflect.Invokable                                             : loaded 2 times (x 99B)
Class com.google.common.collect.MapMaker$Dummy                                        : loaded 2 times (x 75B)
Class org.objectweb.asm.FieldWriter                                                   : loaded 2 times (x 74B)
Class kotlin.collections.AbstractMutableSet                                           : loaded 2 times (x 138B)
Class kotlin.text.Regex$Companion                                                     : loaded 2 times (x 67B)
Class kotlin.comparisons.NaturalOrderComparator                                       : loaded 2 times (x 84B)
Class com.google.common.reflect.TypeToken$1                                           : loaded 2 times (x 106B)
Class com.google.common.cache.LocalCache$ComputingValueReference                      : loaded 2 times (x 92B)
Class com.squareup.kotlinpoet.WildcardTypeName                                        : loaded 2 times (x 82B)
Class com.squareup.kotlinpoet.ClassName                                               : loaded 2 times (x 85B)
Class kotlin.reflect.KProperty$Getter                                                 : loaded 2 times (x 66B)
Class com.google.common.collect.AbstractMapBasedMultimap$AsMap$AsMapEntries           : loaded 2 times (x 134B)
Class com.google.common.reflect.TypeToken$2                                           : loaded 2 times (x 106B)
Class com.google.common.cache.LocalCache$Segment                                      : loaded 2 times (x 150B)
Class kotlin.reflect.jvm.internal.impl.builtins.functions.FunctionTypeKind            : loaded 2 times (x 68B)
Class com.google.common.cache.LocalCache$Strength$3                                   : loaded 2 times (x 77B)
Class kotlin.reflect.jvm.internal.ReflectProperties                                   : loaded 2 times (x 67B)
Class kotlin.SafePublicationLazyImpl                                                  : loaded 2 times (x 72B)
Class [Lorg.objectweb.asm.SymbolTable$Entry;                                          : loaded 2 times (x 65B)
Class com.google.common.collect.SortedIterable                                        : loaded 2 times (x 66B)
Class com.google.common.cache.CacheLoader                                             : loaded 2 times (x 70B)
Class com.google.common.collect.AbstractListMultimap                                  : loaded 2 times (x 168B)
Class org.gradle.internal.installation.GradleInstallation$1                           : loaded 2 times (x 71B)
Class org.gradle.api.internal.classpath.ModuleRegistry                                : loaded 2 times (x 66B)
Class com.google.common.base.Splitter$1                                               : loaded 2 times (x 73B)
Class org.apache.commons.io.output.NullWriter                                         : loaded 2 times (x 95B)
Class com.google.common.collect.ImmutableSet$JdkBackedSetBuilderImpl                  : loaded 2 times (x 72B)
Class com.google.common.base.Splitter$SplittingIterator                               : loaded 2 times (x 80B)
Class com.google.common.util.concurrent.internal.InternalFutureFailureAccess          : loaded 2 times (x 68B)
Class org.jetbrains.kotlin.name.FqNameUnsafe                                          : loaded 2 times (x 68B)
Class com.squareup.javapoet.JavaFile$1                                                : loaded 2 times (x 75B)
Class com.squareup.kotlinpoet.AnnotationSpec                                          : loaded 2 times (x 73B)
Class kotlin.text.RegexKt                                                             : loaded 2 times (x 67B)
Class kotlin.coroutines.intrinsics.IntrinsicsKt__IntrinsicsKt                         : loaded 2 times (x 67B)
Class kotlin.reflect.jvm.internal.KDeclarationContainerImpl                           : loaded 2 times (x 80B)
Class com.google.common.collect.ImmutableMultimap$Values                              : loaded 2 times (x 122B)
Class com.google.common.io.Closer$SuppressingSuppressor                               : loaded 2 times (x 71B)
Class com.google.common.base.CharMatcher$ForPredicate                                 : loaded 2 times (x 108B)
Class com.google.common.util.concurrent.AbstractFuture$UnsafeAtomicHelper             : loaded 2 times (x 74B)
Class com.google.common.cache.LocalCache$LocalManualCache$1                           : loaded 2 times (x 71B)
Class com.google.common.collect.TransformedIterator                                   : loaded 2 times (x 76B)
Class com.google.common.collect.Interner                                              : loaded 2 times (x 66B)
Class com.google.common.collect.Interners$InternerImpl                                : loaded 2 times (x 71B)
Class com.google.common.base.CharMatcher$AnyOf                                        : loaded 2 times (x 108B)
Class org.gradle.api.internal.classpath.DefaultModuleRegistry                         : loaded 2 times (x 82B)
Class com.google.common.io.ByteStreams                                                : loaded 2 times (x 67B)
Class kotlin.reflect.KTypeParameter                                                   : loaded 2 times (x 66B)
Class com.google.common.cache.LocalCache$Strength$2                                   : loaded 2 times (x 77B)
Class org.jetbrains.kotlin.build.report.metrics.GradleBuildTime$Companion             : loaded 2 times (x 67B)
Class com.squareup.kotlinpoet.MemberSpecHolder$Builder                                : loaded 2 times (x 66B)
Class com.google.common.util.concurrent.SettableFuture                                : loaded 2 times (x 110B)
Class org.apache.commons.io.output.QueueOutputStream                                  : loaded 2 times (x 83B)
Class com.google.common.reflect.Types$ClassOwnership$3                                : loaded 2 times (x 67B)
Class kotlin.collections.builders.MapBuilder$Itr                                      : loaded 2 times (x 68B)
Class com.squareup.javapoet.TypeName                                                  : loaded 2 times (x 77B)
Class kotlin.reflect.jvm.internal.impl.name.SpecialNames                              : loaded 2 times (x 67B)
Class kotlin.reflect.jvm.internal.impl.builtins.functions.FunctionTypeKind$KFunction  : loaded 2 times (x 68B)
Class org.apache.http.message.AbstractHttpMessage                                     : loaded 2 times (x 104B)
Class com.google.common.base.CharMatcher$Any                                          : loaded 2 times (x 108B)
Class com.google.common.util.concurrent.ListenableFuture                              : loaded 2 times (x 66B)
Class com.google.common.cache.ReferenceEntry                                          : loaded 2 times (x 66B)
Class kotlin.jvm.functions.Function22                                                 : loaded 2 times (x 66B)
Class [Lcom.squareup.kotlinpoet.Import;                                               : loaded 2 times (x 65B)
Class com.squareup.javapoet.ParameterSpec                                             : loaded 2 times (x 68B)
Class com.squareup.javapoet.FieldSpec$Builder                                         : loaded 2 times (x 68B)
Class kotlin.collections.MapWithDefault                                               : loaded 2 times (x 66B)
Class kotlin.annotation.AnnotationRetention                                           : loaded 2 times (x 75B)
Class kotlin.coroutines.jvm.internal.ContinuationImpl                                 : loaded 2 times (x 83B)
Class kotlin.jvm.internal.markers.KMutableSet                                         : loaded 2 times (x 66B)
Class com.google.common.util.concurrent.AbstractFuture                                : loaded 2 times (x 102B)
Class com.google.common.collect.AbstractMapBasedMultimap                              : loaded 2 times (x 135B)
Class [Lcom.squareup.kotlinpoet.KModifier$Target;                                     : loaded 2 times (x 65B)
Class kotlin.coroutines.jvm.internal.RestrictedContinuationImpl                       : loaded 2 times (x 83B)
Class org.objectweb.asm.RecordComponentVisitor                                        : loaded 2 times (x 73B)
Class com.google.common.io.CharStreams                                                : loaded 2 times (x 67B)
Class com.google.common.collect.ImmutableMultiset                                     : loaded 2 times (x 159B)
Class com.google.common.reflect.TypeResolver$TypeTable                                : loaded 2 times (x 69B)
Class org.apache.http.client.methods.AbortableHttpRequest                             : loaded 2 times (x 66B)
Class com.google.common.cache.CacheLoader$SupplierToCacheLoader                       : loaded 2 times (x 71B)
Class com.google.common.cache.LocalCache$Strength$1                                   : loaded 2 times (x 77B)
Class com.google.common.collect.Sets$4                                                : loaded 2 times (x 135B)
Class kotlin.jvm.internal.markers.KMutableList                                        : loaded 2 times (x 66B)
Class com.google.common.collect.MapMakerInternalMap$StrongValueEntry                  : loaded 2 times (x 66B)
Class com.squareup.kotlinpoet.UtilKt                                                  : loaded 2 times (x 67B)
Class [Lkotlin.Pair;                                                                  : loaded 2 times (x 65B)
Class com.google.common.reflect.TypeResolver$TypeTable$1                              : loaded 2 times (x 69B)
Class org.gradle.internal.service.ServiceLookupException                              : loaded 2 times (x 78B)
Class com.squareup.kotlinpoet.CodeWriter                                              : loaded 2 times (x 74B)
Class com.google.common.reflect.TypeResolver                                          : loaded 2 times (x 68B)
Class com.squareup.javapoet.LineWrapper                                               : loaded 2 times (x 68B)
Class com.google.common.collect.ImmutableSortedSet                                    : loaded 2 times (x 295B)
Class com.google.common.base.CharMatcher$JavaLetter                                   : loaded 2 times (x 107B)
Class [Lcom.google.common.cache.LocalCache$EntryFactory;                              : loaded 2 times (x 65B)
Class org.gradle.internal.classloader.ClassLoaderFactory                              : loaded 2 times (x 66B)
Class com.google.common.reflect.Types$ClassOwnership$2                                : loaded 2 times (x 76B)
Class kotlin.reflect.jvm.internal.impl.builtins.PrimitiveType                         : loaded 2 times (x 75B)
Class org.apache.commons.io.CloseableURLConnection                                    : loaded 2 times (x 112B)
Class com.google.common.base.CharMatcher$IsNot                                        : loaded 2 times (x 107B)
Class com.google.common.cache.LocalCache$LocalManualCache                             : loaded 2 times (x 95B)
Class com.google.common.collect.ImmutableMap$SerializedForm                           : loaded 2 times (x 69B)
Class org.gradle.internal.service.CachingServiceLocator                               : loaded 2 times (x 78B)
Class org.objectweb.asm.ModuleVisitor                                                 : loaded 2 times (x 77B)
Class kotlin.collections.AbstractList$IteratorImpl                                    : loaded 2 times (x 78B)
Class com.google.common.math.IntMath                                                  : loaded 2 times (x 67B)
Class com.google.common.collect.AbstractMapBasedMultimap$KeySet                       : loaded 2 times (x 133B)
Class com.google.common.collect.RegularImmutableSortedSet                             : loaded 2 times (x 295B)
Class org.jetbrains.kotlin.build.report.metrics.BuildTime                             : loaded 2 times (x 66B)
Class kotlin.ranges.IntRange                                                          : loaded 2 times (x 89B)
Class com.google.common.io.ByteArrayDataInput                                         : loaded 2 times (x 66B)
Class kotlin.jvm.internal.markers.KMutableMap                                         : loaded 2 times (x 66B)
Class kotlin.reflect.jvm.internal.impl.descriptors.runtime.structure.ReflectClassUtilKt: loaded 2 times (x 67B)
Class [Lcom.google.common.collect.HashBiMap$BiEntry;                                  : loaded 2 times (x 65B)
Class com.google.common.reflect.Types$TypeVariableInvocationHandler                   : loaded 2 times (x 71B)
Class com.google.common.collect.MapMakerInternalMap$InternalEntry                     : loaded 2 times (x 66B)
Class com.google.common.collect.Iterators$10                                          : loaded 2 times (x 77B)
Class com.google.common.base.CharMatcher$JavaDigit                                    : loaded 2 times (x 107B)
Class org.jetbrains.kotlin.name.FqName                                                : loaded 2 times (x 68B)
Class kotlin.reflect.jvm.internal.impl.name.ClassId                                   : loaded 2 times (x 68B)
Class org.jetbrains.kotlin.build.report.metrics.DoNothingBuildMetricsReporter         : loaded 2 times (x 82B)
Class kotlin.jvm.functions.Function21                                                 : loaded 2 times (x 66B)
Class org.gradle.internal.service.UnknownServiceException                             : loaded 2 times (x 79B)
Class com.google.common.cache.LocalCache$LocalLoadingCache                            : loaded 2 times (x 130B)
Class com.google.common.collect.ImmutableMultimap                                     : loaded 2 times (x 143B)
Class org.jetbrains.kotlin.name.ClassId$Companion                                     : loaded 2 times (x 67B)
Class com.google.common.util.concurrent.AbstractFuture$SafeAtomicHelper               : loaded 2 times (x 75B)
Class com.google.common.collect.IndexedImmutableSet$1                                 : loaded 2 times (x 208B)
Class org.apache.commons.io.output.AbstractByteArrayOutputStream                      : loaded 2 times (x 98B)
Class com.google.common.cache.CacheBuilder$OneWeigher                                 : loaded 2 times (x 78B)
Class kotlin.reflect.jvm.internal.KDeclarationContainerImpl$Companion                 : loaded 2 times (x 67B)
Class com.google.common.reflect.Types$ClassOwnership$1LocalClass                      : loaded 2 times (x 67B)
Class com.google.common.collect.ImmutableBiMapFauxverideShim                          : loaded 2 times (x 116B)
Class org.gradle.internal.classloader.ClasspathUtil                                   : loaded 2 times (x 67B)
Class com.google.common.base.AbstractIterator$State                                   : loaded 2 times (x 75B)
Class kotlin.jvm.internal.PropertyReference0                                          : loaded 2 times (x 123B)
Class com.google.common.base.Charsets                                                 : loaded 2 times (x 67B)
Class com.google.common.util.concurrent.Uninterruptibles                              : loaded 2 times (x 67B)
Class com.google.common.collect.Sets$3                                                : loaded 2 times (x 135B)
Class com.squareup.kotlinpoet.ClassName$special$$inlined$compareBy$1                  : loaded 2 times (x 85B)
Class com.squareup.javapoet.TypeVariableName                                          : loaded 2 times (x 77B)
Class kotlin.reflect.jvm.internal.impl.builtins.functions.FunctionTypeKind$KSuspendFunction: loaded 2 times (x 68B)
Class kotlin.reflect.full.IllegalCallableAccessException                              : loaded 2 times (x 78B)
Class kotlin.jvm.internal.DefaultConstructorMarker                                    : loaded 2 times (x 67B)
Class kotlin.jvm.internal.PropertyReference1                                          : loaded 2 times (x 123B)
Class com.google.common.io.CharSource                                                 : loaded 2 times (x 81B)
Class com.google.common.base.CharMatcher$JavaUpperCase                                : loaded 2 times (x 107B)
Class org.gradle.api.specs.Spec                                                       : loaded 2 times (x 66B)
Class org.jetbrains.kotlin.name.Name                                                  : loaded 2 times (x 71B)
Class com.google.common.collect.MapMakerInternalMap$Strength$2                        : loaded 2 times (x 76B)
Class kotlin.UnsafeLazyImpl                                                           : loaded 2 times (x 72B)
Class kotlin.LazyKt__LazyJVMKt$WhenMappings                                           : loaded 2 times (x 67B)
Class kotlin.jvm.internal.PropertyReference2                                          : loaded 2 times (x 123B)
Class kotlin.jvm.internal.MutablePropertyReference                                    : loaded 2 times (x 115B)
Class com.google.common.reflect.Types$JavaVersion                                     : loaded 2 times (x 79B)
Class com.google.common.collect.MapMaker                                              : loaded 2 times (x 68B)
Class org.apache.commons.io.file.PathFilter                                           : loaded 2 times (x 66B)
Class kotlin.jvm.internal.ArrayIterator                                               : loaded 2 times (x 75B)
Class [Lkotlin.reflect.jvm.internal.impl.builtins.jvm.JavaToKotlinClassMap$PlatformMutabilityMapping;: loaded 2 times (x 65B)
Class kotlin.reflect.full.IllegalPropertyDelegateAccessException                      : loaded 2 times (x 78B)
Class kotlin.LazyThreadSafetyMode                                                     : loaded 2 times (x 75B)
Class com.google.common.cache.LocalCache$LoadingValueReference                        : loaded 2 times (x 92B)
Class com.google.common.reflect.Types$ClassOwnership$1                                : loaded 2 times (x 76B)
Class [Lorg.objectweb.asm.AnnotationVisitor;                                          : loaded 2 times (x 65B)
Class kotlin.jvm.functions.Function20                                                 : loaded 2 times (x 66B)
Class kotlin.collections.CollectionsKt___CollectionsKt$asSequence$$inlined$Sequence$1 : loaded 2 times (x 71B)
Class kotlin.jvm.internal.SpreadBuilder                                               : loaded 2 times (x 72B)
Class com.squareup.javapoet.ArrayTypeName                                             : loaded 2 times (x 77B)
Class com.google.common.io.LineReader$1                                               : loaded 2 times (x 71B)
Class com.google.common.collect.CollectSpliterators                                   : loaded 2 times (x 67B)
Class com.google.common.collect.AbstractMapBasedMultimap$AsMap                        : loaded 2 times (x 124B)
Class com.google.common.reflect.Invokable$MethodInvokable                             : loaded 2 times (x 103B)
Class com.google.common.collect.MapMakerInternalMap$StrongKeyDummyValueEntry          : loaded 2 times (x 78B)
Class com.squareup.javapoet.LineWrapper$1                                             : loaded 2 times (x 67B)
Class org.gradle.api.internal.ClassPathProvider                                       : loaded 2 times (x 66B)
Class [Lorg.gradle.api.internal.ClassPathProvider;                                    : loaded 2 times (x 65B)
Class com.squareup.kotlinpoet.OriginatingElementsHolder                               : loaded 2 times (x 66B)
Class com.google.common.collect.Maps$ViewCachingAbstractMap                           : loaded 2 times (x 121B)
Class kotlin.coroutines.jvm.internal.RestrictedSuspendLambda                          : loaded 2 times (x 87B)
Class kotlin.io.FilePathComponents                                                    : loaded 2 times (x 68B)
Class [Lorg.objectweb.asm.AnnotationWriter;                                           : loaded 2 times (x 65B)
Class com.google.common.primitives.Ints$IntConverter                                  : loaded 2 times (x 86B)
Class com.google.common.collect.AbstractMapBasedMultimap$WrappedList                  : loaded 2 times (x 201B)
Class com.google.common.collect.Sets$2                                                : loaded 2 times (x 135B)
Class org.apache.http.HttpEntityEnclosingRequest                                      : loaded 2 times (x 66B)
Class com.google.common.collect.MapMakerInternalMap$Strength$1                        : loaded 2 times (x 76B)
Class kotlin.collections.MutableMapWithDefaultImpl                                    : loaded 2 times (x 140B)
Class com.squareup.kotlinpoet.AnnotationSpec$Builder                                  : loaded 2 times (x 75B)
Class kotlin.Triple                                                                   : loaded 2 times (x 68B)
Class kotlin.sequences.SequencesKt__SequenceBuilderKt$sequence$$inlined$Sequence$1    : loaded 2 times (x 71B)
Class com.squareup.kotlinpoet.MemberName                                              : loaded 2 times (x 68B)
Class kotlin.text.Regex                                                               : loaded 2 times (x 68B)
Class [Lcom.google.common.collect.Iterators$EmptyModifiableIterator;                  : loaded 2 times (x 65B)
Class com.google.common.collect.ImmutableRangeSet$Builder                             : loaded 2 times (x 73B)
Class com.google.common.collect.Sets$SetView                                          : loaded 2 times (x 134B)
Class com.google.common.base.CharMatcher$Invisible                                    : loaded 2 times (x 108B)
Class com.google.common.cache.LocalCache$StrongValueReference                         : loaded 2 times (x 86B)
Class com.google.common.util.concurrent.AbstractFuture$SynchronizedHelper             : loaded 2 times (x 74B)
Class org.apache.commons.io.FilenameUtils                                             : loaded 2 times (x 67B)
Class [Lcom.squareup.javapoet.LineWrapper$FlushType;                                  : loaded 2 times (x 65B)
Class kotlin.jvm.internal.ReflectionFactory                                           : loaded 2 times (x 87B)
Class org.objectweb.asm.Type                                                          : loaded 2 times (x 68B)
Class com.google.common.graph.SuccessorsFunction                                      : loaded 2 times (x 66B)
Class org.gradle.internal.classloader.VisitableURLClassLoader$InstrumentingVisitableURLClassLoader: loaded 2 times (x 119B)
Class kotlin.reflect.jvm.internal.impl.builtins.jvm.JavaToKotlinClassMap$PlatformMutabilityMapping: loaded 2 times (x 68B)
Class kotlin.sequences.SequenceScope                                                  : loaded 2 times (x 69B)
Class com.squareup.kotlinpoet.Documentable$Builder                                    : loaded 2 times (x 66B)
Class org.gradle.api.internal.DefaultClassPathProvider                                : loaded 2 times (x 72B)
Class com.squareup.kotlinpoet.FileSpec$Companion                                      : loaded 2 times (x 67B)
Class kotlin.coroutines.Continuation                                                  : loaded 2 times (x 66B)
Class [Lkotlin.reflect.jvm.internal.impl.resolve.jvm.JvmPrimitiveType;                : loaded 2 times (x 65B)
Class kotlin.jvm.internal.ClassBasedDeclarationContainer                              : loaded 2 times (x 66B)
Class org.objectweb.asm.ByteVector                                                    : loaded 2 times (x 75B)
Class com.google.common.collect.MapMakerInternalMap$StrongKeyDummyValueEntry$Helper   : loaded 2 times (x 75B)
Class com.google.common.math.IntMath$1                                                : loaded 2 times (x 67B)
Class org.apache.commons.io.FileUtils                                                 : loaded 2 times (x 67B)
Class com.google.common.io.Files$FileByteSink                                         : loaded 2 times (x 73B)
Class [Lcom.google.common.cache.CacheBuilder$NullListener;                            : loaded 2 times (x 65B)
Class org.gradle.internal.classloader.VisitableURLClassLoader$Spec                    : loaded 2 times (x 70B)
Class org.gradle.internal.classpath.DefaultClassPath                                  : loaded 2 times (x 86B)
Class com.google.common.collect.ImmutableSet$SerializedForm                           : loaded 2 times (x 69B)
Class com.google.common.base.Splitter                                                 : loaded 2 times (x 68B)
Class com.google.common.collect.Sets$1                                                : loaded 2 times (x 135B)
Class [Lorg.jetbrains.kotlin.build.report.metrics.GradleBuildTime;                    : loaded 2 times (x 65B)
Class com.squareup.javapoet.TypeSpec                                                  : loaded 2 times (x 68B)
Class kotlin.coroutines.jvm.internal.BaseContinuationImpl                             : loaded 2 times (x 83B)
Class kotlin.Result$Companion                                                         : loaded 2 times (x 67B)
Class com.google.common.collect.Iterators$EmptyModifiableIterator                     : loaded 2 times (x 82B)
Class org.objectweb.asm.Symbol                                                        : loaded 2 times (x 69B)
Class com.google.common.reflect.Types$ClassOwnership                                  : loaded 2 times (x 76B)
Class com.google.common.base.AbstractIterator                                         : loaded 2 times (x 76B)
Class com.squareup.javapoet.JavaFile                                                  : loaded 2 times (x 68B)
Class org.objectweb.asm.AnnotationVisitor                                             : loaded 2 times (x 74B)
Class kotlin.reflect.KProperty$Accessor                                               : loaded 2 times (x 66B)
Class kotlin.reflect.KType                                                            : loaded 2 times (x 66B)
Class com.google.common.io.Java8Compatibility                                         : loaded 2 times (x 67B)
Class com.google.common.io.Closer                                                     : loaded 2 times (x 74B)
Class com.google.common.base.CharMatcher$BitSetMatcher                                : loaded 2 times (x 108B)
Class com.google.common.base.CharMatcher$Ascii                                        : loaded 2 times (x 108B)
Class org.gradle.internal.classloader.ClassLoaderSpec                                 : loaded 2 times (x 67B)
Class kotlin.reflect.jvm.internal.KCallableImpl                                       : loaded 2 times (x 101B)
Class com.squareup.kotlinpoet.AnnotationSpec$Companion                                : loaded 2 times (x 67B)
Class com.squareup.kotlinpoet.ContextReceivable$Builder                               : loaded 2 times (x 66B)
Class kotlin.jvm.internal.FunctionReferenceImpl                                       : loaded 2 times (x 118B)
Class com.squareup.kotlinpoet.TagMap$Companion                                        : loaded 2 times (x 67B)
Class kotlin.reflect.jvm.internal.ReflectProperties$Val$1                             : loaded 2 times (x 67B)
Class com.google.common.io.ByteSource$EmptyByteSource                                 : loaded 2 times (x 81B)
Class org.objectweb.asm.AnnotationWriter                                              : loaded 2 times (x 75B)
Class com.google.common.cache.CacheStats                                              : loaded 2 times (x 67B)
Class kotlin.reflect.jvm.internal.impl.builtins.functions.FunctionTypeKind$Function   : loaded 2 times (x 68B)
Class kotlin.jvm.internal.ArrayIteratorKt                                             : loaded 2 times (x 67B)
Class com.google.common.collect.ListMultimap                                          : loaded 2 times (x 66B)
Class com.squareup.kotlinpoet.TypeSpec$Kind                                           : loaded 2 times (x 75B)
Class com.squareup.kotlinpoet.PropertySpec$Builder                                    : loaded 2 times (x 100B)
Class kotlin.jvm.internal.markers.KMutableIterable                                    : loaded 2 times (x 66B)
Class org.objectweb.asm.RecordComponentWriter                                         : loaded 2 times (x 74B)
Class com.google.common.collect.ImmutableMultisetGwtSerializationDependencies         : loaded 2 times (x 121B)
Class com.google.common.collect.Interners                                             : loaded 2 times (x 67B)
Class com.google.common.io.Closer$Suppressor                                          : loaded 2 times (x 66B)
Class com.google.common.io.LineProcessor                                              : loaded 2 times (x 66B)
Class com.google.common.base.CharMatcher$Or                                           : loaded 2 times (x 108B)
Class com.google.common.util.concurrent.AbstractFuture$Listener                       : loaded 2 times (x 68B)
Class com.google.common.collect.ImmutableRangeSet                                     : loaded 2 times (x 111B)
Class com.squareup.kotlinpoet.TaggableKt                                              : loaded 2 times (x 67B)
Class kotlin.io.FileTreeWalk$DirectoryState                                           : loaded 2 times (x 69B)
Class org.objectweb.asm.Attribute                                                     : loaded 2 times (x 73B)
Class com.google.common.base.Supplier                                                 : loaded 2 times (x 66B)
Class org.gradle.internal.classloader.VisitableURLClassLoader                         : loaded 2 times (x 113B)
Class org.apache.commons.io.output.StringBuilderWriter                                : loaded 2 times (x 96B)
Class [Lorg.apache.commons.io.StandardLineSeparator;                                  : loaded 2 times (x 65B)
Class kotlin.sequences.FlatteningSequence$iterator$1                                  : loaded 2 times (x 75B)
Class com.squareup.kotlinpoet.TypeSpec$Companion                                      : loaded 2 times (x 67B)
Class kotlin.sequences.GeneratorSequence                                              : loaded 2 times (x 71B)
Class com.google.common.base.Verify                                                   : loaded 2 times (x 67B)
Class [Lkotlin.DeprecationLevel;                                                      : loaded 2 times (x 65B)
Class kotlin.reflect.jvm.internal.KClassImpl                                          : loaded 2 times (x 111B)
Class com.google.common.util.concurrent.AbstractFuture$Waiter                         : loaded 2 times (x 68B)
Class com.google.common.collect.ImmutableList$SerializedForm                          : loaded 2 times (x 69B)
Class org.gradle.internal.Cast                                                        : loaded 2 times (x 67B)
Class org.gradle.api.Action                                                           : loaded 2 times (x 66B)
Class com.google.common.collect.AbstractIterator$1                                    : loaded 2 times (x 67B)
Class com.squareup.javapoet.LineWrapper$FlushType                                     : loaded 2 times (x 75B)
Class com.squareup.kotlinpoet.FunSpec                                                 : loaded 2 times (x 85B)
Class com.squareup.kotlinpoet.Annotatable$Builder                                     : loaded 2 times (x 66B)
Class com.squareup.javapoet.FieldSpec                                                 : loaded 2 times (x 68B)
Class com.google.common.collect.HashBiMap                                             : loaded 2 times (x 139B)
Class org.objectweb.asm.Handler                                                       : loaded 2 times (x 68B)
Class com.google.common.collect.MapMakerInternalMap                                   : loaded 2 times (x 157B)
Class com.google.common.base.Strings                                                  : loaded 2 times (x 67B)
Class com.google.common.collect.Sets                                                  : loaded 2 times (x 67B)
Class com.google.common.base.CharMatcher$FastMatcher                                  : loaded 2 times (x 107B)
Class com.google.common.base.Ticker                                                   : loaded 2 times (x 68B)
Class kotlin.reflect.jvm.internal.impl.name.FqNameUnsafe$1                            : loaded 2 times (x 70B)
Class kotlin.KotlinNothingValueException                                              : loaded 2 times (x 78B)
Class org.gradle.api.internal.classpath.EffectiveClassPath                            : loaded 2 times (x 86B)
Class kotlin.jvm.internal.markers.KMutableIterator                                    : loaded 2 times (x 66B)
Class kotlin.io.FileTreeWalk$FileTreeWalkIterator                                     : loaded 2 times (x 79B)
Class [Lcom.google.common.cache.LocalCache$Segment;                                   : loaded 2 times (x 65B)
Class [Lcom.google.common.cache.LocalCache$Strength;                                  : loaded 2 times (x 65B)
Class com.google.common.cache.CacheBuilder$1                                          : loaded 2 times (x 81B)
Class org.gradle.internal.classpath.DefaultClassPath$ImmutableUniqueList$Builder      : loaded 2 times (x 71B)
Class kotlin.reflect.jvm.internal.KProperty1Impl                                      : loaded 2 times (x 124B)
Class com.squareup.kotlinpoet.TypeName                                                : loaded 2 times (x 82B)
Class com.squareup.kotlinpoet.PropertySpec$Companion                                  : loaded 2 times (x 67B)
Class kotlin.reflect.jvm.internal.KDeclarationContainerImpl$Data                      : loaded 2 times (x 68B)
Class kotlin.io.FileTreeWalk$WalkState                                                : loaded 2 times (x 69B)
Class com.google.common.collect.MapMakerInternalMap$WeakValueReference                : loaded 2 times (x 66B)
Class com.google.common.collect.AbstractRangeSet                                      : loaded 2 times (x 110B)
Class com.google.common.base.CharMatcher$NegatedFastMatcher                           : loaded 2 times (x 109B)
Class com.google.common.cache.LocalCache                                              : loaded 2 times (x 183B)
Class com.google.common.cache.CacheBuilder$2                                          : loaded 2 times (x 68B)
Class org.gradle.internal.classloader.ClassLoaderVisitor                              : loaded 2 times (x 72B)
Class com.google.common.base.CharMatcher$None                                         : loaded 2 times (x 108B)
Class com.squareup.kotlinpoet.TypeSpecHolder                                          : loaded 2 times (x 66B)
Class org.apache.http.client.methods.HttpUriRequest                                   : loaded 2 times (x 66B)
Class [Lcom.google.common.collect.AbstractIterator$State;                             : loaded 2 times (x 65B)
Class com.google.common.io.ByteSource$ConcatenatedByteSource                          : loaded 2 times (x 81B)
Class kotlin.reflect.jvm.internal.impl.builtins.PrimitiveType$Companion               : loaded 2 times (x 67B)
Class kotlin.jvm.functions.Function4                                                  : loaded 2 times (x 66B)
Class kotlin.reflect.jvm.internal.KClassImpl$Data                                     : loaded 2 times (x 68B)
Class com.google.common.base.AbstractIterator$1                                       : loaded 2 times (x 67B)
Class com.google.common.base.CharMatcher$Digit                                        : loaded 2 times (x 108B)
Class com.google.common.collect.ArrayListMultimap                                     : loaded 2 times (x 168B)
Class org.gradle.api.GradleException                                                  : loaded 2 times (x 78B)
Class com.squareup.kotlinpoet.TypeSpec$Builder                                        : loaded 2 times (x 115B)
Class org.gradle.internal.classloader.DefaultClassLoaderFactory                       : loaded 2 times (x 78B)
Class com.google.common.base.Suppliers                                                : loaded 2 times (x 67B)
Class [Lcom.google.common.cache.CacheBuilder$OneWeigher;                              : loaded 2 times (x 65B)
Class kotlin.jvm.functions.Function5                                                  : loaded 2 times (x 66B)
Class com.google.common.base.Suppliers$MemoizingSupplier                              : loaded 2 times (x 75B)
Class org.apache.commons.io.StandardLineSeparator                                     : loaded 2 times (x 75B)
Class com.google.common.base.CharMatcher$JavaIsoControl                               : loaded 2 times (x 108B)
Class com.google.common.collect.MapMakerInternalMap$Strength                          : loaded 2 times (x 76B)
Class com.google.common.collect.MapMakerInternalMap$StrongKeyDummyValueEntry$LinkedStrongKeyDummyValueEntry: loaded 2 times (x 78B)
Class org.objectweb.asm.MethodTooLargeException                                       : loaded 2 times (x 79B)
Class kotlin.io.LinesSequence                                                         : loaded 2 times (x 71B)
Class kotlin.jvm.functions.Function6                                                  : loaded 2 times (x 66B)
Class kotlin.reflect.jvm.internal.KTypeParameterOwnerImpl                             : loaded 2 times (x 66B)
Class [Lcom.google.common.collect.MapMakerInternalMap$Strength;                       : loaded 2 times (x 65B)
Class [Lcom.google.common.io.FileWriteMode;                                           : loaded 2 times (x 65B)
Class org.apache.http.client.methods.HttpExecutionAware                               : loaded 2 times (x 66B)
Class com.google.common.base.CharMatcher$JavaLowerCase                                : loaded 2 times (x 107B)
Class [Lkotlin.reflect.KClass;                                                        : loaded 2 times (x 65B)
Class kotlin.jvm.functions.Function7                                                  : loaded 2 times (x 66B)
Class kotlin.reflect.jvm.internal.impl.name.Name                                      : loaded 2 times (x 71B)
Class kotlin.reflect.jvm.internal.KPropertyImpl$Companion                             : loaded 2 times (x 67B)
Class com.google.common.collect.Iterables$4                                           : loaded 2 times (x 77B)
Class com.google.common.collect.MapMakerInternalMap$StrongKeyDummyValueSegment        : loaded 2 times (x 138B)
Class com.google.common.io.Files                                                      : loaded 2 times (x 67B)
Class com.google.common.cache.LocalCache$EntryFactory                                 : loaded 2 times (x 79B)
Class kotlin.reflect.jvm.internal.impl.name.FqName                                    : loaded 2 times (x 68B)
Class org.jetbrains.kotlin.name.FqNameUnsafe$1                                        : loaded 2 times (x 70B)
Class com.google.common.collect.TransformedListIterator                               : loaded 2 times (x 89B)
Class com.squareup.kotlinpoet.ContextReceivers                                        : loaded 2 times (x 71B)
Class com.squareup.kotlinpoet.Documentable                                            : loaded 2 times (x 66B)
Class kotlin.collections.builders.MapBuilder$Companion                                : loaded 2 times (x 67B)
Class com.squareup.javapoet.Util                                                      : loaded 2 times (x 67B)
Class [Lkotlin.annotation.AnnotationRetention;                                        : loaded 2 times (x 65B)
Class kotlin.jvm.functions.Function8                                                  : loaded 2 times (x 66B)
Class kotlin.reflect.jvm.internal.impl.name.FqNameUnsafe                              : loaded 2 times (x 68B)
Class com.google.common.reflect.Types$NativeTypeVariableEquals                        : loaded 2 times (x 67B)
Class [Lcom.google.common.collect.MapMaker$Dummy;                                     : loaded 2 times (x 65B)
Class com.google.common.reflect.TypeParameter                                         : loaded 2 times (x 68B)
Class com.google.common.base.Splitter$1$1                                             : loaded 2 times (x 82B)
Class com.google.common.base.CharMatcher$Whitespace                                   : loaded 2 times (x 108B)
Class com.google.common.cache.LocalCache$AbstractReferenceEntry                       : loaded 2 times (x 103B)
Class org.gradle.internal.IoActions                                                   : loaded 2 times (x 67B)
Class com.google.common.base.VerifyException                                          : loaded 2 times (x 78B)
Class com.google.common.reflect.TypeCapture                                           : loaded 2 times (x 67B)
Class com.squareup.kotlinpoet.TypeNames                                               : loaded 2 times (x 67B)
Class kotlin.annotation.MustBeDocumented                                              : loaded 2 times (x 66B)
Class [Lkotlin.reflect.jvm.internal.impl.name.ClassId;                                : loaded 2 times (x 65B)
Class kotlin.jvm.functions.Function10                                                 : loaded 2 times (x 66B)
Class kotlin.jvm.functions.Function9                                                  : loaded 2 times (x 66B)
Class [Lkotlin.LazyThreadSafetyMode;                                                  : loaded 2 times (x 65B)
Class [Lkotlin.reflect.KClassifier;                                                   : loaded 2 times (x 65B)
Class kotlin.reflect.jvm.internal.EmptyContainerForLocal                              : loaded 2 times (x 80B)
Class org.objectweb.asm.SymbolTable                                                   : loaded 2 times (x 68B)
Class com.google.common.collect.ImmutableMapKeySet                                    : loaded 2 times (x 146B)
Class com.google.common.collect.ImmutableRangeSet$ComplementRanges                    : loaded 2 times (x 203B)
Class org.apache.http.client.methods.HttpPut                                          : loaded 2 times (x 149B)
Class org.apache.http.client.methods.Configurable                                     : loaded 2 times (x 66B)
Class com.google.common.base.CharMatcher$SingleWidth                                  : loaded 2 times (x 108B)
Class com.google.common.cache.CacheLoader$InvalidCacheLoadException                   : loaded 2 times (x 78B)
Class org.gradle.internal.classloader.SystemClassLoaderSpec                           : loaded 2 times (x 67B)
Class org.objectweb.asm.ClassVisitor                                                  : loaded 2 times (x 84B)
Class [Lorg.objectweb.asm.Symbol;                                                     : loaded 2 times (x 65B)
Class com.squareup.kotlinpoet.ContextReceivable                                       : loaded 2 times (x 66B)
Class kotlin.ranges.IntRange$Companion                                                : loaded 2 times (x 67B)
Class kotlin.coroutines.intrinsics.IntrinsicsKt                                       : loaded 2 times (x 67B)
Class kotlin.jvm.internal.markers.KMutableCollection                                  : loaded 2 times (x 66B)
Class com.squareup.kotlinpoet.WildcardTypeName$Companion                              : loaded 2 times (x 67B)
Class com.squareup.kotlinpoet.TagMap                                                  : loaded 2 times (x 75B)
Class kotlin.jvm.functions.Function11                                                 : loaded 2 times (x 66B)
Class com.google.common.collect.FluentIterable                                        : loaded 2 times (x 77B)
Class com.google.common.cache.LocalCache$StrongEntry                                  : loaded 2 times (x 104B)
Class com.google.common.util.concurrent.AbstractFuture$TrustedFuture                  : loaded 2 times (x 110B)
Class com.google.common.cache.LoadingCache                                            : loaded 2 times (x 66B)
Class kotlin.sequences.TransformingSequence                                           : loaded 2 times (x 71B)
Class com.google.common.io.ByteArrayDataOutput                                        : loaded 2 times (x 66B)
Class kotlin.coroutines.intrinsics.CoroutineSingletons                                : loaded 2 times (x 75B)
Class kotlin.jvm.internal.MutablePropertyReference2                                   : loaded 2 times (x 133B)
Class kotlin.jvm.functions.Function12                                                 : loaded 2 times (x 66B)
Class kotlin.io.FileTreeWalk$FileTreeWalkIterator$TopDownDirectoryState               : loaded 2 times (x 70B)
Class com.google.common.io.ByteStreams$LimitedInputStream                             : loaded 2 times (x 88B)
Class org.objectweb.asm.MethodWriter                                                  : loaded 2 times (x 102B)
Class com.google.common.base.Suppliers$NonSerializableMemoizingSupplier               : loaded 2 times (x 75B)
Class [Lcom.google.common.cache.Weigher;                                              : loaded 2 times (x 65B)
Class kotlin.reflect.jvm.internal.ReflectProperties$Val                               : loaded 2 times (x 70B)
Class kotlin.ranges.OpenEndRange                                                      : loaded 2 times (x 66B)
Class kotlin.sequences.SequenceBuilderIterator                                        : loaded 2 times (x 81B)
Class kotlin.jvm.functions.Function13                                                 : loaded 2 times (x 66B)
Class kotlin.text.Charsets                                                            : loaded 2 times (x 67B)
Class com.google.common.collect.ImmutableMultimap$1                                   : loaded 2 times (x 78B)
Class com.google.common.collect.AbstractMapBasedMultimap$RandomAccessWrappedList      : loaded 2 times (x 201B)
Class kotlin.collections.builders.MapBuilder                                          : loaded 2 times (x 108B)
Class kotlin.ranges.IntProgression$Companion                                          : loaded 2 times (x 67B)
Class com.squareup.kotlinpoet.ClassName$special$$inlined$thenBy$1                     : loaded 2 times (x 86B)
Class kotlin.jvm.functions.Function14                                                 : loaded 2 times (x 66B)
Class com.google.common.collect.AbstractIterator$State                                : loaded 2 times (x 75B)
Class com.google.common.collect.ImmutableMultimap$2                                   : loaded 2 times (x 77B)
Class com.google.common.reflect.Types$JavaVersion$1                                   : loaded 2 times (x 79B)
Class com.google.common.base.CharMatcher$Negated                                      : loaded 2 times (x 109B)
Class com.google.common.base.CharMatcher$Is                                           : loaded 2 times (x 107B)
Class com.google.common.cache.LocalCache$ValueReference                               : loaded 2 times (x 66B)
Class org.gradle.api.internal.classpath.ManifestUtil                                  : loaded 2 times (x 67B)
Class com.google.common.collect.AbstractMapBasedMultimap$WrappedCollection            : loaded 2 times (x 120B)
Class com.google.common.util.concurrent.ExecutionError                                : loaded 2 times (x 78B)
Class com.google.common.collect.ImmutableEnumSet                                      : loaded 2 times (x 142B)
Class com.squareup.kotlinpoet.ClassName$special$$inlined$thenBy$2                     : loaded 2 times (x 86B)
Class com.squareup.kotlinpoet.Taggable                                                : loaded 2 times (x 66B)
Class com.google.common.collect.ImmutableBiMap$SerializedForm                         : loaded 2 times (x 71B)
Class kotlin.jvm.functions.Function15                                                 : loaded 2 times (x 66B)
Class kotlin.jvm.internal.MutablePropertyReference1                                   : loaded 2 times (x 133B)
Class com.google.common.hash.PrimitiveSink                                            : loaded 2 times (x 66B)
Class com.google.common.reflect.Types$JavaVersion$2                                   : loaded 2 times (x 79B)
Class com.google.common.reflect.Types                                                 : loaded 2 times (x 67B)
Class com.google.common.util.concurrent.AbstractFuture$Failure                        : loaded 2 times (x 68B)
Class kotlin.SafePublicationLazyImpl$Companion                                        : loaded 2 times (x 67B)
Class kotlin.jvm.internal.PropertyReference1Impl                                      : loaded 2 times (x 123B)
Class [Lcom.squareup.javapoet.TypeSpec$Kind;                                          : loaded 2 times (x 65B)
Class kotlin.coroutines.EmptyCoroutineContext                                         : loaded 2 times (x 73B)
Class com.squareup.kotlinpoet.CodeBlock$Companion                                     : loaded 2 times (x 67B)
Class kotlin.Suppress                                                                 : loaded 2 times (x 66B)
Class kotlin.jvm.functions.Function16                                                 : loaded 2 times (x 66B)
Class kotlin.reflect.jvm.internal.CacheByClassKt                                      : loaded 2 times (x 67B)
Class org.objectweb.asm.Label                                                         : loaded 2 times (x 69B)
Class org.objectweb.asm.CurrentFrame                                                  : loaded 2 times (x 69B)
Class org.objectweb.asm.ClassTooLargeException                                        : loaded 2 times (x 79B)
Class com.google.common.collect.ImmutableSetMultimap                                  : loaded 2 times (x 176B)
Class com.google.common.reflect.Types$JavaVersion$3                                   : loaded 2 times (x 79B)
Class com.google.common.io.CharSink                                                   : loaded 2 times (x 75B)
Class com.google.common.base.CharMatcher                                              : loaded 2 times (x 107B)
Class com.google.common.base.Joiner$1                                                 : loaded 2 times (x 76B)
Class org.gradle.internal.classloader.ClassLoaderHierarchy                            : loaded 2 times (x 66B)
Class kotlin.jvm.functions.Function17                                                 : loaded 2 times (x 66B)
Class com.google.common.io.ByteSource$AsCharSource                                    : loaded 2 times (x 82B)
Class org.objectweb.asm.Frame                                                         : loaded 2 times (x 69B)
Class org.objectweb.asm.MethodVisitor                                                 : loaded 2 times (x 101B)
Class com.google.common.reflect.Types$JavaVersion$4                                   : loaded 2 times (x 79B)
Class com.google.common.collect.MapMakerInternalMap$InternalEntryHelper               : loaded 2 times (x 66B)
Class com.google.common.collect.Maps$IteratorBasedAbstractMap                         : loaded 2 times (x 121B)
Class com.google.common.collect.RangeGwtSerializationDependencies                     : loaded 2 times (x 67B)
Class com.google.common.collect.Table                                                 : loaded 2 times (x 66B)
Class com.google.common.base.CharMatcher$1                                            : loaded 2 times (x 109B)
Class com.google.common.base.CharMatcher$NamedFastMatcher                             : loaded 2 times (x 108B)
Class com.google.common.base.Joiner$2                                                 : loaded 2 times (x 75B)
Class com.google.common.cache.LocalCache$EntryFactory$1                               : loaded 2 times (x 79B)
Class [Lcom.google.common.cache.RemovalListener;                                      : loaded 2 times (x 65B)
Class com.google.common.base.CharMatcher$IsEither                                     : loaded 2 times (x 107B)
Class [Lcom.google.common.base.AbstractIterator$State;                                : loaded 2 times (x 65B)
Class kotlin.jvm.functions.Function18                                                 : loaded 2 times (x 66B)
Class kotlin.reflect.jvm.internal.CachesKt                                            : loaded 2 times (x 67B)
Class com.google.common.reflect.Types$JavaVersion$5                                   : loaded 2 times (x 67B)
Class [Lcom.google.common.reflect.Types$ClassOwnership;                               : loaded 2 times (x 65B)
Class com.google.common.collect.RangeSet                                              : loaded 2 times (x 66B)
Class com.google.common.cache.LocalCache$EntryFactory$2                               : loaded 2 times (x 79B)
Class org.gradle.api.internal.classpath.GlobalCacheRootsProvider                      : loaded 2 times (x 66B)
Class com.google.common.io.FileWriteMode                                              : loaded 2 times (x 75B)
Class [Lcom.google.common.collect.MapMakerInternalMap$Segment;                        : loaded 2 times (x 65B)
Class com.squareup.kotlinpoet.ParameterSpec$Builder                                   : loaded 2 times (x 88B)
Class kotlin.jvm.internal.MutablePropertyReference0                                   : loaded 2 times (x 133B)
Class kotlin.reflect.jvm.internal.impl.builtins.CompanionObjectMapping                : loaded 2 times (x 67B)
Class kotlin.reflect.KMutableProperty$Setter                                          : loaded 2 times (x 66B)
Class kotlin.jvm.functions.Function19                                                 : loaded 2 times (x 66B)
Class org.objectweb.asm.ModuleWriter                                                  : loaded 2 times (x 78B)
Class com.google.common.collect.CollectCollectors                                     : loaded 2 times (x 67B)
Class com.google.common.cache.LocalCache$EntryFactory$3                               : loaded 2 times (x 79B)
Class com.google.common.base.Ticker$1                                                 : loaded 2 times (x 68B)
Class [Lkotlin.jvm.functions.Function1;                                               : loaded 2 times (x 65B)
Class com.squareup.kotlinpoet.CodeWriter$Companion                                    : loaded 2 times (x 67B)
Class com.squareup.kotlinpoet.ParameterSpec$Companion                                 : loaded 2 times (x 67B)
Class kotlin.jvm.internal.CollectionToArray                                           : loaded 2 times (x 67B)
Class com.google.common.collect.ImmutableSet$Builder                                  : loaded 2 times (x 81B)
Class com.google.common.base.CharMatcher$InRange                                      : loaded 2 times (x 107B)
Class com.google.common.cache.LocalCache$EntryFactory$4                               : loaded 2 times (x 79B)
Class com.squareup.kotlinpoet.OriginatingElementsHolder$Builder                       : loaded 2 times (x 66B)
Class com.squareup.kotlinpoet.AnnotationSpec$Builder$Companion                        : loaded 2 times (x 67B)
Class com.squareup.kotlinpoet.ParameterSpecKt                                         : loaded 2 times (x 67B)
Class com.squareup.javapoet.AnnotationSpec                                            : loaded 2 times (x 68B)
Class [Lcom.squareup.kotlinpoet.TypeSpec$Kind;                                        : loaded 2 times (x 65B)
Class com.squareup.javapoet.CodeBlock                                                 : loaded 2 times (x 68B)
Class com.google.common.io.ByteStreams$1                                              : loaded 2 times (x 81B)
Class com.google.common.cache.LocalCache$EntryFactory$5                               : loaded 2 times (x 79B)
Class com.squareup.kotlinpoet.CodeBlock$Builder                                       : loaded 2 times (x 68B)
Class [Lcom.squareup.kotlinpoet.KModifier;                                            : loaded 2 times (x 65B)
Class com.squareup.kotlinpoet.KModifier                                               : loaded 2 times (x 75B)
Class [Lkotlin.reflect.KProperty;                                                     : loaded 2 times (x 65B)
Class org.apache.commons.io.output.AppendableWriter                                   : loaded 2 times (x 96B)
Class com.google.common.cache.LocalCache$EntryFactory$6                               : loaded 2 times (x 79B)
Class org.gradle.internal.installation.CurrentGradleInstallationLocator               : loaded 2 times (x 67B)
Class com.squareup.kotlinpoet.FileSpec                                                : loaded 2 times (x 83B)
Class [Lkotlin.io.FileWalkDirection;                                                  : loaded 2 times (x 65B)
Class com.google.common.io.ByteSource$SlicedByteSource                                : loaded 2 times (x 81B)
Class com.google.common.collect.ImmutableMultimap$Builder                             : loaded 2 times (x 79B)
Class com.google.common.collect.ImmutableSet$EmptySetBuilderImpl                      : loaded 2 times (x 72B)
Class org.apache.commons.io.output.ThresholdingOutputStream                           : loaded 2 times (x 91B)
Class com.google.common.collect.Maps$KeySet                                           : loaded 2 times (x 133B)
Class com.google.common.cache.LocalCache$EntryFactory$7                               : loaded 2 times (x 79B)
Class org.gradle.internal.service.DefaultServiceLocator                               : loaded 2 times (x 79B)
Class com.squareup.kotlinpoet.ParameterSpec                                           : loaded 2 times (x 79B)
Class com.squareup.kotlinpoet.ContextReceivableKt                                     : loaded 2 times (x 67B)
Class kotlin.coroutines.jvm.internal.SuspendFunction                                  : loaded 2 times (x 66B)
Class org.gradle.internal.classloader.FilteringClassLoader                            : loaded 2 times (x 101B)
Class kotlin.reflect.KMutableProperty0                                                : loaded 2 times (x 66B)
Class kotlin.reflect.KClassifier                                                      : loaded 2 times (x 66B)
Class kotlin.io.FileTreeWalk                                                          : loaded 2 times (x 71B)
Class com.google.common.collect.ImmutableMultimap$EntryCollection                     : loaded 2 times (x 123B)
Class com.google.common.collect.Maps$EntrySet                                         : loaded 2 times (x 132B)
Class com.google.common.cache.LocalCache$EntryFactory$8                               : loaded 2 times (x 79B)
Class org.gradle.internal.installation.CurrentGradleInstallation                      : loaded 2 times (x 69B)
Class kotlin.jvm.internal.StringCompanionObject                                       : loaded 2 times (x 67B)
Class kotlin.coroutines.intrinsics.IntrinsicsKt__IntrinsicsJvmKt                      : loaded 2 times (x 67B)
Class kotlin.coroutines.jvm.internal.CoroutineStackFrame                              : loaded 2 times (x 66B)
Class com.google.common.io.LineReader                                                 : loaded 2 times (x 68B)
Class kotlin.reflect.KMutableProperty1                                                : loaded 2 times (x 66B)
Class com.google.common.collect.ForwardingObject                                      : loaded 2 times (x 68B)
Class org.apache.http.HttpEntity                                                      : loaded 2 times (x 66B)
Class org.apache.http.HttpRequest                                                     : loaded 2 times (x 66B)
Class com.google.common.cache.CacheLoader$1                                           : loaded 2 times (x 71B)
Class org.gradle.util.internal.GUtil                                                  : loaded 2 times (x 67B)
Class kotlin.io.TextStreamsKt                                                         : loaded 2 times (x 67B)
Class kotlin.coroutines.jvm.internal.CompletedContinuation                            : loaded 2 times (x 71B)
Class kotlin.reflect.KMutableProperty2                                                : loaded 2 times (x 66B)
Class com.google.common.io.ByteSource                                                 : loaded 2 times (x 80B)
Class com.google.common.util.concurrent.AbstractFuture$SetFuture                      : loaded 2 times (x 71B)
Class com.google.common.cache.AbstractCache$StatsCounter                              : loaded 2 times (x 66B)
Class kotlin.ranges.IntProgressionIterator                                            : loaded 2 times (x 78B)
Class kotlin.coroutines.CoroutineContext                                              : loaded 2 times (x 66B)
Class kotlin.coroutines.jvm.internal.DebugProbesKt                                    : loaded 2 times (x 67B)
Class com.squareup.kotlinpoet.FunSpec$Companion                                       : loaded 2 times (x 67B)
Class kotlin.sequences.FlatteningSequence                                             : loaded 2 times (x 71B)
Class kotlin.reflect.jvm.internal.RuntimeTypeMapper                                   : loaded 2 times (x 67B)
Class com.google.common.io.LineBuffer                                                 : loaded 2 times (x 71B)
Class com.google.common.reflect.Types$TypeVariableImpl                                : loaded 2 times (x 68B)
Class com.google.common.collect.MapMakerInternalMap$1                                 : loaded 2 times (x 79B)
Class org.gradle.internal.installation.GradleInstallation                             : loaded 2 times (x 71B)
Class com.squareup.kotlinpoet.ClassNames                                              : loaded 2 times (x 67B)
Class com.squareup.javapoet.ClassName                                                 : loaded 2 times (x 80B)
Class com.google.common.collect.Iterables                                             : loaded 2 times (x 67B)
Class com.google.common.base.Splitter$Strategy                                        : loaded 2 times (x 66B)
Class kotlin.jvm.internal.MutablePropertyReference1Impl                               : loaded 2 times (x 133B)
Class kotlin.ranges.IntProgression                                                    : loaded 2 times (x 77B)
Class kotlin.io.FileWalkDirection                                                     : loaded 2 times (x 75B)

---------------  S Y S T E M  ---------------

OS:
 Windows 10 , 64 bit Build 19041 (10.0.19041.5915)
OS uptime: 2 days 22:32 hours

CPU: total 8 (initial active 8) (4 cores per cpu, 2 threads per core) family 6 model 140 stepping 1 microcode 0x86, cx8, cmov, fxsr, ht, mmx, 3dnowpref, sse, sse2, sse3, ssse3, sse4.1, sse4.2, popcnt, lzcnt, tsc, tscinvbit, avx, avx2, aes, erms, clmul, bmi1, bmi2, adx, avx512f, avx512dq, avx512cd, avx512bw, avx512vl, sha, fma, vzeroupper, avx512_vpopcntdq, avx512_vpclmulqdq, avx512_vaes, avx512_vnni, clflush, clflushopt, clwb, avx512_vbmi2, avx512_vbmi, rdtscp, rdpid, fsrm, gfni, avx512_bitalg, f16c, pku, cet_ibt, cet_ss, avx512_ifma
Processor Information for all 8 processors :
  Max Mhz: 3110, Current Mhz: 3110, Mhz Limit: 3110

Memory: 4k page, system-wide physical 7871M (519M free)
TotalPageFile size 31152M (AvailPageFile size 7494M)
current process WorkingSet (physical memory assigned to process): 1007M, peak: 1320M
current process commit charge ("private bytes"): 1598M, peak: 1706M

vm_info: OpenJDK 64-Bit Server VM (21.0.5+-13047016-b750.29) for windows-amd64 JRE (21.0.5+-13047016-b750.29), built on 2025-02-11T21:12:39Z by "builder" with MS VC++ 16.10 / 16.11 (VS2019)

END.
