#
# There is insufficient memory for the Java Runtime Environment to continue.
# Native memory allocation (mmap) failed to map 108003328 bytes. Error detail: G1 virtual space
# Possible reasons:
#   The system is out of physical RAM or swap space
#   This process is running with CompressedOops enabled, and the Java Heap may be blocking the growth of the native heap
# Possible solutions:
#   Reduce memory load on the system
#   Increase physical memory or swap space
#   Check if swap backing store is full
#   Decrease Java heap size (-Xmx/-Xms)
#   Decrease number of Java threads
#   Decrease Java thread stack sizes (-Xss)
#   Set larger code cache with -XX:ReservedCodeCacheSize=
#   JVM is running with Unscaled Compressed Oops mode in which the Java heap is
#     placed in the first 4GB address space. The Java Heap base address is the
#     maximum limit for the native heap growth. Please use -XX:HeapBaseMinAddress
#     to set the Java Heap base and to place the Java Heap above 4GB virtual address.
# This output file may be truncated or incomplete.
#
#  Out of Memory Error (os_windows.cpp:3828), pid=18368, tid=1820
#
# JRE version: OpenJDK Runtime Environment (21.0.5) (build 21.0.5+-13047016-b750.29)
# Java VM: OpenJDK 64-Bit Server VM (21.0.5+-13047016-b750.29, mixed mode, tiered, compressed oops, compressed class ptrs, g1 gc, windows-amd64)
# No core dump will be written. Minidumps are not enabled by default on client versions of Windows
#

---------------  S U M M A R Y ------------

Command Line: --add-opens=java.base/java.lang=ALL-UNNAMED --add-opens=java.base/java.lang.invoke=ALL-UNNAMED --add-opens=java.base/java.util=ALL-UNNAMED --add-opens=java.prefs/java.util.prefs=ALL-UNNAMED --add-exports=jdk.compiler/com.sun.tools.javac.api=ALL-UNNAMED --add-exports=jdk.compiler/com.sun.tools.javac.util=ALL-UNNAMED --add-opens=java.base/java.util=ALL-UNNAMED --add-opens=java.prefs/java.util.prefs=ALL-UNNAMED --add-opens=java.base/java.nio.charset=ALL-UNNAMED --add-opens=java.base/java.net=ALL-UNNAMED --add-opens=java.base/java.util.concurrent.atomic=ALL-UNNAMED --add-opens=java.xml/javax.xml.namespace=ALL-UNNAMED -Xmx2048m -Dfile.encoding=UTF-8 -Duser.country=RU -Duser.language=ru -Duser.variant -javaagent:C:\Users\77012\.gradle\wrapper\dists\gradle-8.11.1-bin\bpt9gzteqjrbo1mjrsomdt32c\gradle-8.11.1\lib\agents\gradle-instrumentation-agent-8.11.1.jar org.gradle.launcher.daemon.bootstrap.GradleDaemon 8.11.1

Host: 11th Gen Intel(R) Core(TM) i5-11300H @ 3.10GHz, 8 cores, 7G,  Windows 10 , 64 bit Build 19041 (10.0.19041.5915)
Time: Mon Sep  1 05:08:03 2025  Windows 10 , 64 bit Build 19041 (10.0.19041.5915) elapsed time: 23666.258660 seconds (0d 6h 34m 26s)

---------------  T H R E A D  ---------------

Current thread (0x00000251472a5d60):  VMThread "VM Thread"          [id=1820, stack(0x0000005f68200000,0x0000005f68300000) (1024K)]

Stack: [0x0000005f68200000,0x0000005f68300000]
Native frames: (J=compiled Java code, j=interpreted, Vv=VM code, C=native code)
V  [jvm.dll+0x6cfb29]
V  [jvm.dll+0x85df93]
V  [jvm.dll+0x8604ee]
V  [jvm.dll+0x860bd3]
V  [jvm.dll+0x27e6b6]
V  [jvm.dll+0x6cc385]
V  [jvm.dll+0x6c078a]
V  [jvm.dll+0x35525b]
V  [jvm.dll+0x35ceb6]
V  [jvm.dll+0x3aedd6]
V  [jvm.dll+0x3af0a8]
V  [jvm.dll+0x32792c]
V  [jvm.dll+0x3279b7]
V  [jvm.dll+0x36d80c]
V  [jvm.dll+0x36bfbe]
V  [jvm.dll+0x327081]
V  [jvm.dll+0x36b6d0]
V  [jvm.dll+0x866958]
V  [jvm.dll+0x867cd4]
V  [jvm.dll+0x868210]
V  [jvm.dll+0x8684a3]
V  [jvm.dll+0x806368]
V  [jvm.dll+0x6ce3fd]
C  [ucrtbase.dll+0x21bb2]
C  [KERNEL32.DLL+0x17374]
C  [ntdll.dll+0x4cc91]

VM_Operation (0x0000005f6b2fa370): G1CollectForAllocation, mode: safepoint, requested by thread 0x0000025159b6f0e0


---------------  P R O C E S S  ---------------

Threads class SMR info:
_java_thread_list=0x000002515a2a7640, length=102, elements={
0x000002512fbd0b20, 0x00000251474682c0, 0x00000251474448a0, 0x000002514744d2e0,
0x0000025147451f10, 0x0000025147452f70, 0x000002514744dd30, 0x000002514744e990,
0x0000025147478360, 0x00000251475bc2c0, 0x000002514778a870, 0x000002514d931bf0,
0x000002514da29850, 0x000002514db17c90, 0x000002514dc2cc60, 0x000002514dc2d2f0,
0x000002514dc2d980, 0x000002514dc2e010, 0x000002514f648620, 0x000002514f64b410,
0x000002514f64e200, 0x000002514f688a80, 0x000002515b335d90, 0x000002515b333cc0,
0x000002515a5086b0, 0x0000025159827cb0, 0x0000025159822df0, 0x0000025158610dc0,
0x000002515b50d250, 0x0000025158fb3ea0, 0x000002515b5ee730, 0x0000025163f10960,
0x0000025158faf670, 0x0000025163f11d10, 0x0000025159b66710, 0x000002515b50aaf0,
0x0000025159978b40, 0x000002515882de00, 0x0000025158fb1740, 0x00000251580eb2f0,
0x000002515b50bea0, 0x000002515b5ebfd0, 0x000002515b5ec660, 0x0000025159972d80,
0x000002514eebe340, 0x0000025159b6d6a0, 0x0000025162adf4b0, 0x0000025162ae0ef0,
0x0000025159b6d010, 0x0000025158a25400, 0x00000251522ef430, 0x0000025158830bf0,
0x000002516217e8e0, 0x0000025160782f30, 0x000002516217f600, 0x0000025158ad5ef0,
0x0000025159b6c2f0, 0x0000025159b66da0, 0x0000025159b6b5d0, 0x0000025158ad72a0,
0x0000025158ad6580, 0x0000025158ad6c10, 0x0000025159b66080, 0x0000025159b69500,
0x0000025159b6e3c0, 0x0000025159b67ac0, 0x0000025159b67430, 0x0000025159b70b20,
0x0000025159b7bc50, 0x0000025159b7b5c0, 0x000002515b5ed380, 0x000002515b5eac20,
0x000002515b5eb2b0, 0x000002515a919320, 0x0000025159b6f0e0, 0x0000025159b7a210,
0x0000025159b7af30, 0x0000025158ad7930, 0x000002515b5ee0a0, 0x000002515a914af0,
0x000002515a91d4c0, 0x0000025161e374b0, 0x0000025162aba800, 0x000002515b5eb940,
0x000002515b5eedc0, 0x0000025162ab80a0, 0x000002515b5ef450, 0x00000251607807d0,
0x000002515b5efae0, 0x00000251607835c0, 0x0000025158ad7fc0, 0x0000025160783c50,
0x000002515b5e9f00, 0x000002515b5f1520, 0x0000025160986680, 0x0000025160987a30,
0x0000025161e381d0, 0x0000025159b6ea50, 0x0000025159b687e0, 0x0000025162abb520,
0x000002515a91a6d0, 0x000002515b5f0170
}

Java Threads: ( => current thread )
  0x000002512fbd0b20 JavaThread "main"                              [_thread_blocked, id=13120, stack(0x0000005f67b00000,0x0000005f67c00000) (1024K)]
  0x00000251474682c0 JavaThread "Reference Handler"          daemon [_thread_blocked, id=15816, stack(0x0000005f68300000,0x0000005f68400000) (1024K)]
  0x00000251474448a0 JavaThread "Finalizer"                  daemon [_thread_blocked, id=9780, stack(0x0000005f68400000,0x0000005f68500000) (1024K)]
  0x000002514744d2e0 JavaThread "Signal Dispatcher"          daemon [_thread_blocked, id=17452, stack(0x0000005f68500000,0x0000005f68600000) (1024K)]
  0x0000025147451f10 JavaThread "Attach Listener"            daemon [_thread_blocked, id=16640, stack(0x0000005f68600000,0x0000005f68700000) (1024K)]
  0x0000025147452f70 JavaThread "Service Thread"             daemon [_thread_blocked, id=17448, stack(0x0000005f68700000,0x0000005f68800000) (1024K)]
  0x000002514744dd30 JavaThread "Monitor Deflation Thread"   daemon [_thread_blocked, id=16768, stack(0x0000005f68800000,0x0000005f68900000) (1024K)]
  0x000002514744e990 JavaThread "C2 CompilerThread0"         daemon [_thread_blocked, id=16776, stack(0x0000005f68900000,0x0000005f68a00000) (1024K)]
  0x0000025147478360 JavaThread "C1 CompilerThread0"         daemon [_thread_blocked, id=16744, stack(0x0000005f68a00000,0x0000005f68b00000) (1024K)]
  0x00000251475bc2c0 JavaThread "Common-Cleaner"             daemon [_thread_blocked, id=16740, stack(0x0000005f68b00000,0x0000005f68c00000) (1024K)]
  0x000002514778a870 JavaThread "Notification Thread"        daemon [_thread_blocked, id=16736, stack(0x0000005f68c00000,0x0000005f68d00000) (1024K)]
  0x000002514d931bf0 JavaThread "Daemon health stats"               [_thread_blocked, id=17832, stack(0x0000005f69400000,0x0000005f69500000) (1024K)]
  0x000002514da29850 JavaThread "Incoming local TCP Connector on port 49978"        [_thread_in_native, id=17892, stack(0x0000005f69500000,0x0000005f69600000) (1024K)]
  0x000002514db17c90 JavaThread "Daemon periodic checks"            [_thread_blocked, id=17880, stack(0x0000005f69600000,0x0000005f69700000) (1024K)]
  0x000002514dc2cc60 JavaThread "Cache worker for journal cache (C:\Users\77012\.gradle\caches\journal-1)"        [_thread_blocked, id=17004, stack(0x0000005f6a100000,0x0000005f6a200000) (1024K)]
  0x000002514dc2d2f0 JavaThread "File lock request listener"        [_thread_in_native, id=17000, stack(0x0000005f6a200000,0x0000005f6a300000) (1024K)]
  0x000002514dc2d980 JavaThread "Cache worker for file hash cache (C:\Users\77012\.gradle\caches\8.11.1\fileHashes)"        [_thread_blocked, id=16964, stack(0x0000005f6a300000,0x0000005f6a400000) (1024K)]
  0x000002514dc2e010 JavaThread "Cache worker for file content cache (C:\Users\77012\.gradle\caches\8.11.1\fileContent)"        [_thread_blocked, id=8680, stack(0x0000005f6a400000,0x0000005f6a500000) (1024K)]
  0x000002514f648620 JavaThread "File watcher server"        daemon [_thread_blocked, id=8960, stack(0x0000005f6a800000,0x0000005f6a900000) (1024K)]
  0x000002514f64b410 JavaThread "File watcher consumer"      daemon [_thread_blocked, id=4624, stack(0x0000005f6a900000,0x0000005f6aa00000) (1024K)]
  0x000002514f64e200 JavaThread "Memory manager"                    [_thread_blocked, id=6372, stack(0x0000005f6ac00000,0x0000005f6ad00000) (1024K)]
  0x000002514f688a80 JavaThread "pool-2-thread-1"                   [_thread_blocked, id=17164, stack(0x0000005f68e00000,0x0000005f68f00000) (1024K)]
  0x000002515b335d90 JavaThread "RMI Scheduler(0)"           daemon [_thread_blocked, id=10684, stack(0x0000005f6cf00000,0x0000005f6d000000) (1024K)]
  0x000002515b333cc0 JavaThread "RMI TCP Accept-0"           daemon [_thread_in_native, id=3832, stack(0x0000005f71500000,0x0000005f71600000) (1024K)]
  0x000002515a5086b0 JavaThread "Cache worker for Java compile cache (C:\Users\77012\.gradle\caches\8.11.1\javaCompile)"        [_thread_blocked, id=16432, stack(0x0000005f67a00000,0x0000005f67b00000) (1024K)]
  0x0000025159827cb0 JavaThread "pool-7-thread-1"                   [_thread_blocked, id=3140, stack(0x0000005f6ba00000,0x0000005f6bb00000) (1024K)]
  0x0000025159822df0 JavaThread "pool-12-thread-1"                  [_thread_blocked, id=4944, stack(0x0000005f6bb00000,0x0000005f6bc00000) (1024K)]
  0x0000025158610dc0 JavaThread "pool-17-thread-1"                  [_thread_blocked, id=11324, stack(0x0000005f6b900000,0x0000005f6ba00000) (1024K)]
  0x000002515b50d250 JavaThread "pool-22-thread-1"                  [_thread_blocked, id=13576, stack(0x0000005f6c300000,0x0000005f6c400000) (1024K)]
  0x0000025158fb3ea0 JavaThread "pool-27-thread-1"                  [_thread_blocked, id=7596, stack(0x0000005f6c000000,0x0000005f6c100000) (1024K)]
  0x000002515b5ee730 JavaThread "pool-32-thread-1"                  [_thread_blocked, id=5296, stack(0x0000005f6b800000,0x0000005f6b900000) (1024K)]
  0x0000025163f10960 JavaThread "pool-37-thread-1"                  [_thread_blocked, id=17012, stack(0x0000005f6be00000,0x0000005f6bf00000) (1024K)]
  0x0000025158faf670 JavaThread "pool-42-thread-1"                  [_thread_blocked, id=3632, stack(0x0000005f6bc00000,0x0000005f6bd00000) (1024K)]
  0x0000025163f11d10 JavaThread "pool-47-thread-1"                  [_thread_blocked, id=18388, stack(0x0000005f6c100000,0x0000005f6c200000) (1024K)]
  0x0000025159b66710 JavaThread "pool-52-thread-1"                  [_thread_blocked, id=5124, stack(0x0000005f6bd00000,0x0000005f6be00000) (1024K)]
  0x000002515b50aaf0 JavaThread "pool-57-thread-1"                  [_thread_blocked, id=12188, stack(0x0000005f6bf00000,0x0000005f6c000000) (1024K)]
  0x0000025159978b40 JavaThread "pool-62-thread-1"                  [_thread_blocked, id=12764, stack(0x0000005f6c200000,0x0000005f6c300000) (1024K)]
  0x000002515882de00 JavaThread "pool-67-thread-1"                  [_thread_blocked, id=13556, stack(0x0000005f6c400000,0x0000005f6c500000) (1024K)]
  0x0000025158fb1740 JavaThread "pool-72-thread-1"                  [_thread_blocked, id=14968, stack(0x0000005f6c600000,0x0000005f6c700000) (1024K)]
  0x00000251580eb2f0 JavaThread "pool-77-thread-1"                  [_thread_blocked, id=7924, stack(0x0000005f6c500000,0x0000005f6c600000) (1024K)]
  0x000002515b50bea0 JavaThread "pool-82-thread-1"                  [_thread_blocked, id=1296, stack(0x0000005f6c700000,0x0000005f6c800000) (1024K)]
  0x000002515b5ebfd0 JavaThread "RMI GC Daemon"              daemon [_thread_blocked, id=7744, stack(0x0000005f6d800000,0x0000005f6d900000) (1024K)]
  0x000002515b5ec660 JavaThread "RMI Reaper"                        [_thread_blocked, id=16268, stack(0x0000005f6d900000,0x0000005f6da00000) (1024K)]
  0x0000025159972d80 JavaThread "pool-87-thread-1"                  [_thread_blocked, id=11216, stack(0x0000005f6ca00000,0x0000005f6cb00000) (1024K)]
  0x000002514eebe340 JavaThread "pool-92-thread-1"                  [_thread_blocked, id=18240, stack(0x0000005f6c900000,0x0000005f6ca00000) (1024K)]
  0x0000025159b6d6a0 JavaThread "pool-98-thread-1"                  [_thread_blocked, id=2748, stack(0x0000005f6f200000,0x0000005f6f300000) (1024K)]
  0x0000025162adf4b0 JavaThread "pool-101-thread-1"                 [_thread_blocked, id=13076, stack(0x0000005f6aa00000,0x0000005f6ab00000) (1024K)]
  0x0000025162ae0ef0 JavaThread "pool-107-thread-1"                 [_thread_blocked, id=4804, stack(0x0000005f6e200000,0x0000005f6e300000) (1024K)]
  0x0000025159b6d010 JavaThread "pool-112-thread-1"                 [_thread_blocked, id=13184, stack(0x0000005f6e400000,0x0000005f6e500000) (1024K)]
  0x0000025158a25400 JavaThread "pool-118-thread-1"                 [_thread_blocked, id=4560, stack(0x0000005f6e700000,0x0000005f6e800000) (1024K)]
  0x00000251522ef430 JavaThread "pool-122-thread-1"                 [_thread_blocked, id=6908, stack(0x0000005f6cb00000,0x0000005f6cc00000) (1024K)]
  0x0000025158830bf0 JavaThread "pool-125-thread-1"                 [_thread_blocked, id=1248, stack(0x0000005f6d100000,0x0000005f6d200000) (1024K)]
  0x000002516217e8e0 JavaThread "pool-128-thread-1"                 [_thread_blocked, id=12076, stack(0x0000005f6d300000,0x0000005f6d400000) (1024K)]
  0x0000025160782f30 JavaThread "pool-131-thread-1"                 [_thread_blocked, id=5392, stack(0x0000005f6cc00000,0x0000005f6cd00000) (1024K)]
  0x000002516217f600 JavaThread "pool-136-thread-1"                 [_thread_blocked, id=452, stack(0x0000005f6cd00000,0x0000005f6ce00000) (1024K)]
  0x0000025158ad5ef0 JavaThread "Daemon Thread 26"                  [_thread_blocked, id=3088, stack(0x0000005f67800000,0x0000005f67900000) (1024K)]
  0x0000025159b6c2f0 JavaThread "Handler for socket connection from /127.0.0.1:49978 to /127.0.0.1:62587"        [_thread_in_native, id=15780, stack(0x0000005f67900000,0x0000005f67a00000) (1024K)]
  0x0000025159b66da0 JavaThread "Cancel handler"                    [_thread_blocked, id=4580, stack(0x0000005f68d00000,0x0000005f68e00000) (1024K)]
  0x0000025159b6b5d0 JavaThread "Daemon worker Thread 26"           [_thread_blocked, id=13092, stack(0x0000005f69700000,0x0000005f69800000) (1024K)]
  0x0000025158ad72a0 JavaThread "Asynchronous log dispatcher for DefaultDaemonConnection: socket connection from /127.0.0.1:49978 to /127.0.0.1:62587"        [_thread_blocked, id=15076, stack(0x0000005f69800000,0x0000005f69900000) (1024K)]
  0x0000025158ad6580 JavaThread "Stdin handler"                     [_thread_blocked, id=3344, stack(0x0000005f69900000,0x0000005f69a00000) (1024K)]
  0x0000025158ad6c10 JavaThread "Daemon client event forwarder"        [_thread_blocked, id=7196, stack(0x0000005f69a00000,0x0000005f69b00000) (1024K)]
  0x0000025159b66080 JavaThread "Cache worker for file hash cache (C:\Users\77012\AndroidStudioProjects\PlaylistMaker_db6_album\.gradle\8.11.1\fileHashes)"        [_thread_blocked, id=17660, stack(0x0000005f69b00000,0x0000005f69c00000) (1024K)]
  0x0000025159b69500 JavaThread "Cache worker for checksums cache (C:\Users\77012\AndroidStudioProjects\PlaylistMaker_db6_album\.gradle\8.11.1\checksums)"        [_thread_blocked, id=5160, stack(0x0000005f69c00000,0x0000005f69d00000) (1024K)]
  0x0000025159b6e3c0 JavaThread "Cache worker for Build Output Cleanup Cache (C:\Users\77012\AndroidStudioProjects\PlaylistMaker_db6_album\.gradle\buildOutputCleanup)"        [_thread_blocked, id=3120, stack(0x0000005f69d00000,0x0000005f69e00000) (1024K)]
  0x0000025159b67ac0 JavaThread "Cache worker for cache directory md-rule (C:\Users\77012\.gradle\caches\8.11.1\md-rule)"        [_thread_blocked, id=3556, stack(0x0000005f6a500000,0x0000005f6a600000) (1024K)]
  0x0000025159b67430 JavaThread "Cache worker for cache directory md-supplier (C:\Users\77012\.gradle\caches\8.11.1\md-supplier)"        [_thread_blocked, id=3920, stack(0x0000005f6a600000,0x0000005f6a700000) (1024K)]
  0x0000025159b70b20 JavaThread "build event listener"              [_thread_blocked, id=12876, stack(0x0000005f6ab00000,0x0000005f6ac00000) (1024K)]
  0x0000025159b7bc50 JavaThread "build event listener"              [_thread_blocked, id=4664, stack(0x0000005f6ad00000,0x0000005f6ae00000) (1024K)]
  0x0000025159b7b5c0 JavaThread "build event listener"              [_thread_blocked, id=16760, stack(0x0000005f6ae00000,0x0000005f6af00000) (1024K)]
  0x000002515b5ed380 JavaThread "Build operations"                  [_thread_blocked, id=5400, stack(0x0000005f6af00000,0x0000005f6b000000) (1024K)]
  0x000002515b5eac20 JavaThread "Build operations Thread 2"         [_thread_blocked, id=16556, stack(0x0000005f6b000000,0x0000005f6b100000) (1024K)]
  0x000002515b5eb2b0 JavaThread "included builds"                   [_thread_blocked, id=5548, stack(0x0000005f6a700000,0x0000005f6a800000) (1024K)]
  0x000002515a919320 JavaThread "Execution worker"                  [_thread_blocked, id=17240, stack(0x0000005f6b100000,0x0000005f6b200000) (1024K)]
  0x0000025159b6f0e0 JavaThread "Execution worker Thread 2"         [_thread_blocked, id=17608, stack(0x0000005f6b200000,0x0000005f6b300000) (1024K)]
  0x0000025159b7a210 JavaThread "Execution worker Thread 3"         [_thread_blocked, id=11468, stack(0x0000005f6b300000,0x0000005f6b400000) (1024K)]
  0x0000025159b7af30 JavaThread "Execution worker Thread 4"         [_thread_blocked, id=11140, stack(0x0000005f6b400000,0x0000005f6b500000) (1024K)]
  0x0000025158ad7930 JavaThread "Execution worker Thread 5"         [_thread_blocked, id=18320, stack(0x0000005f6b500000,0x0000005f6b600000) (1024K)]
  0x000002515b5ee0a0 JavaThread "Execution worker Thread 6"         [_thread_blocked, id=5708, stack(0x0000005f6b600000,0x0000005f6b700000) (1024K)]
  0x000002515a914af0 JavaThread "Execution worker Thread 7"         [_thread_blocked, id=9660, stack(0x0000005f6b700000,0x0000005f6b800000) (1024K)]
  0x000002515a91d4c0 JavaThread "Cache worker for execution history cache (C:\Users\77012\AndroidStudioProjects\PlaylistMaker_db6_album\.gradle\8.11.1\executionHistory)"        [_thread_blocked, id=13252, stack(0x0000005f6c800000,0x0000005f6c900000) (1024K)]
  0x0000025161e374b0 JavaThread "pool-141-thread-1"                 [_thread_blocked, id=9680, stack(0x0000005f6ce00000,0x0000005f6cf00000) (1024K)]
  0x0000025162aba800 JavaThread "RMI TCP Connection(586)-127.0.0.1" daemon [_thread_in_native, id=12868, stack(0x0000005f6d200000,0x0000005f6d300000) (1024K)]
  0x000002515b5eb940 JavaThread "WorkerExecutor Queue"              [_thread_blocked, id=17564, stack(0x0000005f6d400000,0x0000005f6d500000) (1024K)]
  0x000002515b5eedc0 JavaThread "WorkerExecutor Queue Thread 2"        [_thread_blocked, id=1680, stack(0x0000005f6d600000,0x0000005f6d700000) (1024K)]
  0x0000025162ab80a0 JavaThread "WorkerExecutor Queue Thread 3"        [_thread_blocked, id=5456, stack(0x0000005f6d700000,0x0000005f6d800000) (1024K)]
  0x000002515b5ef450 JavaThread "WorkerExecutor Queue Thread 4"        [_thread_blocked, id=10348, stack(0x0000005f6db00000,0x0000005f6dc00000) (1024K)]
  0x00000251607807d0 JavaThread "WorkerExecutor Queue Thread 6"        [_thread_blocked, id=7500, stack(0x0000005f6dd00000,0x0000005f6de00000) (1024K)]
  0x000002515b5efae0 JavaThread "WorkerExecutor Queue Thread 7"        [_thread_blocked, id=1228, stack(0x0000005f6de00000,0x0000005f6df00000) (1024K)]
  0x00000251607835c0 JavaThread "WorkerExecutor Queue Thread 9"        [_thread_blocked, id=15936, stack(0x0000005f6e000000,0x0000005f6e100000) (1024K)]
  0x0000025158ad7fc0 JavaThread "WorkerExecutor Queue Thread 10"        [_thread_blocked, id=1636, stack(0x0000005f6da00000,0x0000005f6db00000) (1024K)]
  0x0000025160783c50 JavaThread "pool-142-thread-1"                 [_thread_blocked, id=11480, stack(0x0000005f6ec00000,0x0000005f6ed00000) (1024K)]
  0x000002515b5e9f00 JavaThread "stderr"                            [_thread_in_native, id=2368, stack(0x0000005f6ed00000,0x0000005f6ee00000) (1024K)]
  0x000002515b5f1520 JavaThread "stdout"                            [_thread_in_native, id=15176, stack(0x0000005f6ee00000,0x0000005f6ef00000) (1024K)]
  0x0000025160986680 JavaThread "ForkJoinPool-54-worker-1"   daemon [_thread_blocked, id=16896, stack(0x0000005f6dc00000,0x0000005f6dd00000) (1024K)]
  0x0000025160987a30 JavaThread "ForkJoinPool-54-worker-2"   daemon [_thread_blocked, id=9980, stack(0x0000005f6df00000,0x0000005f6e000000) (1024K)]
  0x0000025161e381d0 JavaThread "ForkJoinPool-54-worker-3"   daemon [_thread_blocked, id=1908, stack(0x0000005f6e100000,0x0000005f6e200000) (1024K)]
  0x0000025159b6ea50 JavaThread "ForkJoinPool-54-worker-4"   daemon [_thread_blocked, id=17236, stack(0x0000005f6e300000,0x0000005f6e400000) (1024K)]
  0x0000025159b687e0 JavaThread "ForkJoinPool-54-worker-5"   daemon [_thread_blocked, id=13100, stack(0x0000005f6e500000,0x0000005f6e600000) (1024K)]
  0x0000025162abb520 JavaThread "ForkJoinPool-54-worker-6"   daemon [_thread_blocked, id=3332, stack(0x0000005f6e600000,0x0000005f6e700000) (1024K)]
  0x000002515a91a6d0 JavaThread "ForkJoinPool-54-worker-7"   daemon [_thread_blocked, id=13444, stack(0x0000005f6e800000,0x0000005f6e900000) (1024K)]
  0x000002515b5f0170 JavaThread "ForkJoinPool-54-worker-8"   daemon [_thread_blocked, id=17348, stack(0x0000005f6e900000,0x0000005f6ea00000) (1024K)]
Total: 102

Other Threads:
=>0x00000251472a5d60 VMThread "VM Thread"                           [id=1820, stack(0x0000005f68200000,0x0000005f68300000) (1024K)]
  0x0000025147246330 WatcherThread "VM Periodic Task Thread"        [id=11628, stack(0x0000005f68100000,0x0000005f68200000) (1024K)]
  0x000002512fc27940 WorkerThread "GC Thread#0"                     [id=17460, stack(0x0000005f67c00000,0x0000005f67d00000) (1024K)]
  0x000002514c432210 WorkerThread "GC Thread#1"                     [id=17192, stack(0x0000005f68f00000,0x0000005f69000000) (1024K)]
  0x000002514c31b540 WorkerThread "GC Thread#2"                     [id=16080, stack(0x0000005f69000000,0x0000005f69100000) (1024K)]
  0x000002514cee2b80 WorkerThread "GC Thread#3"                     [id=17904, stack(0x0000005f69100000,0x0000005f69200000) (1024K)]
  0x000002514cee3330 WorkerThread "GC Thread#4"                     [id=17888, stack(0x0000005f69200000,0x0000005f69300000) (1024K)]
  0x000002514d8ca290 WorkerThread "GC Thread#5"                     [id=17840, stack(0x0000005f69300000,0x0000005f69400000) (1024K)]
  0x000002514d99beb0 WorkerThread "GC Thread#6"                     [id=16976, stack(0x0000005f69e00000,0x0000005f69f00000) (1024K)]
  0x000002514d99c990 WorkerThread "GC Thread#7"                     [id=16972, stack(0x0000005f69f00000,0x0000005f6a000000) (1024K)]
  0x000002512fc389a0 ConcurrentGCThread "G1 Main Marker"            [id=2080, stack(0x0000005f67d00000,0x0000005f67e00000) (1024K)]
  0x000002512fc393b0 WorkerThread "G1 Conc#0"                       [id=10256, stack(0x0000005f67e00000,0x0000005f67f00000) (1024K)]
  0x000002514d99c250 WorkerThread "G1 Conc#1"                       [id=16968, stack(0x0000005f6a000000,0x0000005f6a100000) (1024K)]
  0x0000025147119110 ConcurrentGCThread "G1 Refine#0"               [id=2140, stack(0x0000005f67f00000,0x0000005f68000000) (1024K)]
  0x000002514e1e1260 ConcurrentGCThread "G1 Refine#1"               [id=4548, stack(0x0000005f6d000000,0x0000005f6d100000) (1024K)]
  0x0000025159a05830 ConcurrentGCThread "G1 Refine#2"               [id=12856, stack(0x0000005f6d500000,0x0000005f6d600000) (1024K)]
  0x000002514711aaa0 ConcurrentGCThread "G1 Service"                [id=852, stack(0x0000005f68000000,0x0000005f68100000) (1024K)]
Total: 17

Threads with active compile tasks:
C2 CompilerThread0  23666313 123175   !   4       com.sun.org.apache.xerces.internal.parsers.DOMParser::parse (236 bytes)
Total: 1

VM state: at safepoint (normal execution)

VM Mutex/Monitor currently owned by a thread:  ([mutex/lock_event])
[0x00007ffef708d360] Threads_lock - owner thread: 0x00000251472a5d60
[0x00007ffef708d460] Heap_lock - owner thread: 0x0000025159b6f0e0

Heap address: 0x0000000080000000, size: 2048 MB, Compressed Oops mode: 32-bit

CDS archive(s) not mapped
Compressed class space mapped at: 0x0000000100000000-0x0000000140000000, reserved size: 1073741824
Narrow klass base: 0x0000000000000000, Narrow klass shift: 3, Narrow klass range: 0x140000000

GC Precious Log:
 CardTable entry size: 512
 Card Set container configuration: InlinePtr #cards 5 size 8 Array Of Cards #cards 12 size 40 Howl #buckets 4 coarsen threshold 1843 Howl Bitmap #cards 512 size 80 coarsen threshold 460 Card regions per heap region 1 cards per card region 2048
 CPUs: 8 total, 8 available
 Memory: 7871M
 Large Page Support: Disabled
 NUMA Support: Disabled
 Compressed Oops: Enabled (32-bit)
 Heap Region Size: 1M
 Heap Min Capacity: 8M
 Heap Initial Capacity: 124M
 Heap Max Capacity: 2G
 Pre-touch: Disabled
 Parallel Workers: 8
 Concurrent Workers: 2
 Concurrent Refinement Workers: 8
 Periodic GC: Disabled

Heap:
 garbage-first heap   total 1655808K, used 551794K [0x0000000080000000, 0x0000000100000000)
  region size 1024K, 10 young (10240K), 10 survivors (10240K)
 Metaspace       used 249390K, committed 251456K, reserved 1310720K
  class space    used 29256K, committed 30400K, reserved 1048576K

Heap Regions: E=young(eden), S=young(survivor), O=old, HS=humongous(starts), HC=humongous(continues), CS=collection set, F=free, TAMS=top-at-mark-start, PB=parsable bottom
|   0|0x0000000080000000, 0x00000000800ffff8, 0x0000000080100000| 99%| O|  |TAMS 0x00000000800ffff8| PB 0x0000000080000000| Untracked 
|   1|0x0000000080100000, 0x0000000080200000, 0x0000000080200000|100%|HS|  |TAMS 0x0000000080200000| PB 0x0000000080100000| Complete 
|   2|0x0000000080200000, 0x0000000080300000, 0x0000000080300000|100%|HC|  |TAMS 0x0000000080300000| PB 0x0000000080200000| Complete 
|   3|0x0000000080300000, 0x0000000080400000, 0x0000000080400000|100%|HC|  |TAMS 0x0000000080400000| PB 0x0000000080300000| Complete 
|   4|0x0000000080400000, 0x0000000080500000, 0x0000000080500000|100%| O|  |TAMS 0x0000000080500000| PB 0x0000000080400000| Untracked 
|   5|0x0000000080500000, 0x0000000080600000, 0x0000000080600000|100%| O|  |TAMS 0x0000000080600000| PB 0x0000000080500000| Untracked 
|   6|0x0000000080600000, 0x0000000080700000, 0x0000000080700000|100%| O|  |TAMS 0x0000000080700000| PB 0x0000000080600000| Untracked 
|   7|0x0000000080700000, 0x0000000080800000, 0x0000000080800000|100%|HS|  |TAMS 0x0000000080800000| PB 0x0000000080700000| Complete 
|   8|0x0000000080800000, 0x0000000080900000, 0x0000000080900000|100%| O|  |TAMS 0x0000000080900000| PB 0x0000000080800000| Untracked 
|   9|0x0000000080900000, 0x00000000809f6b50, 0x0000000080a00000| 96%| O|  |TAMS 0x00000000809f6b50| PB 0x0000000080900000| Untracked 
|  10|0x0000000080a00000, 0x0000000080b00000, 0x0000000080b00000|100%| O|  |TAMS 0x0000000080b00000| PB 0x0000000080a00000| Untracked 
|  11|0x0000000080b00000, 0x0000000080c00000, 0x0000000080c00000|100%| O|  |TAMS 0x0000000080c00000| PB 0x0000000080b00000| Untracked 
|  12|0x0000000080c00000, 0x0000000080cffff0, 0x0000000080d00000| 99%| O|  |TAMS 0x0000000080cffff0| PB 0x0000000080c00000| Untracked 
|  13|0x0000000080d00000, 0x0000000080dfffe8, 0x0000000080e00000| 99%| O|  |TAMS 0x0000000080dfffe8| PB 0x0000000080d00000| Untracked 
|  14|0x0000000080e00000, 0x0000000080effff8, 0x0000000080f00000| 99%| O|  |TAMS 0x0000000080effff8| PB 0x0000000080e00000| Untracked 
|  15|0x0000000080f00000, 0x0000000080fffff8, 0x0000000081000000| 99%| O|  |TAMS 0x0000000080fffff8| PB 0x0000000080f00000| Untracked 
|  16|0x0000000081000000, 0x0000000081100000, 0x0000000081100000|100%| O|  |TAMS 0x0000000081100000| PB 0x0000000081000000| Untracked 
|  17|0x0000000081100000, 0x00000000811f25f8, 0x0000000081200000| 94%| O|  |TAMS 0x00000000811f25f8| PB 0x0000000081100000| Untracked 
|  18|0x0000000081200000, 0x00000000812ffbd0, 0x0000000081300000| 99%| O|  |TAMS 0x00000000812ffbd0| PB 0x0000000081200000| Untracked 
|  19|0x0000000081300000, 0x0000000081400000, 0x0000000081400000|100%|HS|  |TAMS 0x0000000081400000| PB 0x0000000081300000| Complete 
|  20|0x0000000081400000, 0x0000000081500000, 0x0000000081500000|100%|HS|  |TAMS 0x0000000081500000| PB 0x0000000081400000| Complete 
|  21|0x0000000081500000, 0x0000000081600000, 0x0000000081600000|100%|HS|  |TAMS 0x0000000081600000| PB 0x0000000081500000| Complete 
|  22|0x0000000081600000, 0x0000000081700000, 0x0000000081700000|100%|HS|  |TAMS 0x0000000081700000| PB 0x0000000081600000| Complete 
|  23|0x0000000081700000, 0x0000000081800000, 0x0000000081800000|100%|HC|  |TAMS 0x0000000081800000| PB 0x0000000081700000| Complete 
|  24|0x0000000081800000, 0x0000000081900000, 0x0000000081900000|100%|HS|  |TAMS 0x0000000081900000| PB 0x0000000081800000| Complete 
|  25|0x0000000081900000, 0x00000000819fffc0, 0x0000000081a00000| 99%| O|  |TAMS 0x00000000819fffc0| PB 0x0000000081900000| Untracked 
|  26|0x0000000081a00000, 0x0000000081b00000, 0x0000000081b00000|100%|HS|  |TAMS 0x0000000081b00000| PB 0x0000000081a00000| Complete 
|  27|0x0000000081b00000, 0x0000000081c00000, 0x0000000081c00000|100%|HC|  |TAMS 0x0000000081c00000| PB 0x0000000081b00000| Complete 
|  28|0x0000000081c00000, 0x0000000081d00000, 0x0000000081d00000|100%| O|  |TAMS 0x0000000081d00000| PB 0x0000000081c00000| Untracked 
|  29|0x0000000081d00000, 0x0000000081dffff8, 0x0000000081e00000| 99%| O|  |TAMS 0x0000000081dffff8| PB 0x0000000081d00000| Untracked 
|  30|0x0000000081e00000, 0x0000000081efffd8, 0x0000000081f00000| 99%| O|  |TAMS 0x0000000081efffd8| PB 0x0000000081e00000| Untracked 
|  31|0x0000000081f00000, 0x0000000081ffffe8, 0x0000000082000000| 99%| O|  |TAMS 0x0000000081ffffe8| PB 0x0000000081f00000| Untracked 
|  32|0x0000000082000000, 0x00000000820ffff8, 0x0000000082100000| 99%| O|  |TAMS 0x00000000820ffff8| PB 0x0000000082000000| Untracked 
|  33|0x0000000082100000, 0x00000000821fffb0, 0x0000000082200000| 99%| O|  |TAMS 0x00000000821fffb0| PB 0x0000000082100000| Untracked 
|  34|0x0000000082200000, 0x00000000822ffff8, 0x0000000082300000| 99%| O|  |TAMS 0x00000000822ffff8| PB 0x0000000082200000| Untracked 
|  35|0x0000000082300000, 0x0000000082400000, 0x0000000082400000|100%| O|  |TAMS 0x0000000082400000| PB 0x0000000082300000| Untracked 
|  36|0x0000000082400000, 0x00000000824ff100, 0x0000000082500000| 99%| O|  |TAMS 0x00000000824ff100| PB 0x0000000082400000| Untracked 
|  37|0x0000000082500000, 0x00000000825ffff8, 0x0000000082600000| 99%| O|  |TAMS 0x00000000825ffff8| PB 0x0000000082500000| Untracked 
|  38|0x0000000082600000, 0x00000000826ffff0, 0x0000000082700000| 99%| O|  |TAMS 0x00000000826ffff0| PB 0x0000000082600000| Untracked 
|  39|0x0000000082700000, 0x00000000827fffe8, 0x0000000082800000| 99%| O|  |TAMS 0x00000000827fffe8| PB 0x0000000082700000| Untracked 
|  40|0x0000000082800000, 0x00000000828fffb0, 0x0000000082900000| 99%| O|  |TAMS 0x00000000828fffb0| PB 0x0000000082800000| Untracked 
|  41|0x0000000082900000, 0x0000000082a00000, 0x0000000082a00000|100%|HS|  |TAMS 0x0000000082a00000| PB 0x0000000082900000| Complete 
|  42|0x0000000082a00000, 0x0000000082b00000, 0x0000000082b00000|100%|HC|  |TAMS 0x0000000082b00000| PB 0x0000000082a00000| Complete 
|  43|0x0000000082b00000, 0x0000000082c00000, 0x0000000082c00000|100%|HC|  |TAMS 0x0000000082c00000| PB 0x0000000082b00000| Complete 
|  44|0x0000000082c00000, 0x0000000082d00000, 0x0000000082d00000|100%|HS|  |TAMS 0x0000000082d00000| PB 0x0000000082c00000| Complete 
|  45|0x0000000082d00000, 0x0000000082e00000, 0x0000000082e00000|100%| O|  |TAMS 0x0000000082e00000| PB 0x0000000082d00000| Untracked 
|  46|0x0000000082e00000, 0x0000000082f00000, 0x0000000082f00000|100%|HS|  |TAMS 0x0000000082f00000| PB 0x0000000082e00000| Complete 
|  47|0x0000000082f00000, 0x0000000082fffff8, 0x0000000083000000| 99%| O|  |TAMS 0x0000000082fffff8| PB 0x0000000082f00000| Untracked 
|  48|0x0000000083000000, 0x00000000830fff70, 0x0000000083100000| 99%| O|  |TAMS 0x00000000830fff70| PB 0x0000000083000000| Untracked 
|  49|0x0000000083100000, 0x0000000083200000, 0x0000000083200000|100%|HS|  |TAMS 0x0000000083200000| PB 0x0000000083100000| Complete 
|  50|0x0000000083200000, 0x0000000083300000, 0x0000000083300000|100%|HC|  |TAMS 0x0000000083300000| PB 0x0000000083200000| Complete 
|  51|0x0000000083300000, 0x0000000083400000, 0x0000000083400000|100%|HC|  |TAMS 0x0000000083400000| PB 0x0000000083300000| Complete 
|  52|0x0000000083400000, 0x0000000083500000, 0x0000000083500000|100%| O|  |TAMS 0x0000000083500000| PB 0x0000000083400000| Untracked 
|  53|0x0000000083500000, 0x0000000083600000, 0x0000000083600000|100%| O|  |TAMS 0x0000000083600000| PB 0x0000000083500000| Untracked 
|  54|0x0000000083600000, 0x00000000836ffff0, 0x0000000083700000| 99%| O|  |TAMS 0x00000000836ffff0| PB 0x0000000083600000| Untracked 
|  55|0x0000000083700000, 0x00000000837fffe8, 0x0000000083800000| 99%| O|  |TAMS 0x00000000837fffe8| PB 0x0000000083700000| Untracked 
|  56|0x0000000083800000, 0x00000000838fffc0, 0x0000000083900000| 99%| O|  |TAMS 0x00000000838fffc0| PB 0x0000000083800000| Untracked 
|  57|0x0000000083900000, 0x00000000839fffe0, 0x0000000083a00000| 99%| O|  |TAMS 0x00000000839fffe0| PB 0x0000000083900000| Untracked 
|  58|0x0000000083a00000, 0x0000000083afffc0, 0x0000000083b00000| 99%| O|  |TAMS 0x0000000083afffc0| PB 0x0000000083a00000| Untracked 
|  59|0x0000000083b00000, 0x0000000083c00000, 0x0000000083c00000|100%| O|  |TAMS 0x0000000083c00000| PB 0x0000000083b00000| Untracked 
|  60|0x0000000083c00000, 0x0000000083cfffe0, 0x0000000083d00000| 99%| O|  |TAMS 0x0000000083cfffe0| PB 0x0000000083c00000| Untracked 
|  61|0x0000000083d00000, 0x0000000083dffff8, 0x0000000083e00000| 99%| O|  |TAMS 0x0000000083dffff8| PB 0x0000000083d00000| Untracked 
|  62|0x0000000083e00000, 0x0000000083efffe0, 0x0000000083f00000| 99%| O|  |TAMS 0x0000000083efffe0| PB 0x0000000083e00000| Untracked 
|  63|0x0000000083f00000, 0x0000000083ffff88, 0x0000000084000000| 99%| O|  |TAMS 0x0000000083ffff88| PB 0x0000000083f00000| Untracked 
|  64|0x0000000084000000, 0x0000000084100000, 0x0000000084100000|100%| O|  |TAMS 0x0000000084100000| PB 0x0000000084000000| Untracked 
|  65|0x0000000084100000, 0x00000000841fffe8, 0x0000000084200000| 99%| O|  |TAMS 0x00000000841fffe8| PB 0x0000000084100000| Untracked 
|  66|0x0000000084200000, 0x00000000842fffe8, 0x0000000084300000| 99%| O|  |TAMS 0x00000000842fffe8| PB 0x0000000084200000| Untracked 
|  67|0x0000000084300000, 0x00000000843ffff8, 0x0000000084400000| 99%| O|  |TAMS 0x00000000843ffff8| PB 0x0000000084300000| Untracked 
|  68|0x0000000084400000, 0x00000000844fffd8, 0x0000000084500000| 99%| O|  |TAMS 0x00000000844fffd8| PB 0x0000000084400000| Untracked 
|  69|0x0000000084500000, 0x00000000845fffa0, 0x0000000084600000| 99%| O|  |TAMS 0x00000000845fffa0| PB 0x0000000084500000| Untracked 
|  70|0x0000000084600000, 0x00000000846fffd8, 0x0000000084700000| 99%| O|  |TAMS 0x00000000846fffd8| PB 0x0000000084600000| Untracked 
|  71|0x0000000084700000, 0x00000000847ffff8, 0x0000000084800000| 99%| O|  |TAMS 0x00000000847ffff8| PB 0x0000000084700000| Untracked 
|  72|0x0000000084800000, 0x0000000084900000, 0x0000000084900000|100%| O|  |TAMS 0x0000000084900000| PB 0x0000000084800000| Untracked 
|  73|0x0000000084900000, 0x00000000849fffe8, 0x0000000084a00000| 99%| O|  |TAMS 0x00000000849fffe8| PB 0x0000000084900000| Untracked 
|  74|0x0000000084a00000, 0x0000000084afffe0, 0x0000000084b00000| 99%| O|  |TAMS 0x0000000084afffe0| PB 0x0000000084a00000| Untracked 
|  75|0x0000000084b00000, 0x0000000084bf8948, 0x0000000084c00000| 97%| O|  |TAMS 0x0000000084bf8948| PB 0x0000000084b00000| Untracked 
|  76|0x0000000084c00000, 0x0000000084cffff0, 0x0000000084d00000| 99%| O|  |TAMS 0x0000000084cffff0| PB 0x0000000084c00000| Untracked 
|  77|0x0000000084d00000, 0x0000000084dffff8, 0x0000000084e00000| 99%| O|  |TAMS 0x0000000084dffff8| PB 0x0000000084d00000| Untracked 
|  78|0x0000000084e00000, 0x0000000084effff8, 0x0000000084f00000| 99%| O|  |TAMS 0x0000000084effff8| PB 0x0000000084e00000| Untracked 
|  79|0x0000000084f00000, 0x0000000084fffde0, 0x0000000085000000| 99%| O|  |TAMS 0x0000000084fffde0| PB 0x0000000084f00000| Untracked 
|  80|0x0000000085000000, 0x00000000850ffff8, 0x0000000085100000| 99%| O|  |TAMS 0x00000000850ffff8| PB 0x0000000085000000| Untracked 
|  81|0x0000000085100000, 0x00000000851ffff0, 0x0000000085200000| 99%| O|  |TAMS 0x00000000851ffff0| PB 0x0000000085100000| Untracked 
|  82|0x0000000085200000, 0x0000000085300000, 0x0000000085300000|100%|HS|  |TAMS 0x0000000085300000| PB 0x0000000085200000| Complete 
|  83|0x0000000085300000, 0x0000000085400000, 0x0000000085400000|100%| O|  |TAMS 0x0000000085400000| PB 0x0000000085300000| Untracked 
|  84|0x0000000085400000, 0x0000000085500000, 0x0000000085500000|100%| O|  |TAMS 0x0000000085500000| PB 0x0000000085400000| Untracked 
|  85|0x0000000085500000, 0x00000000855ffff0, 0x0000000085600000| 99%| O|  |TAMS 0x00000000855ffff0| PB 0x0000000085500000| Untracked 
|  86|0x0000000085600000, 0x00000000856fffb8, 0x0000000085700000| 99%| O|  |TAMS 0x00000000856fffb8| PB 0x0000000085600000| Untracked 
|  87|0x0000000085700000, 0x00000000857fffe8, 0x0000000085800000| 99%| O|  |TAMS 0x00000000857fffe8| PB 0x0000000085700000| Untracked 
|  88|0x0000000085800000, 0x00000000858ffff0, 0x0000000085900000| 99%| O|  |TAMS 0x00000000858ffff0| PB 0x0000000085800000| Untracked 
|  89|0x0000000085900000, 0x00000000859ffff8, 0x0000000085a00000| 99%| O|  |TAMS 0x00000000859ffff8| PB 0x0000000085900000| Untracked 
|  90|0x0000000085a00000, 0x0000000085affff0, 0x0000000085b00000| 99%| O|  |TAMS 0x0000000085affff0| PB 0x0000000085a00000| Untracked 
|  91|0x0000000085b00000, 0x0000000085c00000, 0x0000000085c00000|100%| O|  |TAMS 0x0000000085c00000| PB 0x0000000085b00000| Untracked 
|  92|0x0000000085c00000, 0x0000000085cffff8, 0x0000000085d00000| 99%| O|  |TAMS 0x0000000085cffff8| PB 0x0000000085c00000| Untracked 
|  93|0x0000000085d00000, 0x0000000085dfffb8, 0x0000000085e00000| 99%| O|  |TAMS 0x0000000085dfffb8| PB 0x0000000085d00000| Untracked 
|  94|0x0000000085e00000, 0x0000000085efffa0, 0x0000000085f00000| 99%| O|  |TAMS 0x0000000085efffa0| PB 0x0000000085e00000| Untracked 
|  95|0x0000000085f00000, 0x0000000085fffff0, 0x0000000086000000| 99%| O|  |TAMS 0x0000000085fffff0| PB 0x0000000085f00000| Untracked 
|  96|0x0000000086000000, 0x0000000086100000, 0x0000000086100000|100%| O|  |TAMS 0x0000000086100000| PB 0x0000000086000000| Untracked 
|  97|0x0000000086100000, 0x00000000861fffe0, 0x0000000086200000| 99%| O|  |TAMS 0x00000000861fffe0| PB 0x0000000086100000| Untracked 
|  98|0x0000000086200000, 0x00000000862ffff8, 0x0000000086300000| 99%| O|  |TAMS 0x00000000862ffff8| PB 0x0000000086200000| Untracked 
|  99|0x0000000086300000, 0x0000000086400000, 0x0000000086400000|100%|HS|  |TAMS 0x0000000086400000| PB 0x0000000086300000| Complete 
| 100|0x0000000086400000, 0x00000000864ffff0, 0x0000000086500000| 99%| O|  |TAMS 0x00000000864ffff0| PB 0x0000000086400000| Untracked 
| 101|0x0000000086500000, 0x00000000865ffff0, 0x0000000086600000| 99%| O|  |TAMS 0x00000000865ffff0| PB 0x0000000086500000| Untracked 
| 102|0x0000000086600000, 0x00000000866ffff0, 0x0000000086700000| 99%| O|  |TAMS 0x00000000866ffff0| PB 0x0000000086600000| Untracked 
| 103|0x0000000086700000, 0x00000000867fffd8, 0x0000000086800000| 99%| O|  |TAMS 0x00000000867fffd8| PB 0x0000000086700000| Untracked 
| 104|0x0000000086800000, 0x0000000086900000, 0x0000000086900000|100%|HS|  |TAMS 0x0000000086900000| PB 0x0000000086800000| Complete 
| 105|0x0000000086900000, 0x0000000086a00000, 0x0000000086a00000|100%|HS|  |TAMS 0x0000000086a00000| PB 0x0000000086900000| Complete 
| 106|0x0000000086a00000, 0x0000000086b00000, 0x0000000086b00000|100%|HS|  |TAMS 0x0000000086b00000| PB 0x0000000086a00000| Complete 
| 107|0x0000000086b00000, 0x0000000086c00000, 0x0000000086c00000|100%| O|  |TAMS 0x0000000086c00000| PB 0x0000000086b00000| Untracked 
| 108|0x0000000086c00000, 0x0000000086cffff8, 0x0000000086d00000| 99%| O|  |TAMS 0x0000000086cffff8| PB 0x0000000086c00000| Untracked 
| 109|0x0000000086d00000, 0x0000000086dfd488, 0x0000000086e00000| 98%| O|  |TAMS 0x0000000086dfd488| PB 0x0000000086d00000| Untracked 
| 110|0x0000000086e00000, 0x0000000086effff8, 0x0000000086f00000| 99%| O|  |TAMS 0x0000000086effff8| PB 0x0000000086e00000| Untracked 
| 111|0x0000000086f00000, 0x0000000086ffeb08, 0x0000000087000000| 99%| O|  |TAMS 0x0000000086ffeb08| PB 0x0000000086f00000| Untracked 
| 112|0x0000000087000000, 0x0000000087100000, 0x0000000087100000|100%| O|  |TAMS 0x0000000087100000| PB 0x0000000087000000| Untracked 
| 113|0x0000000087100000, 0x0000000087183de0, 0x0000000087200000| 51%| O|  |TAMS 0x0000000087183de0| PB 0x0000000087100000| Untracked 
| 114|0x0000000087200000, 0x0000000087300000, 0x0000000087300000|100%| O|  |TAMS 0x0000000087300000| PB 0x0000000087200000| Untracked 
| 115|0x0000000087300000, 0x0000000087400000, 0x0000000087400000|100%| O|  |TAMS 0x0000000087400000| PB 0x0000000087300000| Untracked 
| 116|0x0000000087400000, 0x0000000087500000, 0x0000000087500000|100%| O|  |TAMS 0x0000000087500000| PB 0x0000000087400000| Untracked 
| 117|0x0000000087500000, 0x00000000875ff600, 0x0000000087600000| 99%| O|  |TAMS 0x00000000875ff600| PB 0x0000000087500000| Untracked 
| 118|0x0000000087600000, 0x0000000087654400, 0x0000000087700000| 32%| O|  |TAMS 0x0000000087654400| PB 0x0000000087600000| Untracked 
| 119|0x0000000087700000, 0x00000000877e8418, 0x0000000087800000| 90%| O|  |TAMS 0x00000000877e8418| PB 0x0000000087700000| Untracked 
| 120|0x0000000087800000, 0x0000000087900000, 0x0000000087900000|100%| O|  |TAMS 0x0000000087900000| PB 0x0000000087800000| Untracked 
| 121|0x0000000087900000, 0x0000000087a00000, 0x0000000087a00000|100%| O|  |TAMS 0x0000000087a00000| PB 0x0000000087900000| Untracked 
| 122|0x0000000087a00000, 0x0000000087b00000, 0x0000000087b00000|100%| O|  |TAMS 0x0000000087b00000| PB 0x0000000087a00000| Untracked 
| 123|0x0000000087b00000, 0x0000000087c00000, 0x0000000087c00000|100%| O|  |TAMS 0x0000000087c00000| PB 0x0000000087b00000| Untracked 
| 124|0x0000000087c00000, 0x0000000087cffff0, 0x0000000087d00000| 99%| O|  |TAMS 0x0000000087cffff0| PB 0x0000000087c00000| Untracked 
| 125|0x0000000087d00000, 0x0000000087e00000, 0x0000000087e00000|100%| O|  |TAMS 0x0000000087e00000| PB 0x0000000087d00000| Untracked 
| 126|0x0000000087e00000, 0x0000000087f00000, 0x0000000087f00000|100%| O|  |TAMS 0x0000000087f00000| PB 0x0000000087e00000| Untracked 
| 127|0x0000000087f00000, 0x0000000088000000, 0x0000000088000000|100%| O|  |TAMS 0x0000000087f00000| PB 0x0000000087f00000| Untracked 
| 128|0x0000000088000000, 0x0000000088100000, 0x0000000088100000|100%| O|  |TAMS 0x0000000088100000| PB 0x0000000088000000| Untracked 
| 129|0x0000000088100000, 0x0000000088200000, 0x0000000088200000|100%|HS|  |TAMS 0x0000000088200000| PB 0x0000000088100000| Complete 
| 130|0x0000000088200000, 0x0000000088300000, 0x0000000088300000|100%| O|  |TAMS 0x0000000088300000| PB 0x0000000088200000| Untracked 
| 131|0x0000000088300000, 0x0000000088400000, 0x0000000088400000|100%| O|  |TAMS 0x0000000088300000| PB 0x0000000088300000| Untracked 
| 132|0x0000000088400000, 0x0000000088500000, 0x0000000088500000|100%| O|  |TAMS 0x0000000088400000| PB 0x0000000088400000| Untracked 
| 133|0x0000000088500000, 0x0000000088600000, 0x0000000088600000|100%|HS|  |TAMS 0x0000000088600000| PB 0x0000000088500000| Complete 
| 134|0x0000000088600000, 0x0000000088700000, 0x0000000088700000|100%|HC|  |TAMS 0x0000000088700000| PB 0x0000000088600000| Complete 
| 135|0x0000000088700000, 0x0000000088800000, 0x0000000088800000|100%| O|  |TAMS 0x0000000088800000| PB 0x0000000088700000| Untracked 
| 136|0x0000000088800000, 0x0000000088900000, 0x0000000088900000|100%| O|  |TAMS 0x0000000088900000| PB 0x0000000088800000| Untracked 
| 137|0x0000000088900000, 0x0000000088a00000, 0x0000000088a00000|100%| O|  |TAMS 0x0000000088a00000| PB 0x0000000088900000| Untracked 
| 138|0x0000000088a00000, 0x0000000088b00000, 0x0000000088b00000|100%|HS|  |TAMS 0x0000000088b00000| PB 0x0000000088a00000| Complete 
| 139|0x0000000088b00000, 0x0000000088c00000, 0x0000000088c00000|100%| O|  |TAMS 0x0000000088c00000| PB 0x0000000088b00000| Untracked 
| 140|0x0000000088c00000, 0x0000000088d00000, 0x0000000088d00000|100%| O|  |TAMS 0x0000000088d00000| PB 0x0000000088c00000| Untracked 
| 141|0x0000000088d00000, 0x0000000088e00000, 0x0000000088e00000|100%|HS|  |TAMS 0x0000000088e00000| PB 0x0000000088d00000| Complete 
| 142|0x0000000088e00000, 0x0000000088f00000, 0x0000000088f00000|100%|HC|  |TAMS 0x0000000088f00000| PB 0x0000000088e00000| Complete 
| 143|0x0000000088f00000, 0x0000000089000000, 0x0000000089000000|100%| O|  |TAMS 0x0000000089000000| PB 0x0000000088f00000| Untracked 
| 144|0x0000000089000000, 0x0000000089100000, 0x0000000089100000|100%| O|  |TAMS 0x0000000089100000| PB 0x0000000089000000| Untracked 
| 145|0x0000000089100000, 0x0000000089200000, 0x0000000089200000|100%| O|  |TAMS 0x0000000089200000| PB 0x0000000089100000| Untracked 
| 146|0x0000000089200000, 0x0000000089300000, 0x0000000089300000|100%| O|  |TAMS 0x0000000089300000| PB 0x0000000089200000| Untracked 
| 147|0x0000000089300000, 0x0000000089400000, 0x0000000089400000|100%|HS|  |TAMS 0x0000000089400000| PB 0x0000000089300000| Complete 
| 148|0x0000000089400000, 0x0000000089500000, 0x0000000089500000|100%| O|  |TAMS 0x0000000089500000| PB 0x0000000089400000| Untracked 
| 149|0x0000000089500000, 0x0000000089600000, 0x0000000089600000|100%| O|  |TAMS 0x0000000089600000| PB 0x0000000089500000| Untracked 
| 150|0x0000000089600000, 0x0000000089700000, 0x0000000089700000|100%| O|  |TAMS 0x0000000089700000| PB 0x0000000089600000| Untracked 
| 151|0x0000000089700000, 0x0000000089800000, 0x0000000089800000|100%| O|  |TAMS 0x0000000089800000| PB 0x0000000089700000| Untracked 
| 152|0x0000000089800000, 0x0000000089900000, 0x0000000089900000|100%| O|  |TAMS 0x0000000089900000| PB 0x0000000089800000| Untracked 
| 153|0x0000000089900000, 0x0000000089a00000, 0x0000000089a00000|100%| O|  |TAMS 0x0000000089a00000| PB 0x0000000089900000| Untracked 
| 154|0x0000000089a00000, 0x0000000089b00000, 0x0000000089b00000|100%| O|  |TAMS 0x0000000089b00000| PB 0x0000000089a00000| Untracked 
| 155|0x0000000089b00000, 0x0000000089c00000, 0x0000000089c00000|100%|HS|  |TAMS 0x0000000089c00000| PB 0x0000000089b00000| Complete 
| 156|0x0000000089c00000, 0x0000000089d00000, 0x0000000089d00000|100%|HC|  |TAMS 0x0000000089d00000| PB 0x0000000089c00000| Complete 
| 157|0x0000000089d00000, 0x0000000089e00000, 0x0000000089e00000|100%| O|  |TAMS 0x0000000089e00000| PB 0x0000000089d00000| Untracked 
| 158|0x0000000089e00000, 0x0000000089f00000, 0x0000000089f00000|100%| O|  |TAMS 0x0000000089f00000| PB 0x0000000089e00000| Untracked 
| 159|0x0000000089f00000, 0x000000008a000000, 0x000000008a000000|100%| O|  |TAMS 0x000000008a000000| PB 0x0000000089f00000| Untracked 
| 160|0x000000008a000000, 0x000000008a100000, 0x000000008a100000|100%| O|  |TAMS 0x000000008a100000| PB 0x000000008a000000| Untracked 
| 161|0x000000008a100000, 0x000000008a200000, 0x000000008a200000|100%| O|  |TAMS 0x000000008a200000| PB 0x000000008a100000| Untracked 
| 162|0x000000008a200000, 0x000000008a300000, 0x000000008a300000|100%| O|  |TAMS 0x000000008a300000| PB 0x000000008a200000| Untracked 
| 163|0x000000008a300000, 0x000000008a400000, 0x000000008a400000|100%| O|  |TAMS 0x000000008a400000| PB 0x000000008a300000| Untracked 
| 164|0x000000008a400000, 0x000000008a500000, 0x000000008a500000|100%| O|  |TAMS 0x000000008a500000| PB 0x000000008a400000| Untracked 
| 165|0x000000008a500000, 0x000000008a600000, 0x000000008a600000|100%| O|  |TAMS 0x000000008a600000| PB 0x000000008a500000| Untracked 
| 166|0x000000008a600000, 0x000000008a700000, 0x000000008a700000|100%| O|  |TAMS 0x000000008a700000| PB 0x000000008a600000| Untracked 
| 167|0x000000008a700000, 0x000000008a800000, 0x000000008a800000|100%| O|  |TAMS 0x000000008a800000| PB 0x000000008a700000| Untracked 
| 168|0x000000008a800000, 0x000000008a900000, 0x000000008a900000|100%| O|  |TAMS 0x000000008a900000| PB 0x000000008a800000| Untracked 
| 169|0x000000008a900000, 0x000000008aa00000, 0x000000008aa00000|100%| O|  |TAMS 0x000000008aa00000| PB 0x000000008a900000| Untracked 
| 170|0x000000008aa00000, 0x000000008ab00000, 0x000000008ab00000|100%| O|  |TAMS 0x000000008ab00000| PB 0x000000008aa00000| Untracked 
| 171|0x000000008ab00000, 0x000000008ac00000, 0x000000008ac00000|100%| O|  |TAMS 0x000000008ac00000| PB 0x000000008ab00000| Untracked 
| 172|0x000000008ac00000, 0x000000008ad00000, 0x000000008ad00000|100%| O|  |TAMS 0x000000008ad00000| PB 0x000000008ac00000| Untracked 
| 173|0x000000008ad00000, 0x000000008ae00000, 0x000000008ae00000|100%|HS|  |TAMS 0x000000008ae00000| PB 0x000000008ad00000| Complete 
| 174|0x000000008ae00000, 0x000000008af00000, 0x000000008af00000|100%| O|  |TAMS 0x000000008af00000| PB 0x000000008ae00000| Untracked 
| 175|0x000000008af00000, 0x000000008b000000, 0x000000008b000000|100%| O|  |TAMS 0x000000008b000000| PB 0x000000008af00000| Untracked 
| 176|0x000000008b000000, 0x000000008b100000, 0x000000008b100000|100%| O|  |TAMS 0x000000008b100000| PB 0x000000008b000000| Untracked 
| 177|0x000000008b100000, 0x000000008b200000, 0x000000008b200000|100%| O|  |TAMS 0x000000008b200000| PB 0x000000008b100000| Untracked 
| 178|0x000000008b200000, 0x000000008b300000, 0x000000008b300000|100%| O|  |TAMS 0x000000008b300000| PB 0x000000008b200000| Untracked 
| 179|0x000000008b300000, 0x000000008b400000, 0x000000008b400000|100%|HS|  |TAMS 0x000000008b400000| PB 0x000000008b300000| Complete 
| 180|0x000000008b400000, 0x000000008b500000, 0x000000008b500000|100%|HC|  |TAMS 0x000000008b500000| PB 0x000000008b400000| Complete 
| 181|0x000000008b500000, 0x000000008b600000, 0x000000008b600000|100%| O|  |TAMS 0x000000008b600000| PB 0x000000008b500000| Untracked 
| 182|0x000000008b600000, 0x000000008b700000, 0x000000008b700000|100%| O|  |TAMS 0x000000008b700000| PB 0x000000008b600000| Untracked 
| 183|0x000000008b700000, 0x000000008b800000, 0x000000008b800000|100%| O|  |TAMS 0x000000008b800000| PB 0x000000008b700000| Untracked 
| 184|0x000000008b800000, 0x000000008b900000, 0x000000008b900000|100%| O|  |TAMS 0x000000008b900000| PB 0x000000008b800000| Untracked 
| 185|0x000000008b900000, 0x000000008ba00000, 0x000000008ba00000|100%| O|  |TAMS 0x000000008ba00000| PB 0x000000008b900000| Untracked 
| 186|0x000000008ba00000, 0x000000008bb00000, 0x000000008bb00000|100%| O|  |TAMS 0x000000008bb00000| PB 0x000000008ba00000| Untracked 
| 187|0x000000008bb00000, 0x000000008bc00000, 0x000000008bc00000|100%| O|  |TAMS 0x000000008bc00000| PB 0x000000008bb00000| Untracked 
| 188|0x000000008bc00000, 0x000000008bd00000, 0x000000008bd00000|100%| O|  |TAMS 0x000000008bd00000| PB 0x000000008bc00000| Untracked 
| 189|0x000000008bd00000, 0x000000008be00000, 0x000000008be00000|100%| O|  |TAMS 0x000000008be00000| PB 0x000000008bd00000| Untracked 
| 190|0x000000008be00000, 0x000000008bf00000, 0x000000008bf00000|100%| O|  |TAMS 0x000000008bf00000| PB 0x000000008be00000| Untracked 
| 191|0x000000008bf00000, 0x000000008c000000, 0x000000008c000000|100%| O|  |TAMS 0x000000008c000000| PB 0x000000008bf00000| Untracked 
| 192|0x000000008c000000, 0x000000008c100000, 0x000000008c100000|100%|HS|  |TAMS 0x000000008c100000| PB 0x000000008c000000| Complete 
| 193|0x000000008c100000, 0x000000008c200000, 0x000000008c200000|100%| O|  |TAMS 0x000000008c200000| PB 0x000000008c100000| Untracked 
| 194|0x000000008c200000, 0x000000008c300000, 0x000000008c300000|100%| O|  |TAMS 0x000000008c300000| PB 0x000000008c200000| Untracked 
| 195|0x000000008c300000, 0x000000008c400000, 0x000000008c400000|100%| O|  |TAMS 0x000000008c400000| PB 0x000000008c300000| Untracked 
| 196|0x000000008c400000, 0x000000008c500000, 0x000000008c500000|100%|HS|  |TAMS 0x000000008c500000| PB 0x000000008c400000| Complete 
| 197|0x000000008c500000, 0x000000008c600000, 0x000000008c600000|100%|HS|  |TAMS 0x000000008c600000| PB 0x000000008c500000| Complete 
| 198|0x000000008c600000, 0x000000008c700000, 0x000000008c700000|100%|HC|  |TAMS 0x000000008c700000| PB 0x000000008c600000| Complete 
| 199|0x000000008c700000, 0x000000008c800000, 0x000000008c800000|100%| O|  |TAMS 0x000000008c800000| PB 0x000000008c700000| Untracked 
| 200|0x000000008c800000, 0x000000008c900000, 0x000000008c900000|100%| O|  |TAMS 0x000000008c900000| PB 0x000000008c800000| Untracked 
| 201|0x000000008c900000, 0x000000008ca00000, 0x000000008ca00000|100%| O|  |TAMS 0x000000008ca00000| PB 0x000000008c900000| Untracked 
| 202|0x000000008ca00000, 0x000000008cb00000, 0x000000008cb00000|100%| O|  |TAMS 0x000000008cb00000| PB 0x000000008ca00000| Untracked 
| 203|0x000000008cb00000, 0x000000008cc00000, 0x000000008cc00000|100%| O|  |TAMS 0x000000008cc00000| PB 0x000000008cb00000| Untracked 
| 204|0x000000008cc00000, 0x000000008cd00000, 0x000000008cd00000|100%| O|  |TAMS 0x000000008cd00000| PB 0x000000008cc00000| Untracked 
| 205|0x000000008cd00000, 0x000000008ce00000, 0x000000008ce00000|100%| O|  |TAMS 0x000000008ce00000| PB 0x000000008cd00000| Untracked 
| 206|0x000000008ce00000, 0x000000008cf00000, 0x000000008cf00000|100%| O|  |TAMS 0x000000008cf00000| PB 0x000000008ce00000| Untracked 
| 207|0x000000008cf00000, 0x000000008d000000, 0x000000008d000000|100%| O|  |TAMS 0x000000008d000000| PB 0x000000008cf00000| Untracked 
| 208|0x000000008d000000, 0x000000008d100000, 0x000000008d100000|100%| O|  |TAMS 0x000000008d100000| PB 0x000000008d000000| Untracked 
| 209|0x000000008d100000, 0x000000008d200000, 0x000000008d200000|100%| O|  |TAMS 0x000000008d200000| PB 0x000000008d100000| Untracked 
| 210|0x000000008d200000, 0x000000008d300000, 0x000000008d300000|100%| O|  |TAMS 0x000000008d300000| PB 0x000000008d200000| Untracked 
| 211|0x000000008d300000, 0x000000008d400000, 0x000000008d400000|100%|HS|  |TAMS 0x000000008d400000| PB 0x000000008d300000| Complete 
| 212|0x000000008d400000, 0x000000008d500000, 0x000000008d500000|100%| O|  |TAMS 0x000000008d500000| PB 0x000000008d400000| Untracked 
| 213|0x000000008d500000, 0x000000008d600000, 0x000000008d600000|100%| O|  |TAMS 0x000000008d600000| PB 0x000000008d500000| Untracked 
| 214|0x000000008d600000, 0x000000008d700000, 0x000000008d700000|100%| O|  |TAMS 0x000000008d700000| PB 0x000000008d600000| Untracked 
| 215|0x000000008d700000, 0x000000008d800000, 0x000000008d800000|100%| O|  |TAMS 0x000000008d800000| PB 0x000000008d700000| Untracked 
| 216|0x000000008d800000, 0x000000008d900000, 0x000000008d900000|100%| O|  |TAMS 0x000000008d800000| PB 0x000000008d800000| Untracked 
| 217|0x000000008d900000, 0x000000008da00000, 0x000000008da00000|100%| O|  |TAMS 0x000000008da00000| PB 0x000000008d900000| Untracked 
| 218|0x000000008da00000, 0x000000008db00000, 0x000000008db00000|100%| O|  |TAMS 0x000000008da00000| PB 0x000000008da00000| Untracked 
| 219|0x000000008db00000, 0x000000008dc00000, 0x000000008dc00000|100%| O|  |TAMS 0x000000008dc00000| PB 0x000000008db00000| Untracked 
| 220|0x000000008dc00000, 0x000000008dd00000, 0x000000008dd00000|100%| O|  |TAMS 0x000000008dd00000| PB 0x000000008dc00000| Untracked 
| 221|0x000000008dd00000, 0x000000008de00000, 0x000000008de00000|100%| O|  |TAMS 0x000000008de00000| PB 0x000000008dd00000| Untracked 
| 222|0x000000008de00000, 0x000000008df00000, 0x000000008df00000|100%| O|  |TAMS 0x000000008df00000| PB 0x000000008de00000| Untracked 
| 223|0x000000008df00000, 0x000000008e000000, 0x000000008e000000|100%| O|  |TAMS 0x000000008e000000| PB 0x000000008df00000| Untracked 
| 224|0x000000008e000000, 0x000000008e100000, 0x000000008e100000|100%| O|  |TAMS 0x000000008e100000| PB 0x000000008e000000| Untracked 
| 225|0x000000008e100000, 0x000000008e200000, 0x000000008e200000|100%|HS|  |TAMS 0x000000008e200000| PB 0x000000008e100000| Complete 
| 226|0x000000008e200000, 0x000000008e300000, 0x000000008e300000|100%|HC|  |TAMS 0x000000008e300000| PB 0x000000008e200000| Complete 
| 227|0x000000008e300000, 0x000000008e400000, 0x000000008e400000|100%| O|  |TAMS 0x000000008e400000| PB 0x000000008e300000| Untracked 
| 228|0x000000008e400000, 0x000000008e500000, 0x000000008e500000|100%| O|  |TAMS 0x000000008e500000| PB 0x000000008e400000| Untracked 
| 229|0x000000008e500000, 0x000000008e600000, 0x000000008e600000|100%| O|  |TAMS 0x000000008e600000| PB 0x000000008e500000| Untracked 
| 230|0x000000008e600000, 0x000000008e700000, 0x000000008e700000|100%| O|  |TAMS 0x000000008e700000| PB 0x000000008e600000| Untracked 
| 231|0x000000008e700000, 0x000000008e800000, 0x000000008e800000|100%| O|  |TAMS 0x000000008e800000| PB 0x000000008e700000| Untracked 
| 232|0x000000008e800000, 0x000000008e900000, 0x000000008e900000|100%| O|  |TAMS 0x000000008e900000| PB 0x000000008e800000| Untracked 
| 233|0x000000008e900000, 0x000000008ea00000, 0x000000008ea00000|100%| O|  |TAMS 0x000000008ea00000| PB 0x000000008e900000| Untracked 
| 234|0x000000008ea00000, 0x000000008eb00000, 0x000000008eb00000|100%| O|  |TAMS 0x000000008eb00000| PB 0x000000008ea00000| Untracked 
| 235|0x000000008eb00000, 0x000000008ec00000, 0x000000008ec00000|100%| O|  |TAMS 0x000000008ec00000| PB 0x000000008eb00000| Untracked 
| 236|0x000000008ec00000, 0x000000008ed00000, 0x000000008ed00000|100%| O|  |TAMS 0x000000008ed00000| PB 0x000000008ec00000| Untracked 
| 237|0x000000008ed00000, 0x000000008ee00000, 0x000000008ee00000|100%|HS|  |TAMS 0x000000008ee00000| PB 0x000000008ed00000| Complete 
| 238|0x000000008ee00000, 0x000000008ef00000, 0x000000008ef00000|100%| O|  |TAMS 0x000000008ef00000| PB 0x000000008ee00000| Untracked 
| 239|0x000000008ef00000, 0x000000008f000000, 0x000000008f000000|100%| O|  |TAMS 0x000000008f000000| PB 0x000000008ef00000| Untracked 
| 240|0x000000008f000000, 0x000000008f100000, 0x000000008f100000|100%| O|  |TAMS 0x000000008f100000| PB 0x000000008f000000| Untracked 
| 241|0x000000008f100000, 0x000000008f200000, 0x000000008f200000|100%|HS|  |TAMS 0x000000008f200000| PB 0x000000008f100000| Complete 
| 242|0x000000008f200000, 0x000000008f300000, 0x000000008f300000|100%| O|  |TAMS 0x000000008f200000| PB 0x000000008f200000| Untracked 
| 243|0x000000008f300000, 0x000000008f400000, 0x000000008f400000|100%| O|  |TAMS 0x000000008f400000| PB 0x000000008f300000| Untracked 
| 244|0x000000008f400000, 0x000000008f500000, 0x000000008f500000|100%| O|  |TAMS 0x000000008f500000| PB 0x000000008f400000| Untracked 
| 245|0x000000008f500000, 0x000000008f600000, 0x000000008f600000|100%| O|  |TAMS 0x000000008f600000| PB 0x000000008f500000| Untracked 
| 246|0x000000008f600000, 0x000000008f700000, 0x000000008f700000|100%| O|  |TAMS 0x000000008f700000| PB 0x000000008f600000| Untracked 
| 247|0x000000008f700000, 0x000000008f800000, 0x000000008f800000|100%|HS|  |TAMS 0x000000008f800000| PB 0x000000008f700000| Complete 
| 248|0x000000008f800000, 0x000000008f900000, 0x000000008f900000|100%|HC|  |TAMS 0x000000008f900000| PB 0x000000008f800000| Complete 
| 249|0x000000008f900000, 0x000000008fa00000, 0x000000008fa00000|100%| O|  |TAMS 0x000000008fa00000| PB 0x000000008f900000| Untracked 
| 250|0x000000008fa00000, 0x000000008fb00000, 0x000000008fb00000|100%| O|  |TAMS 0x000000008fb00000| PB 0x000000008fa00000| Untracked 
| 251|0x000000008fb00000, 0x000000008fc00000, 0x000000008fc00000|100%| O|  |TAMS 0x000000008fc00000| PB 0x000000008fb00000| Untracked 
| 252|0x000000008fc00000, 0x000000008fd00000, 0x000000008fd00000|100%| O|  |TAMS 0x000000008fd00000| PB 0x000000008fc00000| Untracked 
| 253|0x000000008fd00000, 0x000000008fe00000, 0x000000008fe00000|100%| O|  |TAMS 0x000000008fe00000| PB 0x000000008fd00000| Untracked 
| 254|0x000000008fe00000, 0x000000008ff00000, 0x000000008ff00000|100%| O|  |TAMS 0x000000008ff00000| PB 0x000000008fe00000| Untracked 
| 255|0x000000008ff00000, 0x0000000090000000, 0x0000000090000000|100%| O|  |TAMS 0x000000008ff00000| PB 0x000000008ff00000| Untracked 
| 256|0x0000000090000000, 0x0000000090100000, 0x0000000090100000|100%| O|  |TAMS 0x0000000090100000| PB 0x0000000090000000| Untracked 
| 257|0x0000000090100000, 0x0000000090200000, 0x0000000090200000|100%|HS|  |TAMS 0x0000000090200000| PB 0x0000000090100000| Complete 
| 258|0x0000000090200000, 0x0000000090300000, 0x0000000090300000|100%|HC|  |TAMS 0x0000000090300000| PB 0x0000000090200000| Complete 
| 259|0x0000000090300000, 0x0000000090400000, 0x0000000090400000|100%|HC|  |TAMS 0x0000000090400000| PB 0x0000000090300000| Complete 
| 260|0x0000000090400000, 0x0000000090500000, 0x0000000090500000|100%|HS|  |TAMS 0x0000000090500000| PB 0x0000000090400000| Complete 
| 261|0x0000000090500000, 0x0000000090600000, 0x0000000090600000|100%|HC|  |TAMS 0x0000000090600000| PB 0x0000000090500000| Complete 
| 262|0x0000000090600000, 0x0000000090700000, 0x0000000090700000|100%| O|  |TAMS 0x0000000090700000| PB 0x0000000090600000| Untracked 
| 263|0x0000000090700000, 0x0000000090800000, 0x0000000090800000|100%| O|  |TAMS 0x0000000090800000| PB 0x0000000090700000| Untracked 
| 264|0x0000000090800000, 0x0000000090900000, 0x0000000090900000|100%|HS|  |TAMS 0x0000000090900000| PB 0x0000000090800000| Complete 
| 265|0x0000000090900000, 0x0000000090a00000, 0x0000000090a00000|100%|HC|  |TAMS 0x0000000090a00000| PB 0x0000000090900000| Complete 
| 266|0x0000000090a00000, 0x0000000090b00000, 0x0000000090b00000|100%| O|  |TAMS 0x0000000090b00000| PB 0x0000000090a00000| Untracked 
| 267|0x0000000090b00000, 0x0000000090c00000, 0x0000000090c00000|100%| O|  |TAMS 0x0000000090c00000| PB 0x0000000090b00000| Untracked 
| 268|0x0000000090c00000, 0x0000000090d00000, 0x0000000090d00000|100%| O|  |TAMS 0x0000000090d00000| PB 0x0000000090c00000| Untracked 
| 269|0x0000000090d00000, 0x0000000090e00000, 0x0000000090e00000|100%| O|  |TAMS 0x0000000090e00000| PB 0x0000000090d00000| Untracked 
| 270|0x0000000090e00000, 0x0000000090f00000, 0x0000000090f00000|100%| O|  |TAMS 0x0000000090f00000| PB 0x0000000090e00000| Untracked 
| 271|0x0000000090f00000, 0x0000000091000000, 0x0000000091000000|100%| O|  |TAMS 0x0000000091000000| PB 0x0000000090f00000| Untracked 
| 272|0x0000000091000000, 0x0000000091100000, 0x0000000091100000|100%|HS|  |TAMS 0x0000000091100000| PB 0x0000000091000000| Complete 
| 273|0x0000000091100000, 0x0000000091200000, 0x0000000091200000|100%|HC|  |TAMS 0x0000000091200000| PB 0x0000000091100000| Complete 
| 274|0x0000000091200000, 0x0000000091300000, 0x0000000091300000|100%|HC|  |TAMS 0x0000000091300000| PB 0x0000000091200000| Complete 
| 275|0x0000000091300000, 0x0000000091400000, 0x0000000091400000|100%| O|  |TAMS 0x0000000091400000| PB 0x0000000091300000| Untracked 
| 276|0x0000000091400000, 0x0000000091500000, 0x0000000091500000|100%|HS|  |TAMS 0x0000000091500000| PB 0x0000000091400000| Complete 
| 277|0x0000000091500000, 0x0000000091600000, 0x0000000091600000|100%|HC|  |TAMS 0x0000000091600000| PB 0x0000000091500000| Complete 
| 278|0x0000000091600000, 0x0000000091700000, 0x0000000091700000|100%|HC|  |TAMS 0x0000000091700000| PB 0x0000000091600000| Complete 
| 279|0x0000000091700000, 0x0000000091800000, 0x0000000091800000|100%|HC|  |TAMS 0x0000000091800000| PB 0x0000000091700000| Complete 
| 280|0x0000000091800000, 0x0000000091900000, 0x0000000091900000|100%|HC|  |TAMS 0x0000000091900000| PB 0x0000000091800000| Complete 
| 281|0x0000000091900000, 0x0000000091a00000, 0x0000000091a00000|100%| O|  |TAMS 0x0000000091a00000| PB 0x0000000091900000| Untracked 
| 282|0x0000000091a00000, 0x0000000091b00000, 0x0000000091b00000|100%| O|  |TAMS 0x0000000091a00000| PB 0x0000000091a00000| Untracked 
| 283|0x0000000091b00000, 0x0000000091c00000, 0x0000000091c00000|100%|HS|  |TAMS 0x0000000091b00000| PB 0x0000000091b00000| Complete 
| 284|0x0000000091c00000, 0x0000000091d00000, 0x0000000091d00000|100%| O|  |TAMS 0x0000000091d00000| PB 0x0000000091c00000| Untracked 
| 285|0x0000000091d00000, 0x0000000091e00000, 0x0000000091e00000|100%| O|  |TAMS 0x0000000091e00000| PB 0x0000000091d00000| Untracked 
| 286|0x0000000091e00000, 0x0000000091f00000, 0x0000000091f00000|100%| O|  |TAMS 0x0000000091f00000| PB 0x0000000091e00000| Untracked 
| 287|0x0000000091f00000, 0x0000000092000000, 0x0000000092000000|100%| O|  |TAMS 0x0000000092000000| PB 0x0000000091f00000| Untracked 
| 288|0x0000000092000000, 0x0000000092100000, 0x0000000092100000|100%| O|  |TAMS 0x0000000092100000| PB 0x0000000092000000| Untracked 
| 289|0x0000000092100000, 0x0000000092200000, 0x0000000092200000|100%| O|  |TAMS 0x0000000092200000| PB 0x0000000092100000| Untracked 
| 290|0x0000000092200000, 0x0000000092300000, 0x0000000092300000|100%| O|  |TAMS 0x0000000092300000| PB 0x0000000092200000| Untracked 
| 291|0x0000000092300000, 0x0000000092400000, 0x0000000092400000|100%| O|  |TAMS 0x0000000092400000| PB 0x0000000092300000| Untracked 
| 292|0x0000000092400000, 0x0000000092500000, 0x0000000092500000|100%| O|  |TAMS 0x0000000092500000| PB 0x0000000092400000| Untracked 
| 293|0x0000000092500000, 0x0000000092600000, 0x0000000092600000|100%| O|  |TAMS 0x0000000092600000| PB 0x0000000092500000| Untracked 
| 294|0x0000000092600000, 0x0000000092700000, 0x0000000092700000|100%| O|  |TAMS 0x0000000092700000| PB 0x0000000092600000| Untracked 
| 295|0x0000000092700000, 0x0000000092800000, 0x0000000092800000|100%| O|  |TAMS 0x0000000092800000| PB 0x0000000092700000| Untracked 
| 296|0x0000000092800000, 0x0000000092900000, 0x0000000092900000|100%| O|  |TAMS 0x0000000092900000| PB 0x0000000092800000| Untracked 
| 297|0x0000000092900000, 0x0000000092a00000, 0x0000000092a00000|100%| O|  |TAMS 0x0000000092a00000| PB 0x0000000092900000| Untracked 
| 298|0x0000000092a00000, 0x0000000092b00000, 0x0000000092b00000|100%| O|  |TAMS 0x0000000092b00000| PB 0x0000000092a00000| Untracked 
| 299|0x0000000092b00000, 0x0000000092c00000, 0x0000000092c00000|100%| O|  |TAMS 0x0000000092c00000| PB 0x0000000092b00000| Untracked 
| 300|0x0000000092c00000, 0x0000000092d00000, 0x0000000092d00000|100%| O|  |TAMS 0x0000000092d00000| PB 0x0000000092c00000| Untracked 
| 301|0x0000000092d00000, 0x0000000092e00000, 0x0000000092e00000|100%| O|  |TAMS 0x0000000092e00000| PB 0x0000000092d00000| Untracked 
| 302|0x0000000092e00000, 0x0000000092f00000, 0x0000000092f00000|100%| O|  |TAMS 0x0000000092f00000| PB 0x0000000092e00000| Untracked 
| 303|0x0000000092f00000, 0x0000000093000000, 0x0000000093000000|100%| O|  |TAMS 0x0000000093000000| PB 0x0000000092f00000| Untracked 
| 304|0x0000000093000000, 0x0000000093100000, 0x0000000093100000|100%| O|  |TAMS 0x0000000093100000| PB 0x0000000093000000| Untracked 
| 305|0x0000000093100000, 0x0000000093200000, 0x0000000093200000|100%| O|  |TAMS 0x0000000093200000| PB 0x0000000093100000| Untracked 
| 306|0x0000000093200000, 0x0000000093300000, 0x0000000093300000|100%| O|  |TAMS 0x0000000093300000| PB 0x0000000093200000| Untracked 
| 307|0x0000000093300000, 0x0000000093400000, 0x0000000093400000|100%| O|  |TAMS 0x0000000093400000| PB 0x0000000093300000| Untracked 
| 308|0x0000000093400000, 0x0000000093500000, 0x0000000093500000|100%| O|  |TAMS 0x0000000093500000| PB 0x0000000093400000| Untracked 
| 309|0x0000000093500000, 0x0000000093600000, 0x0000000093600000|100%| O|  |TAMS 0x0000000093600000| PB 0x0000000093500000| Untracked 
| 310|0x0000000093600000, 0x0000000093700000, 0x0000000093700000|100%| O|  |TAMS 0x0000000093700000| PB 0x0000000093600000| Untracked 
| 311|0x0000000093700000, 0x0000000093800000, 0x0000000093800000|100%| O|  |TAMS 0x0000000093800000| PB 0x0000000093700000| Untracked 
| 312|0x0000000093800000, 0x0000000093900000, 0x0000000093900000|100%| O|  |TAMS 0x0000000093900000| PB 0x0000000093800000| Untracked 
| 313|0x0000000093900000, 0x0000000093a00000, 0x0000000093a00000|100%| O|  |TAMS 0x0000000093a00000| PB 0x0000000093900000| Untracked 
| 314|0x0000000093a00000, 0x0000000093b00000, 0x0000000093b00000|100%| O|  |TAMS 0x0000000093b00000| PB 0x0000000093a00000| Untracked 
| 315|0x0000000093b00000, 0x0000000093c00000, 0x0000000093c00000|100%| O|  |TAMS 0x0000000093c00000| PB 0x0000000093b00000| Untracked 
| 316|0x0000000093c00000, 0x0000000093d00000, 0x0000000093d00000|100%| O|  |TAMS 0x0000000093d00000| PB 0x0000000093c00000| Untracked 
| 317|0x0000000093d00000, 0x0000000093d00000, 0x0000000093e00000|  0%| F|  |TAMS 0x0000000093d00000| PB 0x0000000093d00000| Untracked 
| 318|0x0000000093e00000, 0x0000000093f00000, 0x0000000093f00000|100%| O|  |TAMS 0x0000000093f00000| PB 0x0000000093e00000| Untracked 
| 319|0x0000000093f00000, 0x0000000094000000, 0x0000000094000000|100%| O|  |TAMS 0x0000000094000000| PB 0x0000000093f00000| Untracked 
| 320|0x0000000094000000, 0x0000000094100000, 0x0000000094100000|100%| O|  |TAMS 0x0000000094100000| PB 0x0000000094000000| Untracked 
| 321|0x0000000094100000, 0x0000000094200000, 0x0000000094200000|100%| O|  |TAMS 0x0000000094200000| PB 0x0000000094100000| Untracked 
| 322|0x0000000094200000, 0x0000000094300000, 0x0000000094300000|100%| O|  |TAMS 0x0000000094300000| PB 0x0000000094200000| Untracked 
| 323|0x0000000094300000, 0x0000000094400000, 0x0000000094400000|100%| O|  |TAMS 0x0000000094400000| PB 0x0000000094300000| Untracked 
| 324|0x0000000094400000, 0x0000000094500000, 0x0000000094500000|100%| O|  |TAMS 0x0000000094500000| PB 0x0000000094400000| Untracked 
| 325|0x0000000094500000, 0x0000000094600000, 0x0000000094600000|100%|HS|  |TAMS 0x0000000094600000| PB 0x0000000094500000| Complete 
| 326|0x0000000094600000, 0x0000000094700000, 0x0000000094700000|100%|HC|  |TAMS 0x0000000094700000| PB 0x0000000094600000| Complete 
| 327|0x0000000094700000, 0x0000000094800000, 0x0000000094800000|100%| O|  |TAMS 0x0000000094800000| PB 0x0000000094700000| Untracked 
| 328|0x0000000094800000, 0x0000000094900000, 0x0000000094900000|100%|HS|  |TAMS 0x0000000094900000| PB 0x0000000094800000| Complete 
| 329|0x0000000094900000, 0x0000000094a00000, 0x0000000094a00000|100%|HC|  |TAMS 0x0000000094a00000| PB 0x0000000094900000| Complete 
| 330|0x0000000094a00000, 0x0000000094b00000, 0x0000000094b00000|100%|HC|  |TAMS 0x0000000094b00000| PB 0x0000000094a00000| Complete 
| 331|0x0000000094b00000, 0x0000000094c00000, 0x0000000094c00000|100%|HS|  |TAMS 0x0000000094c00000| PB 0x0000000094b00000| Complete 
| 332|0x0000000094c00000, 0x0000000094d00000, 0x0000000094d00000|100%|HC|  |TAMS 0x0000000094d00000| PB 0x0000000094c00000| Complete 
| 333|0x0000000094d00000, 0x0000000094e00000, 0x0000000094e00000|100%| O|  |TAMS 0x0000000094e00000| PB 0x0000000094d00000| Untracked 
| 334|0x0000000094e00000, 0x0000000094f00000, 0x0000000094f00000|100%| O|  |TAMS 0x0000000094f00000| PB 0x0000000094e00000| Untracked 
| 335|0x0000000094f00000, 0x0000000095000000, 0x0000000095000000|100%| O|  |TAMS 0x0000000095000000| PB 0x0000000094f00000| Untracked 
| 336|0x0000000095000000, 0x0000000095100000, 0x0000000095100000|100%| O|  |TAMS 0x0000000095100000| PB 0x0000000095000000| Untracked 
| 337|0x0000000095100000, 0x0000000095200000, 0x0000000095200000|100%| O|  |TAMS 0x0000000095200000| PB 0x0000000095100000| Untracked 
| 338|0x0000000095200000, 0x0000000095300000, 0x0000000095300000|100%| O|  |TAMS 0x0000000095300000| PB 0x0000000095200000| Untracked 
| 339|0x0000000095300000, 0x0000000095400000, 0x0000000095400000|100%| O|  |TAMS 0x0000000095400000| PB 0x0000000095300000| Untracked 
| 340|0x0000000095400000, 0x0000000095500000, 0x0000000095500000|100%| O|  |TAMS 0x0000000095500000| PB 0x0000000095400000| Untracked 
| 341|0x0000000095500000, 0x0000000095600000, 0x0000000095600000|100%| O|  |TAMS 0x0000000095600000| PB 0x0000000095500000| Untracked 
| 342|0x0000000095600000, 0x0000000095700000, 0x0000000095700000|100%|HS|  |TAMS 0x0000000095700000| PB 0x0000000095600000| Complete 
| 343|0x0000000095700000, 0x0000000095800000, 0x0000000095800000|100%|HC|  |TAMS 0x0000000095800000| PB 0x0000000095700000| Complete 
| 344|0x0000000095800000, 0x0000000095900000, 0x0000000095900000|100%|HC|  |TAMS 0x0000000095900000| PB 0x0000000095800000| Complete 
| 345|0x0000000095900000, 0x0000000095a00000, 0x0000000095a00000|100%| O|  |TAMS 0x0000000095a00000| PB 0x0000000095900000| Untracked 
| 346|0x0000000095a00000, 0x0000000095b00000, 0x0000000095b00000|100%| O|  |TAMS 0x0000000095b00000| PB 0x0000000095a00000| Untracked 
| 347|0x0000000095b00000, 0x0000000095c00000, 0x0000000095c00000|100%| O|  |TAMS 0x0000000095c00000| PB 0x0000000095b00000| Untracked 
| 348|0x0000000095c00000, 0x0000000095d00000, 0x0000000095d00000|100%| O|  |TAMS 0x0000000095d00000| PB 0x0000000095c00000| Untracked 
| 349|0x0000000095d00000, 0x0000000095e00000, 0x0000000095e00000|100%| O|  |TAMS 0x0000000095e00000| PB 0x0000000095d00000| Untracked 
| 350|0x0000000095e00000, 0x0000000095f00000, 0x0000000095f00000|100%| O|  |TAMS 0x0000000095f00000| PB 0x0000000095e00000| Untracked 
| 351|0x0000000095f00000, 0x0000000095f00000, 0x0000000096000000|  0%| F|  |TAMS 0x0000000095f00000| PB 0x0000000095f00000| Untracked 
| 352|0x0000000096000000, 0x0000000096100000, 0x0000000096100000|100%| O|  |TAMS 0x0000000096100000| PB 0x0000000096000000| Untracked 
| 353|0x0000000096100000, 0x0000000096200000, 0x0000000096200000|100%| O|  |TAMS 0x0000000096200000| PB 0x0000000096100000| Untracked 
| 354|0x0000000096200000, 0x0000000096300000, 0x0000000096300000|100%| O|  |TAMS 0x0000000096300000| PB 0x0000000096200000| Untracked 
| 355|0x0000000096300000, 0x0000000096400000, 0x0000000096400000|100%| O|  |TAMS 0x0000000096400000| PB 0x0000000096300000| Untracked 
| 356|0x0000000096400000, 0x0000000096500000, 0x0000000096500000|100%| O|  |TAMS 0x0000000096500000| PB 0x0000000096400000| Untracked 
| 357|0x0000000096500000, 0x0000000096600000, 0x0000000096600000|100%| O|  |TAMS 0x0000000096600000| PB 0x0000000096500000| Untracked 
| 358|0x0000000096600000, 0x0000000096700000, 0x0000000096700000|100%| O|  |TAMS 0x0000000096600000| PB 0x0000000096600000| Untracked 
| 359|0x0000000096700000, 0x0000000096800000, 0x0000000096800000|100%| O|  |TAMS 0x0000000096800000| PB 0x0000000096700000| Untracked 
| 360|0x0000000096800000, 0x0000000096900000, 0x0000000096900000|100%| O|  |TAMS 0x0000000096900000| PB 0x0000000096800000| Untracked 
| 361|0x0000000096900000, 0x0000000096a00000, 0x0000000096a00000|100%| O|  |TAMS 0x0000000096a00000| PB 0x0000000096900000| Untracked 
| 362|0x0000000096a00000, 0x0000000096b00000, 0x0000000096b00000|100%| O|  |TAMS 0x0000000096b00000| PB 0x0000000096a00000| Untracked 
| 363|0x0000000096b00000, 0x0000000096c00000, 0x0000000096c00000|100%| O|  |TAMS 0x0000000096c00000| PB 0x0000000096b00000| Untracked 
| 364|0x0000000096c00000, 0x0000000096d00000, 0x0000000096d00000|100%| O|  |TAMS 0x0000000096d00000| PB 0x0000000096c00000| Untracked 
| 365|0x0000000096d00000, 0x0000000096e00000, 0x0000000096e00000|100%| O|  |TAMS 0x0000000096e00000| PB 0x0000000096d00000| Untracked 
| 366|0x0000000096e00000, 0x0000000096f00000, 0x0000000096f00000|100%| O|  |TAMS 0x0000000096f00000| PB 0x0000000096e00000| Untracked 
| 367|0x0000000096f00000, 0x0000000097000000, 0x0000000097000000|100%| O|  |TAMS 0x0000000097000000| PB 0x0000000096f00000| Untracked 
| 368|0x0000000097000000, 0x0000000097100000, 0x0000000097100000|100%| O|  |TAMS 0x0000000097100000| PB 0x0000000097000000| Untracked 
| 369|0x0000000097100000, 0x0000000097200000, 0x0000000097200000|100%| O|  |TAMS 0x0000000097200000| PB 0x0000000097100000| Untracked 
| 370|0x0000000097200000, 0x0000000097300000, 0x0000000097300000|100%| O|  |TAMS 0x0000000097300000| PB 0x0000000097200000| Untracked 
| 371|0x0000000097300000, 0x0000000097400000, 0x0000000097400000|100%| O|  |TAMS 0x0000000097400000| PB 0x0000000097300000| Untracked 
| 372|0x0000000097400000, 0x0000000097500000, 0x0000000097500000|100%| O|  |TAMS 0x0000000097500000| PB 0x0000000097400000| Untracked 
| 373|0x0000000097500000, 0x0000000097600000, 0x0000000097600000|100%| O|  |TAMS 0x0000000097500000| PB 0x0000000097500000| Untracked 
| 374|0x0000000097600000, 0x0000000097700000, 0x0000000097700000|100%| O|  |TAMS 0x0000000097700000| PB 0x0000000097600000| Untracked 
| 375|0x0000000097700000, 0x0000000097800000, 0x0000000097800000|100%| O|  |TAMS 0x0000000097800000| PB 0x0000000097700000| Untracked 
| 376|0x0000000097800000, 0x0000000097900000, 0x0000000097900000|100%| O|  |TAMS 0x0000000097900000| PB 0x0000000097800000| Untracked 
| 377|0x0000000097900000, 0x0000000097a00000, 0x0000000097a00000|100%| O|  |TAMS 0x0000000097900000| PB 0x0000000097900000| Untracked 
| 378|0x0000000097a00000, 0x0000000097b00000, 0x0000000097b00000|100%| O|  |TAMS 0x0000000097b00000| PB 0x0000000097a00000| Untracked 
| 379|0x0000000097b00000, 0x0000000097c00000, 0x0000000097c00000|100%| O|  |TAMS 0x0000000097c00000| PB 0x0000000097b00000| Untracked 
| 380|0x0000000097c00000, 0x0000000097d00000, 0x0000000097d00000|100%| O|  |TAMS 0x0000000097d00000| PB 0x0000000097c00000| Untracked 
| 381|0x0000000097d00000, 0x0000000097e00000, 0x0000000097e00000|100%| O|  |TAMS 0x0000000097e00000| PB 0x0000000097d00000| Untracked 
| 382|0x0000000097e00000, 0x0000000097f00000, 0x0000000097f00000|100%| O|  |TAMS 0x0000000097f00000| PB 0x0000000097e00000| Untracked 
| 383|0x0000000097f00000, 0x0000000098000000, 0x0000000098000000|100%| O|  |TAMS 0x0000000098000000| PB 0x0000000097f00000| Untracked 
| 384|0x0000000098000000, 0x0000000098100000, 0x0000000098100000|100%| O|  |TAMS 0x0000000098100000| PB 0x0000000098000000| Untracked 
| 385|0x0000000098100000, 0x0000000098200000, 0x0000000098200000|100%| O|  |TAMS 0x0000000098200000| PB 0x0000000098100000| Untracked 
| 386|0x0000000098200000, 0x0000000098300000, 0x0000000098300000|100%| O|  |TAMS 0x0000000098300000| PB 0x0000000098200000| Untracked 
| 387|0x0000000098300000, 0x0000000098400000, 0x0000000098400000|100%| O|  |TAMS 0x0000000098400000| PB 0x0000000098300000| Untracked 
| 388|0x0000000098400000, 0x0000000098500000, 0x0000000098500000|100%| O|  |TAMS 0x0000000098500000| PB 0x0000000098400000| Untracked 
| 389|0x0000000098500000, 0x0000000098600000, 0x0000000098600000|100%| O|  |TAMS 0x0000000098600000| PB 0x0000000098500000| Untracked 
| 390|0x0000000098600000, 0x0000000098700000, 0x0000000098700000|100%| O|  |TAMS 0x0000000098700000| PB 0x0000000098600000| Untracked 
| 391|0x0000000098700000, 0x0000000098800000, 0x0000000098800000|100%| O|  |TAMS 0x0000000098800000| PB 0x0000000098700000| Untracked 
| 392|0x0000000098800000, 0x0000000098900000, 0x0000000098900000|100%| O|  |TAMS 0x0000000098900000| PB 0x0000000098800000| Untracked 
| 393|0x0000000098900000, 0x0000000098a00000, 0x0000000098a00000|100%| O|  |TAMS 0x0000000098a00000| PB 0x0000000098900000| Untracked 
| 394|0x0000000098a00000, 0x0000000098b00000, 0x0000000098b00000|100%| O|  |TAMS 0x0000000098b00000| PB 0x0000000098a00000| Untracked 
| 395|0x0000000098b00000, 0x0000000098c00000, 0x0000000098c00000|100%| O|  |TAMS 0x0000000098c00000| PB 0x0000000098b00000| Untracked 
| 396|0x0000000098c00000, 0x0000000098d00000, 0x0000000098d00000|100%| O|  |TAMS 0x0000000098d00000| PB 0x0000000098c00000| Untracked 
| 397|0x0000000098d00000, 0x0000000098e00000, 0x0000000098e00000|100%| O|  |TAMS 0x0000000098e00000| PB 0x0000000098d00000| Untracked 
| 398|0x0000000098e00000, 0x0000000098f00000, 0x0000000098f00000|100%| O|  |TAMS 0x0000000098f00000| PB 0x0000000098e00000| Untracked 
| 399|0x0000000098f00000, 0x0000000099000000, 0x0000000099000000|100%| O|  |TAMS 0x0000000099000000| PB 0x0000000098f00000| Untracked 
| 400|0x0000000099000000, 0x0000000099100000, 0x0000000099100000|100%| O|  |TAMS 0x0000000099100000| PB 0x0000000099000000| Untracked 
| 401|0x0000000099100000, 0x0000000099200000, 0x0000000099200000|100%| O|  |TAMS 0x0000000099200000| PB 0x0000000099100000| Untracked 
| 402|0x0000000099200000, 0x0000000099300000, 0x0000000099300000|100%| O|  |TAMS 0x0000000099300000| PB 0x0000000099200000| Untracked 
| 403|0x0000000099300000, 0x0000000099400000, 0x0000000099400000|100%| O|  |TAMS 0x0000000099400000| PB 0x0000000099300000| Untracked 
| 404|0x0000000099400000, 0x0000000099500000, 0x0000000099500000|100%| O|  |TAMS 0x0000000099500000| PB 0x0000000099400000| Untracked 
| 405|0x0000000099500000, 0x0000000099600000, 0x0000000099600000|100%| O|  |TAMS 0x0000000099600000| PB 0x0000000099500000| Untracked 
| 406|0x0000000099600000, 0x0000000099700000, 0x0000000099700000|100%| O|  |TAMS 0x0000000099700000| PB 0x0000000099600000| Untracked 
| 407|0x0000000099700000, 0x0000000099800000, 0x0000000099800000|100%| O|  |TAMS 0x0000000099800000| PB 0x0000000099700000| Untracked 
| 408|0x0000000099800000, 0x0000000099900000, 0x0000000099900000|100%| O|  |TAMS 0x0000000099900000| PB 0x0000000099800000| Untracked 
| 409|0x0000000099900000, 0x0000000099a00000, 0x0000000099a00000|100%| O|  |TAMS 0x0000000099a00000| PB 0x0000000099900000| Untracked 
| 410|0x0000000099a00000, 0x0000000099b00000, 0x0000000099b00000|100%|HS|  |TAMS 0x0000000099b00000| PB 0x0000000099a00000| Complete 
| 411|0x0000000099b00000, 0x0000000099c00000, 0x0000000099c00000|100%|HC|  |TAMS 0x0000000099c00000| PB 0x0000000099b00000| Complete 
| 412|0x0000000099c00000, 0x0000000099d00000, 0x0000000099d00000|100%|HC|  |TAMS 0x0000000099d00000| PB 0x0000000099c00000| Complete 
| 413|0x0000000099d00000, 0x0000000099e00000, 0x0000000099e00000|100%|HC|  |TAMS 0x0000000099e00000| PB 0x0000000099d00000| Complete 
| 414|0x0000000099e00000, 0x0000000099f00000, 0x0000000099f00000|100%|HC|  |TAMS 0x0000000099f00000| PB 0x0000000099e00000| Complete 
| 415|0x0000000099f00000, 0x000000009a000000, 0x000000009a000000|100%| O|  |TAMS 0x000000009a000000| PB 0x0000000099f00000| Untracked 
| 416|0x000000009a000000, 0x000000009a100000, 0x000000009a100000|100%| O|  |TAMS 0x000000009a100000| PB 0x000000009a000000| Untracked 
| 417|0x000000009a100000, 0x000000009a200000, 0x000000009a200000|100%| O|  |TAMS 0x000000009a200000| PB 0x000000009a100000| Untracked 
| 418|0x000000009a200000, 0x000000009a300000, 0x000000009a300000|100%| O|  |TAMS 0x000000009a300000| PB 0x000000009a200000| Untracked 
| 419|0x000000009a300000, 0x000000009a400000, 0x000000009a400000|100%| O|  |TAMS 0x000000009a400000| PB 0x000000009a300000| Untracked 
| 420|0x000000009a400000, 0x000000009a500000, 0x000000009a500000|100%| O|  |TAMS 0x000000009a500000| PB 0x000000009a400000| Untracked 
| 421|0x000000009a500000, 0x000000009a600000, 0x000000009a600000|100%| O|  |TAMS 0x000000009a600000| PB 0x000000009a500000| Untracked 
| 422|0x000000009a600000, 0x000000009a700000, 0x000000009a700000|100%| O|  |TAMS 0x000000009a700000| PB 0x000000009a600000| Untracked 
| 423|0x000000009a700000, 0x000000009a800000, 0x000000009a800000|100%| O|  |TAMS 0x000000009a800000| PB 0x000000009a700000| Untracked 
| 424|0x000000009a800000, 0x000000009a900000, 0x000000009a900000|100%| O|  |TAMS 0x000000009a900000| PB 0x000000009a800000| Untracked 
| 425|0x000000009a900000, 0x000000009aa00000, 0x000000009aa00000|100%| O|  |TAMS 0x000000009aa00000| PB 0x000000009a900000| Untracked 
| 426|0x000000009aa00000, 0x000000009ab00000, 0x000000009ab00000|100%| O|  |TAMS 0x000000009ab00000| PB 0x000000009aa00000| Untracked 
| 427|0x000000009ab00000, 0x000000009ac00000, 0x000000009ac00000|100%| O|  |TAMS 0x000000009ac00000| PB 0x000000009ab00000| Untracked 
| 428|0x000000009ac00000, 0x000000009ad00000, 0x000000009ad00000|100%| O|  |TAMS 0x000000009ad00000| PB 0x000000009ac00000| Untracked 
| 429|0x000000009ad00000, 0x000000009ae00000, 0x000000009ae00000|100%| O|  |TAMS 0x000000009ae00000| PB 0x000000009ad00000| Untracked 
| 430|0x000000009ae00000, 0x000000009af00000, 0x000000009af00000|100%| O|  |TAMS 0x000000009af00000| PB 0x000000009ae00000| Untracked 
| 431|0x000000009af00000, 0x000000009b000000, 0x000000009b000000|100%| O|  |TAMS 0x000000009b000000| PB 0x000000009af00000| Untracked 
| 432|0x000000009b000000, 0x000000009b100000, 0x000000009b100000|100%| O|  |TAMS 0x000000009b100000| PB 0x000000009b000000| Untracked 
| 433|0x000000009b100000, 0x000000009b200000, 0x000000009b200000|100%| O|  |TAMS 0x000000009b200000| PB 0x000000009b100000| Untracked 
| 434|0x000000009b200000, 0x000000009b300000, 0x000000009b300000|100%| O|  |TAMS 0x000000009b300000| PB 0x000000009b200000| Untracked 
| 435|0x000000009b300000, 0x000000009b400000, 0x000000009b400000|100%| O|  |TAMS 0x000000009b400000| PB 0x000000009b300000| Untracked 
| 436|0x000000009b400000, 0x000000009b500000, 0x000000009b500000|100%| O|  |TAMS 0x000000009b500000| PB 0x000000009b400000| Untracked 
| 437|0x000000009b500000, 0x000000009b600000, 0x000000009b600000|100%| O|  |TAMS 0x000000009b600000| PB 0x000000009b500000| Untracked 
| 438|0x000000009b600000, 0x000000009b700000, 0x000000009b700000|100%| O|  |TAMS 0x000000009b700000| PB 0x000000009b600000| Untracked 
| 439|0x000000009b700000, 0x000000009b800000, 0x000000009b800000|100%| O|  |TAMS 0x000000009b700000| PB 0x000000009b700000| Untracked 
| 440|0x000000009b800000, 0x000000009b900000, 0x000000009b900000|100%| O|  |TAMS 0x000000009b900000| PB 0x000000009b800000| Untracked 
| 441|0x000000009b900000, 0x000000009ba00000, 0x000000009ba00000|100%| O|  |TAMS 0x000000009ba00000| PB 0x000000009b900000| Untracked 
| 442|0x000000009ba00000, 0x000000009bb00000, 0x000000009bb00000|100%| O|  |TAMS 0x000000009bb00000| PB 0x000000009ba00000| Untracked 
| 443|0x000000009bb00000, 0x000000009bc00000, 0x000000009bc00000|100%| O|  |TAMS 0x000000009bc00000| PB 0x000000009bb00000| Untracked 
| 444|0x000000009bc00000, 0x000000009bd00000, 0x000000009bd00000|100%| O|  |TAMS 0x000000009bd00000| PB 0x000000009bc00000| Untracked 
| 445|0x000000009bd00000, 0x000000009be00000, 0x000000009be00000|100%| O|  |TAMS 0x000000009be00000| PB 0x000000009bd00000| Untracked 
| 446|0x000000009be00000, 0x000000009bf00000, 0x000000009bf00000|100%| O|  |TAMS 0x000000009bf00000| PB 0x000000009be00000| Untracked 
| 447|0x000000009bf00000, 0x000000009c000000, 0x000000009c000000|100%| O|  |TAMS 0x000000009c000000| PB 0x000000009bf00000| Untracked 
| 448|0x000000009c000000, 0x000000009c100000, 0x000000009c100000|100%| O|  |TAMS 0x000000009c100000| PB 0x000000009c000000| Untracked 
| 449|0x000000009c100000, 0x000000009c200000, 0x000000009c200000|100%| O|  |TAMS 0x000000009c200000| PB 0x000000009c100000| Untracked 
| 450|0x000000009c200000, 0x000000009c300000, 0x000000009c300000|100%| O|  |TAMS 0x000000009c300000| PB 0x000000009c200000| Untracked 
| 451|0x000000009c300000, 0x000000009c400000, 0x000000009c400000|100%| O|  |TAMS 0x000000009c400000| PB 0x000000009c300000| Untracked 
| 452|0x000000009c400000, 0x000000009c500000, 0x000000009c500000|100%| O|  |TAMS 0x000000009c500000| PB 0x000000009c400000| Untracked 
| 453|0x000000009c500000, 0x000000009c600000, 0x000000009c600000|100%| O|  |TAMS 0x000000009c600000| PB 0x000000009c500000| Untracked 
| 454|0x000000009c600000, 0x000000009c700000, 0x000000009c700000|100%| O|  |TAMS 0x000000009c700000| PB 0x000000009c600000| Untracked 
| 455|0x000000009c700000, 0x000000009c800000, 0x000000009c800000|100%| O|  |TAMS 0x000000009c800000| PB 0x000000009c700000| Untracked 
| 456|0x000000009c800000, 0x000000009c900000, 0x000000009c900000|100%| O|  |TAMS 0x000000009c900000| PB 0x000000009c800000| Untracked 
| 457|0x000000009c900000, 0x000000009ca00000, 0x000000009ca00000|100%| O|  |TAMS 0x000000009ca00000| PB 0x000000009c900000| Untracked 
| 458|0x000000009ca00000, 0x000000009cb00000, 0x000000009cb00000|100%| O|  |TAMS 0x000000009cb00000| PB 0x000000009ca00000| Untracked 
| 459|0x000000009cb00000, 0x000000009cc00000, 0x000000009cc00000|100%| O|  |TAMS 0x000000009cc00000| PB 0x000000009cb00000| Untracked 
| 460|0x000000009cc00000, 0x000000009cd00000, 0x000000009cd00000|100%| O|  |TAMS 0x000000009cd00000| PB 0x000000009cc00000| Untracked 
| 461|0x000000009cd00000, 0x000000009ce00000, 0x000000009ce00000|100%| O|  |TAMS 0x000000009ce00000| PB 0x000000009cd00000| Untracked 
| 462|0x000000009ce00000, 0x000000009cf00000, 0x000000009cf00000|100%| O|  |TAMS 0x000000009cf00000| PB 0x000000009ce00000| Untracked 
| 463|0x000000009cf00000, 0x000000009d000000, 0x000000009d000000|100%| O|  |TAMS 0x000000009d000000| PB 0x000000009cf00000| Untracked 
| 464|0x000000009d000000, 0x000000009d100000, 0x000000009d100000|100%| O|  |TAMS 0x000000009d100000| PB 0x000000009d000000| Untracked 
| 465|0x000000009d100000, 0x000000009d200000, 0x000000009d200000|100%| O|  |TAMS 0x000000009d200000| PB 0x000000009d100000| Untracked 
| 466|0x000000009d200000, 0x000000009d300000, 0x000000009d300000|100%| O|  |TAMS 0x000000009d300000| PB 0x000000009d200000| Untracked 
| 467|0x000000009d300000, 0x000000009d400000, 0x000000009d400000|100%| O|  |TAMS 0x000000009d400000| PB 0x000000009d300000| Untracked 
| 468|0x000000009d400000, 0x000000009d500000, 0x000000009d500000|100%| O|  |TAMS 0x000000009d500000| PB 0x000000009d400000| Untracked 
| 469|0x000000009d500000, 0x000000009d600000, 0x000000009d600000|100%| O|  |TAMS 0x000000009d600000| PB 0x000000009d500000| Untracked 
| 470|0x000000009d600000, 0x000000009d700000, 0x000000009d700000|100%| O|  |TAMS 0x000000009d700000| PB 0x000000009d600000| Untracked 
| 471|0x000000009d700000, 0x000000009d800000, 0x000000009d800000|100%| O|  |TAMS 0x000000009d800000| PB 0x000000009d700000| Untracked 
| 472|0x000000009d800000, 0x000000009d900000, 0x000000009d900000|100%| O|  |TAMS 0x000000009d900000| PB 0x000000009d800000| Untracked 
| 473|0x000000009d900000, 0x000000009da00000, 0x000000009da00000|100%| O|  |TAMS 0x000000009da00000| PB 0x000000009d900000| Untracked 
| 474|0x000000009da00000, 0x000000009db00000, 0x000000009db00000|100%| O|  |TAMS 0x000000009db00000| PB 0x000000009da00000| Untracked 
| 475|0x000000009db00000, 0x000000009dc00000, 0x000000009dc00000|100%| O|  |TAMS 0x000000009dc00000| PB 0x000000009db00000| Untracked 
| 476|0x000000009dc00000, 0x000000009dd00000, 0x000000009dd00000|100%| O|  |TAMS 0x000000009dd00000| PB 0x000000009dc00000| Untracked 
| 477|0x000000009dd00000, 0x000000009de00000, 0x000000009de00000|100%| O|  |TAMS 0x000000009de00000| PB 0x000000009dd00000| Untracked 
| 478|0x000000009de00000, 0x000000009df00000, 0x000000009df00000|100%| O|  |TAMS 0x000000009df00000| PB 0x000000009de00000| Untracked 
| 479|0x000000009df00000, 0x000000009e000000, 0x000000009e000000|100%| O|  |TAMS 0x000000009e000000| PB 0x000000009df00000| Untracked 
| 480|0x000000009e000000, 0x000000009e100000, 0x000000009e100000|100%| O|  |TAMS 0x000000009e100000| PB 0x000000009e000000| Untracked 
| 481|0x000000009e100000, 0x000000009e200000, 0x000000009e200000|100%| O|  |TAMS 0x000000009e200000| PB 0x000000009e100000| Untracked 
| 482|0x000000009e200000, 0x000000009e300000, 0x000000009e300000|100%| O|  |TAMS 0x000000009e300000| PB 0x000000009e200000| Untracked 
| 483|0x000000009e300000, 0x000000009e400000, 0x000000009e400000|100%| O|  |TAMS 0x000000009e400000| PB 0x000000009e300000| Untracked 
| 484|0x000000009e400000, 0x000000009e500000, 0x000000009e500000|100%| O|  |TAMS 0x000000009e500000| PB 0x000000009e400000| Untracked 
| 485|0x000000009e500000, 0x000000009e600000, 0x000000009e600000|100%| O|  |TAMS 0x000000009e600000| PB 0x000000009e500000| Untracked 
| 486|0x000000009e600000, 0x000000009e700000, 0x000000009e700000|100%| O|  |TAMS 0x000000009e700000| PB 0x000000009e600000| Untracked 
| 487|0x000000009e700000, 0x000000009e800000, 0x000000009e800000|100%| O|  |TAMS 0x000000009e800000| PB 0x000000009e700000| Untracked 
| 488|0x000000009e800000, 0x000000009e900000, 0x000000009e900000|100%| O|  |TAMS 0x000000009e900000| PB 0x000000009e800000| Untracked 
| 489|0x000000009e900000, 0x000000009ea00000, 0x000000009ea00000|100%| O|  |TAMS 0x000000009ea00000| PB 0x000000009e900000| Untracked 
| 490|0x000000009ea00000, 0x000000009eb00000, 0x000000009eb00000|100%| O|  |TAMS 0x000000009eb00000| PB 0x000000009ea00000| Untracked 
| 491|0x000000009eb00000, 0x000000009ec00000, 0x000000009ec00000|100%| O|  |TAMS 0x000000009ec00000| PB 0x000000009eb00000| Untracked 
| 492|0x000000009ec00000, 0x000000009ed00000, 0x000000009ed00000|100%| O|  |TAMS 0x000000009ed00000| PB 0x000000009ec00000| Untracked 
| 493|0x000000009ed00000, 0x000000009ee00000, 0x000000009ee00000|100%| O|  |TAMS 0x000000009ee00000| PB 0x000000009ed00000| Untracked 
| 494|0x000000009ee00000, 0x000000009ef00000, 0x000000009ef00000|100%| O|  |TAMS 0x000000009ef00000| PB 0x000000009ee00000| Untracked 
| 495|0x000000009ef00000, 0x000000009f000000, 0x000000009f000000|100%| O|  |TAMS 0x000000009f000000| PB 0x000000009ef00000| Untracked 
| 496|0x000000009f000000, 0x000000009f100000, 0x000000009f100000|100%| O|  |TAMS 0x000000009f100000| PB 0x000000009f000000| Untracked 
| 497|0x000000009f100000, 0x000000009f200000, 0x000000009f200000|100%| O|  |TAMS 0x000000009f200000| PB 0x000000009f100000| Untracked 
| 498|0x000000009f200000, 0x000000009f200000, 0x000000009f300000|  0%| F|  |TAMS 0x000000009f200000| PB 0x000000009f200000| Untracked 
| 499|0x000000009f300000, 0x000000009f300000, 0x000000009f400000|  0%| F|  |TAMS 0x000000009f300000| PB 0x000000009f300000| Untracked 
| 500|0x000000009f400000, 0x000000009f500000, 0x000000009f500000|100%|HS|  |TAMS 0x000000009f400000| PB 0x000000009f400000| Complete 
| 501|0x000000009f500000, 0x000000009f600000, 0x000000009f600000|100%|HC|  |TAMS 0x000000009f500000| PB 0x000000009f500000| Complete 
| 502|0x000000009f600000, 0x000000009f700000, 0x000000009f700000|100%|HC|  |TAMS 0x000000009f600000| PB 0x000000009f600000| Complete 
| 503|0x000000009f700000, 0x000000009f800000, 0x000000009f800000|100%|HC|  |TAMS 0x000000009f700000| PB 0x000000009f700000| Complete 
| 504|0x000000009f800000, 0x000000009f900000, 0x000000009f900000|100%| O|  |TAMS 0x000000009f800000| PB 0x000000009f800000| Untracked 
| 505|0x000000009f900000, 0x000000009f941048, 0x000000009fa00000| 25%| O|  |TAMS 0x000000009f900000| PB 0x000000009f900000| Untracked 
| 506|0x000000009fa00000, 0x000000009fa00000, 0x000000009fb00000|  0%| F|  |TAMS 0x000000009fa00000| PB 0x000000009fa00000| Untracked 
| 507|0x000000009fb00000, 0x000000009fb00000, 0x000000009fc00000|  0%| F|  |TAMS 0x000000009fb00000| PB 0x000000009fb00000| Untracked 
| 508|0x000000009fc00000, 0x000000009fc00000, 0x000000009fd00000|  0%| F|  |TAMS 0x000000009fc00000| PB 0x000000009fc00000| Untracked 
| 509|0x000000009fd00000, 0x000000009fd00000, 0x000000009fe00000|  0%| F|  |TAMS 0x000000009fd00000| PB 0x000000009fd00000| Untracked 
| 510|0x000000009fe00000, 0x000000009fe00000, 0x000000009ff00000|  0%| F|  |TAMS 0x000000009fe00000| PB 0x000000009fe00000| Untracked 
| 511|0x000000009ff00000, 0x000000009ff00000, 0x00000000a0000000|  0%| F|  |TAMS 0x000000009ff00000| PB 0x000000009ff00000| Untracked 
| 512|0x00000000a0000000, 0x00000000a0000000, 0x00000000a0100000|  0%| F|  |TAMS 0x00000000a0000000| PB 0x00000000a0000000| Untracked 
| 513|0x00000000a0100000, 0x00000000a0100000, 0x00000000a0200000|  0%| F|  |TAMS 0x00000000a0100000| PB 0x00000000a0100000| Untracked 
| 514|0x00000000a0200000, 0x00000000a0200000, 0x00000000a0300000|  0%| F|  |TAMS 0x00000000a0200000| PB 0x00000000a0200000| Untracked 
| 515|0x00000000a0300000, 0x00000000a0300000, 0x00000000a0400000|  0%| F|  |TAMS 0x00000000a0300000| PB 0x00000000a0300000| Untracked 
| 516|0x00000000a0400000, 0x00000000a0400000, 0x00000000a0500000|  0%| F|  |TAMS 0x00000000a0400000| PB 0x00000000a0400000| Untracked 
| 517|0x00000000a0500000, 0x00000000a0500000, 0x00000000a0600000|  0%| F|  |TAMS 0x00000000a0500000| PB 0x00000000a0500000| Untracked 
| 518|0x00000000a0600000, 0x00000000a0600000, 0x00000000a0700000|  0%| F|  |TAMS 0x00000000a0600000| PB 0x00000000a0600000| Untracked 
| 519|0x00000000a0700000, 0x00000000a0700000, 0x00000000a0800000|  0%| F|  |TAMS 0x00000000a0700000| PB 0x00000000a0700000| Untracked 
| 520|0x00000000a0800000, 0x00000000a0800000, 0x00000000a0900000|  0%| F|  |TAMS 0x00000000a0800000| PB 0x00000000a0800000| Untracked 
| 521|0x00000000a0900000, 0x00000000a0900000, 0x00000000a0a00000|  0%| F|  |TAMS 0x00000000a0900000| PB 0x00000000a0900000| Untracked 
| 522|0x00000000a0a00000, 0x00000000a0a00000, 0x00000000a0b00000|  0%| F|  |TAMS 0x00000000a0a00000| PB 0x00000000a0a00000| Untracked 
| 523|0x00000000a0b00000, 0x00000000a0b00000, 0x00000000a0c00000|  0%| F|  |TAMS 0x00000000a0b00000| PB 0x00000000a0b00000| Untracked 
| 524|0x00000000a0c00000, 0x00000000a0c00000, 0x00000000a0d00000|  0%| F|  |TAMS 0x00000000a0c00000| PB 0x00000000a0c00000| Untracked 
| 525|0x00000000a0d00000, 0x00000000a0d00000, 0x00000000a0e00000|  0%| F|  |TAMS 0x00000000a0d00000| PB 0x00000000a0d00000| Untracked 
| 526|0x00000000a0e00000, 0x00000000a0e00000, 0x00000000a0f00000|  0%| F|  |TAMS 0x00000000a0e00000| PB 0x00000000a0e00000| Untracked 
| 527|0x00000000a0f00000, 0x00000000a0f00000, 0x00000000a1000000|  0%| F|  |TAMS 0x00000000a0f00000| PB 0x00000000a0f00000| Untracked 
| 528|0x00000000a1000000, 0x00000000a1000000, 0x00000000a1100000|  0%| F|  |TAMS 0x00000000a1000000| PB 0x00000000a1000000| Untracked 
| 529|0x00000000a1100000, 0x00000000a1100000, 0x00000000a1200000|  0%| F|  |TAMS 0x00000000a1100000| PB 0x00000000a1100000| Untracked 
| 530|0x00000000a1200000, 0x00000000a1200000, 0x00000000a1300000|  0%| F|  |TAMS 0x00000000a1200000| PB 0x00000000a1200000| Untracked 
| 531|0x00000000a1300000, 0x00000000a1300000, 0x00000000a1400000|  0%| F|  |TAMS 0x00000000a1300000| PB 0x00000000a1300000| Untracked 
| 532|0x00000000a1400000, 0x00000000a1400000, 0x00000000a1500000|  0%| F|  |TAMS 0x00000000a1400000| PB 0x00000000a1400000| Untracked 
| 533|0x00000000a1500000, 0x00000000a1500000, 0x00000000a1600000|  0%| F|  |TAMS 0x00000000a1500000| PB 0x00000000a1500000| Untracked 
| 534|0x00000000a1600000, 0x00000000a1600000, 0x00000000a1700000|  0%| F|  |TAMS 0x00000000a1600000| PB 0x00000000a1600000| Untracked 
| 535|0x00000000a1700000, 0x00000000a1700000, 0x00000000a1800000|  0%| F|  |TAMS 0x00000000a1700000| PB 0x00000000a1700000| Untracked 
| 536|0x00000000a1800000, 0x00000000a1800000, 0x00000000a1900000|  0%| F|  |TAMS 0x00000000a1800000| PB 0x00000000a1800000| Untracked 
| 537|0x00000000a1900000, 0x00000000a1900000, 0x00000000a1a00000|  0%| F|  |TAMS 0x00000000a1900000| PB 0x00000000a1900000| Untracked 
| 538|0x00000000a1a00000, 0x00000000a1a00000, 0x00000000a1b00000|  0%| F|  |TAMS 0x00000000a1a00000| PB 0x00000000a1a00000| Untracked 
| 539|0x00000000a1b00000, 0x00000000a1b00000, 0x00000000a1c00000|  0%| F|  |TAMS 0x00000000a1b00000| PB 0x00000000a1b00000| Untracked 
| 540|0x00000000a1c00000, 0x00000000a1c00000, 0x00000000a1d00000|  0%| F|  |TAMS 0x00000000a1c00000| PB 0x00000000a1c00000| Untracked 
| 541|0x00000000a1d00000, 0x00000000a1d00000, 0x00000000a1e00000|  0%| F|  |TAMS 0x00000000a1d00000| PB 0x00000000a1d00000| Untracked 
| 542|0x00000000a1e00000, 0x00000000a1e00000, 0x00000000a1f00000|  0%| F|  |TAMS 0x00000000a1e00000| PB 0x00000000a1e00000| Untracked 
| 543|0x00000000a1f00000, 0x00000000a1f00000, 0x00000000a2000000|  0%| F|  |TAMS 0x00000000a1f00000| PB 0x00000000a1f00000| Untracked 
| 544|0x00000000a2000000, 0x00000000a2000000, 0x00000000a2100000|  0%| F|  |TAMS 0x00000000a2000000| PB 0x00000000a2000000| Untracked 
| 545|0x00000000a2100000, 0x00000000a2100000, 0x00000000a2200000|  0%| F|  |TAMS 0x00000000a2100000| PB 0x00000000a2100000| Untracked 
| 546|0x00000000a2200000, 0x00000000a2200000, 0x00000000a2300000|  0%| F|  |TAMS 0x00000000a2200000| PB 0x00000000a2200000| Untracked 
| 547|0x00000000a2300000, 0x00000000a2300000, 0x00000000a2400000|  0%| F|  |TAMS 0x00000000a2300000| PB 0x00000000a2300000| Untracked 
| 548|0x00000000a2400000, 0x00000000a2400000, 0x00000000a2500000|  0%| F|  |TAMS 0x00000000a2400000| PB 0x00000000a2400000| Untracked 
| 549|0x00000000a2500000, 0x00000000a2500000, 0x00000000a2600000|  0%| F|  |TAMS 0x00000000a2500000| PB 0x00000000a2500000| Untracked 
| 550|0x00000000a2600000, 0x00000000a2600000, 0x00000000a2700000|  0%| F|  |TAMS 0x00000000a2600000| PB 0x00000000a2600000| Untracked 
| 551|0x00000000a2700000, 0x00000000a2700000, 0x00000000a2800000|  0%| F|  |TAMS 0x00000000a2700000| PB 0x00000000a2700000| Untracked 
| 552|0x00000000a2800000, 0x00000000a2800000, 0x00000000a2900000|  0%| F|  |TAMS 0x00000000a2800000| PB 0x00000000a2800000| Untracked 
| 553|0x00000000a2900000, 0x00000000a2900000, 0x00000000a2a00000|  0%| F|  |TAMS 0x00000000a2900000| PB 0x00000000a2900000| Untracked 
| 554|0x00000000a2a00000, 0x00000000a2a00000, 0x00000000a2b00000|  0%| F|  |TAMS 0x00000000a2a00000| PB 0x00000000a2a00000| Untracked 
| 555|0x00000000a2b00000, 0x00000000a2b00000, 0x00000000a2c00000|  0%| F|  |TAMS 0x00000000a2b00000| PB 0x00000000a2b00000| Untracked 
| 556|0x00000000a2c00000, 0x00000000a2c00000, 0x00000000a2d00000|  0%| F|  |TAMS 0x00000000a2c00000| PB 0x00000000a2c00000| Untracked 
| 557|0x00000000a2d00000, 0x00000000a2d00000, 0x00000000a2e00000|  0%| F|  |TAMS 0x00000000a2d00000| PB 0x00000000a2d00000| Untracked 
| 558|0x00000000a2e00000, 0x00000000a2e00000, 0x00000000a2f00000|  0%| F|  |TAMS 0x00000000a2e00000| PB 0x00000000a2e00000| Untracked 
| 559|0x00000000a2f00000, 0x00000000a2f00000, 0x00000000a3000000|  0%| F|  |TAMS 0x00000000a2f00000| PB 0x00000000a2f00000| Untracked 
| 560|0x00000000a3000000, 0x00000000a3000000, 0x00000000a3100000|  0%| F|  |TAMS 0x00000000a3000000| PB 0x00000000a3000000| Untracked 
| 561|0x00000000a3100000, 0x00000000a3100000, 0x00000000a3200000|  0%| F|  |TAMS 0x00000000a3100000| PB 0x00000000a3100000| Untracked 
| 562|0x00000000a3200000, 0x00000000a3200000, 0x00000000a3300000|  0%| F|  |TAMS 0x00000000a3200000| PB 0x00000000a3200000| Untracked 
| 563|0x00000000a3300000, 0x00000000a3300000, 0x00000000a3400000|  0%| F|  |TAMS 0x00000000a3300000| PB 0x00000000a3300000| Untracked 
| 564|0x00000000a3400000, 0x00000000a3500000, 0x00000000a3500000|100%| O|  |TAMS 0x00000000a3500000| PB 0x00000000a3400000| Untracked 
| 565|0x00000000a3500000, 0x00000000a3500000, 0x00000000a3600000|  0%| F|  |TAMS 0x00000000a3500000| PB 0x00000000a3500000| Untracked 
| 566|0x00000000a3600000, 0x00000000a3600000, 0x00000000a3700000|  0%| F|  |TAMS 0x00000000a3600000| PB 0x00000000a3600000| Untracked 
| 567|0x00000000a3700000, 0x00000000a3700000, 0x00000000a3800000|  0%| F|  |TAMS 0x00000000a3700000| PB 0x00000000a3700000| Untracked 
| 568|0x00000000a3800000, 0x00000000a3800000, 0x00000000a3900000|  0%| F|  |TAMS 0x00000000a3800000| PB 0x00000000a3800000| Untracked 
| 569|0x00000000a3900000, 0x00000000a3900000, 0x00000000a3a00000|  0%| F|  |TAMS 0x00000000a3900000| PB 0x00000000a3900000| Untracked 
| 570|0x00000000a3a00000, 0x00000000a3a00000, 0x00000000a3b00000|  0%| F|  |TAMS 0x00000000a3a00000| PB 0x00000000a3a00000| Untracked 
| 571|0x00000000a3b00000, 0x00000000a3b00000, 0x00000000a3c00000|  0%| F|  |TAMS 0x00000000a3b00000| PB 0x00000000a3b00000| Untracked 
| 572|0x00000000a3c00000, 0x00000000a3c00000, 0x00000000a3d00000|  0%| F|  |TAMS 0x00000000a3c00000| PB 0x00000000a3c00000| Untracked 
| 573|0x00000000a3d00000, 0x00000000a3d00000, 0x00000000a3e00000|  0%| F|  |TAMS 0x00000000a3d00000| PB 0x00000000a3d00000| Untracked 
| 574|0x00000000a3e00000, 0x00000000a3e00000, 0x00000000a3f00000|  0%| F|  |TAMS 0x00000000a3e00000| PB 0x00000000a3e00000| Untracked 
| 575|0x00000000a3f00000, 0x00000000a3f00000, 0x00000000a4000000|  0%| F|  |TAMS 0x00000000a3f00000| PB 0x00000000a3f00000| Untracked 
| 576|0x00000000a4000000, 0x00000000a4000000, 0x00000000a4100000|  0%| F|  |TAMS 0x00000000a4000000| PB 0x00000000a4000000| Untracked 
| 577|0x00000000a4100000, 0x00000000a4100000, 0x00000000a4200000|  0%| F|  |TAMS 0x00000000a4100000| PB 0x00000000a4100000| Untracked 
| 578|0x00000000a4200000, 0x00000000a4200000, 0x00000000a4300000|  0%| F|  |TAMS 0x00000000a4200000| PB 0x00000000a4200000| Untracked 
| 579|0x00000000a4300000, 0x00000000a4300000, 0x00000000a4400000|  0%| F|  |TAMS 0x00000000a4300000| PB 0x00000000a4300000| Untracked 
| 580|0x00000000a4400000, 0x00000000a4400000, 0x00000000a4500000|  0%| F|  |TAMS 0x00000000a4400000| PB 0x00000000a4400000| Untracked 
| 581|0x00000000a4500000, 0x00000000a4500000, 0x00000000a4600000|  0%| F|  |TAMS 0x00000000a4500000| PB 0x00000000a4500000| Untracked 
| 582|0x00000000a4600000, 0x00000000a4600000, 0x00000000a4700000|  0%| F|  |TAMS 0x00000000a4600000| PB 0x00000000a4600000| Untracked 
| 583|0x00000000a4700000, 0x00000000a4700000, 0x00000000a4800000|  0%| F|  |TAMS 0x00000000a4700000| PB 0x00000000a4700000| Untracked 
| 584|0x00000000a4800000, 0x00000000a4900000, 0x00000000a4900000|100%| O|  |TAMS 0x00000000a4900000| PB 0x00000000a4800000| Untracked 
| 585|0x00000000a4900000, 0x00000000a4a00000, 0x00000000a4a00000|100%| O|  |TAMS 0x00000000a4a00000| PB 0x00000000a4900000| Untracked 
| 586|0x00000000a4a00000, 0x00000000a4a00000, 0x00000000a4b00000|  0%| F|  |TAMS 0x00000000a4a00000| PB 0x00000000a4a00000| Untracked 
| 587|0x00000000a4b00000, 0x00000000a4b00000, 0x00000000a4c00000|  0%| F|  |TAMS 0x00000000a4b00000| PB 0x00000000a4b00000| Untracked 
| 588|0x00000000a4c00000, 0x00000000a4c00000, 0x00000000a4d00000|  0%| F|  |TAMS 0x00000000a4c00000| PB 0x00000000a4c00000| Untracked 
| 589|0x00000000a4d00000, 0x00000000a4d00000, 0x00000000a4e00000|  0%| F|  |TAMS 0x00000000a4d00000| PB 0x00000000a4d00000| Untracked 
| 590|0x00000000a4e00000, 0x00000000a4e00000, 0x00000000a4f00000|  0%| F|  |TAMS 0x00000000a4e00000| PB 0x00000000a4e00000| Untracked 
| 591|0x00000000a4f00000, 0x00000000a4f00000, 0x00000000a5000000|  0%| F|  |TAMS 0x00000000a4f00000| PB 0x00000000a4f00000| Untracked 
| 592|0x00000000a5000000, 0x00000000a5000000, 0x00000000a5100000|  0%| F|  |TAMS 0x00000000a5000000| PB 0x00000000a5000000| Untracked 
| 593|0x00000000a5100000, 0x00000000a5100000, 0x00000000a5200000|  0%| F|  |TAMS 0x00000000a5100000| PB 0x00000000a5100000| Untracked 
| 594|0x00000000a5200000, 0x00000000a5200000, 0x00000000a5300000|  0%| F|  |TAMS 0x00000000a5200000| PB 0x00000000a5200000| Untracked 
| 595|0x00000000a5300000, 0x00000000a5300000, 0x00000000a5400000|  0%| F|  |TAMS 0x00000000a5300000| PB 0x00000000a5300000| Untracked 
| 596|0x00000000a5400000, 0x00000000a5400000, 0x00000000a5500000|  0%| F|  |TAMS 0x00000000a5400000| PB 0x00000000a5400000| Untracked 
| 597|0x00000000a5500000, 0x00000000a5500000, 0x00000000a5600000|  0%| F|  |TAMS 0x00000000a5500000| PB 0x00000000a5500000| Untracked 
| 598|0x00000000a5600000, 0x00000000a5600000, 0x00000000a5700000|  0%| F|  |TAMS 0x00000000a5600000| PB 0x00000000a5600000| Untracked 
| 599|0x00000000a5700000, 0x00000000a5700000, 0x00000000a5800000|  0%| F|  |TAMS 0x00000000a5700000| PB 0x00000000a5700000| Untracked 
| 600|0x00000000a5800000, 0x00000000a5800000, 0x00000000a5900000|  0%| F|  |TAMS 0x00000000a5800000| PB 0x00000000a5800000| Untracked 
| 601|0x00000000a5900000, 0x00000000a5900000, 0x00000000a5a00000|  0%| F|  |TAMS 0x00000000a5900000| PB 0x00000000a5900000| Untracked 
| 602|0x00000000a5a00000, 0x00000000a5a00000, 0x00000000a5b00000|  0%| F|  |TAMS 0x00000000a5a00000| PB 0x00000000a5a00000| Untracked 
| 603|0x00000000a5b00000, 0x00000000a5b00000, 0x00000000a5c00000|  0%| F|  |TAMS 0x00000000a5b00000| PB 0x00000000a5b00000| Untracked 
| 604|0x00000000a5c00000, 0x00000000a5c00000, 0x00000000a5d00000|  0%| F|  |TAMS 0x00000000a5c00000| PB 0x00000000a5c00000| Untracked 
| 605|0x00000000a5d00000, 0x00000000a5d00000, 0x00000000a5e00000|  0%| F|  |TAMS 0x00000000a5d00000| PB 0x00000000a5d00000| Untracked 
| 606|0x00000000a5e00000, 0x00000000a5e00000, 0x00000000a5f00000|  0%| F|  |TAMS 0x00000000a5e00000| PB 0x00000000a5e00000| Untracked 
| 607|0x00000000a5f00000, 0x00000000a5f00000, 0x00000000a6000000|  0%| F|  |TAMS 0x00000000a5f00000| PB 0x00000000a5f00000| Untracked 
| 608|0x00000000a6000000, 0x00000000a6000000, 0x00000000a6100000|  0%| F|  |TAMS 0x00000000a6000000| PB 0x00000000a6000000| Untracked 
| 609|0x00000000a6100000, 0x00000000a6100000, 0x00000000a6200000|  0%| F|  |TAMS 0x00000000a6100000| PB 0x00000000a6100000| Untracked 
| 610|0x00000000a6200000, 0x00000000a6200000, 0x00000000a6300000|  0%| F|  |TAMS 0x00000000a6200000| PB 0x00000000a6200000| Untracked 
| 611|0x00000000a6300000, 0x00000000a6300000, 0x00000000a6400000|  0%| F|  |TAMS 0x00000000a6300000| PB 0x00000000a6300000| Untracked 
| 612|0x00000000a6400000, 0x00000000a6400000, 0x00000000a6500000|  0%| F|  |TAMS 0x00000000a6400000| PB 0x00000000a6400000| Untracked 
| 613|0x00000000a6500000, 0x00000000a6500000, 0x00000000a6600000|  0%| F|  |TAMS 0x00000000a6500000| PB 0x00000000a6500000| Untracked 
| 614|0x00000000a6600000, 0x00000000a6600000, 0x00000000a6700000|  0%| F|  |TAMS 0x00000000a6600000| PB 0x00000000a6600000| Untracked 
| 615|0x00000000a6700000, 0x00000000a6700000, 0x00000000a6800000|  0%| F|  |TAMS 0x00000000a6700000| PB 0x00000000a6700000| Untracked 
| 616|0x00000000a6800000, 0x00000000a6800000, 0x00000000a6900000|  0%| F|  |TAMS 0x00000000a6800000| PB 0x00000000a6800000| Untracked 
| 617|0x00000000a6900000, 0x00000000a6a00000, 0x00000000a6a00000|100%| O|  |TAMS 0x00000000a6a00000| PB 0x00000000a6900000| Untracked 
| 618|0x00000000a6a00000, 0x00000000a6a00000, 0x00000000a6b00000|  0%| F|  |TAMS 0x00000000a6a00000| PB 0x00000000a6a00000| Untracked 
| 619|0x00000000a6b00000, 0x00000000a6b00000, 0x00000000a6c00000|  0%| F|  |TAMS 0x00000000a6b00000| PB 0x00000000a6b00000| Untracked 
| 620|0x00000000a6c00000, 0x00000000a6c00000, 0x00000000a6d00000|  0%| F|  |TAMS 0x00000000a6c00000| PB 0x00000000a6c00000| Untracked 
| 621|0x00000000a6d00000, 0x00000000a6d00000, 0x00000000a6e00000|  0%| F|  |TAMS 0x00000000a6d00000| PB 0x00000000a6d00000| Untracked 
| 622|0x00000000a6e00000, 0x00000000a6e00000, 0x00000000a6f00000|  0%| F|  |TAMS 0x00000000a6e00000| PB 0x00000000a6e00000| Untracked 
| 623|0x00000000a6f00000, 0x00000000a6f00000, 0x00000000a7000000|  0%| F|  |TAMS 0x00000000a6f00000| PB 0x00000000a6f00000| Untracked 
| 624|0x00000000a7000000, 0x00000000a7000000, 0x00000000a7100000|  0%| F|  |TAMS 0x00000000a7000000| PB 0x00000000a7000000| Untracked 
| 625|0x00000000a7100000, 0x00000000a7100000, 0x00000000a7200000|  0%| F|  |TAMS 0x00000000a7100000| PB 0x00000000a7100000| Untracked 
| 626|0x00000000a7200000, 0x00000000a7200000, 0x00000000a7300000|  0%| F|  |TAMS 0x00000000a7200000| PB 0x00000000a7200000| Untracked 
| 627|0x00000000a7300000, 0x00000000a7300000, 0x00000000a7400000|  0%| F|  |TAMS 0x00000000a7300000| PB 0x00000000a7300000| Untracked 
| 628|0x00000000a7400000, 0x00000000a7400000, 0x00000000a7500000|  0%| F|  |TAMS 0x00000000a7400000| PB 0x00000000a7400000| Untracked 
| 629|0x00000000a7500000, 0x00000000a7500000, 0x00000000a7600000|  0%| F|  |TAMS 0x00000000a7500000| PB 0x00000000a7500000| Untracked 
| 630|0x00000000a7600000, 0x00000000a7600000, 0x00000000a7700000|  0%| F|  |TAMS 0x00000000a7600000| PB 0x00000000a7600000| Untracked 
| 631|0x00000000a7700000, 0x00000000a7700000, 0x00000000a7800000|  0%| F|  |TAMS 0x00000000a7700000| PB 0x00000000a7700000| Untracked 
| 632|0x00000000a7800000, 0x00000000a7800000, 0x00000000a7900000|  0%| F|  |TAMS 0x00000000a7800000| PB 0x00000000a7800000| Untracked 
| 633|0x00000000a7900000, 0x00000000a7900000, 0x00000000a7a00000|  0%| F|  |TAMS 0x00000000a7900000| PB 0x00000000a7900000| Untracked 
| 634|0x00000000a7a00000, 0x00000000a7b00000, 0x00000000a7b00000|100%| O|  |TAMS 0x00000000a7b00000| PB 0x00000000a7a00000| Untracked 
| 635|0x00000000a7b00000, 0x00000000a7c00000, 0x00000000a7c00000|100%| O|  |TAMS 0x00000000a7c00000| PB 0x00000000a7b00000| Untracked 
| 636|0x00000000a7c00000, 0x00000000a7d00000, 0x00000000a7d00000|100%|HS|  |TAMS 0x00000000a7d00000| PB 0x00000000a7c00000| Complete 
| 637|0x00000000a7d00000, 0x00000000a7e00000, 0x00000000a7e00000|100%|HC|  |TAMS 0x00000000a7e00000| PB 0x00000000a7d00000| Complete 
| 638|0x00000000a7e00000, 0x00000000a7e00000, 0x00000000a7f00000|  0%| F|  |TAMS 0x00000000a7e00000| PB 0x00000000a7e00000| Untracked 
| 639|0x00000000a7f00000, 0x00000000a7f00000, 0x00000000a8000000|  0%| F|  |TAMS 0x00000000a7f00000| PB 0x00000000a7f00000| Untracked 
| 640|0x00000000a8000000, 0x00000000a8100000, 0x00000000a8100000|100%| O|  |TAMS 0x00000000a8100000| PB 0x00000000a8000000| Untracked 
| 641|0x00000000a8100000, 0x00000000a8100000, 0x00000000a8200000|  0%| F|  |TAMS 0x00000000a8100000| PB 0x00000000a8100000| Untracked 
| 642|0x00000000a8200000, 0x00000000a8200000, 0x00000000a8300000|  0%| F|  |TAMS 0x00000000a8200000| PB 0x00000000a8200000| Untracked 
| 643|0x00000000a8300000, 0x00000000a8300000, 0x00000000a8400000|  0%| F|  |TAMS 0x00000000a8300000| PB 0x00000000a8300000| Untracked 
| 644|0x00000000a8400000, 0x00000000a8500000, 0x00000000a8500000|100%| O|  |TAMS 0x00000000a8500000| PB 0x00000000a8400000| Untracked 
| 645|0x00000000a8500000, 0x00000000a8600000, 0x00000000a8600000|100%| O|  |TAMS 0x00000000a8600000| PB 0x00000000a8500000| Untracked 
| 646|0x00000000a8600000, 0x00000000a8600000, 0x00000000a8700000|  0%| F|  |TAMS 0x00000000a8600000| PB 0x00000000a8600000| Untracked 
| 647|0x00000000a8700000, 0x00000000a8800000, 0x00000000a8800000|100%| O|  |TAMS 0x00000000a8800000| PB 0x00000000a8700000| Untracked 
| 648|0x00000000a8800000, 0x00000000a8900000, 0x00000000a8900000|100%| O|  |TAMS 0x00000000a8900000| PB 0x00000000a8800000| Untracked 
| 649|0x00000000a8900000, 0x00000000a8a00000, 0x00000000a8a00000|100%| O|  |TAMS 0x00000000a8a00000| PB 0x00000000a8900000| Untracked 
| 650|0x00000000a8a00000, 0x00000000a8b00000, 0x00000000a8b00000|100%| O|  |TAMS 0x00000000a8b00000| PB 0x00000000a8a00000| Untracked 
| 651|0x00000000a8b00000, 0x00000000a8c00000, 0x00000000a8c00000|100%| O|  |TAMS 0x00000000a8c00000| PB 0x00000000a8b00000| Untracked 
| 652|0x00000000a8c00000, 0x00000000a8d00000, 0x00000000a8d00000|100%| O|  |TAMS 0x00000000a8d00000| PB 0x00000000a8c00000| Untracked 
| 653|0x00000000a8d00000, 0x00000000a8e00000, 0x00000000a8e00000|100%| O|  |TAMS 0x00000000a8e00000| PB 0x00000000a8d00000| Untracked 
| 654|0x00000000a8e00000, 0x00000000a8f00000, 0x00000000a8f00000|100%| O|  |TAMS 0x00000000a8f00000| PB 0x00000000a8e00000| Untracked 
| 655|0x00000000a8f00000, 0x00000000a9000000, 0x00000000a9000000|100%| O|  |TAMS 0x00000000a9000000| PB 0x00000000a8f00000| Untracked 
| 656|0x00000000a9000000, 0x00000000a9000000, 0x00000000a9100000|  0%| F|  |TAMS 0x00000000a9000000| PB 0x00000000a9000000| Untracked 
| 657|0x00000000a9100000, 0x00000000a9200000, 0x00000000a9200000|100%| O|  |TAMS 0x00000000a9200000| PB 0x00000000a9100000| Untracked 
| 658|0x00000000a9200000, 0x00000000a9300000, 0x00000000a9300000|100%| O|  |TAMS 0x00000000a9300000| PB 0x00000000a9200000| Untracked 
| 659|0x00000000a9300000, 0x00000000a9300000, 0x00000000a9400000|  0%| F|  |TAMS 0x00000000a9300000| PB 0x00000000a9300000| Untracked 
| 660|0x00000000a9400000, 0x00000000a9400000, 0x00000000a9500000|  0%| F|  |TAMS 0x00000000a9400000| PB 0x00000000a9400000| Untracked 
| 661|0x00000000a9500000, 0x00000000a9500000, 0x00000000a9600000|  0%| F|  |TAMS 0x00000000a9500000| PB 0x00000000a9500000| Untracked 
| 662|0x00000000a9600000, 0x00000000a9600000, 0x00000000a9700000|  0%| F|  |TAMS 0x00000000a9600000| PB 0x00000000a9600000| Untracked 
| 663|0x00000000a9700000, 0x00000000a9700000, 0x00000000a9800000|  0%| F|  |TAMS 0x00000000a9700000| PB 0x00000000a9700000| Untracked 
| 664|0x00000000a9800000, 0x00000000a9800000, 0x00000000a9900000|  0%| F|  |TAMS 0x00000000a9800000| PB 0x00000000a9800000| Untracked 
| 665|0x00000000a9900000, 0x00000000a9900000, 0x00000000a9a00000|  0%| F|  |TAMS 0x00000000a9900000| PB 0x00000000a9900000| Untracked 
| 666|0x00000000a9a00000, 0x00000000a9a00000, 0x00000000a9b00000|  0%| F|  |TAMS 0x00000000a9a00000| PB 0x00000000a9a00000| Untracked 
| 667|0x00000000a9b00000, 0x00000000a9b00000, 0x00000000a9c00000|  0%| F|  |TAMS 0x00000000a9b00000| PB 0x00000000a9b00000| Untracked 
| 668|0x00000000a9c00000, 0x00000000a9c00000, 0x00000000a9d00000|  0%| F|  |TAMS 0x00000000a9c00000| PB 0x00000000a9c00000| Untracked 
| 669|0x00000000a9d00000, 0x00000000a9d00000, 0x00000000a9e00000|  0%| F|  |TAMS 0x00000000a9d00000| PB 0x00000000a9d00000| Untracked 
| 670|0x00000000a9e00000, 0x00000000a9e00000, 0x00000000a9f00000|  0%| F|  |TAMS 0x00000000a9e00000| PB 0x00000000a9e00000| Untracked 
| 671|0x00000000a9f00000, 0x00000000a9f00000, 0x00000000aa000000|  0%| F|  |TAMS 0x00000000a9f00000| PB 0x00000000a9f00000| Untracked 
| 672|0x00000000aa000000, 0x00000000aa000000, 0x00000000aa100000|  0%| F|  |TAMS 0x00000000aa000000| PB 0x00000000aa000000| Untracked 
| 673|0x00000000aa100000, 0x00000000aa100000, 0x00000000aa200000|  0%| F|  |TAMS 0x00000000aa100000| PB 0x00000000aa100000| Untracked 
| 674|0x00000000aa200000, 0x00000000aa200000, 0x00000000aa300000|  0%| F|  |TAMS 0x00000000aa200000| PB 0x00000000aa200000| Untracked 
| 675|0x00000000aa300000, 0x00000000aa300000, 0x00000000aa400000|  0%| F|  |TAMS 0x00000000aa300000| PB 0x00000000aa300000| Untracked 
| 676|0x00000000aa400000, 0x00000000aa400000, 0x00000000aa500000|  0%| F|  |TAMS 0x00000000aa400000| PB 0x00000000aa400000| Untracked 
| 677|0x00000000aa500000, 0x00000000aa500000, 0x00000000aa600000|  0%| F|  |TAMS 0x00000000aa500000| PB 0x00000000aa500000| Untracked 
| 678|0x00000000aa600000, 0x00000000aa600000, 0x00000000aa700000|  0%| F|  |TAMS 0x00000000aa600000| PB 0x00000000aa600000| Untracked 
| 679|0x00000000aa700000, 0x00000000aa700000, 0x00000000aa800000|  0%| F|  |TAMS 0x00000000aa700000| PB 0x00000000aa700000| Untracked 
| 680|0x00000000aa800000, 0x00000000aa800000, 0x00000000aa900000|  0%| F|  |TAMS 0x00000000aa800000| PB 0x00000000aa800000| Untracked 
| 681|0x00000000aa900000, 0x00000000aa900000, 0x00000000aaa00000|  0%| F|  |TAMS 0x00000000aa900000| PB 0x00000000aa900000| Untracked 
| 682|0x00000000aaa00000, 0x00000000aaa00000, 0x00000000aab00000|  0%| F|  |TAMS 0x00000000aaa00000| PB 0x00000000aaa00000| Untracked 
| 683|0x00000000aab00000, 0x00000000aab00000, 0x00000000aac00000|  0%| F|  |TAMS 0x00000000aab00000| PB 0x00000000aab00000| Untracked 
| 684|0x00000000aac00000, 0x00000000aac00000, 0x00000000aad00000|  0%| F|  |TAMS 0x00000000aac00000| PB 0x00000000aac00000| Untracked 
| 685|0x00000000aad00000, 0x00000000aad00000, 0x00000000aae00000|  0%| F|  |TAMS 0x00000000aad00000| PB 0x00000000aad00000| Untracked 
| 686|0x00000000aae00000, 0x00000000aae00000, 0x00000000aaf00000|  0%| F|  |TAMS 0x00000000aae00000| PB 0x00000000aae00000| Untracked 
| 687|0x00000000aaf00000, 0x00000000aaf00000, 0x00000000ab000000|  0%| F|  |TAMS 0x00000000aaf00000| PB 0x00000000aaf00000| Untracked 
| 688|0x00000000ab000000, 0x00000000ab000000, 0x00000000ab100000|  0%| F|  |TAMS 0x00000000ab000000| PB 0x00000000ab000000| Untracked 
| 689|0x00000000ab100000, 0x00000000ab200000, 0x00000000ab200000|100%| O|  |TAMS 0x00000000ab200000| PB 0x00000000ab100000| Untracked 
| 690|0x00000000ab200000, 0x00000000ab200000, 0x00000000ab300000|  0%| F|  |TAMS 0x00000000ab200000| PB 0x00000000ab200000| Untracked 
| 691|0x00000000ab300000, 0x00000000ab300000, 0x00000000ab400000|  0%| F|  |TAMS 0x00000000ab300000| PB 0x00000000ab300000| Untracked 
| 692|0x00000000ab400000, 0x00000000ab400000, 0x00000000ab500000|  0%| F|  |TAMS 0x00000000ab400000| PB 0x00000000ab400000| Untracked 
| 693|0x00000000ab500000, 0x00000000ab500000, 0x00000000ab600000|  0%| F|  |TAMS 0x00000000ab500000| PB 0x00000000ab500000| Untracked 
| 694|0x00000000ab600000, 0x00000000ab600000, 0x00000000ab700000|  0%| F|  |TAMS 0x00000000ab600000| PB 0x00000000ab600000| Untracked 
| 695|0x00000000ab700000, 0x00000000ab700000, 0x00000000ab800000|  0%| F|  |TAMS 0x00000000ab700000| PB 0x00000000ab700000| Untracked 
| 696|0x00000000ab800000, 0x00000000ab800000, 0x00000000ab900000|  0%| F|  |TAMS 0x00000000ab800000| PB 0x00000000ab800000| Untracked 
| 697|0x00000000ab900000, 0x00000000ab900000, 0x00000000aba00000|  0%| F|  |TAMS 0x00000000ab900000| PB 0x00000000ab900000| Untracked 
| 698|0x00000000aba00000, 0x00000000aba00000, 0x00000000abb00000|  0%| F|  |TAMS 0x00000000aba00000| PB 0x00000000aba00000| Untracked 
| 699|0x00000000abb00000, 0x00000000abb00000, 0x00000000abc00000|  0%| F|  |TAMS 0x00000000abb00000| PB 0x00000000abb00000| Untracked 
| 700|0x00000000abc00000, 0x00000000abc00000, 0x00000000abd00000|  0%| F|  |TAMS 0x00000000abc00000| PB 0x00000000abc00000| Untracked 
| 701|0x00000000abd00000, 0x00000000abd00000, 0x00000000abe00000|  0%| F|  |TAMS 0x00000000abd00000| PB 0x00000000abd00000| Untracked 
| 702|0x00000000abe00000, 0x00000000abe00000, 0x00000000abf00000|  0%| F|  |TAMS 0x00000000abe00000| PB 0x00000000abe00000| Untracked 
| 703|0x00000000abf00000, 0x00000000abf00000, 0x00000000ac000000|  0%| F|  |TAMS 0x00000000abf00000| PB 0x00000000abf00000| Untracked 
| 704|0x00000000ac000000, 0x00000000ac000000, 0x00000000ac100000|  0%| F|  |TAMS 0x00000000ac000000| PB 0x00000000ac000000| Untracked 
| 705|0x00000000ac100000, 0x00000000ac100000, 0x00000000ac200000|  0%| F|  |TAMS 0x00000000ac100000| PB 0x00000000ac100000| Untracked 
| 706|0x00000000ac200000, 0x00000000ac200000, 0x00000000ac300000|  0%| F|  |TAMS 0x00000000ac200000| PB 0x00000000ac200000| Untracked 
| 707|0x00000000ac300000, 0x00000000ac300000, 0x00000000ac400000|  0%| F|  |TAMS 0x00000000ac300000| PB 0x00000000ac300000| Untracked 
| 708|0x00000000ac400000, 0x00000000ac400000, 0x00000000ac500000|  0%| F|  |TAMS 0x00000000ac400000| PB 0x00000000ac400000| Untracked 
| 709|0x00000000ac500000, 0x00000000ac500000, 0x00000000ac600000|  0%| F|  |TAMS 0x00000000ac500000| PB 0x00000000ac500000| Untracked 
| 710|0x00000000ac600000, 0x00000000ac600000, 0x00000000ac700000|  0%| F|  |TAMS 0x00000000ac600000| PB 0x00000000ac600000| Untracked 
| 711|0x00000000ac700000, 0x00000000ac700000, 0x00000000ac800000|  0%| F|  |TAMS 0x00000000ac700000| PB 0x00000000ac700000| Untracked 
| 712|0x00000000ac800000, 0x00000000ac800000, 0x00000000ac900000|  0%| F|  |TAMS 0x00000000ac800000| PB 0x00000000ac800000| Untracked 
| 713|0x00000000ac900000, 0x00000000ac900000, 0x00000000aca00000|  0%| F|  |TAMS 0x00000000ac900000| PB 0x00000000ac900000| Untracked 
| 714|0x00000000aca00000, 0x00000000aca00000, 0x00000000acb00000|  0%| F|  |TAMS 0x00000000aca00000| PB 0x00000000aca00000| Untracked 
| 715|0x00000000acb00000, 0x00000000acb00000, 0x00000000acc00000|  0%| F|  |TAMS 0x00000000acb00000| PB 0x00000000acb00000| Untracked 
| 716|0x00000000acc00000, 0x00000000acc00000, 0x00000000acd00000|  0%| F|  |TAMS 0x00000000acc00000| PB 0x00000000acc00000| Untracked 
| 717|0x00000000acd00000, 0x00000000ace00000, 0x00000000ace00000|100%| O|  |TAMS 0x00000000ace00000| PB 0x00000000acd00000| Untracked 
| 718|0x00000000ace00000, 0x00000000ace00000, 0x00000000acf00000|  0%| F|  |TAMS 0x00000000ace00000| PB 0x00000000ace00000| Untracked 
| 719|0x00000000acf00000, 0x00000000acf00000, 0x00000000ad000000|  0%| F|  |TAMS 0x00000000acf00000| PB 0x00000000acf00000| Untracked 
| 720|0x00000000ad000000, 0x00000000ad000000, 0x00000000ad100000|  0%| F|  |TAMS 0x00000000ad000000| PB 0x00000000ad000000| Untracked 
| 721|0x00000000ad100000, 0x00000000ad100000, 0x00000000ad200000|  0%| F|  |TAMS 0x00000000ad100000| PB 0x00000000ad100000| Untracked 
| 722|0x00000000ad200000, 0x00000000ad200000, 0x00000000ad300000|  0%| F|  |TAMS 0x00000000ad200000| PB 0x00000000ad200000| Untracked 
| 723|0x00000000ad300000, 0x00000000ad300000, 0x00000000ad400000|  0%| F|  |TAMS 0x00000000ad300000| PB 0x00000000ad300000| Untracked 
| 724|0x00000000ad400000, 0x00000000ad400000, 0x00000000ad500000|  0%| F|  |TAMS 0x00000000ad400000| PB 0x00000000ad400000| Untracked 
| 725|0x00000000ad500000, 0x00000000ad500000, 0x00000000ad600000|  0%| F|  |TAMS 0x00000000ad500000| PB 0x00000000ad500000| Untracked 
| 726|0x00000000ad600000, 0x00000000ad600000, 0x00000000ad700000|  0%| F|  |TAMS 0x00000000ad600000| PB 0x00000000ad600000| Untracked 
| 727|0x00000000ad700000, 0x00000000ad700000, 0x00000000ad800000|  0%| F|  |TAMS 0x00000000ad700000| PB 0x00000000ad700000| Untracked 
| 728|0x00000000ad800000, 0x00000000ad800000, 0x00000000ad900000|  0%| F|  |TAMS 0x00000000ad800000| PB 0x00000000ad800000| Untracked 
| 729|0x00000000ad900000, 0x00000000ad900000, 0x00000000ada00000|  0%| F|  |TAMS 0x00000000ad900000| PB 0x00000000ad900000| Untracked 
| 730|0x00000000ada00000, 0x00000000ada00000, 0x00000000adb00000|  0%| F|  |TAMS 0x00000000ada00000| PB 0x00000000ada00000| Untracked 
| 731|0x00000000adb00000, 0x00000000adb00000, 0x00000000adc00000|  0%| F|  |TAMS 0x00000000adb00000| PB 0x00000000adb00000| Untracked 
| 732|0x00000000adc00000, 0x00000000adc00000, 0x00000000add00000|  0%| F|  |TAMS 0x00000000adc00000| PB 0x00000000adc00000| Untracked 
| 733|0x00000000add00000, 0x00000000add00000, 0x00000000ade00000|  0%| F|  |TAMS 0x00000000add00000| PB 0x00000000add00000| Untracked 
| 734|0x00000000ade00000, 0x00000000ade00000, 0x00000000adf00000|  0%| F|  |TAMS 0x00000000ade00000| PB 0x00000000ade00000| Untracked 
| 735|0x00000000adf00000, 0x00000000adf00000, 0x00000000ae000000|  0%| F|  |TAMS 0x00000000adf00000| PB 0x00000000adf00000| Untracked 
| 736|0x00000000ae000000, 0x00000000ae000000, 0x00000000ae100000|  0%| F|  |TAMS 0x00000000ae000000| PB 0x00000000ae000000| Untracked 
| 737|0x00000000ae100000, 0x00000000ae100000, 0x00000000ae200000|  0%| F|  |TAMS 0x00000000ae100000| PB 0x00000000ae100000| Untracked 
| 738|0x00000000ae200000, 0x00000000ae200000, 0x00000000ae300000|  0%| F|  |TAMS 0x00000000ae200000| PB 0x00000000ae200000| Untracked 
| 739|0x00000000ae300000, 0x00000000ae300000, 0x00000000ae400000|  0%| F|  |TAMS 0x00000000ae300000| PB 0x00000000ae300000| Untracked 
| 740|0x00000000ae400000, 0x00000000ae400000, 0x00000000ae500000|  0%| F|  |TAMS 0x00000000ae400000| PB 0x00000000ae400000| Untracked 
| 741|0x00000000ae500000, 0x00000000ae500000, 0x00000000ae600000|  0%| F|  |TAMS 0x00000000ae500000| PB 0x00000000ae500000| Untracked 
| 742|0x00000000ae600000, 0x00000000ae600000, 0x00000000ae700000|  0%| F|  |TAMS 0x00000000ae600000| PB 0x00000000ae600000| Untracked 
| 743|0x00000000ae700000, 0x00000000ae700000, 0x00000000ae800000|  0%| F|  |TAMS 0x00000000ae700000| PB 0x00000000ae700000| Untracked 
| 744|0x00000000ae800000, 0x00000000ae800000, 0x00000000ae900000|  0%| F|  |TAMS 0x00000000ae800000| PB 0x00000000ae800000| Untracked 
| 745|0x00000000ae900000, 0x00000000ae900000, 0x00000000aea00000|  0%| F|  |TAMS 0x00000000ae900000| PB 0x00000000ae900000| Untracked 
| 746|0x00000000aea00000, 0x00000000aea00000, 0x00000000aeb00000|  0%| F|  |TAMS 0x00000000aea00000| PB 0x00000000aea00000| Untracked 
| 747|0x00000000aeb00000, 0x00000000aeb00000, 0x00000000aec00000|  0%| F|  |TAMS 0x00000000aeb00000| PB 0x00000000aeb00000| Untracked 
| 748|0x00000000aec00000, 0x00000000aec00000, 0x00000000aed00000|  0%| F|  |TAMS 0x00000000aec00000| PB 0x00000000aec00000| Untracked 
| 749|0x00000000aed00000, 0x00000000aed00000, 0x00000000aee00000|  0%| F|  |TAMS 0x00000000aed00000| PB 0x00000000aed00000| Untracked 
| 750|0x00000000aee00000, 0x00000000aee00000, 0x00000000aef00000|  0%| F|  |TAMS 0x00000000aee00000| PB 0x00000000aee00000| Untracked 
| 751|0x00000000aef00000, 0x00000000aef00000, 0x00000000af000000|  0%| F|  |TAMS 0x00000000aef00000| PB 0x00000000aef00000| Untracked 
| 752|0x00000000af000000, 0x00000000af000000, 0x00000000af100000|  0%| F|  |TAMS 0x00000000af000000| PB 0x00000000af000000| Untracked 
| 753|0x00000000af100000, 0x00000000af100000, 0x00000000af200000|  0%| F|  |TAMS 0x00000000af100000| PB 0x00000000af100000| Untracked 
| 754|0x00000000af200000, 0x00000000af200000, 0x00000000af300000|  0%| F|  |TAMS 0x00000000af200000| PB 0x00000000af200000| Untracked 
| 755|0x00000000af300000, 0x00000000af300000, 0x00000000af400000|  0%| F|  |TAMS 0x00000000af300000| PB 0x00000000af300000| Untracked 
| 756|0x00000000af400000, 0x00000000af400000, 0x00000000af500000|  0%| F|  |TAMS 0x00000000af400000| PB 0x00000000af400000| Untracked 
| 757|0x00000000af500000, 0x00000000af500000, 0x00000000af600000|  0%| F|  |TAMS 0x00000000af500000| PB 0x00000000af500000| Untracked 
| 758|0x00000000af600000, 0x00000000af600000, 0x00000000af700000|  0%| F|  |TAMS 0x00000000af600000| PB 0x00000000af600000| Untracked 
| 759|0x00000000af700000, 0x00000000af700000, 0x00000000af800000|  0%| F|  |TAMS 0x00000000af700000| PB 0x00000000af700000| Untracked 
| 760|0x00000000af800000, 0x00000000af800000, 0x00000000af900000|  0%| F|  |TAMS 0x00000000af800000| PB 0x00000000af800000| Untracked 
| 761|0x00000000af900000, 0x00000000af900000, 0x00000000afa00000|  0%| F|  |TAMS 0x00000000af900000| PB 0x00000000af900000| Untracked 
| 762|0x00000000afa00000, 0x00000000afa00000, 0x00000000afb00000|  0%| F|  |TAMS 0x00000000afa00000| PB 0x00000000afa00000| Untracked 
| 763|0x00000000afb00000, 0x00000000afb00000, 0x00000000afc00000|  0%| F|  |TAMS 0x00000000afb00000| PB 0x00000000afb00000| Untracked 
| 764|0x00000000afc00000, 0x00000000afc00000, 0x00000000afd00000|  0%| F|  |TAMS 0x00000000afc00000| PB 0x00000000afc00000| Untracked 
| 765|0x00000000afd00000, 0x00000000afd00000, 0x00000000afe00000|  0%| F|  |TAMS 0x00000000afd00000| PB 0x00000000afd00000| Untracked 
| 766|0x00000000afe00000, 0x00000000afe00000, 0x00000000aff00000|  0%| F|  |TAMS 0x00000000afe00000| PB 0x00000000afe00000| Untracked 
| 767|0x00000000aff00000, 0x00000000aff00000, 0x00000000b0000000|  0%| F|  |TAMS 0x00000000aff00000| PB 0x00000000aff00000| Untracked 
| 768|0x00000000b0000000, 0x00000000b0000000, 0x00000000b0100000|  0%| F|  |TAMS 0x00000000b0000000| PB 0x00000000b0000000| Untracked 
| 769|0x00000000b0100000, 0x00000000b0100000, 0x00000000b0200000|  0%| F|  |TAMS 0x00000000b0100000| PB 0x00000000b0100000| Untracked 
| 770|0x00000000b0200000, 0x00000000b0200000, 0x00000000b0300000|  0%| F|  |TAMS 0x00000000b0200000| PB 0x00000000b0200000| Untracked 
| 771|0x00000000b0300000, 0x00000000b0300000, 0x00000000b0400000|  0%| F|  |TAMS 0x00000000b0300000| PB 0x00000000b0300000| Untracked 
| 772|0x00000000b0400000, 0x00000000b0400000, 0x00000000b0500000|  0%| F|  |TAMS 0x00000000b0400000| PB 0x00000000b0400000| Untracked 
| 773|0x00000000b0500000, 0x00000000b0500000, 0x00000000b0600000|  0%| F|  |TAMS 0x00000000b0500000| PB 0x00000000b0500000| Untracked 
| 774|0x00000000b0600000, 0x00000000b0600000, 0x00000000b0700000|  0%| F|  |TAMS 0x00000000b0600000| PB 0x00000000b0600000| Untracked 
| 775|0x00000000b0700000, 0x00000000b0700000, 0x00000000b0800000|  0%| F|  |TAMS 0x00000000b0700000| PB 0x00000000b0700000| Untracked 
| 776|0x00000000b0800000, 0x00000000b0800000, 0x00000000b0900000|  0%| F|  |TAMS 0x00000000b0800000| PB 0x00000000b0800000| Untracked 
| 777|0x00000000b0900000, 0x00000000b0900000, 0x00000000b0a00000|  0%| F|  |TAMS 0x00000000b0900000| PB 0x00000000b0900000| Untracked 
| 778|0x00000000b0a00000, 0x00000000b0a00000, 0x00000000b0b00000|  0%| F|  |TAMS 0x00000000b0a00000| PB 0x00000000b0a00000| Untracked 
| 779|0x00000000b0b00000, 0x00000000b0b00000, 0x00000000b0c00000|  0%| F|  |TAMS 0x00000000b0b00000| PB 0x00000000b0b00000| Untracked 
| 780|0x00000000b0c00000, 0x00000000b0c00000, 0x00000000b0d00000|  0%| F|  |TAMS 0x00000000b0c00000| PB 0x00000000b0c00000| Untracked 
| 781|0x00000000b0d00000, 0x00000000b0d00000, 0x00000000b0e00000|  0%| F|  |TAMS 0x00000000b0d00000| PB 0x00000000b0d00000| Untracked 
| 782|0x00000000b0e00000, 0x00000000b0e00000, 0x00000000b0f00000|  0%| F|  |TAMS 0x00000000b0e00000| PB 0x00000000b0e00000| Untracked 
| 783|0x00000000b0f00000, 0x00000000b0f00000, 0x00000000b1000000|  0%| F|  |TAMS 0x00000000b0f00000| PB 0x00000000b0f00000| Untracked 
| 784|0x00000000b1000000, 0x00000000b1000000, 0x00000000b1100000|  0%| F|  |TAMS 0x00000000b1000000| PB 0x00000000b1000000| Untracked 
| 785|0x00000000b1100000, 0x00000000b1100000, 0x00000000b1200000|  0%| F|  |TAMS 0x00000000b1100000| PB 0x00000000b1100000| Untracked 
| 786|0x00000000b1200000, 0x00000000b1200000, 0x00000000b1300000|  0%| F|  |TAMS 0x00000000b1200000| PB 0x00000000b1200000| Untracked 
| 787|0x00000000b1300000, 0x00000000b1300000, 0x00000000b1400000|  0%| F|  |TAMS 0x00000000b1300000| PB 0x00000000b1300000| Untracked 
| 788|0x00000000b1400000, 0x00000000b1400000, 0x00000000b1500000|  0%| F|  |TAMS 0x00000000b1400000| PB 0x00000000b1400000| Untracked 
| 789|0x00000000b1500000, 0x00000000b1500000, 0x00000000b1600000|  0%| F|  |TAMS 0x00000000b1500000| PB 0x00000000b1500000| Untracked 
| 790|0x00000000b1600000, 0x00000000b1600000, 0x00000000b1700000|  0%| F|  |TAMS 0x00000000b1600000| PB 0x00000000b1600000| Untracked 
| 791|0x00000000b1700000, 0x00000000b1700000, 0x00000000b1800000|  0%| F|  |TAMS 0x00000000b1700000| PB 0x00000000b1700000| Untracked 
| 792|0x00000000b1800000, 0x00000000b1800000, 0x00000000b1900000|  0%| F|  |TAMS 0x00000000b1800000| PB 0x00000000b1800000| Untracked 
| 793|0x00000000b1900000, 0x00000000b1900000, 0x00000000b1a00000|  0%| F|  |TAMS 0x00000000b1900000| PB 0x00000000b1900000| Untracked 
| 794|0x00000000b1a00000, 0x00000000b1a00000, 0x00000000b1b00000|  0%| F|  |TAMS 0x00000000b1a00000| PB 0x00000000b1a00000| Untracked 
| 795|0x00000000b1b00000, 0x00000000b1b00000, 0x00000000b1c00000|  0%| F|  |TAMS 0x00000000b1b00000| PB 0x00000000b1b00000| Untracked 
| 796|0x00000000b1c00000, 0x00000000b1c00000, 0x00000000b1d00000|  0%| F|  |TAMS 0x00000000b1c00000| PB 0x00000000b1c00000| Untracked 
| 797|0x00000000b1d00000, 0x00000000b1d00000, 0x00000000b1e00000|  0%| F|  |TAMS 0x00000000b1d00000| PB 0x00000000b1d00000| Untracked 
| 798|0x00000000b1e00000, 0x00000000b1e00000, 0x00000000b1f00000|  0%| F|  |TAMS 0x00000000b1e00000| PB 0x00000000b1e00000| Untracked 
| 799|0x00000000b1f00000, 0x00000000b1f00000, 0x00000000b2000000|  0%| F|  |TAMS 0x00000000b1f00000| PB 0x00000000b1f00000| Untracked 
| 800|0x00000000b2000000, 0x00000000b2000000, 0x00000000b2100000|  0%| F|  |TAMS 0x00000000b2000000| PB 0x00000000b2000000| Untracked 
| 801|0x00000000b2100000, 0x00000000b2100000, 0x00000000b2200000|  0%| F|  |TAMS 0x00000000b2100000| PB 0x00000000b2100000| Untracked 
| 802|0x00000000b2200000, 0x00000000b2200000, 0x00000000b2300000|  0%| F|  |TAMS 0x00000000b2200000| PB 0x00000000b2200000| Untracked 
| 803|0x00000000b2300000, 0x00000000b2300000, 0x00000000b2400000|  0%| F|  |TAMS 0x00000000b2300000| PB 0x00000000b2300000| Untracked 
| 804|0x00000000b2400000, 0x00000000b2400000, 0x00000000b2500000|  0%| F|  |TAMS 0x00000000b2400000| PB 0x00000000b2400000| Untracked 
| 805|0x00000000b2500000, 0x00000000b2500000, 0x00000000b2600000|  0%| F|  |TAMS 0x00000000b2500000| PB 0x00000000b2500000| Untracked 
| 806|0x00000000b2600000, 0x00000000b2600000, 0x00000000b2700000|  0%| F|  |TAMS 0x00000000b2600000| PB 0x00000000b2600000| Untracked 
| 807|0x00000000b2700000, 0x00000000b2700000, 0x00000000b2800000|  0%| F|  |TAMS 0x00000000b2700000| PB 0x00000000b2700000| Untracked 
| 808|0x00000000b2800000, 0x00000000b2800000, 0x00000000b2900000|  0%| F|  |TAMS 0x00000000b2800000| PB 0x00000000b2800000| Untracked 
| 809|0x00000000b2900000, 0x00000000b2900000, 0x00000000b2a00000|  0%| F|  |TAMS 0x00000000b2900000| PB 0x00000000b2900000| Untracked 
| 810|0x00000000b2a00000, 0x00000000b2a00000, 0x00000000b2b00000|  0%| F|  |TAMS 0x00000000b2a00000| PB 0x00000000b2a00000| Untracked 
| 811|0x00000000b2b00000, 0x00000000b2b00000, 0x00000000b2c00000|  0%| F|  |TAMS 0x00000000b2b00000| PB 0x00000000b2b00000| Untracked 
| 812|0x00000000b2c00000, 0x00000000b2c00000, 0x00000000b2d00000|  0%| F|  |TAMS 0x00000000b2c00000| PB 0x00000000b2c00000| Untracked 
| 813|0x00000000b2d00000, 0x00000000b2d00000, 0x00000000b2e00000|  0%| F|  |TAMS 0x00000000b2d00000| PB 0x00000000b2d00000| Untracked 
| 814|0x00000000b2e00000, 0x00000000b2e00000, 0x00000000b2f00000|  0%| F|  |TAMS 0x00000000b2e00000| PB 0x00000000b2e00000| Untracked 
| 815|0x00000000b2f00000, 0x00000000b2f00000, 0x00000000b3000000|  0%| F|  |TAMS 0x00000000b2f00000| PB 0x00000000b2f00000| Untracked 
| 816|0x00000000b3000000, 0x00000000b3000000, 0x00000000b3100000|  0%| F|  |TAMS 0x00000000b3000000| PB 0x00000000b3000000| Untracked 
| 817|0x00000000b3100000, 0x00000000b3100000, 0x00000000b3200000|  0%| F|  |TAMS 0x00000000b3100000| PB 0x00000000b3100000| Untracked 
| 818|0x00000000b3200000, 0x00000000b3200000, 0x00000000b3300000|  0%| F|  |TAMS 0x00000000b3200000| PB 0x00000000b3200000| Untracked 
| 819|0x00000000b3300000, 0x00000000b3300000, 0x00000000b3400000|  0%| F|  |TAMS 0x00000000b3300000| PB 0x00000000b3300000| Untracked 
| 820|0x00000000b3400000, 0x00000000b3400000, 0x00000000b3500000|  0%| F|  |TAMS 0x00000000b3400000| PB 0x00000000b3400000| Untracked 
| 821|0x00000000b3500000, 0x00000000b3500000, 0x00000000b3600000|  0%| F|  |TAMS 0x00000000b3500000| PB 0x00000000b3500000| Untracked 
| 822|0x00000000b3600000, 0x00000000b3600000, 0x00000000b3700000|  0%| F|  |TAMS 0x00000000b3600000| PB 0x00000000b3600000| Untracked 
| 823|0x00000000b3700000, 0x00000000b3700000, 0x00000000b3800000|  0%| F|  |TAMS 0x00000000b3700000| PB 0x00000000b3700000| Untracked 
| 824|0x00000000b3800000, 0x00000000b3800000, 0x00000000b3900000|  0%| F|  |TAMS 0x00000000b3800000| PB 0x00000000b3800000| Untracked 
| 825|0x00000000b3900000, 0x00000000b3900000, 0x00000000b3a00000|  0%| F|  |TAMS 0x00000000b3900000| PB 0x00000000b3900000| Untracked 
| 826|0x00000000b3a00000, 0x00000000b3a00000, 0x00000000b3b00000|  0%| F|  |TAMS 0x00000000b3a00000| PB 0x00000000b3a00000| Untracked 
| 827|0x00000000b3b00000, 0x00000000b3b00000, 0x00000000b3c00000|  0%| F|  |TAMS 0x00000000b3b00000| PB 0x00000000b3b00000| Untracked 
| 828|0x00000000b3c00000, 0x00000000b3c00000, 0x00000000b3d00000|  0%| F|  |TAMS 0x00000000b3c00000| PB 0x00000000b3c00000| Untracked 
| 829|0x00000000b3d00000, 0x00000000b3d00000, 0x00000000b3e00000|  0%| F|  |TAMS 0x00000000b3d00000| PB 0x00000000b3d00000| Untracked 
| 830|0x00000000b3e00000, 0x00000000b3e00000, 0x00000000b3f00000|  0%| F|  |TAMS 0x00000000b3e00000| PB 0x00000000b3e00000| Untracked 
| 831|0x00000000b3f00000, 0x00000000b3f00000, 0x00000000b4000000|  0%| F|  |TAMS 0x00000000b3f00000| PB 0x00000000b3f00000| Untracked 
| 832|0x00000000b4000000, 0x00000000b4000000, 0x00000000b4100000|  0%| F|  |TAMS 0x00000000b4000000| PB 0x00000000b4000000| Untracked 
| 833|0x00000000b4100000, 0x00000000b4100000, 0x00000000b4200000|  0%| F|  |TAMS 0x00000000b4100000| PB 0x00000000b4100000| Untracked 
| 834|0x00000000b4200000, 0x00000000b4200000, 0x00000000b4300000|  0%| F|  |TAMS 0x00000000b4200000| PB 0x00000000b4200000| Untracked 
| 835|0x00000000b4300000, 0x00000000b4300000, 0x00000000b4400000|  0%| F|  |TAMS 0x00000000b4300000| PB 0x00000000b4300000| Untracked 
| 836|0x00000000b4400000, 0x00000000b4400000, 0x00000000b4500000|  0%| F|  |TAMS 0x00000000b4400000| PB 0x00000000b4400000| Untracked 
| 837|0x00000000b4500000, 0x00000000b4500000, 0x00000000b4600000|  0%| F|  |TAMS 0x00000000b4500000| PB 0x00000000b4500000| Untracked 
| 838|0x00000000b4600000, 0x00000000b4600000, 0x00000000b4700000|  0%| F|  |TAMS 0x00000000b4600000| PB 0x00000000b4600000| Untracked 
| 839|0x00000000b4700000, 0x00000000b4700000, 0x00000000b4800000|  0%| F|  |TAMS 0x00000000b4700000| PB 0x00000000b4700000| Untracked 
| 840|0x00000000b4800000, 0x00000000b4800000, 0x00000000b4900000|  0%| F|  |TAMS 0x00000000b4800000| PB 0x00000000b4800000| Untracked 
| 841|0x00000000b4900000, 0x00000000b4900000, 0x00000000b4a00000|  0%| F|  |TAMS 0x00000000b4900000| PB 0x00000000b4900000| Untracked 
| 842|0x00000000b4a00000, 0x00000000b4a00000, 0x00000000b4b00000|  0%| F|  |TAMS 0x00000000b4a00000| PB 0x00000000b4a00000| Untracked 
| 843|0x00000000b4b00000, 0x00000000b4b00000, 0x00000000b4c00000|  0%| F|  |TAMS 0x00000000b4b00000| PB 0x00000000b4b00000| Untracked 
| 844|0x00000000b4c00000, 0x00000000b4c00000, 0x00000000b4d00000|  0%| F|  |TAMS 0x00000000b4c00000| PB 0x00000000b4c00000| Untracked 
| 845|0x00000000b4d00000, 0x00000000b4d00000, 0x00000000b4e00000|  0%| F|  |TAMS 0x00000000b4d00000| PB 0x00000000b4d00000| Untracked 
| 846|0x00000000b4e00000, 0x00000000b4e00000, 0x00000000b4f00000|  0%| F|  |TAMS 0x00000000b4e00000| PB 0x00000000b4e00000| Untracked 
| 847|0x00000000b4f00000, 0x00000000b4f00000, 0x00000000b5000000|  0%| F|  |TAMS 0x00000000b4f00000| PB 0x00000000b4f00000| Untracked 
| 848|0x00000000b5000000, 0x00000000b5000000, 0x00000000b5100000|  0%| F|  |TAMS 0x00000000b5000000| PB 0x00000000b5000000| Untracked 
| 849|0x00000000b5100000, 0x00000000b5100000, 0x00000000b5200000|  0%| F|  |TAMS 0x00000000b5100000| PB 0x00000000b5100000| Untracked 
| 850|0x00000000b5200000, 0x00000000b5200000, 0x00000000b5300000|  0%| F|  |TAMS 0x00000000b5200000| PB 0x00000000b5200000| Untracked 
| 851|0x00000000b5300000, 0x00000000b5300000, 0x00000000b5400000|  0%| F|  |TAMS 0x00000000b5300000| PB 0x00000000b5300000| Untracked 
| 852|0x00000000b5400000, 0x00000000b5400000, 0x00000000b5500000|  0%| F|  |TAMS 0x00000000b5400000| PB 0x00000000b5400000| Untracked 
| 853|0x00000000b5500000, 0x00000000b5500000, 0x00000000b5600000|  0%| F|  |TAMS 0x00000000b5500000| PB 0x00000000b5500000| Untracked 
| 854|0x00000000b5600000, 0x00000000b5600000, 0x00000000b5700000|  0%| F|  |TAMS 0x00000000b5600000| PB 0x00000000b5600000| Untracked 
| 855|0x00000000b5700000, 0x00000000b5700000, 0x00000000b5800000|  0%| F|  |TAMS 0x00000000b5700000| PB 0x00000000b5700000| Untracked 
| 856|0x00000000b5800000, 0x00000000b5800000, 0x00000000b5900000|  0%| F|  |TAMS 0x00000000b5800000| PB 0x00000000b5800000| Untracked 
| 857|0x00000000b5900000, 0x00000000b5900000, 0x00000000b5a00000|  0%| F|  |TAMS 0x00000000b5900000| PB 0x00000000b5900000| Untracked 
| 858|0x00000000b5a00000, 0x00000000b5a00000, 0x00000000b5b00000|  0%| F|  |TAMS 0x00000000b5a00000| PB 0x00000000b5a00000| Untracked 
| 859|0x00000000b5b00000, 0x00000000b5b00000, 0x00000000b5c00000|  0%| F|  |TAMS 0x00000000b5b00000| PB 0x00000000b5b00000| Untracked 
| 860|0x00000000b5c00000, 0x00000000b5c00000, 0x00000000b5d00000|  0%| F|  |TAMS 0x00000000b5c00000| PB 0x00000000b5c00000| Untracked 
| 861|0x00000000b5d00000, 0x00000000b5d00000, 0x00000000b5e00000|  0%| F|  |TAMS 0x00000000b5d00000| PB 0x00000000b5d00000| Untracked 
| 862|0x00000000b5e00000, 0x00000000b5e00000, 0x00000000b5f00000|  0%| F|  |TAMS 0x00000000b5e00000| PB 0x00000000b5e00000| Untracked 
| 863|0x00000000b5f00000, 0x00000000b5f00000, 0x00000000b6000000|  0%| F|  |TAMS 0x00000000b5f00000| PB 0x00000000b5f00000| Untracked 
| 864|0x00000000b6000000, 0x00000000b6000000, 0x00000000b6100000|  0%| F|  |TAMS 0x00000000b6000000| PB 0x00000000b6000000| Untracked 
| 865|0x00000000b6100000, 0x00000000b6100000, 0x00000000b6200000|  0%| F|  |TAMS 0x00000000b6100000| PB 0x00000000b6100000| Untracked 
| 866|0x00000000b6200000, 0x00000000b6200000, 0x00000000b6300000|  0%| F|  |TAMS 0x00000000b6200000| PB 0x00000000b6200000| Untracked 
| 867|0x00000000b6300000, 0x00000000b6300000, 0x00000000b6400000|  0%| F|  |TAMS 0x00000000b6300000| PB 0x00000000b6300000| Untracked 
| 868|0x00000000b6400000, 0x00000000b6400000, 0x00000000b6500000|  0%| F|  |TAMS 0x00000000b6400000| PB 0x00000000b6400000| Untracked 
| 869|0x00000000b6500000, 0x00000000b6500000, 0x00000000b6600000|  0%| F|  |TAMS 0x00000000b6500000| PB 0x00000000b6500000| Untracked 
| 870|0x00000000b6600000, 0x00000000b6600000, 0x00000000b6700000|  0%| F|  |TAMS 0x00000000b6600000| PB 0x00000000b6600000| Untracked 
| 871|0x00000000b6700000, 0x00000000b6700000, 0x00000000b6800000|  0%| F|  |TAMS 0x00000000b6700000| PB 0x00000000b6700000| Untracked 
| 872|0x00000000b6800000, 0x00000000b6800000, 0x00000000b6900000|  0%| F|  |TAMS 0x00000000b6800000| PB 0x00000000b6800000| Untracked 
| 873|0x00000000b6900000, 0x00000000b6900000, 0x00000000b6a00000|  0%| F|  |TAMS 0x00000000b6900000| PB 0x00000000b6900000| Untracked 
| 874|0x00000000b6a00000, 0x00000000b6a00000, 0x00000000b6b00000|  0%| F|  |TAMS 0x00000000b6a00000| PB 0x00000000b6a00000| Untracked 
| 875|0x00000000b6b00000, 0x00000000b6b00000, 0x00000000b6c00000|  0%| F|  |TAMS 0x00000000b6b00000| PB 0x00000000b6b00000| Untracked 
| 876|0x00000000b6c00000, 0x00000000b6c00000, 0x00000000b6d00000|  0%| F|  |TAMS 0x00000000b6c00000| PB 0x00000000b6c00000| Untracked 
| 877|0x00000000b6d00000, 0x00000000b6d00000, 0x00000000b6e00000|  0%| F|  |TAMS 0x00000000b6d00000| PB 0x00000000b6d00000| Untracked 
| 878|0x00000000b6e00000, 0x00000000b6e00000, 0x00000000b6f00000|  0%| F|  |TAMS 0x00000000b6e00000| PB 0x00000000b6e00000| Untracked 
| 879|0x00000000b6f00000, 0x00000000b6f00000, 0x00000000b7000000|  0%| F|  |TAMS 0x00000000b6f00000| PB 0x00000000b6f00000| Untracked 
| 880|0x00000000b7000000, 0x00000000b7000000, 0x00000000b7100000|  0%| F|  |TAMS 0x00000000b7000000| PB 0x00000000b7000000| Untracked 
| 881|0x00000000b7100000, 0x00000000b7100000, 0x00000000b7200000|  0%| F|  |TAMS 0x00000000b7100000| PB 0x00000000b7100000| Untracked 
| 882|0x00000000b7200000, 0x00000000b7200000, 0x00000000b7300000|  0%| F|  |TAMS 0x00000000b7200000| PB 0x00000000b7200000| Untracked 
| 883|0x00000000b7300000, 0x00000000b7300000, 0x00000000b7400000|  0%| F|  |TAMS 0x00000000b7300000| PB 0x00000000b7300000| Untracked 
| 884|0x00000000b7400000, 0x00000000b7400000, 0x00000000b7500000|  0%| F|  |TAMS 0x00000000b7400000| PB 0x00000000b7400000| Untracked 
| 885|0x00000000b7500000, 0x00000000b7500000, 0x00000000b7600000|  0%| F|  |TAMS 0x00000000b7500000| PB 0x00000000b7500000| Untracked 
| 886|0x00000000b7600000, 0x00000000b7600000, 0x00000000b7700000|  0%| F|  |TAMS 0x00000000b7600000| PB 0x00000000b7600000| Untracked 
| 887|0x00000000b7700000, 0x00000000b7700000, 0x00000000b7800000|  0%| F|  |TAMS 0x00000000b7700000| PB 0x00000000b7700000| Untracked 
| 888|0x00000000b7800000, 0x00000000b7800000, 0x00000000b7900000|  0%| F|  |TAMS 0x00000000b7800000| PB 0x00000000b7800000| Untracked 
| 889|0x00000000b7900000, 0x00000000b7900000, 0x00000000b7a00000|  0%| F|  |TAMS 0x00000000b7900000| PB 0x00000000b7900000| Untracked 
| 890|0x00000000b7a00000, 0x00000000b7a00000, 0x00000000b7b00000|  0%| F|  |TAMS 0x00000000b7a00000| PB 0x00000000b7a00000| Untracked 
| 891|0x00000000b7b00000, 0x00000000b7b00000, 0x00000000b7c00000|  0%| F|  |TAMS 0x00000000b7b00000| PB 0x00000000b7b00000| Untracked 
| 892|0x00000000b7c00000, 0x00000000b7c00000, 0x00000000b7d00000|  0%| F|  |TAMS 0x00000000b7c00000| PB 0x00000000b7c00000| Untracked 
| 893|0x00000000b7d00000, 0x00000000b7d00000, 0x00000000b7e00000|  0%| F|  |TAMS 0x00000000b7d00000| PB 0x00000000b7d00000| Untracked 
| 894|0x00000000b7e00000, 0x00000000b7e00000, 0x00000000b7f00000|  0%| F|  |TAMS 0x00000000b7e00000| PB 0x00000000b7e00000| Untracked 
| 895|0x00000000b7f00000, 0x00000000b7f00000, 0x00000000b8000000|  0%| F|  |TAMS 0x00000000b7f00000| PB 0x00000000b7f00000| Untracked 
| 896|0x00000000b8000000, 0x00000000b8000000, 0x00000000b8100000|  0%| F|  |TAMS 0x00000000b8000000| PB 0x00000000b8000000| Untracked 
| 897|0x00000000b8100000, 0x00000000b8100000, 0x00000000b8200000|  0%| F|  |TAMS 0x00000000b8100000| PB 0x00000000b8100000| Untracked 
| 898|0x00000000b8200000, 0x00000000b8200000, 0x00000000b8300000|  0%| F|  |TAMS 0x00000000b8200000| PB 0x00000000b8200000| Untracked 
| 899|0x00000000b8300000, 0x00000000b8300000, 0x00000000b8400000|  0%| F|  |TAMS 0x00000000b8300000| PB 0x00000000b8300000| Untracked 
| 900|0x00000000b8400000, 0x00000000b8400000, 0x00000000b8500000|  0%| F|  |TAMS 0x00000000b8400000| PB 0x00000000b8400000| Untracked 
| 901|0x00000000b8500000, 0x00000000b8500000, 0x00000000b8600000|  0%| F|  |TAMS 0x00000000b8500000| PB 0x00000000b8500000| Untracked 
| 902|0x00000000b8600000, 0x00000000b8600000, 0x00000000b8700000|  0%| F|  |TAMS 0x00000000b8600000| PB 0x00000000b8600000| Untracked 
| 903|0x00000000b8700000, 0x00000000b8700000, 0x00000000b8800000|  0%| F|  |TAMS 0x00000000b8700000| PB 0x00000000b8700000| Untracked 
| 904|0x00000000b8800000, 0x00000000b8800000, 0x00000000b8900000|  0%| F|  |TAMS 0x00000000b8800000| PB 0x00000000b8800000| Untracked 
| 905|0x00000000b8900000, 0x00000000b8900000, 0x00000000b8a00000|  0%| F|  |TAMS 0x00000000b8900000| PB 0x00000000b8900000| Untracked 
| 906|0x00000000b8a00000, 0x00000000b8a00000, 0x00000000b8b00000|  0%| F|  |TAMS 0x00000000b8a00000| PB 0x00000000b8a00000| Untracked 
| 907|0x00000000b8b00000, 0x00000000b8b00000, 0x00000000b8c00000|  0%| F|  |TAMS 0x00000000b8b00000| PB 0x00000000b8b00000| Untracked 
| 908|0x00000000b8c00000, 0x00000000b8c00000, 0x00000000b8d00000|  0%| F|  |TAMS 0x00000000b8c00000| PB 0x00000000b8c00000| Untracked 
| 909|0x00000000b8d00000, 0x00000000b8d00000, 0x00000000b8e00000|  0%| F|  |TAMS 0x00000000b8d00000| PB 0x00000000b8d00000| Untracked 
| 910|0x00000000b8e00000, 0x00000000b8e00000, 0x00000000b8f00000|  0%| F|  |TAMS 0x00000000b8e00000| PB 0x00000000b8e00000| Untracked 
| 911|0x00000000b8f00000, 0x00000000b8f00000, 0x00000000b9000000|  0%| F|  |TAMS 0x00000000b8f00000| PB 0x00000000b8f00000| Untracked 
| 912|0x00000000b9000000, 0x00000000b9000000, 0x00000000b9100000|  0%| F|  |TAMS 0x00000000b9000000| PB 0x00000000b9000000| Untracked 
| 913|0x00000000b9100000, 0x00000000b9100000, 0x00000000b9200000|  0%| F|  |TAMS 0x00000000b9100000| PB 0x00000000b9100000| Untracked 
| 914|0x00000000b9200000, 0x00000000b9200000, 0x00000000b9300000|  0%| F|  |TAMS 0x00000000b9200000| PB 0x00000000b9200000| Untracked 
| 915|0x00000000b9300000, 0x00000000b9300000, 0x00000000b9400000|  0%| F|  |TAMS 0x00000000b9300000| PB 0x00000000b9300000| Untracked 
| 916|0x00000000b9400000, 0x00000000b9400000, 0x00000000b9500000|  0%| F|  |TAMS 0x00000000b9400000| PB 0x00000000b9400000| Untracked 
| 917|0x00000000b9500000, 0x00000000b9500000, 0x00000000b9600000|  0%| F|  |TAMS 0x00000000b9500000| PB 0x00000000b9500000| Untracked 
| 918|0x00000000b9600000, 0x00000000b9600000, 0x00000000b9700000|  0%| F|  |TAMS 0x00000000b9600000| PB 0x00000000b9600000| Untracked 
| 919|0x00000000b9700000, 0x00000000b9700000, 0x00000000b9800000|  0%| F|  |TAMS 0x00000000b9700000| PB 0x00000000b9700000| Untracked 
| 920|0x00000000b9800000, 0x00000000b9800000, 0x00000000b9900000|  0%| F|  |TAMS 0x00000000b9800000| PB 0x00000000b9800000| Untracked 
| 921|0x00000000b9900000, 0x00000000b9900000, 0x00000000b9a00000|  0%| F|  |TAMS 0x00000000b9900000| PB 0x00000000b9900000| Untracked 
| 922|0x00000000b9a00000, 0x00000000b9a00000, 0x00000000b9b00000|  0%| F|  |TAMS 0x00000000b9a00000| PB 0x00000000b9a00000| Untracked 
| 923|0x00000000b9b00000, 0x00000000b9b00000, 0x00000000b9c00000|  0%| F|  |TAMS 0x00000000b9b00000| PB 0x00000000b9b00000| Untracked 
| 924|0x00000000b9c00000, 0x00000000b9c00000, 0x00000000b9d00000|  0%| F|  |TAMS 0x00000000b9c00000| PB 0x00000000b9c00000| Untracked 
| 925|0x00000000b9d00000, 0x00000000b9d00000, 0x00000000b9e00000|  0%| F|  |TAMS 0x00000000b9d00000| PB 0x00000000b9d00000| Untracked 
| 926|0x00000000b9e00000, 0x00000000b9e00000, 0x00000000b9f00000|  0%| F|  |TAMS 0x00000000b9e00000| PB 0x00000000b9e00000| Untracked 
| 927|0x00000000b9f00000, 0x00000000b9f00000, 0x00000000ba000000|  0%| F|  |TAMS 0x00000000b9f00000| PB 0x00000000b9f00000| Untracked 
| 928|0x00000000ba000000, 0x00000000ba000000, 0x00000000ba100000|  0%| F|  |TAMS 0x00000000ba000000| PB 0x00000000ba000000| Untracked 
| 929|0x00000000ba100000, 0x00000000ba100000, 0x00000000ba200000|  0%| F|  |TAMS 0x00000000ba100000| PB 0x00000000ba100000| Untracked 
| 930|0x00000000ba200000, 0x00000000ba200000, 0x00000000ba300000|  0%| F|  |TAMS 0x00000000ba200000| PB 0x00000000ba200000| Untracked 
| 931|0x00000000ba300000, 0x00000000ba300000, 0x00000000ba400000|  0%| F|  |TAMS 0x00000000ba300000| PB 0x00000000ba300000| Untracked 
| 932|0x00000000ba400000, 0x00000000ba400000, 0x00000000ba500000|  0%| F|  |TAMS 0x00000000ba400000| PB 0x00000000ba400000| Untracked 
| 933|0x00000000ba500000, 0x00000000ba500000, 0x00000000ba600000|  0%| F|  |TAMS 0x00000000ba500000| PB 0x00000000ba500000| Untracked 
| 934|0x00000000ba600000, 0x00000000ba600000, 0x00000000ba700000|  0%| F|  |TAMS 0x00000000ba600000| PB 0x00000000ba600000| Untracked 
| 935|0x00000000ba700000, 0x00000000ba700000, 0x00000000ba800000|  0%| F|  |TAMS 0x00000000ba700000| PB 0x00000000ba700000| Untracked 
| 936|0x00000000ba800000, 0x00000000ba800000, 0x00000000ba900000|  0%| F|  |TAMS 0x00000000ba800000| PB 0x00000000ba800000| Untracked 
| 937|0x00000000ba900000, 0x00000000ba900000, 0x00000000baa00000|  0%| F|  |TAMS 0x00000000ba900000| PB 0x00000000ba900000| Untracked 
| 938|0x00000000baa00000, 0x00000000baa00000, 0x00000000bab00000|  0%| F|  |TAMS 0x00000000baa00000| PB 0x00000000baa00000| Untracked 
| 939|0x00000000bab00000, 0x00000000bab00000, 0x00000000bac00000|  0%| F|  |TAMS 0x00000000bab00000| PB 0x00000000bab00000| Untracked 
| 940|0x00000000bac00000, 0x00000000bac00000, 0x00000000bad00000|  0%| F|  |TAMS 0x00000000bac00000| PB 0x00000000bac00000| Untracked 
| 941|0x00000000bad00000, 0x00000000bad00000, 0x00000000bae00000|  0%| F|  |TAMS 0x00000000bad00000| PB 0x00000000bad00000| Untracked 
| 942|0x00000000bae00000, 0x00000000bae00000, 0x00000000baf00000|  0%| F|  |TAMS 0x00000000bae00000| PB 0x00000000bae00000| Untracked 
| 943|0x00000000baf00000, 0x00000000baf00000, 0x00000000bb000000|  0%| F|  |TAMS 0x00000000baf00000| PB 0x00000000baf00000| Untracked 
| 944|0x00000000bb000000, 0x00000000bb000000, 0x00000000bb100000|  0%| F|  |TAMS 0x00000000bb000000| PB 0x00000000bb000000| Untracked 
| 945|0x00000000bb100000, 0x00000000bb100000, 0x00000000bb200000|  0%| F|  |TAMS 0x00000000bb100000| PB 0x00000000bb100000| Untracked 
| 946|0x00000000bb200000, 0x00000000bb200000, 0x00000000bb300000|  0%| F|  |TAMS 0x00000000bb200000| PB 0x00000000bb200000| Untracked 
| 947|0x00000000bb300000, 0x00000000bb300000, 0x00000000bb400000|  0%| F|  |TAMS 0x00000000bb300000| PB 0x00000000bb300000| Untracked 
| 948|0x00000000bb400000, 0x00000000bb400000, 0x00000000bb500000|  0%| F|  |TAMS 0x00000000bb400000| PB 0x00000000bb400000| Untracked 
| 949|0x00000000bb500000, 0x00000000bb500000, 0x00000000bb600000|  0%| F|  |TAMS 0x00000000bb500000| PB 0x00000000bb500000| Untracked 
| 950|0x00000000bb600000, 0x00000000bb600000, 0x00000000bb700000|  0%| F|  |TAMS 0x00000000bb600000| PB 0x00000000bb600000| Untracked 
| 951|0x00000000bb700000, 0x00000000bb700000, 0x00000000bb800000|  0%| F|  |TAMS 0x00000000bb700000| PB 0x00000000bb700000| Untracked 
| 952|0x00000000bb800000, 0x00000000bb800000, 0x00000000bb900000|  0%| F|  |TAMS 0x00000000bb800000| PB 0x00000000bb800000| Untracked 
| 953|0x00000000bb900000, 0x00000000bb900000, 0x00000000bba00000|  0%| F|  |TAMS 0x00000000bb900000| PB 0x00000000bb900000| Untracked 
| 954|0x00000000bba00000, 0x00000000bba00000, 0x00000000bbb00000|  0%| F|  |TAMS 0x00000000bba00000| PB 0x00000000bba00000| Untracked 
| 955|0x00000000bbb00000, 0x00000000bbb00000, 0x00000000bbc00000|  0%| F|  |TAMS 0x00000000bbb00000| PB 0x00000000bbb00000| Untracked 
| 956|0x00000000bbc00000, 0x00000000bbc00000, 0x00000000bbd00000|  0%| F|  |TAMS 0x00000000bbc00000| PB 0x00000000bbc00000| Untracked 
| 957|0x00000000bbd00000, 0x00000000bbd00000, 0x00000000bbe00000|  0%| F|  |TAMS 0x00000000bbd00000| PB 0x00000000bbd00000| Untracked 
| 958|0x00000000bbe00000, 0x00000000bbe00000, 0x00000000bbf00000|  0%| F|  |TAMS 0x00000000bbe00000| PB 0x00000000bbe00000| Untracked 
| 959|0x00000000bbf00000, 0x00000000bbf00000, 0x00000000bc000000|  0%| F|  |TAMS 0x00000000bbf00000| PB 0x00000000bbf00000| Untracked 
| 960|0x00000000bc000000, 0x00000000bc000000, 0x00000000bc100000|  0%| F|  |TAMS 0x00000000bc000000| PB 0x00000000bc000000| Untracked 
| 961|0x00000000bc100000, 0x00000000bc100000, 0x00000000bc200000|  0%| F|  |TAMS 0x00000000bc100000| PB 0x00000000bc100000| Untracked 
| 962|0x00000000bc200000, 0x00000000bc200000, 0x00000000bc300000|  0%| F|  |TAMS 0x00000000bc200000| PB 0x00000000bc200000| Untracked 
| 963|0x00000000bc300000, 0x00000000bc300000, 0x00000000bc400000|  0%| F|  |TAMS 0x00000000bc300000| PB 0x00000000bc300000| Untracked 
| 964|0x00000000bc400000, 0x00000000bc400000, 0x00000000bc500000|  0%| F|  |TAMS 0x00000000bc400000| PB 0x00000000bc400000| Untracked 
| 965|0x00000000bc500000, 0x00000000bc500000, 0x00000000bc600000|  0%| F|  |TAMS 0x00000000bc500000| PB 0x00000000bc500000| Untracked 
| 966|0x00000000bc600000, 0x00000000bc600000, 0x00000000bc700000|  0%| F|  |TAMS 0x00000000bc600000| PB 0x00000000bc600000| Untracked 
| 967|0x00000000bc700000, 0x00000000bc700000, 0x00000000bc800000|  0%| F|  |TAMS 0x00000000bc700000| PB 0x00000000bc700000| Untracked 
| 968|0x00000000bc800000, 0x00000000bc800000, 0x00000000bc900000|  0%| F|  |TAMS 0x00000000bc800000| PB 0x00000000bc800000| Untracked 
| 969|0x00000000bc900000, 0x00000000bc900000, 0x00000000bca00000|  0%| F|  |TAMS 0x00000000bc900000| PB 0x00000000bc900000| Untracked 
| 970|0x00000000bca00000, 0x00000000bca00000, 0x00000000bcb00000|  0%| F|  |TAMS 0x00000000bca00000| PB 0x00000000bca00000| Untracked 
| 971|0x00000000bcb00000, 0x00000000bcb00000, 0x00000000bcc00000|  0%| F|  |TAMS 0x00000000bcb00000| PB 0x00000000bcb00000| Untracked 
| 972|0x00000000bcc00000, 0x00000000bcc00000, 0x00000000bcd00000|  0%| F|  |TAMS 0x00000000bcc00000| PB 0x00000000bcc00000| Untracked 
| 973|0x00000000bcd00000, 0x00000000bcd00000, 0x00000000bce00000|  0%| F|  |TAMS 0x00000000bcd00000| PB 0x00000000bcd00000| Untracked 
| 974|0x00000000bce00000, 0x00000000bce00000, 0x00000000bcf00000|  0%| F|  |TAMS 0x00000000bce00000| PB 0x00000000bce00000| Untracked 
| 975|0x00000000bcf00000, 0x00000000bcf00000, 0x00000000bd000000|  0%| F|  |TAMS 0x00000000bcf00000| PB 0x00000000bcf00000| Untracked 
| 976|0x00000000bd000000, 0x00000000bd000000, 0x00000000bd100000|  0%| F|  |TAMS 0x00000000bd000000| PB 0x00000000bd000000| Untracked 
| 977|0x00000000bd100000, 0x00000000bd100000, 0x00000000bd200000|  0%| F|  |TAMS 0x00000000bd100000| PB 0x00000000bd100000| Untracked 
| 978|0x00000000bd200000, 0x00000000bd200000, 0x00000000bd300000|  0%| F|  |TAMS 0x00000000bd200000| PB 0x00000000bd200000| Untracked 
| 979|0x00000000bd300000, 0x00000000bd300000, 0x00000000bd400000|  0%| F|  |TAMS 0x00000000bd300000| PB 0x00000000bd300000| Untracked 
| 980|0x00000000bd400000, 0x00000000bd400000, 0x00000000bd500000|  0%| F|  |TAMS 0x00000000bd400000| PB 0x00000000bd400000| Untracked 
| 981|0x00000000bd500000, 0x00000000bd500000, 0x00000000bd600000|  0%| F|  |TAMS 0x00000000bd500000| PB 0x00000000bd500000| Untracked 
| 982|0x00000000bd600000, 0x00000000bd600000, 0x00000000bd700000|  0%| F|  |TAMS 0x00000000bd600000| PB 0x00000000bd600000| Untracked 
| 983|0x00000000bd700000, 0x00000000bd700000, 0x00000000bd800000|  0%| F|  |TAMS 0x00000000bd700000| PB 0x00000000bd700000| Untracked 
| 984|0x00000000bd800000, 0x00000000bd800000, 0x00000000bd900000|  0%| F|  |TAMS 0x00000000bd800000| PB 0x00000000bd800000| Untracked 
| 985|0x00000000bd900000, 0x00000000bd900000, 0x00000000bda00000|  0%| F|  |TAMS 0x00000000bd900000| PB 0x00000000bd900000| Untracked 
| 986|0x00000000bda00000, 0x00000000bda00000, 0x00000000bdb00000|  0%| F|  |TAMS 0x00000000bda00000| PB 0x00000000bda00000| Untracked 
| 987|0x00000000bdb00000, 0x00000000bdb00000, 0x00000000bdc00000|  0%| F|  |TAMS 0x00000000bdb00000| PB 0x00000000bdb00000| Untracked 
| 988|0x00000000bdc00000, 0x00000000bdc00000, 0x00000000bdd00000|  0%| F|  |TAMS 0x00000000bdc00000| PB 0x00000000bdc00000| Untracked 
| 989|0x00000000bdd00000, 0x00000000bdd00000, 0x00000000bde00000|  0%| F|  |TAMS 0x00000000bdd00000| PB 0x00000000bdd00000| Untracked 
| 990|0x00000000bde00000, 0x00000000bde00000, 0x00000000bdf00000|  0%| F|  |TAMS 0x00000000bde00000| PB 0x00000000bde00000| Untracked 
| 991|0x00000000bdf00000, 0x00000000bdf00000, 0x00000000be000000|  0%| F|  |TAMS 0x00000000bdf00000| PB 0x00000000bdf00000| Untracked 
| 992|0x00000000be000000, 0x00000000be000000, 0x00000000be100000|  0%| F|  |TAMS 0x00000000be000000| PB 0x00000000be000000| Untracked 
| 993|0x00000000be100000, 0x00000000be100000, 0x00000000be200000|  0%| F|  |TAMS 0x00000000be100000| PB 0x00000000be100000| Untracked 
| 994|0x00000000be200000, 0x00000000be200000, 0x00000000be300000|  0%| F|  |TAMS 0x00000000be200000| PB 0x00000000be200000| Untracked 
| 995|0x00000000be300000, 0x00000000be300000, 0x00000000be400000|  0%| F|  |TAMS 0x00000000be300000| PB 0x00000000be300000| Untracked 
| 996|0x00000000be400000, 0x00000000be400000, 0x00000000be500000|  0%| F|  |TAMS 0x00000000be400000| PB 0x00000000be400000| Untracked 
| 997|0x00000000be500000, 0x00000000be500000, 0x00000000be600000|  0%| F|  |TAMS 0x00000000be500000| PB 0x00000000be500000| Untracked 
| 998|0x00000000be600000, 0x00000000be600000, 0x00000000be700000|  0%| F|  |TAMS 0x00000000be600000| PB 0x00000000be600000| Untracked 
| 999|0x00000000be700000, 0x00000000be700000, 0x00000000be800000|  0%| F|  |TAMS 0x00000000be700000| PB 0x00000000be700000| Untracked 
|1000|0x00000000be800000, 0x00000000be800000, 0x00000000be900000|  0%| F|  |TAMS 0x00000000be800000| PB 0x00000000be800000| Untracked 
|1001|0x00000000be900000, 0x00000000be900000, 0x00000000bea00000|  0%| F|  |TAMS 0x00000000be900000| PB 0x00000000be900000| Untracked 
|1002|0x00000000bea00000, 0x00000000bea00000, 0x00000000beb00000|  0%| F|  |TAMS 0x00000000bea00000| PB 0x00000000bea00000| Untracked 
|1003|0x00000000beb00000, 0x00000000beb00000, 0x00000000bec00000|  0%| F|  |TAMS 0x00000000beb00000| PB 0x00000000beb00000| Untracked 
|1004|0x00000000bec00000, 0x00000000bec00000, 0x00000000bed00000|  0%| F|  |TAMS 0x00000000bec00000| PB 0x00000000bec00000| Untracked 
|1005|0x00000000bed00000, 0x00000000bed00000, 0x00000000bee00000|  0%| F|  |TAMS 0x00000000bed00000| PB 0x00000000bed00000| Untracked 
|1006|0x00000000bee00000, 0x00000000bee00000, 0x00000000bef00000|  0%| F|  |TAMS 0x00000000bee00000| PB 0x00000000bee00000| Untracked 
|1007|0x00000000bef00000, 0x00000000bef00000, 0x00000000bf000000|  0%| F|  |TAMS 0x00000000bef00000| PB 0x00000000bef00000| Untracked 
|1008|0x00000000bf000000, 0x00000000bf000000, 0x00000000bf100000|  0%| F|  |TAMS 0x00000000bf000000| PB 0x00000000bf000000| Untracked 
|1009|0x00000000bf100000, 0x00000000bf100000, 0x00000000bf200000|  0%| F|  |TAMS 0x00000000bf100000| PB 0x00000000bf100000| Untracked 
|1010|0x00000000bf200000, 0x00000000bf200000, 0x00000000bf300000|  0%| F|  |TAMS 0x00000000bf200000| PB 0x00000000bf200000| Untracked 
|1011|0x00000000bf300000, 0x00000000bf300000, 0x00000000bf400000|  0%| F|  |TAMS 0x00000000bf300000| PB 0x00000000bf300000| Untracked 
|1012|0x00000000bf400000, 0x00000000bf400000, 0x00000000bf500000|  0%| F|  |TAMS 0x00000000bf400000| PB 0x00000000bf400000| Untracked 
|1013|0x00000000bf500000, 0x00000000bf500000, 0x00000000bf600000|  0%| F|  |TAMS 0x00000000bf500000| PB 0x00000000bf500000| Untracked 
|1014|0x00000000bf600000, 0x00000000bf600000, 0x00000000bf700000|  0%| F|  |TAMS 0x00000000bf600000| PB 0x00000000bf600000| Untracked 
|1015|0x00000000bf700000, 0x00000000bf700000, 0x00000000bf800000|  0%| F|  |TAMS 0x00000000bf700000| PB 0x00000000bf700000| Untracked 
|1016|0x00000000bf800000, 0x00000000bf800000, 0x00000000bf900000|  0%| F|  |TAMS 0x00000000bf800000| PB 0x00000000bf800000| Untracked 
|1017|0x00000000bf900000, 0x00000000bf900000, 0x00000000bfa00000|  0%| F|  |TAMS 0x00000000bf900000| PB 0x00000000bf900000| Untracked 
|1018|0x00000000bfa00000, 0x00000000bfa00000, 0x00000000bfb00000|  0%| F|  |TAMS 0x00000000bfa00000| PB 0x00000000bfa00000| Untracked 
|1019|0x00000000bfb00000, 0x00000000bfb00000, 0x00000000bfc00000|  0%| F|  |TAMS 0x00000000bfb00000| PB 0x00000000bfb00000| Untracked 
|1020|0x00000000bfc00000, 0x00000000bfc00000, 0x00000000bfd00000|  0%| F|  |TAMS 0x00000000bfc00000| PB 0x00000000bfc00000| Untracked 
|1021|0x00000000bfd00000, 0x00000000bfd00000, 0x00000000bfe00000|  0%| F|  |TAMS 0x00000000bfd00000| PB 0x00000000bfd00000| Untracked 
|1022|0x00000000bfe00000, 0x00000000bfe00000, 0x00000000bff00000|  0%| F|  |TAMS 0x00000000bfe00000| PB 0x00000000bfe00000| Untracked 
|1023|0x00000000bff00000, 0x00000000bff00000, 0x00000000c0000000|  0%| F|  |TAMS 0x00000000bff00000| PB 0x00000000bff00000| Untracked 
|1024|0x00000000c0000000, 0x00000000c0000000, 0x00000000c0100000|  0%| F|  |TAMS 0x00000000c0000000| PB 0x00000000c0000000| Untracked 
|1025|0x00000000c0100000, 0x00000000c0100000, 0x00000000c0200000|  0%| F|  |TAMS 0x00000000c0100000| PB 0x00000000c0100000| Untracked 
|1026|0x00000000c0200000, 0x00000000c0200000, 0x00000000c0300000|  0%| F|  |TAMS 0x00000000c0200000| PB 0x00000000c0200000| Untracked 
|1027|0x00000000c0300000, 0x00000000c0300000, 0x00000000c0400000|  0%| F|  |TAMS 0x00000000c0300000| PB 0x00000000c0300000| Untracked 
|1028|0x00000000c0400000, 0x00000000c0400000, 0x00000000c0500000|  0%| F|  |TAMS 0x00000000c0400000| PB 0x00000000c0400000| Untracked 
|1029|0x00000000c0500000, 0x00000000c0500000, 0x00000000c0600000|  0%| F|  |TAMS 0x00000000c0500000| PB 0x00000000c0500000| Untracked 
|1030|0x00000000c0600000, 0x00000000c0600000, 0x00000000c0700000|  0%| F|  |TAMS 0x00000000c0600000| PB 0x00000000c0600000| Untracked 
|1031|0x00000000c0700000, 0x00000000c0700000, 0x00000000c0800000|  0%| F|  |TAMS 0x00000000c0700000| PB 0x00000000c0700000| Untracked 
|1032|0x00000000c0800000, 0x00000000c0800000, 0x00000000c0900000|  0%| F|  |TAMS 0x00000000c0800000| PB 0x00000000c0800000| Untracked 
|1033|0x00000000c0900000, 0x00000000c0900000, 0x00000000c0a00000|  0%| F|  |TAMS 0x00000000c0900000| PB 0x00000000c0900000| Untracked 
|1034|0x00000000c0a00000, 0x00000000c0a00000, 0x00000000c0b00000|  0%| F|  |TAMS 0x00000000c0a00000| PB 0x00000000c0a00000| Untracked 
|1035|0x00000000c0b00000, 0x00000000c0b00000, 0x00000000c0c00000|  0%| F|  |TAMS 0x00000000c0b00000| PB 0x00000000c0b00000| Untracked 
|1036|0x00000000c0c00000, 0x00000000c0c00000, 0x00000000c0d00000|  0%| F|  |TAMS 0x00000000c0c00000| PB 0x00000000c0c00000| Untracked 
|1037|0x00000000c0d00000, 0x00000000c0d00000, 0x00000000c0e00000|  0%| F|  |TAMS 0x00000000c0d00000| PB 0x00000000c0d00000| Untracked 
|1038|0x00000000c0e00000, 0x00000000c0e00000, 0x00000000c0f00000|  0%| F|  |TAMS 0x00000000c0e00000| PB 0x00000000c0e00000| Untracked 
|1039|0x00000000c0f00000, 0x00000000c0f00000, 0x00000000c1000000|  0%| F|  |TAMS 0x00000000c0f00000| PB 0x00000000c0f00000| Untracked 
|1040|0x00000000c1000000, 0x00000000c1000000, 0x00000000c1100000|  0%| F|  |TAMS 0x00000000c1000000| PB 0x00000000c1000000| Untracked 
|1041|0x00000000c1100000, 0x00000000c1100000, 0x00000000c1200000|  0%| F|  |TAMS 0x00000000c1100000| PB 0x00000000c1100000| Untracked 
|1042|0x00000000c1200000, 0x00000000c1200000, 0x00000000c1300000|  0%| F|  |TAMS 0x00000000c1200000| PB 0x00000000c1200000| Untracked 
|1043|0x00000000c1300000, 0x00000000c1300000, 0x00000000c1400000|  0%| F|  |TAMS 0x00000000c1300000| PB 0x00000000c1300000| Untracked 
|1044|0x00000000c1400000, 0x00000000c1400000, 0x00000000c1500000|  0%| F|  |TAMS 0x00000000c1400000| PB 0x00000000c1400000| Untracked 
|1045|0x00000000c1500000, 0x00000000c1500000, 0x00000000c1600000|  0%| F|  |TAMS 0x00000000c1500000| PB 0x00000000c1500000| Untracked 
|1046|0x00000000c1600000, 0x00000000c1600000, 0x00000000c1700000|  0%| F|  |TAMS 0x00000000c1600000| PB 0x00000000c1600000| Untracked 
|1047|0x00000000c1700000, 0x00000000c1700000, 0x00000000c1800000|  0%| F|  |TAMS 0x00000000c1700000| PB 0x00000000c1700000| Untracked 
|1048|0x00000000c1800000, 0x00000000c1800000, 0x00000000c1900000|  0%| F|  |TAMS 0x00000000c1800000| PB 0x00000000c1800000| Untracked 
|1049|0x00000000c1900000, 0x00000000c1900000, 0x00000000c1a00000|  0%| F|  |TAMS 0x00000000c1900000| PB 0x00000000c1900000| Untracked 
|1050|0x00000000c1a00000, 0x00000000c1a00000, 0x00000000c1b00000|  0%| F|  |TAMS 0x00000000c1a00000| PB 0x00000000c1a00000| Untracked 
|1051|0x00000000c1b00000, 0x00000000c1b00000, 0x00000000c1c00000|  0%| F|  |TAMS 0x00000000c1b00000| PB 0x00000000c1b00000| Untracked 
|1052|0x00000000c1c00000, 0x00000000c1c00000, 0x00000000c1d00000|  0%| F|  |TAMS 0x00000000c1c00000| PB 0x00000000c1c00000| Untracked 
|1053|0x00000000c1d00000, 0x00000000c1d00000, 0x00000000c1e00000|  0%| F|  |TAMS 0x00000000c1d00000| PB 0x00000000c1d00000| Untracked 
|1054|0x00000000c1e00000, 0x00000000c1e00000, 0x00000000c1f00000|  0%| F|  |TAMS 0x00000000c1e00000| PB 0x00000000c1e00000| Untracked 
|1055|0x00000000c1f00000, 0x00000000c1f00000, 0x00000000c2000000|  0%| F|  |TAMS 0x00000000c1f00000| PB 0x00000000c1f00000| Untracked 
|1056|0x00000000c2000000, 0x00000000c2000000, 0x00000000c2100000|  0%| F|  |TAMS 0x00000000c2000000| PB 0x00000000c2000000| Untracked 
|1057|0x00000000c2100000, 0x00000000c2100000, 0x00000000c2200000|  0%| F|  |TAMS 0x00000000c2100000| PB 0x00000000c2100000| Untracked 
|1058|0x00000000c2200000, 0x00000000c2200000, 0x00000000c2300000|  0%| F|  |TAMS 0x00000000c2200000| PB 0x00000000c2200000| Untracked 
|1059|0x00000000c2300000, 0x00000000c2300000, 0x00000000c2400000|  0%| F|  |TAMS 0x00000000c2300000| PB 0x00000000c2300000| Untracked 
|1060|0x00000000c2400000, 0x00000000c2400000, 0x00000000c2500000|  0%| F|  |TAMS 0x00000000c2400000| PB 0x00000000c2400000| Untracked 
|1061|0x00000000c2500000, 0x00000000c2500000, 0x00000000c2600000|  0%| F|  |TAMS 0x00000000c2500000| PB 0x00000000c2500000| Untracked 
|1062|0x00000000c2600000, 0x00000000c2600000, 0x00000000c2700000|  0%| F|  |TAMS 0x00000000c2600000| PB 0x00000000c2600000| Untracked 
|1063|0x00000000c2700000, 0x00000000c2700000, 0x00000000c2800000|  0%| F|  |TAMS 0x00000000c2700000| PB 0x00000000c2700000| Untracked 
|1064|0x00000000c2800000, 0x00000000c2800000, 0x00000000c2900000|  0%| F|  |TAMS 0x00000000c2800000| PB 0x00000000c2800000| Untracked 
|1065|0x00000000c2900000, 0x00000000c2900000, 0x00000000c2a00000|  0%| F|  |TAMS 0x00000000c2900000| PB 0x00000000c2900000| Untracked 
|1066|0x00000000c2a00000, 0x00000000c2a00000, 0x00000000c2b00000|  0%| F|  |TAMS 0x00000000c2a00000| PB 0x00000000c2a00000| Untracked 
|1067|0x00000000c2b00000, 0x00000000c2b00000, 0x00000000c2c00000|  0%| F|  |TAMS 0x00000000c2b00000| PB 0x00000000c2b00000| Untracked 
|1068|0x00000000c2c00000, 0x00000000c2c00000, 0x00000000c2d00000|  0%| F|  |TAMS 0x00000000c2c00000| PB 0x00000000c2c00000| Untracked 
|1069|0x00000000c2d00000, 0x00000000c2d00000, 0x00000000c2e00000|  0%| F|  |TAMS 0x00000000c2d00000| PB 0x00000000c2d00000| Untracked 
|1070|0x00000000c2e00000, 0x00000000c2e00000, 0x00000000c2f00000|  0%| F|  |TAMS 0x00000000c2e00000| PB 0x00000000c2e00000| Untracked 
|1071|0x00000000c2f00000, 0x00000000c2f00000, 0x00000000c3000000|  0%| F|  |TAMS 0x00000000c2f00000| PB 0x00000000c2f00000| Untracked 
|1072|0x00000000c3000000, 0x00000000c3000000, 0x00000000c3100000|  0%| F|  |TAMS 0x00000000c3000000| PB 0x00000000c3000000| Untracked 
|1073|0x00000000c3100000, 0x00000000c3100000, 0x00000000c3200000|  0%| F|  |TAMS 0x00000000c3100000| PB 0x00000000c3100000| Untracked 
|1074|0x00000000c3200000, 0x00000000c3200000, 0x00000000c3300000|  0%| F|  |TAMS 0x00000000c3200000| PB 0x00000000c3200000| Untracked 
|1075|0x00000000c3300000, 0x00000000c3300000, 0x00000000c3400000|  0%| F|  |TAMS 0x00000000c3300000| PB 0x00000000c3300000| Untracked 
|1076|0x00000000c3400000, 0x00000000c3400000, 0x00000000c3500000|  0%| F|  |TAMS 0x00000000c3400000| PB 0x00000000c3400000| Untracked 
|1077|0x00000000c3500000, 0x00000000c3500000, 0x00000000c3600000|  0%| F|  |TAMS 0x00000000c3500000| PB 0x00000000c3500000| Untracked 
|1078|0x00000000c3600000, 0x00000000c3600000, 0x00000000c3700000|  0%| F|  |TAMS 0x00000000c3600000| PB 0x00000000c3600000| Untracked 
|1079|0x00000000c3700000, 0x00000000c3700000, 0x00000000c3800000|  0%| F|  |TAMS 0x00000000c3700000| PB 0x00000000c3700000| Untracked 
|1080|0x00000000c3800000, 0x00000000c3800000, 0x00000000c3900000|  0%| F|  |TAMS 0x00000000c3800000| PB 0x00000000c3800000| Untracked 
|1081|0x00000000c3900000, 0x00000000c3900000, 0x00000000c3a00000|  0%| F|  |TAMS 0x00000000c3900000| PB 0x00000000c3900000| Untracked 
|1082|0x00000000c3a00000, 0x00000000c3a00000, 0x00000000c3b00000|  0%| F|  |TAMS 0x00000000c3a00000| PB 0x00000000c3a00000| Untracked 
|1083|0x00000000c3b00000, 0x00000000c3b00000, 0x00000000c3c00000|  0%| F|  |TAMS 0x00000000c3b00000| PB 0x00000000c3b00000| Untracked 
|1084|0x00000000c3c00000, 0x00000000c3c00000, 0x00000000c3d00000|  0%| F|  |TAMS 0x00000000c3c00000| PB 0x00000000c3c00000| Untracked 
|1085|0x00000000c3d00000, 0x00000000c3d00000, 0x00000000c3e00000|  0%| F|  |TAMS 0x00000000c3d00000| PB 0x00000000c3d00000| Untracked 
|1086|0x00000000c3e00000, 0x00000000c3e00000, 0x00000000c3f00000|  0%| F|  |TAMS 0x00000000c3e00000| PB 0x00000000c3e00000| Untracked 
|1087|0x00000000c3f00000, 0x00000000c3f00000, 0x00000000c4000000|  0%| F|  |TAMS 0x00000000c3f00000| PB 0x00000000c3f00000| Untracked 
|1088|0x00000000c4000000, 0x00000000c4000000, 0x00000000c4100000|  0%| F|  |TAMS 0x00000000c4000000| PB 0x00000000c4000000| Untracked 
|1089|0x00000000c4100000, 0x00000000c4100000, 0x00000000c4200000|  0%| F|  |TAMS 0x00000000c4100000| PB 0x00000000c4100000| Untracked 
|1090|0x00000000c4200000, 0x00000000c4200000, 0x00000000c4300000|  0%| F|  |TAMS 0x00000000c4200000| PB 0x00000000c4200000| Untracked 
|1091|0x00000000c4300000, 0x00000000c4300000, 0x00000000c4400000|  0%| F|  |TAMS 0x00000000c4300000| PB 0x00000000c4300000| Untracked 
|1092|0x00000000c4400000, 0x00000000c4400000, 0x00000000c4500000|  0%| F|  |TAMS 0x00000000c4400000| PB 0x00000000c4400000| Untracked 
|1093|0x00000000c4500000, 0x00000000c4500000, 0x00000000c4600000|  0%| F|  |TAMS 0x00000000c4500000| PB 0x00000000c4500000| Untracked 
|1094|0x00000000c4600000, 0x00000000c4600000, 0x00000000c4700000|  0%| F|  |TAMS 0x00000000c4600000| PB 0x00000000c4600000| Untracked 
|1095|0x00000000c4700000, 0x00000000c4700000, 0x00000000c4800000|  0%| F|  |TAMS 0x00000000c4700000| PB 0x00000000c4700000| Untracked 
|1096|0x00000000c4800000, 0x00000000c4800000, 0x00000000c4900000|  0%| F|  |TAMS 0x00000000c4800000| PB 0x00000000c4800000| Untracked 
|1097|0x00000000c4900000, 0x00000000c4900000, 0x00000000c4a00000|  0%| F|  |TAMS 0x00000000c4900000| PB 0x00000000c4900000| Untracked 
|1098|0x00000000c4a00000, 0x00000000c4a00000, 0x00000000c4b00000|  0%| F|  |TAMS 0x00000000c4a00000| PB 0x00000000c4a00000| Untracked 
|1099|0x00000000c4b00000, 0x00000000c4b00000, 0x00000000c4c00000|  0%| F|  |TAMS 0x00000000c4b00000| PB 0x00000000c4b00000| Untracked 
|1100|0x00000000c4c00000, 0x00000000c4c00000, 0x00000000c4d00000|  0%| F|  |TAMS 0x00000000c4c00000| PB 0x00000000c4c00000| Untracked 
|1101|0x00000000c4d00000, 0x00000000c4d00000, 0x00000000c4e00000|  0%| F|  |TAMS 0x00000000c4d00000| PB 0x00000000c4d00000| Untracked 
|1102|0x00000000c4e00000, 0x00000000c4e00000, 0x00000000c4f00000|  0%| F|  |TAMS 0x00000000c4e00000| PB 0x00000000c4e00000| Untracked 
|1103|0x00000000c4f00000, 0x00000000c4f00000, 0x00000000c5000000|  0%| F|  |TAMS 0x00000000c4f00000| PB 0x00000000c4f00000| Untracked 
|1104|0x00000000c5000000, 0x00000000c5000000, 0x00000000c5100000|  0%| F|  |TAMS 0x00000000c5000000| PB 0x00000000c5000000| Untracked 
|1105|0x00000000c5100000, 0x00000000c5100000, 0x00000000c5200000|  0%| F|  |TAMS 0x00000000c5100000| PB 0x00000000c5100000| Untracked 
|1106|0x00000000c5200000, 0x00000000c5200000, 0x00000000c5300000|  0%| F|  |TAMS 0x00000000c5200000| PB 0x00000000c5200000| Untracked 
|1107|0x00000000c5300000, 0x00000000c5300000, 0x00000000c5400000|  0%| F|  |TAMS 0x00000000c5300000| PB 0x00000000c5300000| Untracked 
|1108|0x00000000c5400000, 0x00000000c5400000, 0x00000000c5500000|  0%| F|  |TAMS 0x00000000c5400000| PB 0x00000000c5400000| Untracked 
|1109|0x00000000c5500000, 0x00000000c5500000, 0x00000000c5600000|  0%| F|  |TAMS 0x00000000c5500000| PB 0x00000000c5500000| Untracked 
|1110|0x00000000c5600000, 0x00000000c5600000, 0x00000000c5700000|  0%| F|  |TAMS 0x00000000c5600000| PB 0x00000000c5600000| Untracked 
|1111|0x00000000c5700000, 0x00000000c5700000, 0x00000000c5800000|  0%| F|  |TAMS 0x00000000c5700000| PB 0x00000000c5700000| Untracked 
|1112|0x00000000c5800000, 0x00000000c5800000, 0x00000000c5900000|  0%| F|  |TAMS 0x00000000c5800000| PB 0x00000000c5800000| Untracked 
|1113|0x00000000c5900000, 0x00000000c5900000, 0x00000000c5a00000|  0%| F|  |TAMS 0x00000000c5900000| PB 0x00000000c5900000| Untracked 
|1114|0x00000000c5a00000, 0x00000000c5a00000, 0x00000000c5b00000|  0%| F|  |TAMS 0x00000000c5a00000| PB 0x00000000c5a00000| Untracked 
|1115|0x00000000c5b00000, 0x00000000c5b00000, 0x00000000c5c00000|  0%| F|  |TAMS 0x00000000c5b00000| PB 0x00000000c5b00000| Untracked 
|1116|0x00000000c5c00000, 0x00000000c5c00000, 0x00000000c5d00000|  0%| F|  |TAMS 0x00000000c5c00000| PB 0x00000000c5c00000| Untracked 
|1117|0x00000000c5d00000, 0x00000000c5d00000, 0x00000000c5e00000|  0%| F|  |TAMS 0x00000000c5d00000| PB 0x00000000c5d00000| Untracked 
|1118|0x00000000c5e00000, 0x00000000c5e00000, 0x00000000c5f00000|  0%| F|  |TAMS 0x00000000c5e00000| PB 0x00000000c5e00000| Untracked 
|1119|0x00000000c5f00000, 0x00000000c5f00000, 0x00000000c6000000|  0%| F|  |TAMS 0x00000000c5f00000| PB 0x00000000c5f00000| Untracked 
|1120|0x00000000c6000000, 0x00000000c6000000, 0x00000000c6100000|  0%| F|  |TAMS 0x00000000c6000000| PB 0x00000000c6000000| Untracked 
|1121|0x00000000c6100000, 0x00000000c6100000, 0x00000000c6200000|  0%| F|  |TAMS 0x00000000c6100000| PB 0x00000000c6100000| Untracked 
|1122|0x00000000c6200000, 0x00000000c6200000, 0x00000000c6300000|  0%| F|  |TAMS 0x00000000c6200000| PB 0x00000000c6200000| Untracked 
|1123|0x00000000c6300000, 0x00000000c6300000, 0x00000000c6400000|  0%| F|  |TAMS 0x00000000c6300000| PB 0x00000000c6300000| Untracked 
|1124|0x00000000c6400000, 0x00000000c6400000, 0x00000000c6500000|  0%| F|  |TAMS 0x00000000c6400000| PB 0x00000000c6400000| Untracked 
|1125|0x00000000c6500000, 0x00000000c6500000, 0x00000000c6600000|  0%| F|  |TAMS 0x00000000c6500000| PB 0x00000000c6500000| Untracked 
|1126|0x00000000c6600000, 0x00000000c6600000, 0x00000000c6700000|  0%| F|  |TAMS 0x00000000c6600000| PB 0x00000000c6600000| Untracked 
|1127|0x00000000c6700000, 0x00000000c6700000, 0x00000000c6800000|  0%| F|  |TAMS 0x00000000c6700000| PB 0x00000000c6700000| Untracked 
|1128|0x00000000c6800000, 0x00000000c6800000, 0x00000000c6900000|  0%| F|  |TAMS 0x00000000c6800000| PB 0x00000000c6800000| Untracked 
|1129|0x00000000c6900000, 0x00000000c6900000, 0x00000000c6a00000|  0%| F|  |TAMS 0x00000000c6900000| PB 0x00000000c6900000| Untracked 
|1130|0x00000000c6a00000, 0x00000000c6a00000, 0x00000000c6b00000|  0%| F|  |TAMS 0x00000000c6a00000| PB 0x00000000c6a00000| Untracked 
|1131|0x00000000c6b00000, 0x00000000c6b00000, 0x00000000c6c00000|  0%| F|  |TAMS 0x00000000c6b00000| PB 0x00000000c6b00000| Untracked 
|1132|0x00000000c6c00000, 0x00000000c6c00000, 0x00000000c6d00000|  0%| F|  |TAMS 0x00000000c6c00000| PB 0x00000000c6c00000| Untracked 
|1133|0x00000000c6d00000, 0x00000000c6d00000, 0x00000000c6e00000|  0%| F|  |TAMS 0x00000000c6d00000| PB 0x00000000c6d00000| Untracked 
|1134|0x00000000c6e00000, 0x00000000c6e00000, 0x00000000c6f00000|  0%| F|  |TAMS 0x00000000c6e00000| PB 0x00000000c6e00000| Untracked 
|1135|0x00000000c6f00000, 0x00000000c6f00000, 0x00000000c7000000|  0%| F|  |TAMS 0x00000000c6f00000| PB 0x00000000c6f00000| Untracked 
|1136|0x00000000c7000000, 0x00000000c7000000, 0x00000000c7100000|  0%| F|  |TAMS 0x00000000c7000000| PB 0x00000000c7000000| Untracked 
|1137|0x00000000c7100000, 0x00000000c7100000, 0x00000000c7200000|  0%| F|  |TAMS 0x00000000c7100000| PB 0x00000000c7100000| Untracked 
|1138|0x00000000c7200000, 0x00000000c7200000, 0x00000000c7300000|  0%| F|  |TAMS 0x00000000c7200000| PB 0x00000000c7200000| Untracked 
|1139|0x00000000c7300000, 0x00000000c7300000, 0x00000000c7400000|  0%| F|  |TAMS 0x00000000c7300000| PB 0x00000000c7300000| Untracked 
|1140|0x00000000c7400000, 0x00000000c7400000, 0x00000000c7500000|  0%| F|  |TAMS 0x00000000c7400000| PB 0x00000000c7400000| Untracked 
|1141|0x00000000c7500000, 0x00000000c7500000, 0x00000000c7600000|  0%| F|  |TAMS 0x00000000c7500000| PB 0x00000000c7500000| Untracked 
|1142|0x00000000c7600000, 0x00000000c7600000, 0x00000000c7700000|  0%| F|  |TAMS 0x00000000c7600000| PB 0x00000000c7600000| Untracked 
|1143|0x00000000c7700000, 0x00000000c7700000, 0x00000000c7800000|  0%| F|  |TAMS 0x00000000c7700000| PB 0x00000000c7700000| Untracked 
|1144|0x00000000c7800000, 0x00000000c7800000, 0x00000000c7900000|  0%| F|  |TAMS 0x00000000c7800000| PB 0x00000000c7800000| Untracked 
|1145|0x00000000c7900000, 0x00000000c7900000, 0x00000000c7a00000|  0%| F|  |TAMS 0x00000000c7900000| PB 0x00000000c7900000| Untracked 
|1146|0x00000000c7a00000, 0x00000000c7a00000, 0x00000000c7b00000|  0%| F|  |TAMS 0x00000000c7a00000| PB 0x00000000c7a00000| Untracked 
|1147|0x00000000c7b00000, 0x00000000c7b00000, 0x00000000c7c00000|  0%| F|  |TAMS 0x00000000c7b00000| PB 0x00000000c7b00000| Untracked 
|1148|0x00000000c7c00000, 0x00000000c7c00000, 0x00000000c7d00000|  0%| F|  |TAMS 0x00000000c7c00000| PB 0x00000000c7c00000| Untracked 
|1149|0x00000000c7d00000, 0x00000000c7d00000, 0x00000000c7e00000|  0%| F|  |TAMS 0x00000000c7d00000| PB 0x00000000c7d00000| Untracked 
|1150|0x00000000c7e00000, 0x00000000c7e00000, 0x00000000c7f00000|  0%| F|  |TAMS 0x00000000c7e00000| PB 0x00000000c7e00000| Untracked 
|1151|0x00000000c7f00000, 0x00000000c7f00000, 0x00000000c8000000|  0%| F|  |TAMS 0x00000000c7f00000| PB 0x00000000c7f00000| Untracked 
|1152|0x00000000c8000000, 0x00000000c8000000, 0x00000000c8100000|  0%| F|  |TAMS 0x00000000c8000000| PB 0x00000000c8000000| Untracked 
|1153|0x00000000c8100000, 0x00000000c8100000, 0x00000000c8200000|  0%| F|  |TAMS 0x00000000c8100000| PB 0x00000000c8100000| Untracked 
|1154|0x00000000c8200000, 0x00000000c8200000, 0x00000000c8300000|  0%| F|  |TAMS 0x00000000c8200000| PB 0x00000000c8200000| Untracked 
|1155|0x00000000c8300000, 0x00000000c8300000, 0x00000000c8400000|  0%| F|  |TAMS 0x00000000c8300000| PB 0x00000000c8300000| Untracked 
|1156|0x00000000c8400000, 0x00000000c8400000, 0x00000000c8500000|  0%| F|  |TAMS 0x00000000c8400000| PB 0x00000000c8400000| Untracked 
|1157|0x00000000c8500000, 0x00000000c8500000, 0x00000000c8600000|  0%| F|  |TAMS 0x00000000c8500000| PB 0x00000000c8500000| Untracked 
|1158|0x00000000c8600000, 0x00000000c8600000, 0x00000000c8700000|  0%| F|  |TAMS 0x00000000c8600000| PB 0x00000000c8600000| Untracked 
|1159|0x00000000c8700000, 0x00000000c8700000, 0x00000000c8800000|  0%| F|  |TAMS 0x00000000c8700000| PB 0x00000000c8700000| Untracked 
|1160|0x00000000c8800000, 0x00000000c8800000, 0x00000000c8900000|  0%| F|  |TAMS 0x00000000c8800000| PB 0x00000000c8800000| Untracked 
|1161|0x00000000c8900000, 0x00000000c8900000, 0x00000000c8a00000|  0%| F|  |TAMS 0x00000000c8900000| PB 0x00000000c8900000| Untracked 
|1162|0x00000000c8a00000, 0x00000000c8a00000, 0x00000000c8b00000|  0%| F|  |TAMS 0x00000000c8a00000| PB 0x00000000c8a00000| Untracked 
|1163|0x00000000c8b00000, 0x00000000c8b00000, 0x00000000c8c00000|  0%| F|  |TAMS 0x00000000c8b00000| PB 0x00000000c8b00000| Untracked 
|1164|0x00000000c8c00000, 0x00000000c8c00000, 0x00000000c8d00000|  0%| F|  |TAMS 0x00000000c8c00000| PB 0x00000000c8c00000| Untracked 
|1165|0x00000000c8d00000, 0x00000000c8d00000, 0x00000000c8e00000|  0%| F|  |TAMS 0x00000000c8d00000| PB 0x00000000c8d00000| Untracked 
|1166|0x00000000c8e00000, 0x00000000c8e00000, 0x00000000c8f00000|  0%| F|  |TAMS 0x00000000c8e00000| PB 0x00000000c8e00000| Untracked 
|1167|0x00000000c8f00000, 0x00000000c8f00000, 0x00000000c9000000|  0%| F|  |TAMS 0x00000000c8f00000| PB 0x00000000c8f00000| Untracked 
|1168|0x00000000c9000000, 0x00000000c9000000, 0x00000000c9100000|  0%| F|  |TAMS 0x00000000c9000000| PB 0x00000000c9000000| Untracked 
|1169|0x00000000c9100000, 0x00000000c9100000, 0x00000000c9200000|  0%| F|  |TAMS 0x00000000c9100000| PB 0x00000000c9100000| Untracked 
|1170|0x00000000c9200000, 0x00000000c9200000, 0x00000000c9300000|  0%| F|  |TAMS 0x00000000c9200000| PB 0x00000000c9200000| Untracked 
|1171|0x00000000c9300000, 0x00000000c9300000, 0x00000000c9400000|  0%| F|  |TAMS 0x00000000c9300000| PB 0x00000000c9300000| Untracked 
|1172|0x00000000c9400000, 0x00000000c9400000, 0x00000000c9500000|  0%| F|  |TAMS 0x00000000c9400000| PB 0x00000000c9400000| Untracked 
|1173|0x00000000c9500000, 0x00000000c9500000, 0x00000000c9600000|  0%| F|  |TAMS 0x00000000c9500000| PB 0x00000000c9500000| Untracked 
|1174|0x00000000c9600000, 0x00000000c9600000, 0x00000000c9700000|  0%| F|  |TAMS 0x00000000c9600000| PB 0x00000000c9600000| Untracked 
|1175|0x00000000c9700000, 0x00000000c9700000, 0x00000000c9800000|  0%| F|  |TAMS 0x00000000c9700000| PB 0x00000000c9700000| Untracked 
|1176|0x00000000c9800000, 0x00000000c9800000, 0x00000000c9900000|  0%| F|  |TAMS 0x00000000c9800000| PB 0x00000000c9800000| Untracked 
|1177|0x00000000c9900000, 0x00000000c9900000, 0x00000000c9a00000|  0%| F|  |TAMS 0x00000000c9900000| PB 0x00000000c9900000| Untracked 
|1178|0x00000000c9a00000, 0x00000000c9a00000, 0x00000000c9b00000|  0%| F|  |TAMS 0x00000000c9a00000| PB 0x00000000c9a00000| Untracked 
|1179|0x00000000c9b00000, 0x00000000c9b00000, 0x00000000c9c00000|  0%| F|  |TAMS 0x00000000c9b00000| PB 0x00000000c9b00000| Untracked 
|1180|0x00000000c9c00000, 0x00000000c9c00000, 0x00000000c9d00000|  0%| F|  |TAMS 0x00000000c9c00000| PB 0x00000000c9c00000| Untracked 
|1181|0x00000000c9d00000, 0x00000000c9d00000, 0x00000000c9e00000|  0%| F|  |TAMS 0x00000000c9d00000| PB 0x00000000c9d00000| Untracked 
|1182|0x00000000c9e00000, 0x00000000c9e00000, 0x00000000c9f00000|  0%| F|  |TAMS 0x00000000c9e00000| PB 0x00000000c9e00000| Untracked 
|1183|0x00000000c9f00000, 0x00000000c9f00000, 0x00000000ca000000|  0%| F|  |TAMS 0x00000000c9f00000| PB 0x00000000c9f00000| Untracked 
|1184|0x00000000ca000000, 0x00000000ca000000, 0x00000000ca100000|  0%| F|  |TAMS 0x00000000ca000000| PB 0x00000000ca000000| Untracked 
|1185|0x00000000ca100000, 0x00000000ca100000, 0x00000000ca200000|  0%| F|  |TAMS 0x00000000ca100000| PB 0x00000000ca100000| Untracked 
|1186|0x00000000ca200000, 0x00000000ca200000, 0x00000000ca300000|  0%| F|  |TAMS 0x00000000ca200000| PB 0x00000000ca200000| Untracked 
|1187|0x00000000ca300000, 0x00000000ca300000, 0x00000000ca400000|  0%| F|  |TAMS 0x00000000ca300000| PB 0x00000000ca300000| Untracked 
|1188|0x00000000ca400000, 0x00000000ca400000, 0x00000000ca500000|  0%| F|  |TAMS 0x00000000ca400000| PB 0x00000000ca400000| Untracked 
|1189|0x00000000ca500000, 0x00000000ca500000, 0x00000000ca600000|  0%| F|  |TAMS 0x00000000ca500000| PB 0x00000000ca500000| Untracked 
|1190|0x00000000ca600000, 0x00000000ca600000, 0x00000000ca700000|  0%| F|  |TAMS 0x00000000ca600000| PB 0x00000000ca600000| Untracked 
|1191|0x00000000ca700000, 0x00000000ca700000, 0x00000000ca800000|  0%| F|  |TAMS 0x00000000ca700000| PB 0x00000000ca700000| Untracked 
|1192|0x00000000ca800000, 0x00000000ca800000, 0x00000000ca900000|  0%| F|  |TAMS 0x00000000ca800000| PB 0x00000000ca800000| Untracked 
|1193|0x00000000ca900000, 0x00000000ca900000, 0x00000000caa00000|  0%| F|  |TAMS 0x00000000ca900000| PB 0x00000000ca900000| Untracked 
|1194|0x00000000caa00000, 0x00000000caa00000, 0x00000000cab00000|  0%| F|  |TAMS 0x00000000caa00000| PB 0x00000000caa00000| Untracked 
|1195|0x00000000cab00000, 0x00000000cab00000, 0x00000000cac00000|  0%| F|  |TAMS 0x00000000cab00000| PB 0x00000000cab00000| Untracked 
|1196|0x00000000cac00000, 0x00000000cac00000, 0x00000000cad00000|  0%| F|  |TAMS 0x00000000cac00000| PB 0x00000000cac00000| Untracked 
|1197|0x00000000cad00000, 0x00000000cad00000, 0x00000000cae00000|  0%| F|  |TAMS 0x00000000cad00000| PB 0x00000000cad00000| Untracked 
|1198|0x00000000cae00000, 0x00000000cae00000, 0x00000000caf00000|  0%| F|  |TAMS 0x00000000cae00000| PB 0x00000000cae00000| Untracked 
|1199|0x00000000caf00000, 0x00000000caf00000, 0x00000000cb000000|  0%| F|  |TAMS 0x00000000caf00000| PB 0x00000000caf00000| Untracked 
|1200|0x00000000cb000000, 0x00000000cb000000, 0x00000000cb100000|  0%| F|  |TAMS 0x00000000cb000000| PB 0x00000000cb000000| Untracked 
|1201|0x00000000cb100000, 0x00000000cb100000, 0x00000000cb200000|  0%| F|  |TAMS 0x00000000cb100000| PB 0x00000000cb100000| Untracked 
|1202|0x00000000cb200000, 0x00000000cb200000, 0x00000000cb300000|  0%| F|  |TAMS 0x00000000cb200000| PB 0x00000000cb200000| Untracked 
|1203|0x00000000cb300000, 0x00000000cb300000, 0x00000000cb400000|  0%| F|  |TAMS 0x00000000cb300000| PB 0x00000000cb300000| Untracked 
|1204|0x00000000cb400000, 0x00000000cb400000, 0x00000000cb500000|  0%| F|  |TAMS 0x00000000cb400000| PB 0x00000000cb400000| Untracked 
|1205|0x00000000cb500000, 0x00000000cb500000, 0x00000000cb600000|  0%| F|  |TAMS 0x00000000cb500000| PB 0x00000000cb500000| Untracked 
|1206|0x00000000cb600000, 0x00000000cb600000, 0x00000000cb700000|  0%| F|  |TAMS 0x00000000cb600000| PB 0x00000000cb600000| Untracked 
|1207|0x00000000cb700000, 0x00000000cb700000, 0x00000000cb800000|  0%| F|  |TAMS 0x00000000cb700000| PB 0x00000000cb700000| Untracked 
|1208|0x00000000cb800000, 0x00000000cb800000, 0x00000000cb900000|  0%| F|  |TAMS 0x00000000cb800000| PB 0x00000000cb800000| Untracked 
|1209|0x00000000cb900000, 0x00000000cb900000, 0x00000000cba00000|  0%| F|  |TAMS 0x00000000cb900000| PB 0x00000000cb900000| Untracked 
|1210|0x00000000cba00000, 0x00000000cba00000, 0x00000000cbb00000|  0%| F|  |TAMS 0x00000000cba00000| PB 0x00000000cba00000| Untracked 
|1211|0x00000000cbb00000, 0x00000000cbb00000, 0x00000000cbc00000|  0%| F|  |TAMS 0x00000000cbb00000| PB 0x00000000cbb00000| Untracked 
|1212|0x00000000cbc00000, 0x00000000cbc00000, 0x00000000cbd00000|  0%| F|  |TAMS 0x00000000cbc00000| PB 0x00000000cbc00000| Untracked 
|1213|0x00000000cbd00000, 0x00000000cbd00000, 0x00000000cbe00000|  0%| F|  |TAMS 0x00000000cbd00000| PB 0x00000000cbd00000| Untracked 
|1214|0x00000000cbe00000, 0x00000000cbe00000, 0x00000000cbf00000|  0%| F|  |TAMS 0x00000000cbe00000| PB 0x00000000cbe00000| Untracked 
|1215|0x00000000cbf00000, 0x00000000cbf00000, 0x00000000cc000000|  0%| F|  |TAMS 0x00000000cbf00000| PB 0x00000000cbf00000| Untracked 
|1216|0x00000000cc000000, 0x00000000cc000000, 0x00000000cc100000|  0%| F|  |TAMS 0x00000000cc000000| PB 0x00000000cc000000| Untracked 
|1217|0x00000000cc100000, 0x00000000cc100000, 0x00000000cc200000|  0%| F|  |TAMS 0x00000000cc100000| PB 0x00000000cc100000| Untracked 
|1218|0x00000000cc200000, 0x00000000cc200000, 0x00000000cc300000|  0%| F|  |TAMS 0x00000000cc200000| PB 0x00000000cc200000| Untracked 
|1219|0x00000000cc300000, 0x00000000cc300000, 0x00000000cc400000|  0%| F|  |TAMS 0x00000000cc300000| PB 0x00000000cc300000| Untracked 
|1220|0x00000000cc400000, 0x00000000cc400000, 0x00000000cc500000|  0%| F|  |TAMS 0x00000000cc400000| PB 0x00000000cc400000| Untracked 
|1221|0x00000000cc500000, 0x00000000cc500000, 0x00000000cc600000|  0%| F|  |TAMS 0x00000000cc500000| PB 0x00000000cc500000| Untracked 
|1222|0x00000000cc600000, 0x00000000cc600000, 0x00000000cc700000|  0%| F|  |TAMS 0x00000000cc600000| PB 0x00000000cc600000| Untracked 
|1223|0x00000000cc700000, 0x00000000cc700000, 0x00000000cc800000|  0%| F|  |TAMS 0x00000000cc700000| PB 0x00000000cc700000| Untracked 
|1224|0x00000000cc800000, 0x00000000cc800000, 0x00000000cc900000|  0%| F|  |TAMS 0x00000000cc800000| PB 0x00000000cc800000| Untracked 
|1225|0x00000000cc900000, 0x00000000cc900000, 0x00000000cca00000|  0%| F|  |TAMS 0x00000000cc900000| PB 0x00000000cc900000| Untracked 
|1226|0x00000000cca00000, 0x00000000cca00000, 0x00000000ccb00000|  0%| F|  |TAMS 0x00000000cca00000| PB 0x00000000cca00000| Untracked 
|1227|0x00000000ccb00000, 0x00000000ccb00000, 0x00000000ccc00000|  0%| F|  |TAMS 0x00000000ccb00000| PB 0x00000000ccb00000| Untracked 
|1228|0x00000000ccc00000, 0x00000000ccc00000, 0x00000000ccd00000|  0%| F|  |TAMS 0x00000000ccc00000| PB 0x00000000ccc00000| Untracked 
|1229|0x00000000ccd00000, 0x00000000ccd00000, 0x00000000cce00000|  0%| F|  |TAMS 0x00000000ccd00000| PB 0x00000000ccd00000| Untracked 
|1230|0x00000000cce00000, 0x00000000cce00000, 0x00000000ccf00000|  0%| F|  |TAMS 0x00000000cce00000| PB 0x00000000cce00000| Untracked 
|1231|0x00000000ccf00000, 0x00000000ccf00000, 0x00000000cd000000|  0%| F|  |TAMS 0x00000000ccf00000| PB 0x00000000ccf00000| Untracked 
|1232|0x00000000cd000000, 0x00000000cd000000, 0x00000000cd100000|  0%| F|  |TAMS 0x00000000cd000000| PB 0x00000000cd000000| Untracked 
|1233|0x00000000cd100000, 0x00000000cd100000, 0x00000000cd200000|  0%| F|  |TAMS 0x00000000cd100000| PB 0x00000000cd100000| Untracked 
|1234|0x00000000cd200000, 0x00000000cd200000, 0x00000000cd300000|  0%| F|  |TAMS 0x00000000cd200000| PB 0x00000000cd200000| Untracked 
|1235|0x00000000cd300000, 0x00000000cd300000, 0x00000000cd400000|  0%| F|  |TAMS 0x00000000cd300000| PB 0x00000000cd300000| Untracked 
|1236|0x00000000cd400000, 0x00000000cd400000, 0x00000000cd500000|  0%| F|  |TAMS 0x00000000cd400000| PB 0x00000000cd400000| Untracked 
|1237|0x00000000cd500000, 0x00000000cd500000, 0x00000000cd600000|  0%| F|  |TAMS 0x00000000cd500000| PB 0x00000000cd500000| Untracked 
|1238|0x00000000cd600000, 0x00000000cd600000, 0x00000000cd700000|  0%| F|  |TAMS 0x00000000cd600000| PB 0x00000000cd600000| Untracked 
|1239|0x00000000cd700000, 0x00000000cd700000, 0x00000000cd800000|  0%| F|  |TAMS 0x00000000cd700000| PB 0x00000000cd700000| Untracked 
|1240|0x00000000cd800000, 0x00000000cd800000, 0x00000000cd900000|  0%| F|  |TAMS 0x00000000cd800000| PB 0x00000000cd800000| Untracked 
|1241|0x00000000cd900000, 0x00000000cd900000, 0x00000000cda00000|  0%| F|  |TAMS 0x00000000cd900000| PB 0x00000000cd900000| Untracked 
|1242|0x00000000cda00000, 0x00000000cda00000, 0x00000000cdb00000|  0%| F|  |TAMS 0x00000000cda00000| PB 0x00000000cda00000| Untracked 
|1243|0x00000000cdb00000, 0x00000000cdb00000, 0x00000000cdc00000|  0%| F|  |TAMS 0x00000000cdb00000| PB 0x00000000cdb00000| Untracked 
|1244|0x00000000cdc00000, 0x00000000cdc00000, 0x00000000cdd00000|  0%| F|  |TAMS 0x00000000cdc00000| PB 0x00000000cdc00000| Untracked 
|1245|0x00000000cdd00000, 0x00000000cdd00000, 0x00000000cde00000|  0%| F|  |TAMS 0x00000000cdd00000| PB 0x00000000cdd00000| Untracked 
|1246|0x00000000cde00000, 0x00000000cde00000, 0x00000000cdf00000|  0%| F|  |TAMS 0x00000000cde00000| PB 0x00000000cde00000| Untracked 
|1247|0x00000000cdf00000, 0x00000000cdf00000, 0x00000000ce000000|  0%| F|  |TAMS 0x00000000cdf00000| PB 0x00000000cdf00000| Untracked 
|1248|0x00000000ce000000, 0x00000000ce000000, 0x00000000ce100000|  0%| F|  |TAMS 0x00000000ce000000| PB 0x00000000ce000000| Untracked 
|1249|0x00000000ce100000, 0x00000000ce100000, 0x00000000ce200000|  0%| F|  |TAMS 0x00000000ce100000| PB 0x00000000ce100000| Untracked 
|1250|0x00000000ce200000, 0x00000000ce200000, 0x00000000ce300000|  0%| F|  |TAMS 0x00000000ce200000| PB 0x00000000ce200000| Untracked 
|1251|0x00000000ce300000, 0x00000000ce300000, 0x00000000ce400000|  0%| F|  |TAMS 0x00000000ce300000| PB 0x00000000ce300000| Untracked 
|1252|0x00000000ce400000, 0x00000000ce400000, 0x00000000ce500000|  0%| F|  |TAMS 0x00000000ce400000| PB 0x00000000ce400000| Untracked 
|1253|0x00000000ce500000, 0x00000000ce500000, 0x00000000ce600000|  0%| F|  |TAMS 0x00000000ce500000| PB 0x00000000ce500000| Untracked 
|1254|0x00000000ce600000, 0x00000000ce600000, 0x00000000ce700000|  0%| F|  |TAMS 0x00000000ce600000| PB 0x00000000ce600000| Untracked 
|1255|0x00000000ce700000, 0x00000000ce700000, 0x00000000ce800000|  0%| F|  |TAMS 0x00000000ce700000| PB 0x00000000ce700000| Untracked 
|1256|0x00000000ce800000, 0x00000000ce800000, 0x00000000ce900000|  0%| F|  |TAMS 0x00000000ce800000| PB 0x00000000ce800000| Untracked 
|1257|0x00000000ce900000, 0x00000000ce900000, 0x00000000cea00000|  0%| F|  |TAMS 0x00000000ce900000| PB 0x00000000ce900000| Untracked 
|1258|0x00000000cea00000, 0x00000000cea00000, 0x00000000ceb00000|  0%| F|  |TAMS 0x00000000cea00000| PB 0x00000000cea00000| Untracked 
|1259|0x00000000ceb00000, 0x00000000ceb00000, 0x00000000cec00000|  0%| F|  |TAMS 0x00000000ceb00000| PB 0x00000000ceb00000| Untracked 
|1260|0x00000000cec00000, 0x00000000cec00000, 0x00000000ced00000|  0%| F|  |TAMS 0x00000000cec00000| PB 0x00000000cec00000| Untracked 
|1261|0x00000000ced00000, 0x00000000ced00000, 0x00000000cee00000|  0%| F|  |TAMS 0x00000000ced00000| PB 0x00000000ced00000| Untracked 
|1262|0x00000000cee00000, 0x00000000cee00000, 0x00000000cef00000|  0%| F|  |TAMS 0x00000000cee00000| PB 0x00000000cee00000| Untracked 
|1263|0x00000000cef00000, 0x00000000cef00000, 0x00000000cf000000|  0%| F|  |TAMS 0x00000000cef00000| PB 0x00000000cef00000| Untracked 
|1264|0x00000000cf000000, 0x00000000cf000000, 0x00000000cf100000|  0%| F|  |TAMS 0x00000000cf000000| PB 0x00000000cf000000| Untracked 
|1265|0x00000000cf100000, 0x00000000cf100000, 0x00000000cf200000|  0%| F|  |TAMS 0x00000000cf100000| PB 0x00000000cf100000| Untracked 
|1266|0x00000000cf200000, 0x00000000cf200000, 0x00000000cf300000|  0%| F|  |TAMS 0x00000000cf200000| PB 0x00000000cf200000| Untracked 
|1267|0x00000000cf300000, 0x00000000cf300000, 0x00000000cf400000|  0%| F|  |TAMS 0x00000000cf300000| PB 0x00000000cf300000| Untracked 
|1268|0x00000000cf400000, 0x00000000cf400000, 0x00000000cf500000|  0%| F|  |TAMS 0x00000000cf400000| PB 0x00000000cf400000| Untracked 
|1269|0x00000000cf500000, 0x00000000cf500000, 0x00000000cf600000|  0%| F|  |TAMS 0x00000000cf500000| PB 0x00000000cf500000| Untracked 
|1270|0x00000000cf600000, 0x00000000cf600000, 0x00000000cf700000|  0%| F|  |TAMS 0x00000000cf600000| PB 0x00000000cf600000| Untracked 
|1271|0x00000000cf700000, 0x00000000cf700000, 0x00000000cf800000|  0%| F|  |TAMS 0x00000000cf700000| PB 0x00000000cf700000| Untracked 
|1272|0x00000000cf800000, 0x00000000cf800000, 0x00000000cf900000|  0%| F|  |TAMS 0x00000000cf800000| PB 0x00000000cf800000| Untracked 
|1273|0x00000000cf900000, 0x00000000cf900000, 0x00000000cfa00000|  0%| F|  |TAMS 0x00000000cf900000| PB 0x00000000cf900000| Untracked 
|1274|0x00000000cfa00000, 0x00000000cfa00000, 0x00000000cfb00000|  0%| F|  |TAMS 0x00000000cfa00000| PB 0x00000000cfa00000| Untracked 
|1275|0x00000000cfb00000, 0x00000000cfb00000, 0x00000000cfc00000|  0%| F|  |TAMS 0x00000000cfb00000| PB 0x00000000cfb00000| Untracked 
|1276|0x00000000cfc00000, 0x00000000cfc00000, 0x00000000cfd00000|  0%| F|  |TAMS 0x00000000cfc00000| PB 0x00000000cfc00000| Untracked 
|1277|0x00000000cfd00000, 0x00000000cfd00000, 0x00000000cfe00000|  0%| F|  |TAMS 0x00000000cfd00000| PB 0x00000000cfd00000| Untracked 
|1278|0x00000000cfe00000, 0x00000000cfe00000, 0x00000000cff00000|  0%| F|  |TAMS 0x00000000cfe00000| PB 0x00000000cfe00000| Untracked 
|1279|0x00000000cff00000, 0x00000000cff00000, 0x00000000d0000000|  0%| F|  |TAMS 0x00000000cff00000| PB 0x00000000cff00000| Untracked 
|1280|0x00000000d0000000, 0x00000000d0000000, 0x00000000d0100000|  0%| F|  |TAMS 0x00000000d0000000| PB 0x00000000d0000000| Untracked 
|1281|0x00000000d0100000, 0x00000000d0100000, 0x00000000d0200000|  0%| F|  |TAMS 0x00000000d0100000| PB 0x00000000d0100000| Untracked 
|1282|0x00000000d0200000, 0x00000000d0200000, 0x00000000d0300000|  0%| F|  |TAMS 0x00000000d0200000| PB 0x00000000d0200000| Untracked 
|1283|0x00000000d0300000, 0x00000000d0300000, 0x00000000d0400000|  0%| F|  |TAMS 0x00000000d0300000| PB 0x00000000d0300000| Untracked 
|1284|0x00000000d0400000, 0x00000000d0400000, 0x00000000d0500000|  0%| F|  |TAMS 0x00000000d0400000| PB 0x00000000d0400000| Untracked 
|1285|0x00000000d0500000, 0x00000000d0500000, 0x00000000d0600000|  0%| F|  |TAMS 0x00000000d0500000| PB 0x00000000d0500000| Untracked 
|1286|0x00000000d0600000, 0x00000000d0600000, 0x00000000d0700000|  0%| F|  |TAMS 0x00000000d0600000| PB 0x00000000d0600000| Untracked 
|1287|0x00000000d0700000, 0x00000000d0700000, 0x00000000d0800000|  0%| F|  |TAMS 0x00000000d0700000| PB 0x00000000d0700000| Untracked 
|1288|0x00000000d0800000, 0x00000000d0800000, 0x00000000d0900000|  0%| F|  |TAMS 0x00000000d0800000| PB 0x00000000d0800000| Untracked 
|1289|0x00000000d0900000, 0x00000000d0900000, 0x00000000d0a00000|  0%| F|  |TAMS 0x00000000d0900000| PB 0x00000000d0900000| Untracked 
|1290|0x00000000d0a00000, 0x00000000d0a00000, 0x00000000d0b00000|  0%| F|  |TAMS 0x00000000d0a00000| PB 0x00000000d0a00000| Untracked 
|1291|0x00000000d0b00000, 0x00000000d0b00000, 0x00000000d0c00000|  0%| F|  |TAMS 0x00000000d0b00000| PB 0x00000000d0b00000| Untracked 
|1292|0x00000000d0c00000, 0x00000000d0c00000, 0x00000000d0d00000|  0%| F|  |TAMS 0x00000000d0c00000| PB 0x00000000d0c00000| Untracked 
|1293|0x00000000d0d00000, 0x00000000d0d00000, 0x00000000d0e00000|  0%| F|  |TAMS 0x00000000d0d00000| PB 0x00000000d0d00000| Untracked 
|1294|0x00000000d0e00000, 0x00000000d0e00000, 0x00000000d0f00000|  0%| F|  |TAMS 0x00000000d0e00000| PB 0x00000000d0e00000| Untracked 
|1295|0x00000000d0f00000, 0x00000000d0f00000, 0x00000000d1000000|  0%| F|  |TAMS 0x00000000d0f00000| PB 0x00000000d0f00000| Untracked 
|1296|0x00000000d1000000, 0x00000000d1000000, 0x00000000d1100000|  0%| F|  |TAMS 0x00000000d1000000| PB 0x00000000d1000000| Untracked 
|1297|0x00000000d1100000, 0x00000000d1100000, 0x00000000d1200000|  0%| F|  |TAMS 0x00000000d1100000| PB 0x00000000d1100000| Untracked 
|1298|0x00000000d1200000, 0x00000000d1200000, 0x00000000d1300000|  0%| F|  |TAMS 0x00000000d1200000| PB 0x00000000d1200000| Untracked 
|1299|0x00000000d1300000, 0x00000000d1300000, 0x00000000d1400000|  0%| F|  |TAMS 0x00000000d1300000| PB 0x00000000d1300000| Untracked 
|1300|0x00000000d1400000, 0x00000000d1400000, 0x00000000d1500000|  0%| F|  |TAMS 0x00000000d1400000| PB 0x00000000d1400000| Untracked 
|1301|0x00000000d1500000, 0x00000000d1500000, 0x00000000d1600000|  0%| F|  |TAMS 0x00000000d1500000| PB 0x00000000d1500000| Untracked 
|1302|0x00000000d1600000, 0x00000000d1600000, 0x00000000d1700000|  0%| F|  |TAMS 0x00000000d1600000| PB 0x00000000d1600000| Untracked 
|1303|0x00000000d1700000, 0x00000000d1700000, 0x00000000d1800000|  0%| F|  |TAMS 0x00000000d1700000| PB 0x00000000d1700000| Untracked 
|1304|0x00000000d1800000, 0x00000000d1800000, 0x00000000d1900000|  0%| F|  |TAMS 0x00000000d1800000| PB 0x00000000d1800000| Untracked 
|1305|0x00000000d1900000, 0x00000000d1900000, 0x00000000d1a00000|  0%| F|  |TAMS 0x00000000d1900000| PB 0x00000000d1900000| Untracked 
|1306|0x00000000d1a00000, 0x00000000d1a00000, 0x00000000d1b00000|  0%| F|  |TAMS 0x00000000d1a00000| PB 0x00000000d1a00000| Untracked 
|1307|0x00000000d1b00000, 0x00000000d1b00000, 0x00000000d1c00000|  0%| F|  |TAMS 0x00000000d1b00000| PB 0x00000000d1b00000| Untracked 
|1308|0x00000000d1c00000, 0x00000000d1c00000, 0x00000000d1d00000|  0%| F|  |TAMS 0x00000000d1c00000| PB 0x00000000d1c00000| Untracked 
|1309|0x00000000d1d00000, 0x00000000d1d00000, 0x00000000d1e00000|  0%| F|  |TAMS 0x00000000d1d00000| PB 0x00000000d1d00000| Untracked 
|1310|0x00000000d1e00000, 0x00000000d1e00000, 0x00000000d1f00000|  0%| F|  |TAMS 0x00000000d1e00000| PB 0x00000000d1e00000| Untracked 
|1311|0x00000000d1f00000, 0x00000000d1f00000, 0x00000000d2000000|  0%| F|  |TAMS 0x00000000d1f00000| PB 0x00000000d1f00000| Untracked 
|1312|0x00000000d2000000, 0x00000000d2000000, 0x00000000d2100000|  0%| F|  |TAMS 0x00000000d2000000| PB 0x00000000d2000000| Untracked 
|1313|0x00000000d2100000, 0x00000000d2100000, 0x00000000d2200000|  0%| F|  |TAMS 0x00000000d2100000| PB 0x00000000d2100000| Untracked 
|1314|0x00000000d2200000, 0x00000000d2200000, 0x00000000d2300000|  0%| F|  |TAMS 0x00000000d2200000| PB 0x00000000d2200000| Untracked 
|1315|0x00000000d2300000, 0x00000000d2300000, 0x00000000d2400000|  0%| F|  |TAMS 0x00000000d2300000| PB 0x00000000d2300000| Untracked 
|1316|0x00000000d2400000, 0x00000000d2400000, 0x00000000d2500000|  0%| F|  |TAMS 0x00000000d2400000| PB 0x00000000d2400000| Untracked 
|1317|0x00000000d2500000, 0x00000000d2500000, 0x00000000d2600000|  0%| F|  |TAMS 0x00000000d2500000| PB 0x00000000d2500000| Untracked 
|1318|0x00000000d2600000, 0x00000000d2600000, 0x00000000d2700000|  0%| F|  |TAMS 0x00000000d2600000| PB 0x00000000d2600000| Untracked 
|1319|0x00000000d2700000, 0x00000000d2700000, 0x00000000d2800000|  0%| F|  |TAMS 0x00000000d2700000| PB 0x00000000d2700000| Untracked 
|1320|0x00000000d2800000, 0x00000000d2800000, 0x00000000d2900000|  0%| F|  |TAMS 0x00000000d2800000| PB 0x00000000d2800000| Untracked 
|1321|0x00000000d2900000, 0x00000000d2900000, 0x00000000d2a00000|  0%| F|  |TAMS 0x00000000d2900000| PB 0x00000000d2900000| Untracked 
|1322|0x00000000d2a00000, 0x00000000d2a00000, 0x00000000d2b00000|  0%| F|  |TAMS 0x00000000d2a00000| PB 0x00000000d2a00000| Untracked 
|1323|0x00000000d2b00000, 0x00000000d2b00000, 0x00000000d2c00000|  0%| F|  |TAMS 0x00000000d2b00000| PB 0x00000000d2b00000| Untracked 
|1324|0x00000000d2c00000, 0x00000000d2c00000, 0x00000000d2d00000|  0%| F|  |TAMS 0x00000000d2c00000| PB 0x00000000d2c00000| Untracked 
|1325|0x00000000d2d00000, 0x00000000d2d00000, 0x00000000d2e00000|  0%| F|  |TAMS 0x00000000d2d00000| PB 0x00000000d2d00000| Untracked 
|1326|0x00000000d2e00000, 0x00000000d2e00000, 0x00000000d2f00000|  0%| F|  |TAMS 0x00000000d2e00000| PB 0x00000000d2e00000| Untracked 
|1327|0x00000000d2f00000, 0x00000000d2f00000, 0x00000000d3000000|  0%| F|  |TAMS 0x00000000d2f00000| PB 0x00000000d2f00000| Untracked 
|1328|0x00000000d3000000, 0x00000000d3000000, 0x00000000d3100000|  0%| F|  |TAMS 0x00000000d3000000| PB 0x00000000d3000000| Untracked 
|1329|0x00000000d3100000, 0x00000000d3100000, 0x00000000d3200000|  0%| F|  |TAMS 0x00000000d3100000| PB 0x00000000d3100000| Untracked 
|1330|0x00000000d3200000, 0x00000000d3200000, 0x00000000d3300000|  0%| F|  |TAMS 0x00000000d3200000| PB 0x00000000d3200000| Untracked 
|1331|0x00000000d3300000, 0x00000000d3300000, 0x00000000d3400000|  0%| F|  |TAMS 0x00000000d3300000| PB 0x00000000d3300000| Untracked 
|1332|0x00000000d3400000, 0x00000000d3400000, 0x00000000d3500000|  0%| F|  |TAMS 0x00000000d3400000| PB 0x00000000d3400000| Untracked 
|1333|0x00000000d3500000, 0x00000000d3500000, 0x00000000d3600000|  0%| F|  |TAMS 0x00000000d3500000| PB 0x00000000d3500000| Untracked 
|1334|0x00000000d3600000, 0x00000000d3600000, 0x00000000d3700000|  0%| F|  |TAMS 0x00000000d3600000| PB 0x00000000d3600000| Untracked 
|1335|0x00000000d3700000, 0x00000000d3700000, 0x00000000d3800000|  0%| F|  |TAMS 0x00000000d3700000| PB 0x00000000d3700000| Untracked 
|1336|0x00000000d3800000, 0x00000000d3800000, 0x00000000d3900000|  0%| F|  |TAMS 0x00000000d3800000| PB 0x00000000d3800000| Untracked 
|1337|0x00000000d3900000, 0x00000000d3900000, 0x00000000d3a00000|  0%| F|  |TAMS 0x00000000d3900000| PB 0x00000000d3900000| Untracked 
|1338|0x00000000d3a00000, 0x00000000d3a00000, 0x00000000d3b00000|  0%| F|  |TAMS 0x00000000d3a00000| PB 0x00000000d3a00000| Untracked 
|1339|0x00000000d3b00000, 0x00000000d3b00000, 0x00000000d3c00000|  0%| F|  |TAMS 0x00000000d3b00000| PB 0x00000000d3b00000| Untracked 
|1340|0x00000000d3c00000, 0x00000000d3c00000, 0x00000000d3d00000|  0%| F|  |TAMS 0x00000000d3c00000| PB 0x00000000d3c00000| Untracked 
|1341|0x00000000d3d00000, 0x00000000d3d00000, 0x00000000d3e00000|  0%| F|  |TAMS 0x00000000d3d00000| PB 0x00000000d3d00000| Untracked 
|1342|0x00000000d3e00000, 0x00000000d3e00000, 0x00000000d3f00000|  0%| F|  |TAMS 0x00000000d3e00000| PB 0x00000000d3e00000| Untracked 
|1343|0x00000000d3f00000, 0x00000000d3f00000, 0x00000000d4000000|  0%| F|  |TAMS 0x00000000d3f00000| PB 0x00000000d3f00000| Untracked 
|1344|0x00000000d4000000, 0x00000000d4000000, 0x00000000d4100000|  0%| F|  |TAMS 0x00000000d4000000| PB 0x00000000d4000000| Untracked 
|1345|0x00000000d4100000, 0x00000000d4100000, 0x00000000d4200000|  0%| F|  |TAMS 0x00000000d4100000| PB 0x00000000d4100000| Untracked 
|1346|0x00000000d4200000, 0x00000000d4200000, 0x00000000d4300000|  0%| F|  |TAMS 0x00000000d4200000| PB 0x00000000d4200000| Untracked 
|1347|0x00000000d4300000, 0x00000000d4300000, 0x00000000d4400000|  0%| F|  |TAMS 0x00000000d4300000| PB 0x00000000d4300000| Untracked 
|1348|0x00000000d4400000, 0x00000000d4400000, 0x00000000d4500000|  0%| F|  |TAMS 0x00000000d4400000| PB 0x00000000d4400000| Untracked 
|1349|0x00000000d4500000, 0x00000000d4500000, 0x00000000d4600000|  0%| F|  |TAMS 0x00000000d4500000| PB 0x00000000d4500000| Untracked 
|1350|0x00000000d4600000, 0x00000000d4600000, 0x00000000d4700000|  0%| F|  |TAMS 0x00000000d4600000| PB 0x00000000d4600000| Untracked 
|1351|0x00000000d4700000, 0x00000000d4700000, 0x00000000d4800000|  0%| F|  |TAMS 0x00000000d4700000| PB 0x00000000d4700000| Untracked 
|1352|0x00000000d4800000, 0x00000000d4800000, 0x00000000d4900000|  0%| F|  |TAMS 0x00000000d4800000| PB 0x00000000d4800000| Untracked 
|1353|0x00000000d4900000, 0x00000000d4900000, 0x00000000d4a00000|  0%| F|  |TAMS 0x00000000d4900000| PB 0x00000000d4900000| Untracked 
|1354|0x00000000d4a00000, 0x00000000d4a00000, 0x00000000d4b00000|  0%| F|  |TAMS 0x00000000d4a00000| PB 0x00000000d4a00000| Untracked 
|1355|0x00000000d4b00000, 0x00000000d4b00000, 0x00000000d4c00000|  0%| F|  |TAMS 0x00000000d4b00000| PB 0x00000000d4b00000| Untracked 
|1356|0x00000000d4c00000, 0x00000000d4c00000, 0x00000000d4d00000|  0%| F|  |TAMS 0x00000000d4c00000| PB 0x00000000d4c00000| Untracked 
|1357|0x00000000d4d00000, 0x00000000d4d00000, 0x00000000d4e00000|  0%| F|  |TAMS 0x00000000d4d00000| PB 0x00000000d4d00000| Untracked 
|1358|0x00000000d4e00000, 0x00000000d4e00000, 0x00000000d4f00000|  0%| F|  |TAMS 0x00000000d4e00000| PB 0x00000000d4e00000| Untracked 
|1359|0x00000000d4f00000, 0x00000000d4f00000, 0x00000000d5000000|  0%| F|  |TAMS 0x00000000d4f00000| PB 0x00000000d4f00000| Untracked 
|1360|0x00000000d5000000, 0x00000000d5000000, 0x00000000d5100000|  0%| F|  |TAMS 0x00000000d5000000| PB 0x00000000d5000000| Untracked 
|1361|0x00000000d5100000, 0x00000000d5100000, 0x00000000d5200000|  0%| F|  |TAMS 0x00000000d5100000| PB 0x00000000d5100000| Untracked 
|1362|0x00000000d5200000, 0x00000000d5200000, 0x00000000d5300000|  0%| F|  |TAMS 0x00000000d5200000| PB 0x00000000d5200000| Untracked 
|1363|0x00000000d5300000, 0x00000000d5300000, 0x00000000d5400000|  0%| F|  |TAMS 0x00000000d5300000| PB 0x00000000d5300000| Untracked 
|1364|0x00000000d5400000, 0x00000000d5400000, 0x00000000d5500000|  0%| F|  |TAMS 0x00000000d5400000| PB 0x00000000d5400000| Untracked 
|1365|0x00000000d5500000, 0x00000000d5500000, 0x00000000d5600000|  0%| F|  |TAMS 0x00000000d5500000| PB 0x00000000d5500000| Untracked 
|1366|0x00000000d5600000, 0x00000000d5600000, 0x00000000d5700000|  0%| F|  |TAMS 0x00000000d5600000| PB 0x00000000d5600000| Untracked 
|1367|0x00000000d5700000, 0x00000000d5700000, 0x00000000d5800000|  0%| F|  |TAMS 0x00000000d5700000| PB 0x00000000d5700000| Untracked 
|1368|0x00000000d5800000, 0x00000000d5800000, 0x00000000d5900000|  0%| F|  |TAMS 0x00000000d5800000| PB 0x00000000d5800000| Untracked 
|1369|0x00000000d5900000, 0x00000000d5900000, 0x00000000d5a00000|  0%| F|  |TAMS 0x00000000d5900000| PB 0x00000000d5900000| Untracked 
|1370|0x00000000d5a00000, 0x00000000d5a00000, 0x00000000d5b00000|  0%| F|  |TAMS 0x00000000d5a00000| PB 0x00000000d5a00000| Untracked 
|1371|0x00000000d5b00000, 0x00000000d5b00000, 0x00000000d5c00000|  0%| F|  |TAMS 0x00000000d5b00000| PB 0x00000000d5b00000| Untracked 
|1372|0x00000000d5c00000, 0x00000000d5c00000, 0x00000000d5d00000|  0%| F|  |TAMS 0x00000000d5c00000| PB 0x00000000d5c00000| Untracked 
|1373|0x00000000d5d00000, 0x00000000d5d00000, 0x00000000d5e00000|  0%| F|  |TAMS 0x00000000d5d00000| PB 0x00000000d5d00000| Untracked 
|1374|0x00000000d5e00000, 0x00000000d5e00000, 0x00000000d5f00000|  0%| F|  |TAMS 0x00000000d5e00000| PB 0x00000000d5e00000| Untracked 
|1375|0x00000000d5f00000, 0x00000000d5f00000, 0x00000000d6000000|  0%| F|  |TAMS 0x00000000d5f00000| PB 0x00000000d5f00000| Untracked 
|1376|0x00000000d6000000, 0x00000000d6000000, 0x00000000d6100000|  0%| F|  |TAMS 0x00000000d6000000| PB 0x00000000d6000000| Untracked 
|1377|0x00000000d6100000, 0x00000000d6100000, 0x00000000d6200000|  0%| F|  |TAMS 0x00000000d6100000| PB 0x00000000d6100000| Untracked 
|1378|0x00000000d6200000, 0x00000000d6200000, 0x00000000d6300000|  0%| F|  |TAMS 0x00000000d6200000| PB 0x00000000d6200000| Untracked 
|1379|0x00000000d6300000, 0x00000000d6300000, 0x00000000d6400000|  0%| F|  |TAMS 0x00000000d6300000| PB 0x00000000d6300000| Untracked 
|1380|0x00000000d6400000, 0x00000000d6400000, 0x00000000d6500000|  0%| F|  |TAMS 0x00000000d6400000| PB 0x00000000d6400000| Untracked 
|1381|0x00000000d6500000, 0x00000000d6500000, 0x00000000d6600000|  0%| F|  |TAMS 0x00000000d6500000| PB 0x00000000d6500000| Untracked 
|1382|0x00000000d6600000, 0x00000000d6600000, 0x00000000d6700000|  0%| F|  |TAMS 0x00000000d6600000| PB 0x00000000d6600000| Untracked 
|1383|0x00000000d6700000, 0x00000000d6700000, 0x00000000d6800000|  0%| F|  |TAMS 0x00000000d6700000| PB 0x00000000d6700000| Untracked 
|1384|0x00000000d6800000, 0x00000000d6800000, 0x00000000d6900000|  0%| F|  |TAMS 0x00000000d6800000| PB 0x00000000d6800000| Untracked 
|1385|0x00000000d6900000, 0x00000000d6900000, 0x00000000d6a00000|  0%| F|  |TAMS 0x00000000d6900000| PB 0x00000000d6900000| Untracked 
|1386|0x00000000d6a00000, 0x00000000d6a00000, 0x00000000d6b00000|  0%| F|  |TAMS 0x00000000d6a00000| PB 0x00000000d6a00000| Untracked 
|1387|0x00000000d6b00000, 0x00000000d6b00000, 0x00000000d6c00000|  0%| F|  |TAMS 0x00000000d6b00000| PB 0x00000000d6b00000| Untracked 
|1388|0x00000000d6c00000, 0x00000000d6c00000, 0x00000000d6d00000|  0%| F|  |TAMS 0x00000000d6c00000| PB 0x00000000d6c00000| Untracked 
|1389|0x00000000d6d00000, 0x00000000d6d00000, 0x00000000d6e00000|  0%| F|  |TAMS 0x00000000d6d00000| PB 0x00000000d6d00000| Untracked 
|1390|0x00000000d6e00000, 0x00000000d6e00000, 0x00000000d6f00000|  0%| F|  |TAMS 0x00000000d6e00000| PB 0x00000000d6e00000| Untracked 
|1391|0x00000000d6f00000, 0x00000000d6f00000, 0x00000000d7000000|  0%| F|  |TAMS 0x00000000d6f00000| PB 0x00000000d6f00000| Untracked 
|1495|0x00000000dd700000, 0x00000000dd700000, 0x00000000dd800000|  0%| F|  |TAMS 0x00000000dd700000| PB 0x00000000dd700000| Untracked 
|1496|0x00000000dd800000, 0x00000000dd800000, 0x00000000dd900000|  0%| F|  |TAMS 0x00000000dd800000| PB 0x00000000dd800000| Untracked 
|1497|0x00000000dd900000, 0x00000000dd900000, 0x00000000dda00000|  0%| F|  |TAMS 0x00000000dd900000| PB 0x00000000dd900000| Untracked 
|1498|0x00000000dda00000, 0x00000000dda00000, 0x00000000ddb00000|  0%| F|  |TAMS 0x00000000dda00000| PB 0x00000000dda00000| Untracked 
|1499|0x00000000ddb00000, 0x00000000ddb00000, 0x00000000ddc00000|  0%| F|  |TAMS 0x00000000ddb00000| PB 0x00000000ddb00000| Untracked 
|1500|0x00000000ddc00000, 0x00000000ddc00000, 0x00000000ddd00000|  0%| F|  |TAMS 0x00000000ddc00000| PB 0x00000000ddc00000| Untracked 
|1501|0x00000000ddd00000, 0x00000000ddd00000, 0x00000000dde00000|  0%| F|  |TAMS 0x00000000ddd00000| PB 0x00000000ddd00000| Untracked 
|1502|0x00000000dde00000, 0x00000000dde00000, 0x00000000ddf00000|  0%| F|  |TAMS 0x00000000dde00000| PB 0x00000000dde00000| Untracked 
|1503|0x00000000ddf00000, 0x00000000ddf00000, 0x00000000de000000|  0%| F|  |TAMS 0x00000000ddf00000| PB 0x00000000ddf00000| Untracked 
|1504|0x00000000de000000, 0x00000000de000000, 0x00000000de100000|  0%| F|  |TAMS 0x00000000de000000| PB 0x00000000de000000| Untracked 
|1505|0x00000000de100000, 0x00000000de100000, 0x00000000de200000|  0%| F|  |TAMS 0x00000000de100000| PB 0x00000000de100000| Untracked 
|1506|0x00000000de200000, 0x00000000de200000, 0x00000000de300000|  0%| F|  |TAMS 0x00000000de200000| PB 0x00000000de200000| Untracked 
|1507|0x00000000de300000, 0x00000000de300000, 0x00000000de400000|  0%| F|  |TAMS 0x00000000de300000| PB 0x00000000de300000| Untracked 
|1508|0x00000000de400000, 0x00000000de400000, 0x00000000de500000|  0%| F|  |TAMS 0x00000000de400000| PB 0x00000000de400000| Untracked 
|1509|0x00000000de500000, 0x00000000de500000, 0x00000000de600000|  0%| F|  |TAMS 0x00000000de500000| PB 0x00000000de500000| Untracked 
|1510|0x00000000de600000, 0x00000000de600000, 0x00000000de700000|  0%| F|  |TAMS 0x00000000de600000| PB 0x00000000de600000| Untracked 
|1511|0x00000000de700000, 0x00000000de700000, 0x00000000de800000|  0%| F|  |TAMS 0x00000000de700000| PB 0x00000000de700000| Untracked 
|1512|0x00000000de800000, 0x00000000de800000, 0x00000000de900000|  0%| F|  |TAMS 0x00000000de800000| PB 0x00000000de800000| Untracked 
|1513|0x00000000de900000, 0x00000000de900000, 0x00000000dea00000|  0%| F|  |TAMS 0x00000000de900000| PB 0x00000000de900000| Untracked 
|1514|0x00000000dea00000, 0x00000000dea00000, 0x00000000deb00000|  0%| F|  |TAMS 0x00000000dea00000| PB 0x00000000dea00000| Untracked 
|1515|0x00000000deb00000, 0x00000000deb00000, 0x00000000dec00000|  0%| F|  |TAMS 0x00000000deb00000| PB 0x00000000deb00000| Untracked 
|1516|0x00000000dec00000, 0x00000000dec00000, 0x00000000ded00000|  0%| F|  |TAMS 0x00000000dec00000| PB 0x00000000dec00000| Untracked 
|1517|0x00000000ded00000, 0x00000000ded00000, 0x00000000dee00000|  0%| F|  |TAMS 0x00000000ded00000| PB 0x00000000ded00000| Untracked 
|1518|0x00000000dee00000, 0x00000000dee00000, 0x00000000def00000|  0%| F|  |TAMS 0x00000000dee00000| PB 0x00000000dee00000| Untracked 
|1519|0x00000000def00000, 0x00000000def00000, 0x00000000df000000|  0%| F|  |TAMS 0x00000000def00000| PB 0x00000000def00000| Untracked 
|1520|0x00000000df000000, 0x00000000df000000, 0x00000000df100000|  0%| F|  |TAMS 0x00000000df000000| PB 0x00000000df000000| Untracked 
|1521|0x00000000df100000, 0x00000000df100000, 0x00000000df200000|  0%| F|  |TAMS 0x00000000df100000| PB 0x00000000df100000| Untracked 
|1522|0x00000000df200000, 0x00000000df200000, 0x00000000df300000|  0%| F|  |TAMS 0x00000000df200000| PB 0x00000000df200000| Untracked 
|1523|0x00000000df300000, 0x00000000df300000, 0x00000000df400000|  0%| F|  |TAMS 0x00000000df300000| PB 0x00000000df300000| Untracked 
|1666|0x00000000e8200000, 0x00000000e8200000, 0x00000000e8300000|  0%| F|  |TAMS 0x00000000e8200000| PB 0x00000000e8200000| Untracked 
|1667|0x00000000e8300000, 0x00000000e8300000, 0x00000000e8400000|  0%| F|  |TAMS 0x00000000e8300000| PB 0x00000000e8300000| Untracked 
|1668|0x00000000e8400000, 0x00000000e8400000, 0x00000000e8500000|  0%| F|  |TAMS 0x00000000e8400000| PB 0x00000000e8400000| Untracked 
|1669|0x00000000e8500000, 0x00000000e8500000, 0x00000000e8600000|  0%| F|  |TAMS 0x00000000e8500000| PB 0x00000000e8500000| Untracked 
|1670|0x00000000e8600000, 0x00000000e8600000, 0x00000000e8700000|  0%| F|  |TAMS 0x00000000e8600000| PB 0x00000000e8600000| Untracked 
|1671|0x00000000e8700000, 0x00000000e8700000, 0x00000000e8800000|  0%| F|  |TAMS 0x00000000e8700000| PB 0x00000000e8700000| Untracked 
|1672|0x00000000e8800000, 0x00000000e8800000, 0x00000000e8900000|  0%| F|  |TAMS 0x00000000e8800000| PB 0x00000000e8800000| Untracked 
|1673|0x00000000e8900000, 0x00000000e8900000, 0x00000000e8a00000|  0%| F|  |TAMS 0x00000000e8900000| PB 0x00000000e8900000| Untracked 
|1674|0x00000000e8a00000, 0x00000000e8a00000, 0x00000000e8b00000|  0%| F|  |TAMS 0x00000000e8a00000| PB 0x00000000e8a00000| Untracked 
|1675|0x00000000e8b00000, 0x00000000e8b00000, 0x00000000e8c00000|  0%| F|  |TAMS 0x00000000e8b00000| PB 0x00000000e8b00000| Untracked 
|1676|0x00000000e8c00000, 0x00000000e8c00000, 0x00000000e8d00000|  0%| F|  |TAMS 0x00000000e8c00000| PB 0x00000000e8c00000| Untracked 
|1677|0x00000000e8d00000, 0x00000000e8d00000, 0x00000000e8e00000|  0%| F|  |TAMS 0x00000000e8d00000| PB 0x00000000e8d00000| Untracked 
|1678|0x00000000e8e00000, 0x00000000e8e00000, 0x00000000e8f00000|  0%| F|  |TAMS 0x00000000e8e00000| PB 0x00000000e8e00000| Untracked 
|1679|0x00000000e8f00000, 0x00000000e8f00000, 0x00000000e9000000|  0%| F|  |TAMS 0x00000000e8f00000| PB 0x00000000e8f00000| Untracked 
|1680|0x00000000e9000000, 0x00000000e9000000, 0x00000000e9100000|  0%| F|  |TAMS 0x00000000e9000000| PB 0x00000000e9000000| Untracked 
|1681|0x00000000e9100000, 0x00000000e9100000, 0x00000000e9200000|  0%| F|  |TAMS 0x00000000e9100000| PB 0x00000000e9100000| Untracked 
|1682|0x00000000e9200000, 0x00000000e9200000, 0x00000000e9300000|  0%| F|  |TAMS 0x00000000e9200000| PB 0x00000000e9200000| Untracked 
|1683|0x00000000e9300000, 0x00000000e9300000, 0x00000000e9400000|  0%| F|  |TAMS 0x00000000e9300000| PB 0x00000000e9300000| Untracked 
|1684|0x00000000e9400000, 0x00000000e9400000, 0x00000000e9500000|  0%| F|  |TAMS 0x00000000e9400000| PB 0x00000000e9400000| Untracked 
|1685|0x00000000e9500000, 0x00000000e9500000, 0x00000000e9600000|  0%| F|  |TAMS 0x00000000e9500000| PB 0x00000000e9500000| Untracked 
|1686|0x00000000e9600000, 0x00000000e9600000, 0x00000000e9700000|  0%| F|  |TAMS 0x00000000e9600000| PB 0x00000000e9600000| Untracked 
|1687|0x00000000e9700000, 0x00000000e9700000, 0x00000000e9800000|  0%| F|  |TAMS 0x00000000e9700000| PB 0x00000000e9700000| Untracked 
|1688|0x00000000e9800000, 0x00000000e9800000, 0x00000000e9900000|  0%| F|  |TAMS 0x00000000e9800000| PB 0x00000000e9800000| Untracked 
|1689|0x00000000e9900000, 0x00000000e9900000, 0x00000000e9a00000|  0%| F|  |TAMS 0x00000000e9900000| PB 0x00000000e9900000| Untracked 
|1690|0x00000000e9a00000, 0x00000000e9a00000, 0x00000000e9b00000|  0%| F|  |TAMS 0x00000000e9a00000| PB 0x00000000e9a00000| Untracked 
|1691|0x00000000e9b00000, 0x00000000e9b00000, 0x00000000e9c00000|  0%| F|  |TAMS 0x00000000e9b00000| PB 0x00000000e9b00000| Untracked 
|1692|0x00000000e9c00000, 0x00000000e9c00000, 0x00000000e9d00000|  0%| F|  |TAMS 0x00000000e9c00000| PB 0x00000000e9c00000| Untracked 
|1693|0x00000000e9d00000, 0x00000000e9d00000, 0x00000000e9e00000|  0%| F|  |TAMS 0x00000000e9d00000| PB 0x00000000e9d00000| Untracked 
|1694|0x00000000e9e00000, 0x00000000e9e00000, 0x00000000e9f00000|  0%| F|  |TAMS 0x00000000e9e00000| PB 0x00000000e9e00000| Untracked 
|1695|0x00000000e9f00000, 0x00000000e9f00000, 0x00000000ea000000|  0%| F|  |TAMS 0x00000000e9f00000| PB 0x00000000e9f00000| Untracked 
|1696|0x00000000ea000000, 0x00000000ea000000, 0x00000000ea100000|  0%| F|  |TAMS 0x00000000ea000000| PB 0x00000000ea000000| Untracked 
|1697|0x00000000ea100000, 0x00000000ea100000, 0x00000000ea200000|  0%| F|  |TAMS 0x00000000ea100000| PB 0x00000000ea100000| Untracked 
|1698|0x00000000ea200000, 0x00000000ea200000, 0x00000000ea300000|  0%| F|  |TAMS 0x00000000ea200000| PB 0x00000000ea200000| Untracked 
|1699|0x00000000ea300000, 0x00000000ea300000, 0x00000000ea400000|  0%| F|  |TAMS 0x00000000ea300000| PB 0x00000000ea300000| Untracked 
|1700|0x00000000ea400000, 0x00000000ea400000, 0x00000000ea500000|  0%| F|  |TAMS 0x00000000ea400000| PB 0x00000000ea400000| Untracked 
|1701|0x00000000ea500000, 0x00000000ea500000, 0x00000000ea600000|  0%| F|  |TAMS 0x00000000ea500000| PB 0x00000000ea500000| Untracked 
|1702|0x00000000ea600000, 0x00000000ea600000, 0x00000000ea700000|  0%| F|  |TAMS 0x00000000ea600000| PB 0x00000000ea600000| Untracked 
|1703|0x00000000ea700000, 0x00000000ea700000, 0x00000000ea800000|  0%| F|  |TAMS 0x00000000ea700000| PB 0x00000000ea700000| Untracked 
|1704|0x00000000ea800000, 0x00000000ea800000, 0x00000000ea900000|  0%| F|  |TAMS 0x00000000ea800000| PB 0x00000000ea800000| Untracked 
|1705|0x00000000ea900000, 0x00000000ea900000, 0x00000000eaa00000|  0%| F|  |TAMS 0x00000000ea900000| PB 0x00000000ea900000| Untracked 
|1706|0x00000000eaa00000, 0x00000000eaa00000, 0x00000000eab00000|  0%| F|  |TAMS 0x00000000eaa00000| PB 0x00000000eaa00000| Untracked 
|1707|0x00000000eab00000, 0x00000000eab00000, 0x00000000eac00000|  0%| F|  |TAMS 0x00000000eab00000| PB 0x00000000eab00000| Untracked 
|1708|0x00000000eac00000, 0x00000000eac00000, 0x00000000ead00000|  0%| F|  |TAMS 0x00000000eac00000| PB 0x00000000eac00000| Untracked 
|1709|0x00000000ead00000, 0x00000000ead00000, 0x00000000eae00000|  0%| F|  |TAMS 0x00000000ead00000| PB 0x00000000ead00000| Untracked 
|1710|0x00000000eae00000, 0x00000000eae00000, 0x00000000eaf00000|  0%| F|  |TAMS 0x00000000eae00000| PB 0x00000000eae00000| Untracked 
|1711|0x00000000eaf00000, 0x00000000eaf00000, 0x00000000eb000000|  0%| F|  |TAMS 0x00000000eaf00000| PB 0x00000000eaf00000| Untracked 
|1712|0x00000000eb000000, 0x00000000eb000000, 0x00000000eb100000|  0%| F|  |TAMS 0x00000000eb000000| PB 0x00000000eb000000| Untracked 
|1713|0x00000000eb100000, 0x00000000eb100000, 0x00000000eb200000|  0%| F|  |TAMS 0x00000000eb100000| PB 0x00000000eb100000| Untracked 
|1714|0x00000000eb200000, 0x00000000eb200000, 0x00000000eb300000|  0%| F|  |TAMS 0x00000000eb200000| PB 0x00000000eb200000| Untracked 
|1715|0x00000000eb300000, 0x00000000eb300000, 0x00000000eb400000|  0%| F|  |TAMS 0x00000000eb300000| PB 0x00000000eb300000| Untracked 
|1716|0x00000000eb400000, 0x00000000eb400000, 0x00000000eb500000|  0%| F|  |TAMS 0x00000000eb400000| PB 0x00000000eb400000| Untracked 
|1717|0x00000000eb500000, 0x00000000eb500000, 0x00000000eb600000|  0%| F|  |TAMS 0x00000000eb500000| PB 0x00000000eb500000| Untracked 
|1718|0x00000000eb600000, 0x00000000eb600000, 0x00000000eb700000|  0%| F|  |TAMS 0x00000000eb600000| PB 0x00000000eb600000| Untracked 
|1719|0x00000000eb700000, 0x00000000eb700000, 0x00000000eb800000|  0%| F|  |TAMS 0x00000000eb700000| PB 0x00000000eb700000| Untracked 
|1720|0x00000000eb800000, 0x00000000eb800000, 0x00000000eb900000|  0%| F|  |TAMS 0x00000000eb800000| PB 0x00000000eb800000| Untracked 
|1721|0x00000000eb900000, 0x00000000eb900000, 0x00000000eba00000|  0%| F|  |TAMS 0x00000000eb900000| PB 0x00000000eb900000| Untracked 
|1722|0x00000000eba00000, 0x00000000eba00000, 0x00000000ebb00000|  0%| F|  |TAMS 0x00000000eba00000| PB 0x00000000eba00000| Untracked 
|1723|0x00000000ebb00000, 0x00000000ebb00000, 0x00000000ebc00000|  0%| F|  |TAMS 0x00000000ebb00000| PB 0x00000000ebb00000| Untracked 
|1724|0x00000000ebc00000, 0x00000000ebc00000, 0x00000000ebd00000|  0%| F|  |TAMS 0x00000000ebc00000| PB 0x00000000ebc00000| Untracked 
|1725|0x00000000ebd00000, 0x00000000ebd00000, 0x00000000ebe00000|  0%| F|  |TAMS 0x00000000ebd00000| PB 0x00000000ebd00000| Untracked 
|1726|0x00000000ebe00000, 0x00000000ebe00000, 0x00000000ebf00000|  0%| F|  |TAMS 0x00000000ebe00000| PB 0x00000000ebe00000| Untracked 
|1727|0x00000000ebf00000, 0x00000000ebf00000, 0x00000000ec000000|  0%| F|  |TAMS 0x00000000ebf00000| PB 0x00000000ebf00000| Untracked 
|1728|0x00000000ec000000, 0x00000000ec000000, 0x00000000ec100000|  0%| F|  |TAMS 0x00000000ec000000| PB 0x00000000ec000000| Untracked 
|1729|0x00000000ec100000, 0x00000000ec100000, 0x00000000ec200000|  0%| F|  |TAMS 0x00000000ec100000| PB 0x00000000ec100000| Untracked 
|1730|0x00000000ec200000, 0x00000000ec200000, 0x00000000ec300000|  0%| F|  |TAMS 0x00000000ec200000| PB 0x00000000ec200000| Untracked 
|1731|0x00000000ec300000, 0x00000000ec300000, 0x00000000ec400000|  0%| F|  |TAMS 0x00000000ec300000| PB 0x00000000ec300000| Untracked 
|1732|0x00000000ec400000, 0x00000000ec400000, 0x00000000ec500000|  0%| F|  |TAMS 0x00000000ec400000| PB 0x00000000ec400000| Untracked 
|1733|0x00000000ec500000, 0x00000000ec500000, 0x00000000ec600000|  0%| F|  |TAMS 0x00000000ec500000| PB 0x00000000ec500000| Untracked 
|1734|0x00000000ec600000, 0x00000000ec600000, 0x00000000ec700000|  0%| F|  |TAMS 0x00000000ec600000| PB 0x00000000ec600000| Untracked 
|1735|0x00000000ec700000, 0x00000000ec700000, 0x00000000ec800000|  0%| F|  |TAMS 0x00000000ec700000| PB 0x00000000ec700000| Untracked 
|1736|0x00000000ec800000, 0x00000000ec800000, 0x00000000ec900000|  0%| F|  |TAMS 0x00000000ec800000| PB 0x00000000ec800000| Untracked 
|1737|0x00000000ec900000, 0x00000000ec900000, 0x00000000eca00000|  0%| F|  |TAMS 0x00000000ec900000| PB 0x00000000ec900000| Untracked 
|1738|0x00000000eca00000, 0x00000000eca00000, 0x00000000ecb00000|  0%| F|  |TAMS 0x00000000eca00000| PB 0x00000000eca00000| Untracked 
|1739|0x00000000ecb00000, 0x00000000ecb00000, 0x00000000ecc00000|  0%| F|  |TAMS 0x00000000ecb00000| PB 0x00000000ecb00000| Untracked 
|1740|0x00000000ecc00000, 0x00000000ecc00000, 0x00000000ecd00000|  0%| F|  |TAMS 0x00000000ecc00000| PB 0x00000000ecc00000| Untracked 
|1741|0x00000000ecd00000, 0x00000000ecd00000, 0x00000000ece00000|  0%| F|  |TAMS 0x00000000ecd00000| PB 0x00000000ecd00000| Untracked 
|1742|0x00000000ece00000, 0x00000000ece00000, 0x00000000ecf00000|  0%| F|  |TAMS 0x00000000ece00000| PB 0x00000000ece00000| Untracked 
|1743|0x00000000ecf00000, 0x00000000ecf00000, 0x00000000ed000000|  0%| F|  |TAMS 0x00000000ecf00000| PB 0x00000000ecf00000| Untracked 
|1744|0x00000000ed000000, 0x00000000ed000000, 0x00000000ed100000|  0%| F|  |TAMS 0x00000000ed000000| PB 0x00000000ed000000| Untracked 
|1745|0x00000000ed100000, 0x00000000ed100000, 0x00000000ed200000|  0%| F|  |TAMS 0x00000000ed100000| PB 0x00000000ed100000| Untracked 
|1746|0x00000000ed200000, 0x00000000ed200000, 0x00000000ed300000|  0%| F|  |TAMS 0x00000000ed200000| PB 0x00000000ed200000| Untracked 
|1747|0x00000000ed300000, 0x00000000ed300000, 0x00000000ed400000|  0%| F|  |TAMS 0x00000000ed300000| PB 0x00000000ed300000| Untracked 
|1748|0x00000000ed400000, 0x00000000ed400000, 0x00000000ed500000|  0%| F|  |TAMS 0x00000000ed400000| PB 0x00000000ed400000| Untracked 
|1749|0x00000000ed500000, 0x00000000ed500000, 0x00000000ed600000|  0%| F|  |TAMS 0x00000000ed500000| PB 0x00000000ed500000| Untracked 
|1750|0x00000000ed600000, 0x00000000ed600000, 0x00000000ed700000|  0%| F|  |TAMS 0x00000000ed600000| PB 0x00000000ed600000| Untracked 
|1751|0x00000000ed700000, 0x00000000ed700000, 0x00000000ed800000|  0%| F|  |TAMS 0x00000000ed700000| PB 0x00000000ed700000| Untracked 
|1752|0x00000000ed800000, 0x00000000ed800000, 0x00000000ed900000|  0%| F|  |TAMS 0x00000000ed800000| PB 0x00000000ed800000| Untracked 
|1753|0x00000000ed900000, 0x00000000ed900000, 0x00000000eda00000|  0%| F|  |TAMS 0x00000000ed900000| PB 0x00000000ed900000| Untracked 
|1754|0x00000000eda00000, 0x00000000eda00000, 0x00000000edb00000|  0%| F|  |TAMS 0x00000000eda00000| PB 0x00000000eda00000| Untracked 
|1755|0x00000000edb00000, 0x00000000edb00000, 0x00000000edc00000|  0%| F|  |TAMS 0x00000000edb00000| PB 0x00000000edb00000| Untracked 
|1756|0x00000000edc00000, 0x00000000edc00000, 0x00000000edd00000|  0%| F|  |TAMS 0x00000000edc00000| PB 0x00000000edc00000| Untracked 
|1757|0x00000000edd00000, 0x00000000edd00000, 0x00000000ede00000|  0%| F|  |TAMS 0x00000000edd00000| PB 0x00000000edd00000| Untracked 
|1758|0x00000000ede00000, 0x00000000ede00000, 0x00000000edf00000|  0%| F|  |TAMS 0x00000000ede00000| PB 0x00000000ede00000| Untracked 
|1759|0x00000000edf00000, 0x00000000edf00000, 0x00000000ee000000|  0%| F|  |TAMS 0x00000000edf00000| PB 0x00000000edf00000| Untracked 
|1760|0x00000000ee000000, 0x00000000ee000000, 0x00000000ee100000|  0%| F|  |TAMS 0x00000000ee000000| PB 0x00000000ee000000| Untracked 
|1761|0x00000000ee100000, 0x00000000ee100000, 0x00000000ee200000|  0%| F|  |TAMS 0x00000000ee100000| PB 0x00000000ee100000| Untracked 
|1762|0x00000000ee200000, 0x00000000ee200000, 0x00000000ee300000|  0%| F|  |TAMS 0x00000000ee200000| PB 0x00000000ee200000| Untracked 
|1763|0x00000000ee300000, 0x00000000ee300000, 0x00000000ee400000|  0%| F|  |TAMS 0x00000000ee300000| PB 0x00000000ee300000| Untracked 
|1764|0x00000000ee400000, 0x00000000ee400000, 0x00000000ee500000|  0%| F|  |TAMS 0x00000000ee400000| PB 0x00000000ee400000| Untracked 
|1765|0x00000000ee500000, 0x00000000ee500000, 0x00000000ee600000|  0%| F|  |TAMS 0x00000000ee500000| PB 0x00000000ee500000| Untracked 
|1766|0x00000000ee600000, 0x00000000ee600000, 0x00000000ee700000|  0%| F|  |TAMS 0x00000000ee600000| PB 0x00000000ee600000| Untracked 
|1767|0x00000000ee700000, 0x00000000ee800000, 0x00000000ee800000|100%| S|CS|TAMS 0x00000000ee700000| PB 0x00000000ee700000| Complete 
|1768|0x00000000ee800000, 0x00000000ee900000, 0x00000000ee900000|100%| S|CS|TAMS 0x00000000ee800000| PB 0x00000000ee800000| Complete 
|1769|0x00000000ee900000, 0x00000000eea00000, 0x00000000eea00000|100%| S|CS|TAMS 0x00000000ee900000| PB 0x00000000ee900000| Complete 
|1881|0x00000000f5900000, 0x00000000f5a00000, 0x00000000f5a00000|100%| S|CS|TAMS 0x00000000f5900000| PB 0x00000000f5900000| Complete 
|1882|0x00000000f5a00000, 0x00000000f5b00000, 0x00000000f5b00000|100%| S|CS|TAMS 0x00000000f5a00000| PB 0x00000000f5a00000| Complete 
|1883|0x00000000f5b00000, 0x00000000f5c00000, 0x00000000f5c00000|100%| S|CS|TAMS 0x00000000f5b00000| PB 0x00000000f5b00000| Complete 
|1884|0x00000000f5c00000, 0x00000000f5d00000, 0x00000000f5d00000|100%| S|CS|TAMS 0x00000000f5c00000| PB 0x00000000f5c00000| Complete 
|1885|0x00000000f5d00000, 0x00000000f5e00000, 0x00000000f5e00000|100%| S|CS|TAMS 0x00000000f5d00000| PB 0x00000000f5d00000| Complete 
|1886|0x00000000f5e00000, 0x00000000f5f00000, 0x00000000f5f00000|100%| S|CS|TAMS 0x00000000f5e00000| PB 0x00000000f5e00000| Complete 
|1887|0x00000000f5f00000, 0x00000000f6000000, 0x00000000f6000000|100%| S|CS|TAMS 0x00000000f5f00000| PB 0x00000000f5f00000| Complete 
|1888|0x00000000f6000000, 0x00000000f6000000, 0x00000000f6100000|  0%| F|  |TAMS 0x00000000f6000000| PB 0x00000000f6000000| Untracked 
|1889|0x00000000f6100000, 0x00000000f6100000, 0x00000000f6200000|  0%| F|  |TAMS 0x00000000f6100000| PB 0x00000000f6100000| Untracked 
|1890|0x00000000f6200000, 0x00000000f6200000, 0x00000000f6300000|  0%| F|  |TAMS 0x00000000f6200000| PB 0x00000000f6200000| Untracked 
|1891|0x00000000f6300000, 0x00000000f6300000, 0x00000000f6400000|  0%| F|  |TAMS 0x00000000f6300000| PB 0x00000000f6300000| Untracked 
|1892|0x00000000f6400000, 0x00000000f6400000, 0x00000000f6500000|  0%| F|  |TAMS 0x00000000f6400000| PB 0x00000000f6400000| Untracked 
|1909|0x00000000f7500000, 0x00000000f7500000, 0x00000000f7600000|  0%| F|  |TAMS 0x00000000f7500000| PB 0x00000000f7500000| Untracked 
|1910|0x00000000f7600000, 0x00000000f7600000, 0x00000000f7700000|  0%| F|  |TAMS 0x00000000f7600000| PB 0x00000000f7600000| Untracked 
|1911|0x00000000f7700000, 0x00000000f7700000, 0x00000000f7800000|  0%| F|  |TAMS 0x00000000f7700000| PB 0x00000000f7700000| Untracked 
|1912|0x00000000f7800000, 0x00000000f7800000, 0x00000000f7900000|  0%| F|  |TAMS 0x00000000f7800000| PB 0x00000000f7800000| Untracked 
|1913|0x00000000f7900000, 0x00000000f7900000, 0x00000000f7a00000|  0%| F|  |TAMS 0x00000000f7900000| PB 0x00000000f7900000| Untracked 
|1914|0x00000000f7a00000, 0x00000000f7a00000, 0x00000000f7b00000|  0%| F|  |TAMS 0x00000000f7a00000| PB 0x00000000f7a00000| Untracked 
|1915|0x00000000f7b00000, 0x00000000f7b00000, 0x00000000f7c00000|  0%| F|  |TAMS 0x00000000f7b00000| PB 0x00000000f7b00000| Untracked 
|1916|0x00000000f7c00000, 0x00000000f7c00000, 0x00000000f7d00000|  0%| F|  |TAMS 0x00000000f7c00000| PB 0x00000000f7c00000| Untracked 
|1917|0x00000000f7d00000, 0x00000000f7d00000, 0x00000000f7e00000|  0%| F|  |TAMS 0x00000000f7d00000| PB 0x00000000f7d00000| Untracked 
|1918|0x00000000f7e00000, 0x00000000f7e00000, 0x00000000f7f00000|  0%| F|  |TAMS 0x00000000f7e00000| PB 0x00000000f7e00000| Untracked 
|1919|0x00000000f7f00000, 0x00000000f7f00000, 0x00000000f8000000|  0%| F|  |TAMS 0x00000000f7f00000| PB 0x00000000f7f00000| Untracked 
|1920|0x00000000f8000000, 0x00000000f8000000, 0x00000000f8100000|  0%| F|  |TAMS 0x00000000f8000000| PB 0x00000000f8000000| Untracked 
|1921|0x00000000f8100000, 0x00000000f8100000, 0x00000000f8200000|  0%| F|  |TAMS 0x00000000f8100000| PB 0x00000000f8100000| Untracked 
|1922|0x00000000f8200000, 0x00000000f8200000, 0x00000000f8300000|  0%| F|  |TAMS 0x00000000f8200000| PB 0x00000000f8200000| Untracked 
|1923|0x00000000f8300000, 0x00000000f8300000, 0x00000000f8400000|  0%| F|  |TAMS 0x00000000f8300000| PB 0x00000000f8300000| Untracked 
|1924|0x00000000f8400000, 0x00000000f8400000, 0x00000000f8500000|  0%| F|  |TAMS 0x00000000f8400000| PB 0x00000000f8400000| Untracked 
|1925|0x00000000f8500000, 0x00000000f8500000, 0x00000000f8600000|  0%| F|  |TAMS 0x00000000f8500000| PB 0x00000000f8500000| Untracked 
|1926|0x00000000f8600000, 0x00000000f8600000, 0x00000000f8700000|  0%| F|  |TAMS 0x00000000f8600000| PB 0x00000000f8600000| Untracked 
|1927|0x00000000f8700000, 0x00000000f8700000, 0x00000000f8800000|  0%| F|  |TAMS 0x00000000f8700000| PB 0x00000000f8700000| Untracked 
|1928|0x00000000f8800000, 0x00000000f8800000, 0x00000000f8900000|  0%| F|  |TAMS 0x00000000f8800000| PB 0x00000000f8800000| Untracked 
|1929|0x00000000f8900000, 0x00000000f8900000, 0x00000000f8a00000|  0%| F|  |TAMS 0x00000000f8900000| PB 0x00000000f8900000| Untracked 
|1930|0x00000000f8a00000, 0x00000000f8a00000, 0x00000000f8b00000|  0%| F|  |TAMS 0x00000000f8a00000| PB 0x00000000f8a00000| Untracked 
|1931|0x00000000f8b00000, 0x00000000f8b00000, 0x00000000f8c00000|  0%| F|  |TAMS 0x00000000f8b00000| PB 0x00000000f8b00000| Untracked 
|1932|0x00000000f8c00000, 0x00000000f8c00000, 0x00000000f8d00000|  0%| F|  |TAMS 0x00000000f8c00000| PB 0x00000000f8c00000| Untracked 
|1933|0x00000000f8d00000, 0x00000000f8d00000, 0x00000000f8e00000|  0%| F|  |TAMS 0x00000000f8d00000| PB 0x00000000f8d00000| Untracked 
|1934|0x00000000f8e00000, 0x00000000f8e00000, 0x00000000f8f00000|  0%| F|  |TAMS 0x00000000f8e00000| PB 0x00000000f8e00000| Untracked 
|1935|0x00000000f8f00000, 0x00000000f8f00000, 0x00000000f9000000|  0%| F|  |TAMS 0x00000000f8f00000| PB 0x00000000f8f00000| Untracked 
|1936|0x00000000f9000000, 0x00000000f9000000, 0x00000000f9100000|  0%| F|  |TAMS 0x00000000f9000000| PB 0x00000000f9000000| Untracked 
|1937|0x00000000f9100000, 0x00000000f9100000, 0x00000000f9200000|  0%| F|  |TAMS 0x00000000f9100000| PB 0x00000000f9100000| Untracked 
|1938|0x00000000f9200000, 0x00000000f9200000, 0x00000000f9300000|  0%| F|  |TAMS 0x00000000f9200000| PB 0x00000000f9200000| Untracked 
|1939|0x00000000f9300000, 0x00000000f9300000, 0x00000000f9400000|  0%| F|  |TAMS 0x00000000f9300000| PB 0x00000000f9300000| Untracked 
|1940|0x00000000f9400000, 0x00000000f9400000, 0x00000000f9500000|  0%| F|  |TAMS 0x00000000f9400000| PB 0x00000000f9400000| Untracked 
|1941|0x00000000f9500000, 0x00000000f9500000, 0x00000000f9600000|  0%| F|  |TAMS 0x00000000f9500000| PB 0x00000000f9500000| Untracked 
|1942|0x00000000f9600000, 0x00000000f9600000, 0x00000000f9700000|  0%| F|  |TAMS 0x00000000f9600000| PB 0x00000000f9600000| Untracked 
|1943|0x00000000f9700000, 0x00000000f9700000, 0x00000000f9800000|  0%| F|  |TAMS 0x00000000f9700000| PB 0x00000000f9700000| Untracked 
|1944|0x00000000f9800000, 0x00000000f9800000, 0x00000000f9900000|  0%| F|  |TAMS 0x00000000f9800000| PB 0x00000000f9800000| Untracked 
|1945|0x00000000f9900000, 0x00000000f9900000, 0x00000000f9a00000|  0%| F|  |TAMS 0x00000000f9900000| PB 0x00000000f9900000| Untracked 
|1946|0x00000000f9a00000, 0x00000000f9a00000, 0x00000000f9b00000|  0%| F|  |TAMS 0x00000000f9a00000| PB 0x00000000f9a00000| Untracked 
|1947|0x00000000f9b00000, 0x00000000f9b00000, 0x00000000f9c00000|  0%| F|  |TAMS 0x00000000f9b00000| PB 0x00000000f9b00000| Untracked 
|1948|0x00000000f9c00000, 0x00000000f9c00000, 0x00000000f9d00000|  0%| F|  |TAMS 0x00000000f9c00000| PB 0x00000000f9c00000| Untracked 
|1949|0x00000000f9d00000, 0x00000000f9d00000, 0x00000000f9e00000|  0%| F|  |TAMS 0x00000000f9d00000| PB 0x00000000f9d00000| Untracked 
|1950|0x00000000f9e00000, 0x00000000f9e00000, 0x00000000f9f00000|  0%| F|  |TAMS 0x00000000f9e00000| PB 0x00000000f9e00000| Untracked 
|1951|0x00000000f9f00000, 0x00000000f9f00000, 0x00000000fa000000|  0%| F|  |TAMS 0x00000000f9f00000| PB 0x00000000f9f00000| Untracked 
|1952|0x00000000fa000000, 0x00000000fa000000, 0x00000000fa100000|  0%| F|  |TAMS 0x00000000fa000000| PB 0x00000000fa000000| Untracked 
|1953|0x00000000fa100000, 0x00000000fa100000, 0x00000000fa200000|  0%| F|  |TAMS 0x00000000fa100000| PB 0x00000000fa100000| Untracked 
|1954|0x00000000fa200000, 0x00000000fa200000, 0x00000000fa300000|  0%| F|  |TAMS 0x00000000fa200000| PB 0x00000000fa200000| Untracked 
|1955|0x00000000fa300000, 0x00000000fa300000, 0x00000000fa400000|  0%| F|  |TAMS 0x00000000fa300000| PB 0x00000000fa300000| Untracked 
|1956|0x00000000fa400000, 0x00000000fa400000, 0x00000000fa500000|  0%| F|  |TAMS 0x00000000fa400000| PB 0x00000000fa400000| Untracked 
|1957|0x00000000fa500000, 0x00000000fa500000, 0x00000000fa600000|  0%| F|  |TAMS 0x00000000fa500000| PB 0x00000000fa500000| Untracked 
|1958|0x00000000fa600000, 0x00000000fa600000, 0x00000000fa700000|  0%| F|  |TAMS 0x00000000fa600000| PB 0x00000000fa600000| Untracked 
|1959|0x00000000fa700000, 0x00000000fa700000, 0x00000000fa800000|  0%| F|  |TAMS 0x00000000fa700000| PB 0x00000000fa700000| Untracked 
|1960|0x00000000fa800000, 0x00000000fa800000, 0x00000000fa900000|  0%| F|  |TAMS 0x00000000fa800000| PB 0x00000000fa800000| Untracked 
|1967|0x00000000faf00000, 0x00000000faf00000, 0x00000000fb000000|  0%| F|  |TAMS 0x00000000faf00000| PB 0x00000000faf00000| Untracked 
|1968|0x00000000fb000000, 0x00000000fb000000, 0x00000000fb100000|  0%| F|  |TAMS 0x00000000fb000000| PB 0x00000000fb000000| Untracked 
|1969|0x00000000fb100000, 0x00000000fb100000, 0x00000000fb200000|  0%| F|  |TAMS 0x00000000fb100000| PB 0x00000000fb100000| Untracked 
|1970|0x00000000fb200000, 0x00000000fb200000, 0x00000000fb300000|  0%| F|  |TAMS 0x00000000fb200000| PB 0x00000000fb200000| Untracked 
|1971|0x00000000fb300000, 0x00000000fb300000, 0x00000000fb400000|  0%| F|  |TAMS 0x00000000fb300000| PB 0x00000000fb300000| Untracked 
|1972|0x00000000fb400000, 0x00000000fb400000, 0x00000000fb500000|  0%| F|  |TAMS 0x00000000fb400000| PB 0x00000000fb400000| Untracked 
|1973|0x00000000fb500000, 0x00000000fb500000, 0x00000000fb600000|  0%| F|  |TAMS 0x00000000fb500000| PB 0x00000000fb500000| Untracked 
|1974|0x00000000fb600000, 0x00000000fb600000, 0x00000000fb700000|  0%| F|  |TAMS 0x00000000fb600000| PB 0x00000000fb600000| Untracked 
|1975|0x00000000fb700000, 0x00000000fb700000, 0x00000000fb800000|  0%| F|  |TAMS 0x00000000fb700000| PB 0x00000000fb700000| Untracked 
|1976|0x00000000fb800000, 0x00000000fb800000, 0x00000000fb900000|  0%| F|  |TAMS 0x00000000fb800000| PB 0x00000000fb800000| Untracked 
|1977|0x00000000fb900000, 0x00000000fb900000, 0x00000000fba00000|  0%| F|  |TAMS 0x00000000fb900000| PB 0x00000000fb900000| Untracked 
|1978|0x00000000fba00000, 0x00000000fba00000, 0x00000000fbb00000|  0%| F|  |TAMS 0x00000000fba00000| PB 0x00000000fba00000| Untracked 
|1979|0x00000000fbb00000, 0x00000000fbb00000, 0x00000000fbc00000|  0%| F|  |TAMS 0x00000000fbb00000| PB 0x00000000fbb00000| Untracked 
|1980|0x00000000fbc00000, 0x00000000fbc00000, 0x00000000fbd00000|  0%| F|  |TAMS 0x00000000fbc00000| PB 0x00000000fbc00000| Untracked 
|1981|0x00000000fbd00000, 0x00000000fbd00000, 0x00000000fbe00000|  0%| F|  |TAMS 0x00000000fbd00000| PB 0x00000000fbd00000| Untracked 
|1982|0x00000000fbe00000, 0x00000000fbe00000, 0x00000000fbf00000|  0%| F|  |TAMS 0x00000000fbe00000| PB 0x00000000fbe00000| Untracked 
|1983|0x00000000fbf00000, 0x00000000fbf00000, 0x00000000fc000000|  0%| F|  |TAMS 0x00000000fbf00000| PB 0x00000000fbf00000| Untracked 
|1984|0x00000000fc000000, 0x00000000fc000000, 0x00000000fc100000|  0%| F|  |TAMS 0x00000000fc000000| PB 0x00000000fc000000| Untracked 
|1985|0x00000000fc100000, 0x00000000fc100000, 0x00000000fc200000|  0%| F|  |TAMS 0x00000000fc100000| PB 0x00000000fc100000| Untracked 
|1986|0x00000000fc200000, 0x00000000fc200000, 0x00000000fc300000|  0%| F|  |TAMS 0x00000000fc200000| PB 0x00000000fc200000| Untracked 
|1987|0x00000000fc300000, 0x00000000fc300000, 0x00000000fc400000|  0%| F|  |TAMS 0x00000000fc300000| PB 0x00000000fc300000| Untracked 
|2040|0x00000000ff800000, 0x00000000ff800000, 0x00000000ff900000|  0%| F|  |TAMS 0x00000000ff800000| PB 0x00000000ff800000| Untracked 
|2041|0x00000000ff900000, 0x00000000ff900000, 0x00000000ffa00000|  0%| F|  |TAMS 0x00000000ff900000| PB 0x00000000ff900000| Untracked 
|2043|0x00000000ffb00000, 0x00000000ffc00000, 0x00000000ffc00000|100%| O|  |TAMS 0x00000000ffc00000| PB 0x00000000ffb00000| Untracked 
|2044|0x00000000ffc00000, 0x00000000ffd00000, 0x00000000ffd00000|100%| O|  |TAMS 0x00000000ffd00000| PB 0x00000000ffc00000| Untracked 
|2045|0x00000000ffd00000, 0x00000000ffe00000, 0x00000000ffe00000|100%| O|  |TAMS 0x00000000ffe00000| PB 0x00000000ffd00000| Untracked 
|2046|0x00000000ffe00000, 0x00000000fff00000, 0x00000000fff00000|100%| O|  |TAMS 0x00000000fff00000| PB 0x00000000ffe00000| Untracked 
|2047|0x00000000fff00000, 0x0000000100000000, 0x0000000100000000|100%| O|  |TAMS 0x0000000100000000| PB 0x00000000fff00000| Untracked 

Card table byte_map: [0x0000025142460000,0x0000025142860000] _byte_map_base: 0x0000025142060000

Marking Bits: (CMBitMap*) 0x000002512fc27f50
 Bits: [0x0000025142860000, 0x0000025144860000)

Polling page: 0x000002512db40000

Metaspace:

Usage:
  Non-class:    214.97 MB used.
      Class:     28.57 MB used.
       Both:    243.55 MB used.

Virtual space:
  Non-class space:      256.00 MB reserved,     215.88 MB ( 84%) committed,  4 nodes.
      Class space:        1.00 GB reserved,      29.69 MB (  3%) committed,  1 nodes.
             Both:        1.25 GB reserved,     245.56 MB ( 19%) committed. 

Chunk freelists:
   Non-Class:  23.47 MB
       Class:  18.18 MB
        Both:  41.65 MB

MaxMetaspaceSize: unlimited
CompressedClassSpaceSize: 1.00 GB
Initial GC threshold: 21.00 MB
Current GC threshold: 430.00 MB
CDS: off
 - commit_granule_bytes: 65536.
 - commit_granule_words: 8192.
 - virtual_space_node_default_size: 8388608.
 - enlarge_chunks_in_place: 1.
 - use_allocation_guard: 0.


Internal statistics:

num_allocs_failed_limit: 9.
num_arena_births: 11310.
num_arena_deaths: 7230.
num_vsnodes_births: 5.
num_vsnodes_deaths: 0.
num_space_committed: 9296.
num_space_uncommitted: 1257.
num_chunks_returned_to_freelist: 32049.
num_chunks_taken_from_freelist: 49534.
num_chunk_merges: 9937.
num_chunk_splits: 25896.
num_chunks_enlarged: 17030.
num_inconsistent_stats: 0.

CodeHeap 'non-profiled nmethods': size=120000Kb used=54208Kb max_used=54273Kb free=65791Kb
 bounds [0x000002513a800000, 0x000002513dd10000, 0x0000025141d30000]
CodeHeap 'profiled nmethods': size=120000Kb used=48332Kb max_used=60125Kb free=71667Kb
 bounds [0x0000025132d30000, 0x0000025136880000, 0x000002513a260000]
CodeHeap 'non-nmethods': size=5760Kb used=2685Kb max_used=2789Kb free=3074Kb
 bounds [0x000002513a260000, 0x000002513a530000, 0x000002513a800000]
 total_blobs=28816 nmethods=27756 adapters=962
 compilation: enabled
              stopped_count=0, restarted_count=0
 full_count=0

Compilation events (20 events):
Event: 23664.715 Thread 0x000002514744e990 nmethod 123165 0x000002513d72a090 code [0x000002513d72a220, 0x000002513d72a5f0]
Event: 23664.948 Thread 0x000002514744e990 123166       4       com.android.tools.r8.internal.Aq::<init> (7 bytes)
Event: 23664.953 Thread 0x000002514744e990 nmethod 123166 0x000002513d729d10 code [0x000002513d729ea0, 0x000002513d729f60]
Event: 23665.170 Thread 0x000002514744e990 123167       4       com.android.tools.r8.internal.Em::<init> (7 bytes)
Event: 23665.177 Thread 0x000002514744e990 nmethod 123167 0x000002513d729490 code [0x000002513d729640, 0x000002513d7299a0]
Event: 23665.397 Thread 0x000002514744e990 123168       4       com.android.ide.common.blame.MergingLog::logCopy (42 bytes)
Event: 23665.432 Thread 0x000002514744e990 nmethod 123168 0x000002513d728810 code [0x000002513d728a00, 0x000002513d729110]
Event: 23665.447 Thread 0x000002514744e990 123169       4       java.io.BufferedWriter::<init> (42 bytes)
Event: 23665.456 Thread 0x000002514744e990 nmethod 123169 0x000002513d727b10 code [0x000002513d727ce0, 0x000002513d728560]
Event: 23665.472 Thread 0x000002514744e990 123170       4       android.databinding.internal.org.antlr.v4.runtime.atn.NotSetTransition::matches (26 bytes)
Event: 23665.506 Thread 0x000002514744e990 nmethod 123170 0x000002513d727490 code [0x000002513d727640, 0x000002513d727890]
Event: 23665.507 Thread 0x000002514744e990 123171       4       com.google.common.collect.Maps::indexMap (62 bytes)
Event: 23665.565 Thread 0x000002514744e990 nmethod 123171 0x000002513d725490 code [0x000002513d725760, 0x000002513d7267a8]
Event: 23665.566 Thread 0x000002514744e990 123172       4       com.android.ide.common.symbols.ResourceDirectoryParser$parseResourceDirectory$$inlined$sortedBy$1::compare (39 bytes)
Event: 23665.574 Thread 0x000002514744e990 nmethod 123172 0x000002513d724d10 code [0x000002513d724ee0, 0x000002513d725248]
Event: 23665.625 Thread 0x0000025147478360 123173       1       com.google.common.cache.LocalCache$LocalManualCache::asMap (5 bytes)
Event: 23665.627 Thread 0x0000025147478360 nmethod 123173 0x000002513d724a10 code [0x000002513d724ba0, 0x000002513d724c68]
Event: 23666.003 Thread 0x000002514744e990 123174       4       com.google.common.collect.DenseImmutableTable::getValue (22 bytes)
Event: 23666.008 Thread 0x000002514744e990 nmethod 123174 0x000002513d724490 code [0x000002513d724640, 0x000002513d724810]
Event: 23666.221 Thread 0x000002514744e990 123175   !   4       com.sun.org.apache.xerces.internal.parsers.DOMParser::parse (236 bytes)

GC Heap History (20 events):
Event: 23659.317 GC heap after
{Heap after GC invocations=616 (full 1):
 garbage-first heap   total 1519616K, used 432173K [0x0000000080000000, 0x0000000100000000)
  region size 1024K, 23 young (23552K), 23 survivors (23552K)
 Metaspace       used 249360K, committed 251456K, reserved 1310720K
  class space    used 29255K, committed 30400K, reserved 1048576K
}
Event: 23660.491 GC heap before
{Heap before GC invocations=616 (full 1):
 garbage-first heap   total 1519616K, used 593965K [0x0000000080000000, 0x0000000100000000)
  region size 1024K, 145 young (148480K), 23 survivors (23552K)
 Metaspace       used 249390K, committed 251456K, reserved 1310720K
  class space    used 29256K, committed 30400K, reserved 1048576K
}
Event: 23660.966 GC heap after
{Heap after GC invocations=617 (full 1):
 garbage-first heap   total 1519616K, used 458155K [0x0000000080000000, 0x0000000100000000)
  region size 1024K, 19 young (19456K), 19 survivors (19456K)
 Metaspace       used 249390K, committed 251456K, reserved 1310720K
  class space    used 29256K, committed 30400K, reserved 1048576K
}
Event: 23663.215 GC heap before
{Heap before GC invocations=617 (full 1):
 garbage-first heap   total 1519616K, used 535979K [0x0000000080000000, 0x0000000100000000)
  region size 1024K, 74 young (75776K), 19 survivors (19456K)
 Metaspace       used 249390K, committed 251456K, reserved 1310720K
  class space    used 29256K, committed 30400K, reserved 1048576K
}
Event: 23663.331 GC heap after
{Heap after GC invocations=618 (full 1):
 garbage-first heap   total 1519616K, used 470685K [0x0000000080000000, 0x0000000100000000)
  region size 1024K, 10 young (10240K), 10 survivors (10240K)
 Metaspace       used 249390K, committed 251456K, reserved 1310720K
  class space    used 29256K, committed 30400K, reserved 1048576K
}
Event: 23663.747 GC heap before
{Heap before GC invocations=618 (full 1):
 garbage-first heap   total 1519616K, used 563869K [0x0000000080000000, 0x0000000100000000)
  region size 1024K, 74 young (75776K), 10 survivors (10240K)
 Metaspace       used 249390K, committed 251456K, reserved 1310720K
  class space    used 29256K, committed 30400K, reserved 1048576K
}
Event: 23663.799 GC heap after
{Heap after GC invocations=619 (full 1):
 garbage-first heap   total 1519616K, used 473710K [0x0000000080000000, 0x0000000100000000)
  region size 1024K, 10 young (10240K), 10 survivors (10240K)
 Metaspace       used 249390K, committed 251456K, reserved 1310720K
  class space    used 29256K, committed 30400K, reserved 1048576K
}
Event: 23664.620 GC heap before
{Heap before GC invocations=619 (full 1):
 garbage-first heap   total 1519616K, used 553582K [0x0000000080000000, 0x0000000100000000)
  region size 1024K, 78 young (79872K), 10 survivors (10240K)
 Metaspace       used 249390K, committed 251456K, reserved 1310720K
  class space    used 29256K, committed 30400K, reserved 1048576K
}
Event: 23664.701 GC heap after
{Heap after GC invocations=620 (full 1):
 garbage-first heap   total 1519616K, used 480878K [0x0000000080000000, 0x0000000100000000)
  region size 1024K, 10 young (10240K), 10 survivors (10240K)
 Metaspace       used 249390K, committed 251456K, reserved 1310720K
  class space    used 29256K, committed 30400K, reserved 1048576K
}
Event: 23664.851 GC heap before
{Heap before GC invocations=620 (full 1):
 garbage-first heap   total 1519616K, used 549486K [0x0000000080000000, 0x0000000100000000)
  region size 1024K, 74 young (75776K), 10 survivors (10240K)
 Metaspace       used 249390K, committed 251456K, reserved 1310720K
  class space    used 29256K, committed 30400K, reserved 1048576K
}
Event: 23664.948 GC heap after
{Heap after GC invocations=621 (full 1):
 garbage-first heap   total 1519616K, used 492108K [0x0000000080000000, 0x0000000100000000)
  region size 1024K, 10 young (10240K), 10 survivors (10240K)
 Metaspace       used 249390K, committed 251456K, reserved 1310720K
  class space    used 29256K, committed 30400K, reserved 1048576K
}
Event: 23664.984 GC heap before
{Heap before GC invocations=621 (full 1):
 garbage-first heap   total 1519616K, used 556620K [0x0000000080000000, 0x0000000100000000)
  region size 1024K, 74 young (75776K), 10 survivors (10240K)
 Metaspace       used 249390K, committed 251456K, reserved 1310720K
  class space    used 29256K, committed 30400K, reserved 1048576K
}
Event: 23665.116 GC heap after
{Heap after GC invocations=622 (full 1):
 garbage-first heap   total 1655808K, used 510574K [0x0000000080000000, 0x0000000100000000)
  region size 1024K, 10 young (10240K), 10 survivors (10240K)
 Metaspace       used 249390K, committed 251456K, reserved 1310720K
  class space    used 29256K, committed 30400K, reserved 1048576K
}
Event: 23665.203 GC heap before
{Heap before GC invocations=622 (full 1):
 garbage-first heap   total 1655808K, used 595566K [0x0000000080000000, 0x0000000100000000)
  region size 1024K, 94 young (96256K), 10 survivors (10240K)
 Metaspace       used 249390K, committed 251456K, reserved 1310720K
  class space    used 29256K, committed 30400K, reserved 1048576K
}
Event: 23665.375 GC heap after
{Heap after GC invocations=623 (full 1):
 garbage-first heap   total 1655808K, used 537710K [0x0000000080000000, 0x0000000100000000)
  region size 1024K, 12 young (12288K), 12 survivors (12288K)
 Metaspace       used 249390K, committed 251456K, reserved 1310720K
  class space    used 29256K, committed 30400K, reserved 1048576K
}
Event: 23665.629 GC heap before
{Heap before GC invocations=623 (full 1):
 garbage-first heap   total 1655808K, used 606318K [0x0000000080000000, 0x0000000100000000)
  region size 1024K, 80 young (81920K), 12 survivors (12288K)
 Metaspace       used 249390K, committed 251456K, reserved 1310720K
  class space    used 29256K, committed 30400K, reserved 1048576K
}
Event: 23665.704 GC heap after
{Heap after GC invocations=624 (full 1):
 garbage-first heap   total 1655808K, used 531054K [0x0000000080000000, 0x0000000100000000)
  region size 1024K, 8 young (8192K), 8 survivors (8192K)
 Metaspace       used 249390K, committed 251456K, reserved 1310720K
  class space    used 29256K, committed 30400K, reserved 1048576K
}
Event: 23665.799 GC heap before
{Heap before GC invocations=624 (full 1):
 garbage-first heap   total 1655808K, used 555630K [0x0000000080000000, 0x0000000100000000)
  region size 1024K, 33 young (33792K), 8 survivors (8192K)
 Metaspace       used 249390K, committed 251456K, reserved 1310720K
  class space    used 29256K, committed 30400K, reserved 1048576K
}
Event: 23665.843 GC heap after
{Heap after GC invocations=625 (full 1):
 garbage-first heap   total 1655808K, used 534895K [0x0000000080000000, 0x0000000100000000)
  region size 1024K, 4 young (4096K), 4 survivors (4096K)
 Metaspace       used 249390K, committed 251456K, reserved 1310720K
  class space    used 29256K, committed 30400K, reserved 1048576K
}
Event: 23666.229 GC heap before
{Heap before GC invocations=625 (full 1):
 garbage-first heap   total 1655808K, used 620911K [0x0000000080000000, 0x0000000100000000)
  region size 1024K, 80 young (81920K), 4 survivors (4096K)
 Metaspace       used 249390K, committed 251456K, reserved 1310720K
  class space    used 29256K, committed 30400K, reserved 1048576K
}

Dll operation events (20 events):
Event: 2497.305 Unloaded dll "C:\Users\77012\AppData\Local\Temp\sqlite-3.41.2.2-3721e3ac-e335-4cd6-874d-716d6353da3c-sqlitejdbc.dll" [0x00007fff341d0000]
Event: 3646.367 Unloaded dll "C:\Users\77012\AppData\Local\Temp\sqlite-3.41.2.2-f90d2c93-ec5f-4580-9e38-1872c8fc5ee3-sqlitejdbc.dll" [0x00007fff32960000]
Event: 4058.152 Unloaded dll "C:\Users\77012\AppData\Local\Temp\sqlite-3.41.2.2-fcc26274-e942-4368-aa85-121874aac670-sqlitejdbc.dll" [0x00007fff3f190000]
Event: 4767.937 Unloaded dll "C:\Users\77012\AppData\Local\Temp\sqlite-3.41.2.2-6de6d980-62f7-4570-bf43-24ca833fc6dc-sqlitejdbc.dll" [0x00007fff341d0000]
Event: 5403.972 Unloaded dll "C:\Users\77012\AppData\Local\Temp\sqlite-3.41.2.2-48d72000-b1e2-4396-b505-8dda32d75759-sqlitejdbc.dll" [0x00007fff3ef70000]
Event: 5678.540 Unloaded dll "C:\Users\77012\AppData\Local\Temp\sqlite-3.41.2.2-d4dd8de6-83b2-470f-a060-d0e2b0a528cf-sqlitejdbc.dll" [0x00007fff3f190000]
Event: 6533.336 Unloaded dll "C:\Users\77012\AppData\Local\Temp\sqlite-3.41.2.2-f0224fca-2a20-4d39-9449-cc0d3c2d3378-sqlitejdbc.dll" [0x00007fff34220000]
Event: 7661.743 Unloaded dll "C:\Users\77012\AppData\Local\Temp\sqlite-3.41.2.2-4d56753c-0855-4952-ad7c-8432970185b1-sqlitejdbc.dll" [0x00007fff32a20000]
Event: 7661.747 Unloaded dll "C:\Users\77012\AppData\Local\Temp\sqlite-3.41.2.2-457f0720-b4d4-4f3b-982a-26f69844c9dd-sqlitejdbc.dll" [0x00007fff3ef70000]
Event: 7661.750 Unloaded dll "C:\Users\77012\AppData\Local\Temp\sqlite-3.41.2.2-e56aa419-b313-4d6b-9760-a080582d0a7d-sqlitejdbc.dll" [0x00007fff3f190000]
Event: 7661.753 Unloaded dll "C:\Users\77012\AppData\Local\Temp\sqlite-3.41.2.2-3ed7d954-62d0-49f2-9cd1-af9d10edda42-sqlitejdbc.dll" [0x00007fff39dd0000]
Event: 8211.422 Unloaded dll "C:\Users\77012\AppData\Local\Temp\sqlite-3.41.2.2-f8893c06-8681-468b-a1a9-42c435c1a396-sqlitejdbc.dll" [0x00007fff34220000]
Event: 16547.770 Unloaded dll "C:\Users\77012\AppData\Local\Temp\sqlite-3.41.2.2-a7fa7957-2ad0-4645-b6d1-8e87055f4387-sqlitejdbc.dll" [0x00007fff34220000]
Event: 16547.772 Unloaded dll "C:\Users\77012\AppData\Local\Temp\sqlite-3.41.2.2-4cb255cc-1b88-4183-bd59-2658d96da6b6-sqlitejdbc.dll" [0x00007fff3f030000]
Event: 16547.773 Unloaded dll "C:\Users\77012\AppData\Local\Temp\sqlite-3.41.2.2-fe5c5922-ab88-44b0-8419-a7a087dc9c52-sqlitejdbc.dll" [0x00007fff32a20000]
Event: 18170.173 Unloaded dll "C:\Users\77012\AppData\Local\Temp\sqlite-3.41.2.2-59d5eac6-bb8d-4d85-8cff-c167f32247c4-sqlitejdbc.dll" [0x00007fff3f030000]
Event: 20223.937 Unloaded dll "C:\Users\77012\AppData\Local\Temp\sqlite-3.41.2.2-d9f19dac-faf8-43ff-adbe-2083c1a3658f-sqlitejdbc.dll" [0x00007fff39e10000]
Event: 22474.642 Unloaded dll "C:\Users\77012\AppData\Local\Temp\sqlite-3.41.2.2-36603992-ece0-407b-a538-dca85aeb2234-sqlitejdbc.dll" [0x00007fff39e10000]
Event: 22571.870 Unloaded dll "C:\Users\77012\AppData\Local\Temp\sqlite-3.41.2.2-98b37afc-5998-4efc-b9df-88f8ec2decf9-sqlitejdbc.dll" [0x00007fff295e0000]
Event: 23350.539 Unloaded dll "C:\Users\77012\AppData\Local\Temp\sqlite-3.41.2.2-9297c68f-861f-4541-b9f5-ec7290201738-sqlitejdbc.dll" [0x00007fff25f10000]

Deoptimization events (20 events):
Event: 23488.669 Thread 0x0000025162dc7c60 DEOPT PACKING pc=0x0000025135f33080 sp=0x0000005f6d4fd1c0
Event: 23488.669 Thread 0x0000025162dc7c60 DEOPT UNPACKING pc=0x000002513a2b88e2 sp=0x0000005f6d4fc618 mode 0
Event: 23488.670 Thread 0x0000025162dc7c60 DEOPT PACKING pc=0x0000025135f33080 sp=0x0000005f6d4fd1c0
Event: 23488.670 Thread 0x0000025162dc7c60 DEOPT UNPACKING pc=0x000002513a2b88e2 sp=0x0000005f6d4fc618 mode 0
Event: 23488.670 Thread 0x0000025162dc7c60 DEOPT PACKING pc=0x0000025135f33080 sp=0x0000005f6d4fd1c0
Event: 23488.670 Thread 0x0000025162dc7c60 DEOPT UNPACKING pc=0x000002513a2b88e2 sp=0x0000005f6d4fc618 mode 0
Event: 23488.670 Thread 0x0000025162dc7c60 DEOPT PACKING pc=0x0000025135f33080 sp=0x0000005f6d4fd1c0
Event: 23488.670 Thread 0x0000025162dc7c60 DEOPT UNPACKING pc=0x000002513a2b88e2 sp=0x0000005f6d4fc618 mode 0
Event: 23488.670 Thread 0x0000025162dc7c60 DEOPT PACKING pc=0x0000025135f33080 sp=0x0000005f6d4fd420
Event: 23488.670 Thread 0x0000025162dc7c60 DEOPT UNPACKING pc=0x000002513a2b88e2 sp=0x0000005f6d4fc878 mode 0
Event: 23488.670 Thread 0x0000025162dc7c60 DEOPT PACKING pc=0x0000025135f33080 sp=0x0000005f6d4fd1c0
Event: 23488.670 Thread 0x0000025162dc7c60 DEOPT UNPACKING pc=0x000002513a2b88e2 sp=0x0000005f6d4fc618 mode 0
Event: 23489.359 Thread 0x00000251580e49f0 DEOPT PACKING pc=0x0000025135ce4bb4 sp=0x0000005f6dcfdb70
Event: 23489.359 Thread 0x00000251580e49f0 DEOPT UNPACKING pc=0x000002513a2b88e2 sp=0x0000005f6dcfd098 mode 0
Event: 23491.915 Thread 0x00000251580e49f0 DEOPT PACKING pc=0x000002513425ec05 sp=0x0000005f6dcfdfa0
Event: 23491.915 Thread 0x00000251580e49f0 DEOPT UNPACKING pc=0x000002513a2b88e2 sp=0x0000005f6dcfd4a8 mode 0
Event: 23492.132 Thread 0x00000251518ff3d0 Uncommon trap: trap_request=0xffffff6e fr.pc=0x000002513c05fab4 relative=0x00000000000029d4
Event: 23492.132 Thread 0x00000251518ff3d0 Uncommon trap: reason=loop_limit_check action=maybe_recompile pc=0x000002513c05fab4 method=sun.security.util.ObjectIdentifier.toString()Ljava/lang/String; @ 157 c2
Event: 23492.132 Thread 0x00000251518ff3d0 DEOPT PACKING pc=0x000002513c05fab4 sp=0x0000005f6f5fe080
Event: 23492.133 Thread 0x00000251518ff3d0 DEOPT UNPACKING pc=0x000002513a2b7da2 sp=0x0000005f6f5fe060 mode 2

Classes loaded (20 events):
Event: 20980.452 Loading class com/sun/beans/finder/FinderUtils
Event: 20980.452 Loading class com/sun/beans/finder/FinderUtils done
Event: 20982.299 Loading class sun/security/ssl/Alert
Event: 20982.302 Loading class sun/security/ssl/Alert done
Event: 20982.304 Loading class sun/security/ssl/Alert$AlertConsumer
Event: 20982.305 Loading class sun/security/ssl/Alert$AlertConsumer done
Event: 20982.305 Loading class sun/security/ssl/Alert$Level
Event: 20982.305 Loading class sun/security/ssl/Alert$Level done
Event: 20983.027 Loading class java/util/regex/Pattern$Caret
Event: 20983.028 Loading class java/util/regex/Pattern$Caret done
Event: 21192.834 Loading class java/lang/annotation/IncompleteAnnotationException
Event: 21192.844 Loading class java/lang/annotation/IncompleteAnnotationException done
Event: 22480.752 Loading class java/lang/Throwable$WrappedPrintWriter
Event: 22480.762 Loading class java/lang/Throwable$PrintStreamOrWriter
Event: 22480.765 Loading class java/lang/Throwable$PrintStreamOrWriter done
Event: 22480.766 Loading class java/lang/Throwable$WrappedPrintWriter done
Event: 22482.031 Loading class java/util/Collections$EmptyListIterator
Event: 22482.041 Loading class java/util/Collections$EmptyListIterator done
Event: 22482.173 Loading class java/net/UrlDeserializedState
Event: 22482.182 Loading class java/net/UrlDeserializedState done

Classes unloaded (20 events):
Event: 23482.381 Thread 0x00000251472a5d60 Unloading class 0x0000000101f6f168 'kotlin/Lazy'
Event: 23482.381 Thread 0x00000251472a5d60 Unloading class 0x0000000101f6eef8 'kotlin/NoWhenBranchMatchedException'
Event: 23482.381 Thread 0x00000251472a5d60 Unloading class 0x0000000101f6ece0 'kotlin/LazyKt'
Event: 23482.381 Thread 0x00000251472a5d60 Unloading class 0x0000000101f6eac8 'kotlin/LazyKt__LazyKt'
Event: 23482.381 Thread 0x00000251472a5d60 Unloading class 0x0000000101f6e8b0 'kotlin/LazyKt__LazyJVMKt'
Event: 23482.381 Thread 0x00000251472a5d60 Unloading class 0x0000000101f6e658 'androidx/room/compiler/processing/javac/JavacBasicAnnotationProcessor$xEnv$2'
Event: 23482.381 Thread 0x00000251472a5d60 Unloading class 0x0000000101f6e420 'kotlin/jvm/internal/Lambda'
Event: 23482.381 Thread 0x00000251472a5d60 Unloading class 0x0000000101f6e210 'kotlin/jvm/internal/FunctionBase'
Event: 23482.381 Thread 0x00000251472a5d60 Unloading class 0x0000000101f6e000 'kotlin/jvm/functions/Function0'
Event: 23482.381 Thread 0x00000251472a5d60 Unloading class 0x0000000101f6dcf0 'kotlin/KotlinNullPointerException'
Event: 23482.381 Thread 0x00000251472a5d60 Unloading class 0x0000000101f6da80 'kotlin/UninitializedPropertyAccessException'
Event: 23482.381 Thread 0x00000251472a5d60 Unloading class 0x0000000101f6d868 'kotlin/jvm/internal/Intrinsics'
Event: 23482.381 Thread 0x00000251472a5d60 Unloading class 0x0000000101f6d638 'androidx/room/RoomProcessor$$Lambda+0x0000000101f6d638'
Event: 23482.381 Thread 0x00000251472a5d60 Unloading class 0x0000000101f6d420 'androidx/room/compiler/processing/XProcessingEnvConfig'
Event: 23482.381 Thread 0x00000251472a5d60 Unloading class 0x0000000101f6d210 'kotlin/jvm/functions/Function1'
Event: 23482.381 Thread 0x00000251472a5d60 Unloading class 0x0000000101f6d000 'kotlin/Function'
Event: 23482.381 Thread 0x00000251472a5d60 Unloading class 0x0000000101f6c400 'androidx/room/RoomProcessor'
Event: 23482.381 Thread 0x00000251472a5d60 Unloading class 0x0000000101f6cca8 'androidx/room/compiler/processing/javac/JavacBasicAnnotationProcessor'
Event: 23482.381 Thread 0x00000251472a5d60 Unloading class 0x0000000101f6ca98 'androidx/room/compiler/processing/XBasicAnnotationProcessor'
Event: 23482.382 Thread 0x00000251472a5d60 Unloading class 0x0000000101f6c800 'com/bumptech/glide/annotation/compiler/GlideAnnotationProcessor'

Classes redefined (0 events):
No events

Internal exceptions (20 events):
Event: 23665.964 Thread 0x0000025159b6f0e0 Exception <a 'sun/nio/fs/WindowsException'{0x00000000fbcc9f30}> (0x00000000fbcc9f30) 
thrown [s\src\hotspot\share\prims\jni.cpp, line 535]
Event: 23665.965 Thread 0x0000025159b6f0e0 Exception <a 'sun/nio/fs/WindowsException'{0x00000000fbcf3968}> (0x00000000fbcf3968) 
thrown [s\src\hotspot\share\prims\jni.cpp, line 535]
Event: 23665.966 Thread 0x0000025159b6f0e0 Exception <a 'sun/nio/fs/WindowsException'{0x00000000fbcfdad0}> (0x00000000fbcfdad0) 
thrown [s\src\hotspot\share\prims\jni.cpp, line 535]
Event: 23665.968 Thread 0x0000025159b6f0e0 Exception <a 'sun/nio/fs/WindowsException'{0x00000000fbb08b90}> (0x00000000fbb08b90) 
thrown [s\src\hotspot\share\prims\jni.cpp, line 535]
Event: 23665.969 Thread 0x0000025159b6f0e0 Exception <a 'sun/nio/fs/WindowsException'{0x00000000fbb10860}> (0x00000000fbb10860) 
thrown [s\src\hotspot\share\prims\jni.cpp, line 535]
Event: 23665.970 Thread 0x0000025159b6f0e0 Exception <a 'sun/nio/fs/WindowsException'{0x00000000fbb185c8}> (0x00000000fbb185c8) 
thrown [s\src\hotspot\share\prims\jni.cpp, line 535]
Event: 23665.971 Thread 0x0000025159b6f0e0 Exception <a 'sun/nio/fs/WindowsException'{0x00000000fbb21628}> (0x00000000fbb21628) 
thrown [s\src\hotspot\share\prims\jni.cpp, line 535]
Event: 23665.973 Thread 0x0000025159b6f0e0 Exception <a 'sun/nio/fs/WindowsException'{0x00000000fbb29d08}> (0x00000000fbb29d08) 
thrown [s\src\hotspot\share\prims\jni.cpp, line 535]
Event: 23665.975 Thread 0x0000025159b6f0e0 Exception <a 'sun/nio/fs/WindowsException'{0x00000000fbb31628}> (0x00000000fbb31628) 
thrown [s\src\hotspot\share\prims\jni.cpp, line 535]
Event: 23665.976 Thread 0x0000025159b6f0e0 Exception <a 'sun/nio/fs/WindowsException'{0x00000000fbb39520}> (0x00000000fbb39520) 
thrown [s\src\hotspot\share\prims\jni.cpp, line 535]
Event: 23665.977 Thread 0x0000025159b6f0e0 Exception <a 'sun/nio/fs/WindowsException'{0x00000000fbb42460}> (0x00000000fbb42460) 
thrown [s\src\hotspot\share\prims\jni.cpp, line 535]
Event: 23665.979 Thread 0x0000025159b6f0e0 Exception <a 'sun/nio/fs/WindowsException'{0x00000000fbb60418}> (0x00000000fbb60418) 
thrown [s\src\hotspot\share\prims\jni.cpp, line 535]
Event: 23665.980 Thread 0x0000025159b6f0e0 Exception <a 'sun/nio/fs/WindowsException'{0x00000000fbb68148}> (0x00000000fbb68148) 
thrown [s\src\hotspot\share\prims\jni.cpp, line 535]
Event: 23665.981 Thread 0x0000025159b6f0e0 Exception <a 'sun/nio/fs/WindowsException'{0x00000000fbb6fdb8}> (0x00000000fbb6fdb8) 
thrown [s\src\hotspot\share\prims\jni.cpp, line 535]
Event: 23665.982 Thread 0x0000025159b6f0e0 Exception <a 'sun/nio/fs/WindowsException'{0x00000000fbb77cc8}> (0x00000000fbb77cc8) 
thrown [s\src\hotspot\share\prims\jni.cpp, line 535]
Event: 23665.983 Thread 0x0000025159b6f0e0 Exception <a 'sun/nio/fs/WindowsException'{0x00000000fbb7fe30}> (0x00000000fbb7fe30) 
thrown [s\src\hotspot\share\prims\jni.cpp, line 535]
Event: 23665.984 Thread 0x0000025159b6f0e0 Exception <a 'sun/nio/fs/WindowsException'{0x00000000fbb88cf0}> (0x00000000fbb88cf0) 
thrown [s\src\hotspot\share\prims\jni.cpp, line 535]
Event: 23665.997 Thread 0x0000025159b6f0e0 Exception <a 'sun/nio/fs/WindowsException'{0x00000000fbb91270}> (0x00000000fbb91270) 
thrown [s\src\hotspot\share\prims\jni.cpp, line 535]
Event: 23665.998 Thread 0x0000025159b6f0e0 Exception <a 'sun/nio/fs/WindowsException'{0x00000000fbb992c8}> (0x00000000fbb992c8) 
thrown [s\src\hotspot\share\prims\jni.cpp, line 535]
Event: 23666.000 Thread 0x0000025159b6f0e0 Exception <a 'sun/nio/fs/WindowsException'{0x00000000fbba11b0}> (0x00000000fbba11b0) 
thrown [s\src\hotspot\share\prims\jni.cpp, line 535]

ZGC Phase Switch (0 events):
No events

VM Operations (20 events):
Event: 23660.320 Executing VM operation: Cleanup done
Event: 23660.487 Executing VM operation: G1CollectForAllocation (G1 Evacuation Pause)
Event: 23660.969 Executing VM operation: G1CollectForAllocation (G1 Evacuation Pause) done
Event: 23663.206 Executing VM operation: G1CollectForAllocation (G1 Evacuation Pause)
Event: 23663.331 Executing VM operation: G1CollectForAllocation (G1 Evacuation Pause) done
Event: 23663.747 Executing VM operation: G1CollectForAllocation (G1 Evacuation Pause)
Event: 23663.799 Executing VM operation: G1CollectForAllocation (G1 Evacuation Pause) done
Event: 23664.619 Executing VM operation: G1CollectForAllocation (G1 Evacuation Pause)
Event: 23664.702 Executing VM operation: G1CollectForAllocation (G1 Evacuation Pause) done
Event: 23664.849 Executing VM operation: G1CollectForAllocation (G1 Evacuation Pause)
Event: 23664.948 Executing VM operation: G1CollectForAllocation (G1 Evacuation Pause) done
Event: 23664.983 Executing VM operation: G1CollectForAllocation (G1 Evacuation Pause)
Event: 23665.116 Executing VM operation: G1CollectForAllocation (G1 Evacuation Pause) done
Event: 23665.203 Executing VM operation: G1CollectForAllocation (G1 Evacuation Pause)
Event: 23665.375 Executing VM operation: G1CollectForAllocation (G1 Evacuation Pause) done
Event: 23665.629 Executing VM operation: G1CollectForAllocation (G1 Evacuation Pause)
Event: 23665.704 Executing VM operation: G1CollectForAllocation (G1 Evacuation Pause) done
Event: 23665.797 Executing VM operation: G1TryInitiateConcMark (G1 Humongous Allocation)
Event: 23665.843 Executing VM operation: G1TryInitiateConcMark (G1 Humongous Allocation) done
Event: 23666.228 Executing VM operation: G1CollectForAllocation (G1 Evacuation Pause)

Memory protections (0 events):
No events

Nmethod flushes (20 events):
Event: 23483.811 Thread 0x00000251472a5d60 flushing  nmethod 0x00000251363f5090
Event: 23483.811 Thread 0x00000251472a5d60 flushing  nmethod 0x00000251365bea10
Event: 23483.811 Thread 0x00000251472a5d60 flushing  nmethod 0x00000251365bed90
Event: 23483.811 Thread 0x00000251472a5d60 flushing  nmethod 0x00000251365c0190
Event: 23483.811 Thread 0x00000251472a5d60 flushing  nmethod 0x00000251365c1290
Event: 23483.811 Thread 0x00000251472a5d60 flushing  nmethod 0x00000251365c1710
Event: 23483.811 Thread 0x00000251472a5d60 flushing  nmethod 0x0000025136624690
Event: 23483.811 Thread 0x00000251472a5d60 flushing  nmethod 0x0000025136625c10
Event: 23483.811 Thread 0x00000251472a5d60 flushing  nmethod 0x0000025136626290
Event: 23483.811 Thread 0x00000251472a5d60 flushing  nmethod 0x0000025136629d90
Event: 23483.811 Thread 0x00000251472a5d60 flushing  nmethod 0x000002513662a390
Event: 23483.811 Thread 0x00000251472a5d60 flushing  nmethod 0x0000025136664810
Event: 23483.811 Thread 0x00000251472a5d60 flushing  nmethod 0x0000025136664c10
Event: 23483.811 Thread 0x00000251472a5d60 flushing  nmethod 0x0000025136665010
Event: 23483.811 Thread 0x00000251472a5d60 flushing  nmethod 0x0000025136665690
Event: 23483.811 Thread 0x00000251472a5d60 flushing  nmethod 0x00000251366acb10
Event: 23483.811 Thread 0x00000251472a5d60 flushing  nmethod 0x00000251366ca410
Event: 23483.811 Thread 0x00000251472a5d60 flushing  nmethod 0x00000251366cb190
Event: 23483.811 Thread 0x00000251472a5d60 flushing  nmethod 0x0000025136754c90
Event: 23483.811 Thread 0x00000251472a5d60 flushing  nmethod 0x0000025136755390

Events (20 events):
Event: 23661.137 Thread 0x000002515b5eedc0 Thread added: 0x000002515b5e9f00
Event: 23661.137 Thread 0x000002515b5eedc0 Thread added: 0x000002515b5f1520
Event: 23663.183 Thread 0x000002516077f420 Thread exited: 0x000002516077f420
Event: 23663.183 Thread 0x0000025161e36790 Thread exited: 0x0000025161e36790
Event: 23663.605 Thread 0x000002515a918c90 Thread exited: 0x000002515a918c90
Event: 23663.605 Thread 0x0000025160988750 Thread exited: 0x0000025160988750
Event: 23663.605 Thread 0x000002515b5f0800 Thread exited: 0x000002515b5f0800
Event: 23663.605 Thread 0x000002515a91c110 Thread exited: 0x000002515a91c110
Event: 23663.605 Thread 0x000002515b5f0170 Thread exited: 0x000002515b5f0170
Event: 23663.606 Thread 0x0000025162abae90 Thread exited: 0x0000025162abae90
Event: 23663.607 Thread 0x0000025160986680 Thread exited: 0x0000025160986680
Event: 23663.607 Thread 0x000002515b5f0e90 Thread exited: 0x000002515b5f0e90
Event: 23664.816 Thread 0x0000025162ab80a0 Thread added: 0x0000025160986680
Event: 23664.816 Thread 0x0000025162ab80a0 Thread added: 0x0000025160987a30
Event: 23664.819 Thread 0x0000025160986680 Thread added: 0x0000025161e381d0
Event: 23664.820 Thread 0x0000025160987a30 Thread added: 0x0000025159b6ea50
Event: 23664.822 Thread 0x0000025161e381d0 Thread added: 0x0000025159b687e0
Event: 23664.823 Thread 0x0000025159b687e0 Thread added: 0x0000025162abb520
Event: 23664.823 Thread 0x0000025159b6ea50 Thread added: 0x000002515a91a6d0
Event: 23664.825 Thread 0x0000025162abb520 Thread added: 0x000002515b5f0170


Dynamic libraries:
0x00007ff611f60000 - 0x00007ff611f6a000 	C:\Program Files\Android\Android Studio1\jbr\bin\java.exe
0x00007fff5e8b0000 - 0x00007fff5eaa8000 	C:\Windows\SYSTEM32\ntdll.dll
0x00007fff5cbe0000 - 0x00007fff5cca2000 	C:\Windows\System32\KERNEL32.DLL
0x00007fff5c0c0000 - 0x00007fff5c3b7000 	C:\Windows\System32\KERNELBASE.dll
0x00007fff5c710000 - 0x00007fff5c810000 	C:\Windows\System32\ucrtbase.dll
0x00007fff30900000 - 0x00007fff3091b000 	C:\Program Files\Android\Android Studio1\jbr\bin\VCRUNTIME140.dll
0x00007fff40630000 - 0x00007fff40648000 	C:\Program Files\Android\Android Studio1\jbr\bin\jli.dll
0x00007fff5d7b0000 - 0x00007fff5d94d000 	C:\Windows\System32\USER32.dll
0x00007fff5c470000 - 0x00007fff5c492000 	C:\Windows\System32\win32u.dll
0x00007fff451b0000 - 0x00007fff4544a000 	C:\Windows\WinSxS\amd64_microsoft.windows.common-controls_6595b64144ccf1df_6.0.19041.5915_none_60b4b9d171f9c7c7\COMCTL32.dll
0x00007fff5db10000 - 0x00007fff5db3b000 	C:\Windows\System32\GDI32.dll
0x00007fff5caa0000 - 0x00007fff5cb3e000 	C:\Windows\System32\msvcrt.dll
0x00007fff5c4a0000 - 0x00007fff5c5b9000 	C:\Windows\System32\gdi32full.dll
0x00007fff5c5c0000 - 0x00007fff5c65d000 	C:\Windows\System32\msvcp_win.dll
0x00007fff5d650000 - 0x00007fff5d67f000 	C:\Windows\System32\IMM32.DLL
0x00007fff54360000 - 0x00007fff5436c000 	C:\Program Files\Android\Android Studio1\jbr\bin\vcruntime140_1.dll
0x00007fff40520000 - 0x00007fff405ad000 	C:\Program Files\Android\Android Studio1\jbr\bin\msvcp140.dll
0x00007ffef64e0000 - 0x00007ffef716a000 	C:\Program Files\Android\Android Studio1\jbr\bin\server\jvm.dll
0x00007fff5c980000 - 0x00007fff5ca31000 	C:\Windows\System32\ADVAPI32.dll
0x00007fff5cb40000 - 0x00007fff5cbdf000 	C:\Windows\System32\sechost.dll
0x00007fff5d680000 - 0x00007fff5d7a6000 	C:\Windows\System32\RPCRT4.dll
0x00007fff5c3c0000 - 0x00007fff5c3e7000 	C:\Windows\System32\bcrypt.dll
0x00007fff5d960000 - 0x00007fff5d9cb000 	C:\Windows\System32\WS2_32.dll
0x00007fff4c140000 - 0x00007fff4c167000 	C:\Windows\SYSTEM32\WINMM.dll
0x00007fff56b10000 - 0x00007fff56b1a000 	C:\Windows\SYSTEM32\VERSION.dll
0x00007fff5b4a0000 - 0x00007fff5b4eb000 	C:\Windows\SYSTEM32\POWRPROF.dll
0x00007fff5b310000 - 0x00007fff5b322000 	C:\Windows\SYSTEM32\UMPDC.dll
0x00007fff5a730000 - 0x00007fff5a742000 	C:\Windows\SYSTEM32\kernel.appcore.dll
0x00007fff54350000 - 0x00007fff5435a000 	C:\Program Files\Android\Android Studio1\jbr\bin\jimage.dll
0x00007fff5a410000 - 0x00007fff5a611000 	C:\Windows\SYSTEM32\DBGHELP.DLL
0x00007fff388f0000 - 0x00007fff38924000 	C:\Windows\SYSTEM32\dbgcore.DLL
0x00007fff5c810000 - 0x00007fff5c892000 	C:\Windows\System32\bcryptPrimitives.dll
0x00007fff40510000 - 0x00007fff4051e000 	C:\Program Files\Android\Android Studio1\jbr\bin\instrument.dll
0x00007fff308e0000 - 0x00007fff30900000 	C:\Program Files\Android\Android Studio1\jbr\bin\java.dll
0x00007fff308c0000 - 0x00007fff308d8000 	C:\Program Files\Android\Android Studio1\jbr\bin\zip.dll
0x00007fff5dee0000 - 0x00007fff5e64e000 	C:\Windows\System32\SHELL32.dll
0x00007fff59b90000 - 0x00007fff5a334000 	C:\Windows\SYSTEM32\windows.storage.dll
0x00007fff5ccb0000 - 0x00007fff5d003000 	C:\Windows\System32\combase.dll
0x00007fff5b940000 - 0x00007fff5b96b000 	C:\Windows\SYSTEM32\Wldp.dll
0x00007fff5e650000 - 0x00007fff5e71d000 	C:\Windows\System32\OLEAUT32.dll
0x00007fff5d5a0000 - 0x00007fff5d64d000 	C:\Windows\System32\SHCORE.dll
0x00007fff5e7e0000 - 0x00007fff5e83b000 	C:\Windows\System32\shlwapi.dll
0x00007fff5be40000 - 0x00007fff5be64000 	C:\Windows\SYSTEM32\profapi.dll
0x00007fff2f4a0000 - 0x00007fff2f4b0000 	C:\Program Files\Android\Android Studio1\jbr\bin\net.dll
0x00007fff57fe0000 - 0x00007fff580ea000 	C:\Windows\SYSTEM32\WINHTTP.dll
0x00007fff5b6a0000 - 0x00007fff5b70a000 	C:\Windows\system32\mswsock.dll
0x00007fff2ef60000 - 0x00007fff2ef76000 	C:\Program Files\Android\Android Studio1\jbr\bin\nio.dll
0x00007fff3f280000 - 0x00007fff3f290000 	C:\Program Files\Android\Android Studio1\jbr\bin\verify.dll
0x00007ffed15d0000 - 0x00007ffed15f7000 	C:\Users\77012\.gradle\native\c067742578af261105cb4f569cf0c3c89f3d7b1fecec35dd04571415982c5e48\windows-amd64\native-platform.dll
0x00007fff401c0000 - 0x00007fff40304000 	C:\Users\77012\.gradle\native\100fb08df4bc3b14c8652ba06237920a3bd2aa13389f12d3474272988ae205f9\windows-amd64\native-platform-file-events.dll
0x00007fff2e520000 - 0x00007fff2e529000 	C:\Program Files\Android\Android Studio1\jbr\bin\management.dll
0x00007fff2d3d0000 - 0x00007fff2d3db000 	C:\Program Files\Android\Android Studio1\jbr\bin\management_ext.dll
0x00007fff5d510000 - 0x00007fff5d518000 	C:\Windows\System32\PSAPI.DLL
0x00007fff5b890000 - 0x00007fff5b8a8000 	C:\Windows\SYSTEM32\CRYPTSP.dll
0x00007fff5af50000 - 0x00007fff5af88000 	C:\Windows\system32\rsaenh.dll
0x00007fff5bdc0000 - 0x00007fff5bdee000 	C:\Windows\SYSTEM32\USERENV.dll
0x00007fff5b8b0000 - 0x00007fff5b8bc000 	C:\Windows\SYSTEM32\CRYPTBASE.dll
0x00007fff5b330000 - 0x00007fff5b36b000 	C:\Windows\SYSTEM32\IPHLPAPI.DLL
0x00007fff5dda0000 - 0x00007fff5dda8000 	C:\Windows\System32\NSI.dll
0x00007fff2e530000 - 0x00007fff2e539000 	C:\Program Files\Android\Android Studio1\jbr\bin\extnet.dll
0x00007fff2e540000 - 0x00007fff2e547000 	C:\Windows\system32\wshunix.dll
0x00007fff5b1a0000 - 0x00007fff5b1d3000 	C:\Windows\SYSTEM32\ntmarta.dll
0x00007fff3bb50000 - 0x00007fff3bb67000 	C:\Windows\system32\napinsp.dll
0x00007ffedd1e0000 - 0x00007ffedd1fb000 	C:\Windows\system32\pnrpnsp.dll
0x00007fff58200000 - 0x00007fff5821d000 	C:\Windows\system32\wshbth.dll
0x00007fff57fc0000 - 0x00007fff57fdd000 	C:\Windows\system32\NLAapi.dll
0x00007fff5b380000 - 0x00007fff5b44a000 	C:\Windows\SYSTEM32\DNSAPI.dll
0x00007ffed7880000 - 0x00007ffed7892000 	C:\Windows\System32\winrnr.dll
0x00007fff54790000 - 0x00007fff5479a000 	C:\Windows\System32\rasadhlp.dll
0x00007fff524d0000 - 0x00007fff52550000 	C:\Windows\System32\fwpuclnt.dll
0x00007fff43170000 - 0x00007fff43177000 	C:\Program Files\Android\Android Studio1\jbr\bin\rmi.dll
0x00007fff39e10000 - 0x00007fff39ef9000 	C:\Users\77012\AppData\Local\Temp\sqlite-3.41.2.2-1ecc9643-308f-42e3-87b2-22c3dde53b01-sqlitejdbc.dll
0x00007fff34220000 - 0x00007fff34309000 	C:\Users\77012\AppData\Local\Temp\sqlite-3.41.2.2-53d0f9f3-bc3c-4b2f-b0da-b05d55e402ff-sqlitejdbc.dll

dbghelp: loaded successfully - version: 4.0.5 - missing functions: none
symbol engine: initialized successfully - sym options: 0x614 - pdb path: .;C:\Program Files\Android\Android Studio1\jbr\bin;C:\Windows\SYSTEM32;C:\Windows\WinSxS\amd64_microsoft.windows.common-controls_6595b64144ccf1df_6.0.19041.5915_none_60b4b9d171f9c7c7;C:\Program Files\Android\Android Studio1\jbr\bin\server;C:\Users\77012\.gradle\native\c067742578af261105cb4f569cf0c3c89f3d7b1fecec35dd04571415982c5e48\windows-amd64;C:\Users\77012\.gradle\native\100fb08df4bc3b14c8652ba06237920a3bd2aa13389f12d3474272988ae205f9\windows-amd64;C:\Users\77012\AppData\Local\Temp

VM Arguments:
jvm_args: --add-opens=java.base/java.lang=ALL-UNNAMED --add-opens=java.base/java.lang.invoke=ALL-UNNAMED --add-opens=java.base/java.util=ALL-UNNAMED --add-opens=java.prefs/java.util.prefs=ALL-UNNAMED --add-exports=jdk.compiler/com.sun.tools.javac.api=ALL-UNNAMED --add-exports=jdk.compiler/com.sun.tools.javac.util=ALL-UNNAMED --add-opens=java.base/java.util=ALL-UNNAMED --add-opens=java.prefs/java.util.prefs=ALL-UNNAMED --add-opens=java.base/java.nio.charset=ALL-UNNAMED --add-opens=java.base/java.net=ALL-UNNAMED --add-opens=java.base/java.util.concurrent.atomic=ALL-UNNAMED --add-opens=java.xml/javax.xml.namespace=ALL-UNNAMED -Xmx2048m -Dfile.encoding=UTF-8 -Duser.country=RU -Duser.language=ru -Duser.variant -javaagent:C:\Users\77012\.gradle\wrapper\dists\gradle-8.11.1-bin\bpt9gzteqjrbo1mjrsomdt32c\gradle-8.11.1\lib\agents\gradle-instrumentation-agent-8.11.1.jar 
java_command: org.gradle.launcher.daemon.bootstrap.GradleDaemon 8.11.1
java_class_path (initial): C:\Users\77012\.gradle\wrapper\dists\gradle-8.11.1-bin\bpt9gzteqjrbo1mjrsomdt32c\gradle-8.11.1\lib\gradle-daemon-main-8.11.1.jar
Launcher Type: SUN_STANDARD

[Global flags]
     intx CICompilerCount                          = 4                                         {product} {ergonomic}
     uint ConcGCThreads                            = 2                                         {product} {ergonomic}
     uint G1ConcRefinementThreads                  = 8                                         {product} {ergonomic}
   size_t G1HeapRegionSize                         = 1048576                                   {product} {ergonomic}
    uintx GCDrainStackTargetSize                   = 64                                        {product} {ergonomic}
   size_t InitialHeapSize                          = 130023424                                 {product} {ergonomic}
   size_t MarkStackSize                            = 4194304                                   {product} {ergonomic}
   size_t MaxHeapSize                              = 2147483648                                {product} {command line}
   size_t MaxNewSize                               = 1287651328                                {product} {ergonomic}
   size_t MinHeapDeltaBytes                        = 1048576                                   {product} {ergonomic}
   size_t MinHeapSize                              = 8388608                                   {product} {ergonomic}
    uintx NonNMethodCodeHeapSize                   = 5839372                                {pd product} {ergonomic}
    uintx NonProfiledCodeHeapSize                  = 122909434                              {pd product} {ergonomic}
    uintx ProfiledCodeHeapSize                     = 122909434                              {pd product} {ergonomic}
    uintx ReservedCodeCacheSize                    = 251658240                              {pd product} {ergonomic}
     bool SegmentedCodeCache                       = true                                      {product} {ergonomic}
   size_t SoftMaxHeapSize                          = 2147483648                             {manageable} {ergonomic}
     bool UseCompressedOops                        = true                           {product lp64_product} {ergonomic}
     bool UseG1GC                                  = true                                      {product} {ergonomic}
     bool UseLargePagesIndividualAllocation        = false                                  {pd product} {ergonomic}

Logging:
Log output configuration:
 #0: stdout all=warning uptime,level,tags foldmultilines=false
 #1: stderr all=off uptime,level,tags foldmultilines=false

Environment Variables:
JAVA_HOME=C:\Program Files\Java\jdk-21
PATH=C:\Program Files\Eclipse Adoptium\jdk-11.0.20.8-hotspot\bin;C:\Program Files\Common Files\Oracle\Java\javapath;C:\Windows\system32;C:\Windows;C:\Windows\System32\Wbem;C:\Windows\System32\WindowsPowerShell\v1.0\;C:\Windows\System32\OpenSSH\;C:\Program Files\Gemalto\Classic Client\BIN;C:\Program Files (x86)\Gemalto\Classic Client\BIN;C:\Program Files (x86)\IDEMIA\AWP\Dlls;C:\Program Files\IDEMIA\AWP\Dlls;C:\Program Files (x86)\eParaksts Token Signing\;C:\Program Files\Java\jdk-21\bin;C:\Program Files\Git\cmd;C:\Program Files (x86)\Windows Kits\10\Windows Performance Toolkit\;C:\Users\77012\AppData\Local\Microsoft\WindowsApps;C:\Users\77012\AppData\Local\JetBrains\Toolbox\scripts;
USERNAME=77012
OS=Windows_NT
PROCESSOR_IDENTIFIER=Intel64 Family 6 Model 140 Stepping 1, GenuineIntel
TMP=C:\Users\77012\AppData\Local\Temp
TEMP=C:\Users\77012\AppData\Local\Temp




Periodic native trim disabled

JNI global refs:
JNI global refs: 29, weak refs: 20

JNI global refs memory usage: 835, weak refs: 2921

Process memory usage:
Resident Set Size: 444588K (5% of 8060060K total physical memory with 307412K free physical memory)

OOME stack traces (most recent first):
Classloader memory used:
Loader org.gradle.internal.classloader.VisitableURLClassLoader$InstrumentingVisitableURLClassLoader: 83717K
Loader org.gradle.internal.classloader.VisitableURLClassLoader                         : 49139K
Loader java.net.URLClassLoader                                                         : 44649K
Loader bootstrap                                                                       : 38750K
Loader org.gradle.initialization.MixInLegacyTypesClassLoader                           : 18134K
Loader jdk.internal.loader.ClassLoaders$AppClassLoader                                 : 11499K
Loader jdk.internal.reflect.DelegatingClassLoader                                      : 1913K
Loader jdk.internal.loader.ClassLoaders$PlatformClassLoader                            : 1354K
Loader org.gradle.internal.classloader.VisitableURLClassLoader                         : 228K
Loader sun.reflect.misc.MethodUtil                                                     : 2952B

Classes loaded by more than one classloader:
Class kotlin.text.StringsKt__StringsKt                                                : loaded 9 times (x 67B)
Class kotlin.NotImplementedError                                                      : loaded 9 times (x 78B)
Class kotlin.collections.CollectionsKt___CollectionsKt                                : loaded 9 times (x 67B)
Class kotlin.collections.MapsKt__MapsJVMKt                                            : loaded 9 times (x 67B)
Class kotlin.collections.ArraysKt___ArraysKt                                          : loaded 9 times (x 67B)
Class kotlin.collections.MapsKt___MapsKt                                              : loaded 9 times (x 67B)
Class kotlin.collections.MapsKt___MapsJvmKt                                           : loaded 9 times (x 67B)
Class kotlin.collections.MapsKt__MapWithDefaultKt                                     : loaded 9 times (x 67B)
Class kotlin.text.StringsKt___StringsKt                                               : loaded 9 times (x 67B)
Class kotlin.enums.EnumEntriesKt                                                      : loaded 9 times (x 67B)
Class kotlin.collections.CollectionsKt__MutableCollectionsJVMKt                       : loaded 9 times (x 67B)
Class kotlin.text.StringsKt__AppendableKt                                             : loaded 9 times (x 67B)
Class kotlin.collections.ArraysKt__ArraysKt                                           : loaded 9 times (x 67B)
Class kotlin.jvm.functions.Function2                                                  : loaded 9 times (x 66B)
Class kotlin.jvm.functions.Function1                                                  : loaded 9 times (x 66B)
Class kotlin.collections.SetsKt__SetsJVMKt                                            : loaded 9 times (x 67B)
Class kotlin.jvm.functions.Function0                                                  : loaded 9 times (x 66B)
Class kotlin.Function                                                                 : loaded 9 times (x 66B)
Class kotlin.collections.ArraysUtilJVM                                                : loaded 9 times (x 67B)
Class kotlin.collections.AbstractList$Companion                                       : loaded 9 times (x 67B)
Class kotlin.ranges.RangesKt                                                          : loaded 9 times (x 67B)
Class kotlin.collections.CollectionsKt                                                : loaded 9 times (x 67B)
Class kotlin.collections.CollectionsKt__MutableCollectionsKt                          : loaded 9 times (x 67B)
Class kotlin.TuplesKt                                                                 : loaded 9 times (x 67B)
Class kotlin.collections.CollectionsKt___CollectionsJvmKt                             : loaded 9 times (x 67B)
Class kotlin.jvm.internal.Intrinsics                                                  : loaded 9 times (x 67B)
Class kotlin.text.StringsKt__StringNumberConversionsJVMKt                             : loaded 9 times (x 67B)
Class kotlin.comparisons.ComparisonsKt___ComparisonsKt                                : loaded 9 times (x 67B)
Class kotlin.comparisons.ComparisonsKt                                                : loaded 9 times (x 67B)
Class kotlin.collections.CollectionsKt__ReversedViewsKt                               : loaded 9 times (x 67B)
Class kotlin.ranges.RangesKt__RangesKt                                                : loaded 9 times (x 67B)
Class kotlin.collections.SetsKt___SetsKt                                              : loaded 9 times (x 67B)
Class kotlin.comparisons.ComparisonsKt__ComparisonsKt                                 : loaded 9 times (x 67B)
Class kotlin.collections.MapsKt                                                       : loaded 9 times (x 67B)
Class kotlin.collections.CollectionsKt__IterablesKt                                   : loaded 9 times (x 67B)
Class kotlin.UNINITIALIZED_VALUE                                                      : loaded 9 times (x 67B)
Class kotlin.LazyKt__LazyKt                                                           : loaded 9 times (x 67B)
Class kotlin.text.StringsKt__StringBuilderJVMKt                                       : loaded 9 times (x 67B)
Class kotlin.KotlinNullPointerException                                               : loaded 9 times (x 79B)
Class kotlin.collections.AbstractCollection                                           : loaded 9 times (x 113B)
Class kotlin.Pair                                                                     : loaded 9 times (x 68B)
Class kotlin.collections.AbstractList                                                 : loaded 9 times (x 193B)
Class kotlin.SynchronizedLazyImpl                                                     : loaded 9 times (x 72B)
Class kotlin.ranges.RangesKt___RangesKt                                               : loaded 9 times (x 67B)
Class kotlin.text.StringsKt__StringsJVMKt                                             : loaded 9 times (x 67B)
Class kotlin.text.StringsKt__IndentKt                                                 : loaded 9 times (x 67B)
Class kotlin.collections.SetsKt                                                       : loaded 9 times (x 67B)
Class kotlin.text.StringsKt__RegexExtensionsKt                                        : loaded 9 times (x 67B)
Class kotlin.collections.ArraysKt                                                     : loaded 9 times (x 67B)
Class kotlin.jvm.internal.DefaultConstructorMarker                                    : loaded 9 times (x 67B)
Class kotlin.enums.EnumEntries                                                        : loaded 9 times (x 66B)
Class kotlin.jvm.internal.markers.KMappedMarker                                       : loaded 9 times (x 66B)
Class kotlin.text.StringsKt___StringsJvmKt                                            : loaded 9 times (x 67B)
Class kotlin.collections.SetsKt__SetsKt                                               : loaded 9 times (x 67B)
Class kotlin.collections.MapsKt__MapsKt                                               : loaded 9 times (x 67B)
Class kotlin.jvm.internal.Lambda                                                      : loaded 9 times (x 71B)
Class kotlin.LazyKt                                                                   : loaded 9 times (x 67B)
Class kotlin.UninitializedPropertyAccessException                                     : loaded 9 times (x 78B)
Class kotlin.text.StringsKt__RegexExtensionsJVMKt                                     : loaded 9 times (x 67B)
Class kotlin.collections.CollectionsKt__IteratorsJVMKt                                : loaded 9 times (x 67B)
Class kotlin.comparisons.ComparisonsKt___ComparisonsJvmKt                             : loaded 9 times (x 67B)
Class kotlin.collections.ArraysKt___ArraysJvmKt                                       : loaded 9 times (x 67B)
Class kotlin.collections.CollectionsKt__CollectionsKt                                 : loaded 9 times (x 67B)
Class kotlin.collections.ArraysKt__ArraysJVMKt                                        : loaded 9 times (x 67B)
Class kotlin.text.StringsKt__StringBuilderKt                                          : loaded 9 times (x 67B)
Class kotlin.text.StringsKt__StringNumberConversionsKt                                : loaded 9 times (x 67B)
Class kotlin.LazyKt__LazyJVMKt                                                        : loaded 9 times (x 67B)
Class kotlin._Assertions                                                              : loaded 9 times (x 67B)
Class kotlin.Lazy                                                                     : loaded 9 times (x 66B)
Class kotlin.collections.CollectionsKt__CollectionsJVMKt                              : loaded 9 times (x 67B)
Class kotlin.jvm.internal.FunctionBase                                                : loaded 9 times (x 66B)
Class kotlin.enums.EnumEntriesList                                                    : loaded 9 times (x 219B)
Class kotlin.NoWhenBranchMatchedException                                             : loaded 9 times (x 78B)
Class kotlin.text.StringsKt                                                           : loaded 9 times (x 67B)
Class kotlin.collections.CollectionsKt__IteratorsKt                                   : loaded 9 times (x 67B)
Class kotlin.reflect.KDeclarationContainer                                            : loaded 8 times (x 66B)
Class kotlin.text.CharsKt                                                             : loaded 8 times (x 67B)
Class kotlin.jvm.functions.Function3                                                  : loaded 8 times (x 66B)
Class kotlin.jvm.internal.FunctionReference                                           : loaded 8 times (x 118B)
Class kotlin.reflect.KCallable                                                        : loaded 8 times (x 66B)
Class [Lkotlin.reflect.KCallable;                                                     : loaded 8 times (x 65B)
Class kotlin.reflect.KAnnotatedElement                                                : loaded 8 times (x 66B)
Class kotlin.text.CharsKt__CharJVMKt                                                  : loaded 8 times (x 67B)
Class [Lkotlin.reflect.KAnnotatedElement;                                             : loaded 8 times (x 65B)
Class kotlin.jvm.KotlinReflectionNotSupportedError                                    : loaded 8 times (x 78B)
Class kotlin.text.CharsKt__CharKt                                                     : loaded 8 times (x 67B)
Class kotlin.reflect.KFunction                                                        : loaded 8 times (x 66B)
Class kotlin.jvm.internal.CallableReference                                           : loaded 8 times (x 102B)
Class kotlin.jvm.internal.CallableReference$NoReceiver                                : loaded 8 times (x 67B)
Class kotlin.jvm.functions.Function18                                                 : loaded 7 times (x 66B)
Class kotlin.reflect.jvm.internal.ReflectProperties                                   : loaded 7 times (x 67B)
Class kotlin.jvm.functions.Function17                                                 : loaded 7 times (x 66B)
Class kotlin.reflect.jvm.internal.impl.name.FqNamesUtilKt                             : loaded 7 times (x 67B)
Class kotlin.reflect.jvm.internal.impl.name.StandardClassIdsKt                        : loaded 7 times (x 67B)
Class kotlin.reflect.KProperty$Getter                                                 : loaded 7 times (x 66B)
Class kotlin.reflect.KTypeParameter                                                   : loaded 7 times (x 66B)
Class kotlin.reflect.jvm.internal.impl.builtins.PrimitiveType                         : loaded 7 times (x 75B)
Class kotlin.reflect.jvm.internal.ReflectProperties$Val                               : loaded 7 times (x 70B)
Class kotlin.jvm.internal.MutablePropertyReference2                                   : loaded 7 times (x 133B)
Class kotlin.comparisons.NaturalOrderComparator                                       : loaded 7 times (x 84B)
Class [Lkotlin.reflect.KProperty;                                                     : loaded 7 times (x 65B)
Class kotlin.reflect.jvm.internal.CachesKt                                            : loaded 7 times (x 67B)
Class [Lkotlin.reflect.KDeclarationContainer;                                         : loaded 7 times (x 65B)
Class kotlin.reflect.jvm.internal.impl.descriptors.runtime.structure.ReflectClassUtilKt: loaded 7 times (x 67B)
Class kotlin.jvm.functions.Function16                                                 : loaded 7 times (x 66B)
Class kotlin.Result                                                                   : loaded 7 times (x 68B)
Class kotlin.reflect.jvm.internal.KDeclarationContainerImpl$Companion                 : loaded 7 times (x 67B)
Class kotlin.jvm.internal.PropertyReference0                                          : loaded 7 times (x 123B)
Class kotlin.jvm.functions.Function22                                                 : loaded 7 times (x 66B)
Class kotlin.reflect.jvm.internal.impl.builtins.functions.FunctionTypeKind$KSuspendFunction: loaded 7 times (x 68B)
Class kotlin.reflect.full.IllegalCallableAccessException                              : loaded 7 times (x 78B)
Class kotlin.reflect.KProperty0                                                       : loaded 7 times (x 66B)
Class kotlin.jvm.internal.PropertyReference1                                          : loaded 7 times (x 123B)
Class kotlin.LazyKt__LazyJVMKt$WhenMappings                                           : loaded 7 times (x 67B)
Class kotlin.SafePublicationLazyImpl                                                  : loaded 7 times (x 72B)
Class kotlin.jvm.internal.PropertyReference2                                          : loaded 7 times (x 123B)
Class kotlin.reflect.jvm.internal.KDeclarationContainerImpl                           : loaded 7 times (x 80B)
Class kotlin.jvm.internal.MutablePropertyReference                                    : loaded 7 times (x 115B)
Class [Lkotlin.reflect.jvm.internal.impl.builtins.jvm.JavaToKotlinClassMap$PlatformMutabilityMapping;: loaded 7 times (x 65B)
Class kotlin.reflect.full.IllegalPropertyDelegateAccessException                      : loaded 7 times (x 78B)
Class kotlin.jvm.functions.Function15                                                 : loaded 7 times (x 66B)
Class kotlin.reflect.jvm.internal.impl.name.ClassId                                   : loaded 7 times (x 68B)
Class kotlin.jvm.functions.Function21                                                 : loaded 7 times (x 66B)
Class kotlin.LazyThreadSafetyMode                                                     : loaded 7 times (x 75B)
Class [Lkotlin.reflect.jvm.internal.impl.name.FqName;                                 : loaded 7 times (x 65B)
Class kotlin.reflect.jvm.internal.ComputableClassValue                                : loaded 7 times (x 76B)
Class kotlin.reflect.KMutableProperty0                                                : loaded 7 times (x 66B)
Class kotlin.reflect.KClassifier                                                      : loaded 7 times (x 66B)
Class kotlin.jvm.functions.Function14                                                 : loaded 7 times (x 66B)
Class kotlin.reflect.KProperty1                                                       : loaded 7 times (x 66B)
Class kotlin.jvm.functions.Function20                                                 : loaded 7 times (x 66B)
Class kotlin.reflect.KClass                                                           : loaded 7 times (x 66B)
Class kotlin.text.Regex                                                               : loaded 7 times (x 68B)
Class kotlin.jvm.functions.Function13                                                 : loaded 7 times (x 66B)
Class kotlin.reflect.jvm.internal.impl.resolve.jvm.JvmPrimitiveType                   : loaded 7 times (x 75B)
Class kotlin.jvm.functions.Function19                                                 : loaded 7 times (x 66B)
Class kotlin.jvm.internal.ReflectionFactory                                           : loaded 7 times (x 87B)
Class kotlin.jvm.internal.Reflection                                                  : loaded 7 times (x 67B)
Class [Lkotlin.reflect.jvm.internal.impl.resolve.jvm.JvmPrimitiveType;                : loaded 7 times (x 65B)
Class kotlin.jvm.internal.ClassBasedDeclarationContainer                              : loaded 7 times (x 66B)
Class kotlin.reflect.KProperty                                                        : loaded 7 times (x 66B)
Class kotlin.reflect.jvm.internal.KPropertyImpl                                       : loaded 7 times (x 111B)
Class kotlin.jvm.JvmClassMappingKt                                                    : loaded 7 times (x 67B)
Class kotlin.jvm.internal.PropertyReference1Impl                                      : loaded 7 times (x 123B)
Class kotlin.jvm.functions.Function12                                                 : loaded 7 times (x 66B)
Class kotlin.reflect.jvm.internal.ReflectProperties$LazySoftVal                       : loaded 7 times (x 74B)
Class kotlin.reflect.jvm.internal.impl.name.FqName                                    : loaded 7 times (x 68B)
Class [Lkotlin.reflect.KClass;                                                        : loaded 7 times (x 65B)
Class kotlin.Result$Companion                                                         : loaded 7 times (x 67B)
Class kotlin.jvm.internal.MutablePropertyReference0                                   : loaded 7 times (x 133B)
Class kotlin.reflect.jvm.internal.impl.builtins.StandardNames                         : loaded 7 times (x 67B)
Class kotlin.SafePublicationLazyImpl$Companion                                        : loaded 7 times (x 67B)
Class [Lkotlin.reflect.jvm.internal.impl.builtins.PrimitiveType;                      : loaded 7 times (x 65B)
Class kotlin.reflect.jvm.internal.impl.builtins.jvm.JavaToKotlinClassMap$PlatformMutabilityMapping: loaded 7 times (x 68B)
Class kotlin.reflect.KType                                                            : loaded 7 times (x 66B)
Class kotlin.reflect.jvm.internal.impl.builtins.CompanionObjectMapping                : loaded 7 times (x 67B)
Class kotlin.reflect.jvm.internal.impl.builtins.functions.FunctionTypeKind            : loaded 7 times (x 68B)
Class kotlin.reflect.jvm.internal.ReflectProperties$Val$1                             : loaded 7 times (x 67B)
Class kotlin.jvm.functions.Function11                                                 : loaded 7 times (x 66B)
Class kotlin.reflect.KProperty2                                                       : loaded 7 times (x 66B)
Class kotlin.reflect.KMutableProperty2                                                : loaded 7 times (x 66B)
Class kotlin.jvm.internal.PropertyReference                                           : loaded 7 times (x 111B)
Class kotlin.text.Regex$Companion                                                     : loaded 7 times (x 67B)
Class kotlin.reflect.KProperty$Accessor                                               : loaded 7 times (x 66B)
Class kotlin.reflect.jvm.internal.KCallableImpl                                       : loaded 7 times (x 101B)
Class kotlin.reflect.jvm.internal.EmptyContainerForLocal                              : loaded 7 times (x 80B)
Class [Lkotlin.reflect.KClassifier;                                                   : loaded 7 times (x 65B)
Class [Lkotlin.LazyThreadSafetyMode;                                                  : loaded 7 times (x 65B)
Class kotlin.reflect.jvm.internal.impl.builtins.functions.FunctionTypeKind$Function   : loaded 7 times (x 68B)
Class kotlin.jvm.functions.Function9                                                  : loaded 7 times (x 66B)
Class kotlin.reflect.jvm.internal.KClassImpl                                          : loaded 7 times (x 111B)
Class kotlin.reflect.KMutableProperty                                                 : loaded 7 times (x 66B)
Class kotlin.jvm.functions.Function10                                                 : loaded 7 times (x 66B)
Class kotlin.reflect.jvm.internal.KClassifierImpl                                     : loaded 7 times (x 66B)
Class [Lkotlin.reflect.jvm.internal.impl.name.ClassId;                                : loaded 7 times (x 65B)
Class kotlin.reflect.jvm.internal.RuntimeTypeMapper                                   : loaded 7 times (x 67B)
Class kotlin.reflect.jvm.internal.KotlinReflectionInternalError                       : loaded 7 times (x 78B)
Class kotlin.reflect.jvm.internal.impl.builtins.jvm.JavaToKotlinClassMap              : loaded 7 times (x 67B)
Class kotlin.Result$Failure                                                           : loaded 7 times (x 68B)
Class kotlin.reflect.jvm.internal.impl.name.FqNameUnsafe$1                            : loaded 7 times (x 70B)
Class kotlin.reflect.jvm.internal.impl.utils.CollectionsKt                            : loaded 7 times (x 67B)
Class kotlin.reflect.jvm.internal.CacheByClass                                        : loaded 7 times (x 69B)
Class kotlin.jvm.internal.MutablePropertyReference1                                   : loaded 7 times (x 133B)
Class kotlin.reflect.jvm.internal.impl.name.StandardClassIds                          : loaded 7 times (x 67B)
Class kotlin.reflect.jvm.internal.KDeclarationContainerImpl$Data                      : loaded 7 times (x 68B)
Class kotlin.reflect.jvm.internal.impl.name.FqNameUnsafe                              : loaded 7 times (x 68B)
Class kotlin.jvm.functions.Function8                                                  : loaded 7 times (x 66B)
Class kotlin.reflect.jvm.internal.ClassValueCache                                     : loaded 7 times (x 70B)
Class kotlin.reflect.jvm.internal.KPropertyImpl$Companion                             : loaded 7 times (x 67B)
Class kotlin.reflect.jvm.internal.impl.name.Name                                      : loaded 7 times (x 71B)
Class kotlin.jvm.functions.Function7                                                  : loaded 7 times (x 66B)
Class kotlin.reflect.jvm.internal.impl.name.SpecialNames                              : loaded 7 times (x 67B)
Class kotlin.reflect.jvm.internal.impl.builtins.PrimitiveType$Companion               : loaded 7 times (x 67B)
Class kotlin.reflect.jvm.internal.impl.builtins.StandardNames$FqNames                 : loaded 7 times (x 67B)
Class kotlin.reflect.KMutableProperty1                                                : loaded 7 times (x 66B)
Class kotlin.jvm.functions.Function4                                                  : loaded 7 times (x 66B)
Class kotlin.reflect.jvm.internal.KTypeParameterOwnerImpl                             : loaded 7 times (x 66B)
Class kotlin.reflect.jvm.internal.KClassImpl$Data                                     : loaded 7 times (x 68B)
Class kotlin.jvm.functions.Function6                                                  : loaded 7 times (x 66B)
Class kotlin.reflect.jvm.internal.ReflectionFactoryImpl                               : loaded 7 times (x 87B)
Class kotlin.jvm.functions.Function5                                                  : loaded 7 times (x 66B)
Class kotlin.reflect.jvm.internal.KProperty1Impl                                      : loaded 7 times (x 124B)
Class kotlin.reflect.jvm.internal.impl.builtins.functions.FunctionTypeKind$KFunction  : loaded 7 times (x 68B)
Class kotlin.reflect.jvm.internal.CacheByClassKt                                      : loaded 7 times (x 67B)
Class kotlin.reflect.jvm.internal.impl.builtins.functions.FunctionTypeKind$SuspendFunction: loaded 7 times (x 68B)
Class com.bumptech.glide.repackaged.com.google.common.base.Function                   : loaded 6 times (x 66B)
Class kotlin.reflect.jvm.internal.KClassImpl$Data$objectInstance$2                    : loaded 6 times (x 75B)
Class androidx.room.compiler.processing.XProcessingStep                               : loaded 6 times (x 66B)
Class com.bumptech.glide.repackaged.com.google.common.collect.SingletonImmutableSet   : loaded 6 times (x 139B)
Class com.bumptech.glide.repackaged.com.google.common.collect.ObjectArrays            : loaded 6 times (x 67B)
Class androidx.room.compiler.processing.javac.JavacBasicAnnotationProcessor           : loaded 6 times (x 94B)
Class kotlin.reflect.jvm.internal.CachesKt$CACHE_FOR_NULLABLE_BASE_CLASSIFIERS$1      : loaded 6 times (x 74B)
Class com.bumptech.glide.annotation.GlideExtension                                    : loaded 6 times (x 66B)
Class [Landroidx.room.processor.Context$BooleanProcessorOptions;                      : loaded 6 times (x 65B)
Class kotlin.reflect.jvm.internal.KClassImpl$Data$declaredMembers$2                   : loaded 6 times (x 75B)
Class kotlin.reflect.jvm.internal.KPropertyImpl$_descriptor$1                         : loaded 6 times (x 75B)
Class kotlin.reflect.jvm.internal.KClassImpl$Data$typeParameters$2                    : loaded 6 times (x 75B)
Class androidx.room.compiler.processing.javac.JavacBasicAnnotationProcessor$xEnv$2    : loaded 6 times (x 75B)
Class [Landroidx.room.compiler.processing.XProcessingEnv$Platform;                    : loaded 6 times (x 65B)
Class androidx.room.RoomProcessor                                                     : loaded 6 times (x 94B)
Class kotlin.reflect.jvm.internal.KClassImpl$Data$allMembers$2                        : loaded 6 times (x 75B)
Class com.bumptech.glide.repackaged.com.google.common.collect.ImmutableCollection     : loaded 6 times (x 119B)
Class com.bumptech.glide.repackaged.com.google.common.collect.ImmutableList           : loaded 6 times (x 201B)
Class kotlin.reflect.jvm.internal.KProperty1Impl$_getter$1                            : loaded 6 times (x 75B)
Class androidx.room.processor.Context$ProcessorOptions                                : loaded 6 times (x 75B)
Class com.bumptech.glide.repackaged.com.google.common.collect.ImmutableAsList         : loaded 6 times (x 203B)
Class androidx.room.util.SimpleJavaVersion                                            : loaded 6 times (x 71B)
Class com.bumptech.glide.repackaged.com.google.common.base.Predicate                  : loaded 6 times (x 66B)
Class kotlin.reflect.jvm.internal.KClassImpl$Data$descriptor$2                        : loaded 6 times (x 75B)
Class androidx.room.processor.Context$Companion                                       : loaded 6 times (x 67B)
Class com.bumptech.glide.annotation.compiler.ExtensionProcessor                       : loaded 6 times (x 68B)
Class kotlin.reflect.jvm.internal.CachesKt$K_CLASS_CACHE$1                            : loaded 6 times (x 74B)
Class com.bumptech.glide.annotation.compiler.RequestOptionsOverrideGenerator          : loaded 6 times (x 68B)
Class androidx.room.Database                                                          : loaded 6 times (x 66B)
Class kotlin.reflect.jvm.internal.KCallableImpl$_absentArguments$1                    : loaded 6 times (x 75B)
Class kotlin.reflect.jvm.internal.KCallableImpl$_typeParameters$1                     : loaded 6 times (x 75B)
Class androidx.room.util.SimpleJavaVersion$compareTo$$inlined$compareBy$1             : loaded 6 times (x 85B)
Class [Landroidx.room.compiler.processing.XProcessingEnv$Backend;                     : loaded 6 times (x 65B)
Class kotlin.reflect.jvm.internal.impl.builtins.PrimitiveType$typeFqName$2            : loaded 6 times (x 75B)
Class [Landroidx.room.processor.Context$ProcessorOptions;                             : loaded 6 times (x 65B)
Class com.bumptech.glide.repackaged.com.squareup.javapoet.ClassName                   : loaded 6 times (x 78B)
Class kotlin.reflect.jvm.internal.KPropertyImpl$_javaField$1                          : loaded 6 times (x 75B)
Class com.bumptech.glide.annotation.compiler.GlideExtensionValidator                  : loaded 6 times (x 68B)
Class kotlin.reflect.jvm.internal.KClassImpl$data$1                                   : loaded 6 times (x 75B)
Class kotlin.reflect.jvm.internal.CachesKt$CACHE_FOR_GENERIC_CLASSIFIERS$1            : loaded 6 times (x 74B)
Class androidx.room.compiler.processing.javac.JavacProcessingEnv$typeElementStore$3   : loaded 6 times (x 75B)
Class androidx.room.compiler.processing.javac.JavacBasicAnnotationProcessor$steps$2   : loaded 6 times (x 75B)
Class kotlin.reflect.jvm.internal.KClassImpl$Data$inheritedStaticMembers$2            : loaded 6 times (x 75B)
Class com.bumptech.glide.repackaged.com.squareup.javapoet.TypeName                    : loaded 6 times (x 75B)
Class androidx.room.compiler.processing.javac.JavacBasicAnnotationProcessor$commonDelegate$2: loaded 6 times (x 75B)
Class com.bumptech.glide.annotation.compiler.RequestManagerFactoryGenerator           : loaded 6 times (x 68B)
Class kotlin.reflect.jvm.internal.KDeclarationContainerImpl$Data$moduleData$2         : loaded 6 times (x 75B)
Class com.bumptech.glide.repackaged.com.squareup.javapoet.TypeVariableName            : loaded 6 times (x 75B)
Class kotlin.reflect.jvm.internal.KClassImpl$Data$allNonStaticMembers$2               : loaded 6 times (x 75B)
Class com.bumptech.glide.annotation.compiler.AppModuleGenerator                       : loaded 6 times (x 68B)
Class androidx.room.compiler.processing.XProcessingEnvConfig$Builder                  : loaded 6 times (x 68B)
Class com.bumptech.glide.repackaged.com.google.common.collect.RegularImmutableSet     : loaded 6 times (x 139B)
Class androidx.room.compiler.processing.javac.JavacProcessingEnv$messager$2           : loaded 6 times (x 75B)
Class com.bumptech.glide.repackaged.com.squareup.javapoet.ArrayTypeName               : loaded 6 times (x 75B)
Class com.bumptech.glide.repackaged.com.squareup.javapoet.ParameterizedTypeName       : loaded 6 times (x 75B)
Class com.bumptech.glide.annotation.compiler.IndexerGenerator                         : loaded 6 times (x 68B)
Class com.bumptech.glide.repackaged.com.google.common.collect.ImmutableSet            : loaded 6 times (x 138B)
Class kotlin.reflect.jvm.internal.KCallableImpl$_returnType$1                         : loaded 6 times (x 75B)
Class androidx.room.compiler.processing.XProcessingEnv$Platform                       : loaded 6 times (x 75B)
Class com.bumptech.glide.annotation.compiler.GlideGenerator                           : loaded 6 times (x 68B)
Class androidx.room.processor.Context                                                 : loaded 6 times (x 68B)
Class com.bumptech.glide.annotation.compiler.LibraryModuleProcessor                   : loaded 6 times (x 68B)
Class com.bumptech.glide.annotation.compiler.RequestOptionsGenerator                  : loaded 6 times (x 68B)
Class com.bumptech.glide.repackaged.com.squareup.javapoet.Util                        : loaded 6 times (x 67B)
Class com.bumptech.glide.repackaged.com.google.common.collect.RegularImmutableAsList  : loaded 6 times (x 205B)
Class androidx.room.compiler.processing.javac.JavacProcessingEnv                      : loaded 6 times (x 117B)
Class androidx.room.compiler.processing.javac.JavacFiler                              : loaded 6 times (x 74B)
Class kotlin.reflect.jvm.internal.KCallableImpl$_parameters$1                         : loaded 6 times (x 75B)
Class kotlin.reflect.jvm.internal.KClassImpl$Data$qualifiedName$2                     : loaded 6 times (x 75B)
Class kotlin.reflect.jvm.internal.KClassImpl$Data$nestedClasses$2                     : loaded 6 times (x 75B)
Class kotlin.reflect.jvm.internal.KClassImpl$Data$sealedSubclasses$2                  : loaded 6 times (x 75B)
Class androidx.room.compiler.processing.javac.JavacProcessingEnv$typeElementStore$2   : loaded 6 times (x 74B)
Class androidx.room.util.SimpleJavaVersion$compareTo$$inlined$thenBy$1                : loaded 6 times (x 86B)
Class androidx.room.compiler.processing.XFiler                                        : loaded 6 times (x 66B)
Class androidx.room.compiler.processing.XBasicAnnotationProcessor                     : loaded 6 times (x 66B)
Class com.bumptech.glide.annotation.compiler.RequestManagerGenerator                  : loaded 6 times (x 68B)
Class com.bumptech.glide.annotation.compiler.AppModuleProcessor                       : loaded 6 times (x 68B)
Class com.bumptech.glide.annotation.compiler.RequestBuilderGenerator                  : loaded 6 times (x 68B)
Class kotlin.reflect.jvm.internal.impl.builtins.PrimitiveType$arrayTypeFqName$2       : loaded 6 times (x 75B)
Class androidx.room.compiler.processing.javac.XTypeElementStore                       : loaded 6 times (x 68B)
Class kotlin.reflect.jvm.internal.KClassImpl$Data$constructors$2                      : loaded 6 times (x 75B)
Class kotlin.reflect.jvm.internal.KClassImpl$Data$inheritedNonStaticMembers$2         : loaded 6 times (x 75B)
Class kotlin.reflect.jvm.internal.KCallableImpl$_annotations$1                        : loaded 6 times (x 75B)
Class kotlin.reflect.jvm.internal.KClassImpl$Data$annotations$2                       : loaded 6 times (x 75B)
Class androidx.room.compiler.processing.XProcessingEnv$Backend                        : loaded 6 times (x 75B)
Class kotlin.reflect.jvm.internal.KClassImpl$Data$supertypes$2                        : loaded 6 times (x 75B)
Class com.bumptech.glide.annotation.GlideModule                                       : loaded 6 times (x 66B)
Class androidx.room.util.SimpleJavaVersion$compareTo$$inlined$thenBy$2                : loaded 6 times (x 86B)
Class androidx.room.DatabaseProcessingStep$Companion                                  : loaded 6 times (x 67B)
Class androidx.room.compiler.processing.XProcessingEnv$Companion                      : loaded 6 times (x 67B)
Class androidx.room.DatabaseProcessingStep                                            : loaded 6 times (x 75B)
Class kotlin.reflect.jvm.internal.CachesKt$K_PACKAGE_CACHE$1                          : loaded 6 times (x 74B)
Class androidx.room.processor.Context$BooleanProcessorOptions                         : loaded 6 times (x 76B)
Class androidx.room.util.SimpleJavaVersion$Companion                                  : loaded 6 times (x 67B)
Class androidx.room.compiler.processing.XProcessingEnvConfig$Companion                : loaded 6 times (x 67B)
Class kotlin.reflect.jvm.internal.KClassImpl$Data$declaredNonStaticMembers$2          : loaded 6 times (x 75B)
Class com.bumptech.glide.repackaged.com.google.common.collect.Hashing                 : loaded 6 times (x 67B)
Class androidx.room.compiler.processing.javac.JavacProcessingEnv$typeElementStore$1   : loaded 6 times (x 75B)
Class com.bumptech.glide.annotation.compiler.ProcessorUtil                            : loaded 6 times (x 68B)
Class androidx.room.compiler.processing.XProcessingEnvConfig                          : loaded 6 times (x 67B)
Class kotlin.reflect.jvm.internal.KClassImpl$Data$simpleName$2                        : loaded 6 times (x 75B)
Class kotlin.reflect.jvm.internal.KCallableImpl$parametersNeedMFVCFlattening$1        : loaded 6 times (x 75B)
Class kotlin.reflect.jvm.internal.CachesKt$CACHE_FOR_BASE_CLASSIFIERS$1               : loaded 6 times (x 74B)
Class kotlin.reflect.jvm.internal.KProperty1Impl$delegateSource$1                     : loaded 6 times (x 75B)
Class kotlin.reflect.jvm.internal.KClassImpl$Data$declaredStaticMembers$2             : loaded 6 times (x 75B)
Class kotlin.reflect.jvm.internal.KClassImpl$Data$allStaticMembers$2                  : loaded 6 times (x 75B)
Class com.bumptech.glide.annotation.compiler.GlideAnnotationProcessor                 : loaded 6 times (x 83B)
Class androidx.room.compiler.processing.XProcessingEnv                                : loaded 6 times (x 66B)
Class androidx.room.compiler.processing.javac.JavacProcessingEnv$Companion            : loaded 6 times (x 67B)
Class kotlin.collections.EmptySet                                                     : loaded 5 times (x 118B)
Class kotlin.sequences.SequencesKt___SequencesKt                                      : loaded 5 times (x 67B)
Class kotlin.collections.EmptyList                                                    : loaded 5 times (x 170B)
Class kotlin.sequences.SequencesKt___SequencesJvmKt                                   : loaded 5 times (x 67B)
Class kotlin.sequences.SequencesKt__SequencesJVMKt                                    : loaded 5 times (x 67B)
Class kotlin.sequences.Sequence                                                       : loaded 5 times (x 66B)
Class kotlin.Unit                                                                     : loaded 5 times (x 67B)
Class kotlin.sequences.SequencesKt                                                    : loaded 5 times (x 67B)
Class kotlin.io.CloseableKt                                                           : loaded 5 times (x 67B)
Class kotlin.sequences.SequencesKt__SequenceBuilderKt                                 : loaded 5 times (x 67B)
Class kotlin.sequences.FilteringSequence$iterator$1                                   : loaded 5 times (x 75B)
Class kotlin.sequences.FilteringSequence                                              : loaded 5 times (x 71B)
Class kotlin.sequences.SequencesKt__SequencesKt                                       : loaded 5 times (x 67B)
Class kotlin.collections.EmptyIterator                                                : loaded 5 times (x 85B)
Class kotlin.collections.EmptyMap                                                     : loaded 4 times (x 105B)
Class com.google.common.collect.SingletonImmutableSet                                 : loaded 4 times (x 142B)
Class com.google.common.collect.ImmutableMap$IteratorBasedImmutableMap                : loaded 4 times (x 122B)
Class com.google.common.base.Platform                                                 : loaded 4 times (x 67B)
Class com.google.common.collect.ImmutableSet$SetBuilderImpl                           : loaded 4 times (x 72B)
Class com.google.common.collect.Multimap                                              : loaded 4 times (x 66B)
Class kotlin.Metadata                                                                 : loaded 4 times (x 66B)
Class com.google.common.collect.ImmutableList                                         : loaded 4 times (x 202B)
Class com.google.common.collect.SingletonImmutableBiMap                               : loaded 4 times (x 139B)
Class com.google.common.collect.RegularImmutableBiMap                                 : loaded 4 times (x 145B)
Class com.google.common.collect.AbstractMapEntry                                      : loaded 4 times (x 77B)
Class com.google.common.base.Present                                                  : loaded 4 times (x 77B)
Class kotlin.collections.IndexingIterator                                             : loaded 4 times (x 75B)
Class com.google.common.collect.ImmutableMap$Builder                                  : loaded 4 times (x 78B)
Class com.google.common.collect.Iterators$1                                           : loaded 4 times (x 77B)
Class [Lcom.google.common.collect.ImmutableEntry;                                     : loaded 4 times (x 65B)
Class com.google.common.base.Platform$JdkPatternCompiler                              : loaded 4 times (x 71B)
Class com.google.common.collect.RegularImmutableMap$Values                            : loaded 4 times (x 203B)
Class com.google.common.collect.ImmutableSet                                          : loaded 4 times (x 141B)
Class com.google.common.base.PatternCompiler                                          : loaded 4 times (x 66B)
Class com.google.common.collect.ImmutableList$SubList                                 : loaded 4 times (x 205B)
Class com.google.common.collect.Maps$8                                                : loaded 4 times (x 78B)
Class com.google.common.collect.Maps                                                  : loaded 4 times (x 67B)
Class com.google.common.base.Equivalence$Identity                                     : loaded 4 times (x 78B)
Class com.google.common.collect.Hashing                                               : loaded 4 times (x 67B)
Class com.google.common.base.Equivalence$Equals                                       : loaded 4 times (x 78B)
Class com.google.common.collect.Iterators$4                                           : loaded 4 times (x 78B)
Class com.google.common.collect.ImmutableBiMap                                        : loaded 4 times (x 139B)
Class com.google.common.collect.SingletonImmutableList                                : loaded 4 times (x 203B)
Class com.google.common.collect.UnmodifiableIterator                                  : loaded 4 times (x 76B)
Class com.google.common.collect.SetMultimap                                           : loaded 4 times (x 66B)
Class com.google.common.collect.ImmutableList$ReverseImmutableList                    : loaded 4 times (x 205B)
Class com.google.common.base.Preconditions                                            : loaded 4 times (x 67B)
Class com.google.common.base.PairwiseEquivalence                                      : loaded 4 times (x 79B)
Class com.google.common.collect.ImmutableMap$MapViewOfValuesAsSingletonSets           : loaded 4 times (x 122B)
Class com.google.common.collect.RegularImmutableList                                  : loaded 4 times (x 209B)
Class com.google.common.collect.ImmutableList$Builder                                 : loaded 4 times (x 73B)
Class com.google.common.collect.ImmutableCollection$Builder                           : loaded 4 times (x 72B)
Class com.google.common.collect.ImmutableSet$RegularSetBuilderImpl                    : loaded 4 times (x 73B)
Class com.google.common.base.Equivalence                                              : loaded 4 times (x 78B)
Class com.google.common.collect.ImmutableMapEntry$NonTerminalImmutableMapEntry        : loaded 4 times (x 81B)
Class com.google.common.base.Function                                                 : loaded 4 times (x 66B)
Class com.google.common.collect.ImmutableMapEntrySet                                  : loaded 4 times (x 148B)
Class com.google.common.collect.RegularImmutableMap                                   : loaded 4 times (x 117B)
Class com.google.common.collect.Iterators$ArrayItr                                    : loaded 4 times (x 93B)
Class com.google.common.collect.RegularImmutableMap$KeySet                            : loaded 4 times (x 148B)
Class com.google.common.collect.ImmutableMapEntry                                     : loaded 4 times (x 81B)
Class kotlin.collections.IndexingIterable                                             : loaded 4 times (x 75B)
Class com.google.common.collect.AbstractIndexedListIterator                           : loaded 4 times (x 92B)
Class com.google.common.collect.Iterators$MergingIterator                             : loaded 4 times (x 77B)
Class com.google.common.collect.ImmutableCollection                                   : loaded 4 times (x 121B)
Class com.google.common.base.Absent                                                   : loaded 4 times (x 76B)
Class com.google.common.collect.ImmutableEnumMap                                      : loaded 4 times (x 122B)
Class com.google.common.collect.AbstractIterator                                      : loaded 4 times (x 78B)
Class com.google.common.collect.RegularImmutableSet                                   : loaded 4 times (x 145B)
Class com.google.common.collect.BiMap                                                 : loaded 4 times (x 66B)
Class com.google.common.base.CommonPattern                                            : loaded 4 times (x 70B)
Class com.google.common.collect.ImmutableMap$1                                        : loaded 4 times (x 77B)
Class com.google.common.collect.IndexedImmutableSet                                   : loaded 4 times (x 148B)
Class com.google.common.collect.RegularImmutableAsList                                : loaded 4 times (x 213B)
Class com.google.common.base.JdkPattern                                               : loaded 4 times (x 71B)
Class com.google.common.collect.ImmutableMap                                          : loaded 4 times (x 116B)
Class com.google.common.collect.ImmutableMapEntrySet$RegularEntrySet                  : loaded 4 times (x 148B)
Class com.google.common.base.Predicate                                                : loaded 4 times (x 66B)
Class com.google.common.collect.PeekingIterator                                       : loaded 4 times (x 66B)
Class com.google.common.collect.Maps$BiMapConverter                                   : loaded 4 times (x 86B)
Class com.google.common.collect.RegularImmutableMap$BucketOverflowException           : loaded 4 times (x 78B)
Class com.google.common.collect.Lists                                                 : loaded 4 times (x 67B)
Class com.google.common.base.Converter                                                : loaded 4 times (x 86B)
Class com.google.common.collect.Iterators$5                                           : loaded 4 times (x 78B)
Class com.google.common.collect.Iterators                                             : loaded 4 times (x 67B)
Class com.google.common.collect.ImmutableSet$CachingAsList                            : loaded 4 times (x 144B)
Class kotlin.collections.IndexedValue                                                 : loaded 4 times (x 68B)
Class com.google.common.collect.MapDifference                                         : loaded 4 times (x 66B)
Class com.google.common.collect.Maps$EntryTransformer                                 : loaded 4 times (x 66B)
Class com.google.common.base.Optional                                                 : loaded 4 times (x 76B)
Class com.google.common.collect.SortedMapDifference                                   : loaded 4 times (x 66B)
Class [Lcom.google.common.collect.ImmutableMapEntry;                                  : loaded 4 times (x 65B)
Class kotlin.annotation.Retention                                                     : loaded 4 times (x 66B)
Class com.google.common.collect.ImmutableList$1                                       : loaded 4 times (x 93B)
Class com.google.common.collect.Lists$StringAsImmutableList                           : loaded 4 times (x 203B)
Class [Lcom.google.common.collect.AbstractMapEntry;                                   : loaded 4 times (x 65B)
Class com.google.common.base.FunctionalEquivalence                                    : loaded 4 times (x 79B)
Class com.google.common.collect.ImmutableAsList                                       : loaded 4 times (x 205B)
Class com.google.common.collect.Iterators$9                                           : loaded 4 times (x 77B)
Class com.google.common.collect.ImmutableEntry                                        : loaded 4 times (x 78B)
Class kotlin.annotation.Target                                                        : loaded 4 times (x 66B)
Class com.google.common.collect.UnmodifiableListIterator                              : loaded 4 times (x 91B)
Class kotlin.collections.ArrayAsCollection                                            : loaded 4 times (x 101B)
Class com.google.common.collect.CollectPreconditions                                  : loaded 4 times (x 67B)
Class com.squareup.javapoet.ParameterSpec                                             : loaded 3 times (x 68B)
Class com.squareup.javapoet.FieldSpec$Builder                                         : loaded 3 times (x 68B)
Class kotlin.jvm.internal.markers.KMutableSet                                         : loaded 3 times (x 66B)
Class kotlin.coroutines.jvm.internal.RestrictedContinuationImpl                       : loaded 3 times (x 83B)
Class com.squareup.kotlinpoet.ParameterSpec$Builder                                   : loaded 3 times (x 88B)
Class kotlin.jvm.internal.markers.KMutableList                                        : loaded 3 times (x 66B)
Class com.squareup.javapoet.TypeName                                                  : loaded 3 times (x 77B)
Class com.squareup.kotlinpoet.UtilKt                                                  : loaded 3 times (x 67B)
Class kotlin.collections.builders.MapBuilder$Itr                                      : loaded 3 times (x 68B)
Class kotlin.io.FilesKt__FileReadWriteKt                                              : loaded 3 times (x 67B)
Class com.squareup.kotlinpoet.CodeWriter                                              : loaded 3 times (x 74B)
Class kotlin.jvm.internal.MutablePropertyReference1Impl                               : loaded 3 times (x 133B)
Class com.squareup.javapoet.LineWrapper                                               : loaded 3 times (x 68B)
Class com.squareup.kotlinpoet.MemberSpecHolder$Builder                                : loaded 3 times (x 66B)
Class kotlin.Suppress                                                                 : loaded 3 times (x 66B)
Class kotlin.coroutines.EmptyCoroutineContext                                         : loaded 3 times (x 73B)
Class [Lcom.squareup.javapoet.TypeSpec$Kind;                                          : loaded 3 times (x 65B)
Class kotlin.reflect.KMutableProperty$Setter                                          : loaded 3 times (x 66B)
Class kotlin.ranges.IntProgression                                                    : loaded 3 times (x 77B)
Class kotlin.collections.MapWithDefault                                               : loaded 3 times (x 66B)
Class kotlin.annotation.AnnotationRetention                                           : loaded 3 times (x 75B)
Class com.squareup.kotlinpoet.CodeWriter$Companion                                    : loaded 3 times (x 67B)
Class com.squareup.kotlinpoet.CodeBlock$Companion                                     : loaded 3 times (x 67B)
Class com.squareup.kotlinpoet.ParameterSpec$Companion                                 : loaded 3 times (x 67B)
Class kotlin.io.FilesKt__UtilsKt                                                      : loaded 3 times (x 67B)
Class kotlin.collections.AbstractList$IteratorImpl                                    : loaded 3 times (x 78B)
Class kotlin.ranges.IntProgression$Companion                                          : loaded 3 times (x 67B)
Class kotlin.ranges.IntRange                                                          : loaded 3 times (x 89B)
Class kotlin.coroutines.jvm.internal.ContinuationImpl                                 : loaded 3 times (x 83B)
Class [Lkotlin.coroutines.intrinsics.CoroutineSingletons;                             : loaded 3 times (x 65B)
Class kotlin.coroutines.intrinsics.IntrinsicsKt__IntrinsicsKt                         : loaded 3 times (x 67B)
Class kotlin.jvm.internal.markers.KMutableMap                                         : loaded 3 times (x 66B)
Class [Lcom.squareup.kotlinpoet.KModifier$Target;                                     : loaded 3 times (x 65B)
Class kotlin.text.RegexKt                                                             : loaded 3 times (x 67B)
Class com.squareup.kotlinpoet.AnnotationSpec                                          : loaded 3 times (x 73B)
Class [Lkotlin.annotation.AnnotationTarget;                                           : loaded 3 times (x 65B)
Class com.squareup.javapoet.JavaFile$1                                                : loaded 3 times (x 75B)
Class kotlin.collections.builders.MapBuilder                                          : loaded 3 times (x 108B)
Class kotlin.io.FileSystemException                                                   : loaded 3 times (x 78B)
Class com.squareup.kotlinpoet.Taggable                                                : loaded 3 times (x 66B)
Class com.squareup.kotlinpoet.ClassName$special$$inlined$thenBy$2                     : loaded 3 times (x 86B)
Class com.squareup.kotlinpoet.ClassName$special$$inlined$compareBy$1                  : loaded 3 times (x 85B)
Class com.squareup.javapoet.TypeVariableName                                          : loaded 3 times (x 77B)
Class com.squareup.kotlinpoet.AnnotationSpec$Builder$Companion                        : loaded 3 times (x 67B)
Class com.squareup.kotlinpoet.ClassName                                               : loaded 3 times (x 85B)
Class com.squareup.kotlinpoet.ParameterSpecKt                                         : loaded 3 times (x 67B)
Class com.squareup.javapoet.AnnotationSpec                                            : loaded 3 times (x 68B)
Class [Lcom.squareup.kotlinpoet.TypeSpec$Kind;                                        : loaded 3 times (x 65B)
Class kotlin.io.FilesKt__FileTreeWalkKt                                               : loaded 3 times (x 67B)
Class kotlin.UnsafeLazyImpl                                                           : loaded 3 times (x 72B)
Class com.squareup.kotlinpoet.WildcardTypeName                                        : loaded 3 times (x 82B)
Class com.squareup.javapoet.MethodSpec                                                : loaded 3 times (x 68B)
Class com.squareup.javapoet.TypeSpec$Builder                                          : loaded 3 times (x 68B)
Class kotlin.jvm.internal.CollectionToArray                                           : loaded 3 times (x 67B)
Class com.squareup.kotlinpoet.ClassName$special$$inlined$thenBy$1                     : loaded 3 times (x 86B)
Class kotlin.jvm.internal.ArrayIterator                                               : loaded 3 times (x 75B)
Class kotlin.collections.AbstractMutableSet                                           : loaded 3 times (x 138B)
Class kotlin.jvm.internal.SpreadBuilder                                               : loaded 3 times (x 72B)
Class com.squareup.javapoet.ArrayTypeName                                             : loaded 3 times (x 77B)
Class [Lcom.squareup.kotlinpoet.TypeName;                                             : loaded 3 times (x 65B)
Class com.squareup.javapoet.CodeBlock                                                 : loaded 3 times (x 68B)
Class com.squareup.kotlinpoet.TypeName$Companion                                      : loaded 3 times (x 67B)
Class kotlin.sequences.SequenceBuilderIterator                                        : loaded 3 times (x 81B)
Class com.squareup.kotlinpoet.FunSpec$Builder                                         : loaded 3 times (x 99B)
Class com.squareup.javapoet.ParameterSpec$Builder                                     : loaded 3 times (x 68B)
Class kotlin.sequences.ConstrainedOnceSequence                                        : loaded 3 times (x 71B)
Class com.squareup.kotlinpoet.OriginatingElementsHolder                               : loaded 3 times (x 66B)
Class com.squareup.kotlinpoet.ClassName$Companion                                     : loaded 3 times (x 67B)
Class kotlin.coroutines.jvm.internal.RestrictedSuspendLambda                          : loaded 3 times (x 87B)
Class kotlin.collections.CollectionsKt___CollectionsKt$asSequence$$inlined$Sequence$1 : loaded 3 times (x 71B)
Class com.squareup.javapoet.LineWrapper$1                                             : loaded 3 times (x 67B)
Class kotlin.reflect.jvm.internal.KPackageImpl                                        : loaded 3 times (x 81B)
Class kotlin.ranges.OpenEndRange                                                      : loaded 3 times (x 66B)
Class kotlin.sequences.TransformingSequence                                           : loaded 3 times (x 71B)
Class kotlin.collections.MutableMapWithDefaultImpl                                    : loaded 3 times (x 140B)
Class com.squareup.kotlinpoet.AnnotationSpec$Builder                                  : loaded 3 times (x 75B)
Class com.squareup.kotlinpoet.KModifier$Target                                        : loaded 3 times (x 75B)
Class com.squareup.kotlinpoet.LineWrapper$Companion                                   : loaded 3 times (x 67B)
Class kotlin.Triple                                                                   : loaded 3 times (x 68B)
Class kotlin.sequences.SequencesKt__SequenceBuilderKt$sequence$$inlined$Sequence$1    : loaded 3 times (x 71B)
Class [Lcom.squareup.kotlinpoet.KModifier;                                            : loaded 3 times (x 65B)
Class com.squareup.kotlinpoet.MemberName                                              : loaded 3 times (x 68B)
Class kotlin.coroutines.intrinsics.CoroutineSingletons                                : loaded 3 times (x 75B)
Class [Lcom.squareup.javapoet.LineWrapper$FlushType;                                  : loaded 3 times (x 65B)
Class kotlin.collections.IntIterator                                                  : loaded 3 times (x 78B)
Class com.squareup.kotlinpoet.KModifier                                               : loaded 3 times (x 75B)
Class kotlin.sequences.SequenceScope                                                  : loaded 3 times (x 69B)
Class com.squareup.kotlinpoet.TagMap                                                  : loaded 3 times (x 75B)
Class com.squareup.kotlinpoet.ParameterSpec                                           : loaded 3 times (x 79B)
Class com.squareup.kotlinpoet.ContextReceivableKt                                     : loaded 3 times (x 67B)
Class kotlin.coroutines.jvm.internal.SuspendFunction                                  : loaded 3 times (x 66B)
Class com.squareup.kotlinpoet.FileSpec$Companion                                      : loaded 3 times (x 67B)
Class com.squareup.kotlinpoet.Import                                                  : loaded 3 times (x 71B)
Class kotlin.coroutines.Continuation                                                  : loaded 3 times (x 66B)
Class kotlin.annotation.AnnotationTarget                                              : loaded 3 times (x 75B)
Class com.squareup.javapoet.CodeBlock$Builder                                         : loaded 3 times (x 68B)
Class kotlin.ranges.ClosedRange                                                       : loaded 3 times (x 66B)
Class kotlin.jvm.internal.StringCompanionObject                                       : loaded 3 times (x 67B)
Class com.squareup.kotlinpoet.OriginatingElementsHolder$Builder                       : loaded 3 times (x 66B)
Class com.squareup.kotlinpoet.WildcardTypeName$Companion                              : loaded 3 times (x 67B)
Class com.squareup.kotlinpoet.CodeBlock$Builder                                       : loaded 3 times (x 68B)
Class kotlin.sequences.TransformingSequence$iterator$1                                : loaded 3 times (x 75B)
Class kotlin.coroutines.intrinsics.IntrinsicsKt__IntrinsicsJvmKt                      : loaded 3 times (x 67B)
Class com.squareup.kotlinpoet.Documentable$Builder                                    : loaded 3 times (x 66B)
Class kotlin.jvm.internal.markers.KMutableCollection                                  : loaded 3 times (x 66B)
Class kotlin.coroutines.jvm.internal.CoroutineStackFrame                              : loaded 3 times (x 66B)
Class com.squareup.kotlinpoet.FileSpec                                                : loaded 3 times (x 83B)
Class kotlin.coroutines.intrinsics.IntrinsicsKt                                       : loaded 3 times (x 67B)
Class com.squareup.javapoet.TypeSpec                                                  : loaded 3 times (x 68B)
Class kotlin.coroutines.jvm.internal.BaseContinuationImpl                             : loaded 3 times (x 83B)
Class kotlin.ranges.IntRange$Companion                                                : loaded 3 times (x 67B)
Class com.squareup.kotlinpoet.ContextReceivable                                       : loaded 3 times (x 66B)
Class com.squareup.javapoet.JavaFile                                                  : loaded 3 times (x 68B)
Class kotlin.annotation.MustBeDocumented                                              : loaded 3 times (x 66B)
Class com.squareup.kotlinpoet.AnnotationSpec$Companion                                : loaded 3 times (x 67B)
Class com.squareup.kotlinpoet.ContextReceivable$Builder                               : loaded 3 times (x 66B)
Class kotlin.jvm.internal.FunctionReferenceImpl                                       : loaded 3 times (x 118B)
Class com.squareup.kotlinpoet.TagMap$Companion                                        : loaded 3 times (x 67B)
Class com.squareup.kotlinpoet.TypeNames                                               : loaded 3 times (x 67B)
Class com.squareup.kotlinpoet.TypeSpec$Kind                                           : loaded 3 times (x 75B)
Class com.squareup.kotlinpoet.Taggable$Builder                                        : loaded 3 times (x 66B)
Class kotlin.io.NoSuchFileException                                                   : loaded 3 times (x 78B)
Class kotlin.io.FileAlreadyExistsException                                            : loaded 3 times (x 78B)
Class kotlin.sequences.GeneratorSequence$iterator$1                                   : loaded 3 times (x 75B)
Class kotlin.internal.ProgressionUtilKt                                               : loaded 3 times (x 67B)
Class com.squareup.kotlinpoet.PropertySpec                                            : loaded 3 times (x 85B)
Class com.squareup.kotlinpoet.CodeBlock                                               : loaded 3 times (x 68B)
Class com.squareup.javapoet.AnnotationSpec$Builder                                    : loaded 3 times (x 68B)
Class com.squareup.kotlinpoet.PropertySpec$Builder                                    : loaded 3 times (x 100B)
Class kotlin.jvm.internal.markers.KMutableIterable                                    : loaded 3 times (x 66B)
Class com.squareup.javapoet.ParameterizedTypeName                                     : loaded 3 times (x 77B)
Class [Lcom.squareup.kotlinpoet.Taggable;                                             : loaded 3 times (x 65B)
Class com.squareup.kotlinpoet.Dynamic                                                 : loaded 3 times (x 82B)
Class kotlin.jvm.internal.ArrayIteratorKt                                             : loaded 3 times (x 67B)
Class com.squareup.kotlinpoet.LineWrapper                                             : loaded 3 times (x 74B)
Class com.google.common.base.Enums                                                    : loaded 3 times (x 67B)
Class com.google.common.base.VerifyException                                          : loaded 3 times (x 78B)
Class kotlin.ranges.IntProgressionIterator                                            : loaded 3 times (x 78B)
Class kotlin.coroutines.jvm.internal.CompletedContinuation                            : loaded 3 times (x 71B)
Class kotlin.coroutines.CoroutineContext                                              : loaded 3 times (x 66B)
Class com.squareup.kotlinpoet.TaggableKt                                              : loaded 3 times (x 67B)
Class com.squareup.kotlinpoet.TypeSpec$Builder                                        : loaded 3 times (x 115B)
Class kotlin.Deprecated                                                               : loaded 3 times (x 66B)
Class com.squareup.javapoet.MethodSpec$Builder                                        : loaded 3 times (x 68B)
Class kotlin.coroutines.jvm.internal.DebugProbesKt                                    : loaded 3 times (x 67B)
Class [Lkotlin.annotation.AnnotationRetention;                                        : loaded 3 times (x 65B)
Class kotlin.sequences.FlatteningSequence$iterator$1                                  : loaded 3 times (x 75B)
Class com.squareup.kotlinpoet.TypeSpec$Companion                                      : loaded 3 times (x 67B)
Class kotlin.sequences.GeneratorSequence                                              : loaded 3 times (x 71B)
Class com.google.common.base.Verify                                                   : loaded 3 times (x 67B)
Class [Lkotlin.DeprecationLevel;                                                      : loaded 3 times (x 65B)
Class com.squareup.kotlinpoet.ClassNames                                              : loaded 3 times (x 67B)
Class kotlin.ResultKt                                                                 : loaded 3 times (x 67B)
Class com.squareup.kotlinpoet.OriginatingElementsHolderKt                             : loaded 3 times (x 67B)
Class com.squareup.kotlinpoet.TypeSpec                                                : loaded 3 times (x 92B)
Class com.squareup.javapoet.ClassName                                                 : loaded 3 times (x 80B)
Class kotlin.collections.builders.ListBuilderKt                                       : loaded 3 times (x 67B)
Class kotlin.ReplaceWith                                                              : loaded 3 times (x 66B)
Class com.squareup.javapoet.Util                                                      : loaded 3 times (x 67B)
Class com.squareup.javapoet.LineWrapper$FlushType                                     : loaded 3 times (x 75B)
Class com.squareup.kotlinpoet.FunSpec                                                 : loaded 3 times (x 85B)
Class com.squareup.kotlinpoet.TypeSpecHolder$Builder                                  : loaded 3 times (x 66B)
Class com.squareup.kotlinpoet.Annotatable$Builder                                     : loaded 3 times (x 66B)
Class com.squareup.javapoet.JavaFile$Builder                                          : loaded 3 times (x 68B)
Class com.squareup.javapoet.FieldSpec                                                 : loaded 3 times (x 68B)
Class com.squareup.javapoet.CodeWriter                                                : loaded 3 times (x 68B)
Class kotlin.io.TerminateException                                                    : loaded 3 times (x 78B)
Class kotlin.io.FilesKt__FilePathComponentsKt                                         : loaded 3 times (x 67B)
Class kotlin.collections.AbstractMutableList                                          : loaded 3 times (x 202B)
Class kotlin.collections.builders.MapBuilder$Companion                                : loaded 3 times (x 67B)
Class com.squareup.kotlinpoet.FunSpec$Companion                                       : loaded 3 times (x 67B)
Class com.squareup.javapoet.TypeSpec$Kind                                             : loaded 3 times (x 75B)
Class com.squareup.kotlinpoet.OriginatingElements                                     : loaded 3 times (x 71B)
Class kotlin.sequences.FlatteningSequence                                             : loaded 3 times (x 71B)
Class com.squareup.kotlinpoet.Annotatable                                             : loaded 3 times (x 66B)
Class com.squareup.kotlinpoet.Documentable                                            : loaded 3 times (x 66B)
Class kotlin.DeprecationLevel                                                         : loaded 3 times (x 75B)
Class com.squareup.kotlinpoet.ContextReceivers                                        : loaded 3 times (x 71B)
Class [Lcom.squareup.kotlinpoet.Annotatable;                                          : loaded 3 times (x 65B)
Class kotlin.KotlinNothingValueException                                              : loaded 3 times (x 78B)
Class kotlin.jvm.internal.markers.KMutableIterator                                    : loaded 3 times (x 66B)
Class com.squareup.kotlinpoet.FileSpec$Builder                                        : loaded 3 times (x 107B)
Class com.squareup.kotlinpoet.TypeName                                                : loaded 3 times (x 82B)
Class kotlin.io.FilesKt                                                               : loaded 3 times (x 67B)
Class com.squareup.kotlinpoet.PropertySpec$Companion                                  : loaded 3 times (x 67B)
Class com.google.common.base.Enums$StringConverter                                    : loaded 3 times (x 86B)
Class kotlin.reflect.jvm.internal.KMutableProperty1Impl                               : loaded 3 times (x 131B)
Class com.squareup.kotlinpoet.TypeSpecHolder                                          : loaded 3 times (x 66B)
Class com.squareup.kotlinpoet.MemberSpecHolder                                        : loaded 3 times (x 66B)
Class com.squareup.kotlinpoet.CodeWriterKt                                            : loaded 3 times (x 67B)
Class kotlin.collections.MutableMapWithDefault                                        : loaded 3 times (x 66B)
Class [Lcom.squareup.kotlinpoet.Import;                                               : loaded 3 times (x 65B)
Class kotlin.collections.AbstractIterator                                             : loaded 2 times (x 79B)
Class com.google.common.collect.Range                                                 : loaded 2 times (x 83B)
Class com.google.common.base.CharMatcher$RangesMatcher                                : loaded 2 times (x 108B)
Class com.google.common.util.concurrent.AbstractFuture$Trusted                        : loaded 2 times (x 66B)
Class kotlin.io.LinesSequence$iterator$1                                              : loaded 2 times (x 75B)
Class kotlin.metadata.jvm.internal.JvmExceptionUtilsKt                                : loaded 2 times (x 67B)
Class kotlin.metadata.internal.metadata.jvm.deserialization.JvmProtoBufUtil           : loaded 2 times (x 67B)
Class androidx.room.processor.OnConflictProcessor                                     : loaded 2 times (x 67B)
Class kotlin.metadata.internal.metadata.ProtoBuf$Constructor$1                        : loaded 2 times (x 140B)
Class androidx.room.ext.GuavaTypeNames                                                : loaded 2 times (x 67B)
Class androidx.room.jarjarred.org.antlr.v4.runtime.tree.AbstractParseTreeVisitor      : loaded 2 times (x 80B)
Class [Landroidx.room.jarjarred.org.antlr.v4.runtime.dfa.DFAState;                    : loaded 2 times (x 65B)
Class androidx.room.parser.SQLiteParser$Delete_stmtContext                            : loaded 2 times (x 154B)
Class [Landroidx.room.jarjarred.org.antlr.v4.runtime.atn.LexerAction;                 : loaded 2 times (x 65B)
Class androidx.room.vo.Constructor                                                    : loaded 2 times (x 68B)
Class kotlin.metadata.internal.protobuf.AbstractMessageLite$Builder                   : loaded 2 times (x 118B)
Class androidx.room.ext.RoomPagingRx3TypeNames                                        : loaded 2 times (x 67B)
Class androidx.room.solver.types.PrimitiveBooleanToIntConverter                       : loaded 2 times (x 67B)
Class kotlin.metadata.KmTypeParameter                                                 : loaded 2 times (x 68B)
Class kotlin.metadata.internal.metadata.ProtoBuf$Visibility                           : loaded 2 times (x 78B)
Class kotlin.metadata.jvm.internal.JvmTypeExtension                                   : loaded 2 times (x 74B)
Class kotlin.metadata.internal.metadata.jvm.deserialization.JvmNameResolverBase       : loaded 2 times (x 76B)
Class [Lorg.jetbrains.kotlin.build.report.metrics.BuildTime;                          : loaded 2 times (x 65B)
Class com.google.common.io.ByteSink$AsCharSink                                        : loaded 2 times (x 76B)
Class com.google.common.util.concurrent.UncheckedExecutionException                   : loaded 2 times (x 78B)
Class androidx.room.ext.RoomRxJava2TypeNames                                          : loaded 2 times (x 67B)
Class androidx.room.compiler.processing.javac.JavacExecutableElement$jvmDescriptor$2  : loaded 2 times (x 75B)
Class androidx.room.parser.Section$NewLine                                            : loaded 2 times (x 68B)
Class [Landroidx.room.compiler.codegen.XFileSpec$Builder;                             : loaded 2 times (x 65B)
Class kotlin.metadata.internal.metadata.ProtoBuf$Effect$EffectType$1                  : loaded 2 times (x 70B)
Class androidx.room.compiler.codegen.impl.XFileSpecImpl$Builder                       : loaded 2 times (x 74B)
Class androidx.room.vo.QueryParameter                                                 : loaded 2 times (x 68B)
Class androidx.room.Transaction                                                       : loaded 2 times (x 66B)
Class androidx.room.parser.SQLiteParser$Default_valueContext                          : loaded 2 times (x 149B)
Class androidx.room.parser.SQLiteParser$Recursive_cteContext                          : loaded 2 times (x 155B)
Class androidx.room.jarjarred.org.antlr.v4.runtime.NoViableAltException               : loaded 2 times (x 87B)
Class androidx.room.jarjarred.org.antlr.v4.runtime.atn.TokensStartState               : loaded 2 times (x 78B)
Class androidx.room.jarjarred.org.antlr.v4.runtime.atn.ATNSimulator                   : loaded 2 times (x 72B)
Class kotlin.metadata.jvm.KotlinClassMetadata$SyntheticClass                          : loaded 2 times (x 73B)
Class androidx.room.vo.PrimaryKey$Companion                                           : loaded 2 times (x 67B)
Class androidx.room.compiler.processing.XAnnotationValue                              : loaded 2 times (x 66B)
Class androidx.room.solver.binderprovider.ListenableFuturePagingSourceQueryResultBinderProviderKt: loaded 2 times (x 67B)
Class androidx.room.solver.binderprovider.RxQueryResultBinderProvider                 : loaded 2 times (x 75B)
Class kotlin.metadata.KmFunction                                                      : loaded 2 times (x 68B)
Class kotlin.metadata.internal.metadata.jvm.deserialization.JvmNameResolverBase$WhenMappings: loaded 2 times (x 67B)
Class kotlin.metadata.internal.metadata.jvm.JvmProtoBuf$StringTableTypes$Record$Operation$1: loaded 2 times (x 70B)
Class androidx.room.solver.types.StringColumnTypeAdapter                              : loaded 2 times (x 81B)
Class org.jetbrains.org.objectweb.asm.ClassTooLargeException                          : loaded 2 times (x 79B)
Class kotlin.io.FileTreeWalk$FileTreeWalkIterator$WhenMappings                        : loaded 2 times (x 67B)
Class com.google.common.collect.ImmutableSortedSetFauxverideShim                      : loaded 2 times (x 143B)
Class com.google.common.base.CharMatcher$JavaLetterOrDigit                            : loaded 2 times (x 107B)
Class org.gradle.internal.InternalTransformer                                         : loaded 2 times (x 66B)
Class androidx.room.compiler.processing.DeclarationCollectorKt                        : loaded 2 times (x 67B)
Class androidx.room.compiler.processing.javac.JavacFieldElement$enclosingElement$2    : loaded 2 times (x 75B)
Class androidx.room.compiler.processing.XTypeVariableType                             : loaded 2 times (x 66B)
Class androidx.room.parser.ParsedQuery                                                : loaded 2 times (x 68B)
Class androidx.room.writer.QueryWriter$WhenMappings                                   : loaded 2 times (x 67B)
Class androidx.room.compiler.codegen.java.JavaCodeBlock$Builder                       : loaded 2 times (x 84B)
Class androidx.room.compiler.codegen.XTypeSpec$Companion                              : loaded 2 times (x 67B)
Class androidx.room.vo.SchemaIdentityKey$Companion                                    : loaded 2 times (x 67B)
Class androidx.room.solver.query.result.QueryResultBinder                             : loaded 2 times (x 70B)
Class androidx.room.parser.Table                                                      : loaded 2 times (x 68B)
Class androidx.room.parser.SQLiteParser$Simple_function_invocationContext             : loaded 2 times (x 155B)
Class androidx.room.parser.SQLiteParser$Over_clauseContext                            : loaded 2 times (x 163B)
Class androidx.room.jarjarred.org.antlr.v4.runtime.TokenFactory                       : loaded 2 times (x 66B)
Class androidx.room.jarjarred.org.antlr.v4.runtime.Recognizer$1                       : loaded 2 times (x 202B)
Class org.sqlite.SQLiteConfig$HexKeyMode                                              : loaded 2 times (x 78B)
Class androidx.room.processor.cache.Cache$DataClassKey                                : loaded 2 times (x 68B)
Class androidx.room.jarjarred.org.antlr.v4.runtime.atn.RuleStartState                 : loaded 2 times (x 78B)
Class androidx.room.compiler.processing.InternalXAnnotationValue$Companion            : loaded 2 times (x 67B)
Class kotlin.collections.builders.SetBuilder$Companion                                : loaded 2 times (x 67B)
Class androidx.room.solver.shortcut.binderprovider.RxSingleOrMaybeDeleteOrUpdateFunctionBinderProvider: loaded 2 times (x 75B)
Class kotlin.metadata.Attributes$isReified$2                                          : loaded 2 times (x 133B)
Class kotlin.metadata.internal.metadata.ProtoBuf$ContractOrBuilder                    : loaded 2 times (x 66B)
Class kotlin.metadata.internal.protobuf.AbstractParser                                : loaded 2 times (x 140B)
Class androidx.room.parser.SQLiteParser$Frame_clauseContext                           : loaded 2 times (x 155B)
Class androidx.room.jarjarred.org.antlr.v4.runtime.DefaultErrorStrategy               : loaded 2 times (x 101B)
Class [Landroidx.room.compiler.processing.XNullability;                               : loaded 2 times (x 65B)
Class androidx.room.compiler.processing.javac.ElementExtKt                            : loaded 2 times (x 67B)
Class com.google.common.collect.ImmutableBiMap$Builder                                : loaded 2 times (x 78B)
Class org.objectweb.asm.ClassWriter                                                   : loaded 2 times (x 102B)
Class com.google.common.collect.AbstractMapBasedMultimap$KeySet$1                     : loaded 2 times (x 78B)
Class com.google.common.base.CharMatcher$And                                          : loaded 2 times (x 108B)
Class com.google.common.cache.CacheLoader$UnsupportedLoadingOperationException        : loaded 2 times (x 78B)
Class org.gradle.internal.classloader.ClasspathUtil$1                                 : loaded 2 times (x 72B)
Class androidx.room.solver.shortcut.binder.InsertOrUpsertFunctionBinder               : loaded 2 times (x 69B)
Class com.google.common.util.concurrent.AbstractFuture$UnsafeAtomicHelper$1           : loaded 2 times (x 72B)
Class com.google.common.collect.ImmutableRangeSet$1                                   : loaded 2 times (x 205B)
Class kotlin.metadata.internal.protobuf.MessageLite                                   : loaded 2 times (x 66B)
Class androidx.room.solver.binderprovider.DataSourceQueryResultBinderProvider         : loaded 2 times (x 72B)
Class androidx.room.writer.PropertyReadWriteWriter$Companion                          : loaded 2 times (x 67B)
Class androidx.room.solver.CodeGenScope$Companion                                     : loaded 2 times (x 67B)
Class androidx.room.compiler.codegen.XAnnotationSpec                                  : loaded 2 times (x 66B)
Class androidx.room.compiler.processing.javac.kotlin.KmValueParameterContainer        : loaded 2 times (x 68B)
Class kotlinx.serialization.SealedClassSerializer$special$$inlined$groupingBy$1       : loaded 2 times (x 72B)
Class androidx.room.parser.SQLiteParser$Expr_asc_descContext                          : loaded 2 times (x 153B)
Class androidx.room.jarjarred.org.antlr.v4.runtime.BufferedTokenStream                : loaded 2 times (x 122B)
Class [Landroidx.room.jarjarred.org.antlr.v4.runtime.atn.RuleStopState;               : loaded 2 times (x 65B)
Class androidx.room.jarjarred.org.antlr.v4.runtime.tree.Tree                          : loaded 2 times (x 66B)
Class kotlin.metadata.internal.metadata.deserialization.VersionRequirement$Companion  : loaded 2 times (x 67B)
Class kotlin.jvm.JvmName                                                              : loaded 2 times (x 66B)
Class kotlin.text.LinesIterator$State                                                 : loaded 2 times (x 67B)
Class androidx.room.ColumnInfo                                                        : loaded 2 times (x 66B)
Class androidx.room.parser.QueryType$Companion                                        : loaded 2 times (x 67B)
Class androidx.room.jarjarred.org.antlr.v4.runtime.ConsoleErrorListener               : loaded 2 times (x 77B)
Class androidx.room.jarjarred.org.antlr.v4.runtime.tree.ParseTreeVisitor              : loaded 2 times (x 66B)
Class androidx.room.writer.EntityInsertAdapterWriter$Companion                        : loaded 2 times (x 67B)
Class [Landroidx.room.solver.prepared.binderprovider.PreparedQueryResultBinderProvider;: loaded 2 times (x 65B)
Class kotlin.metadata.internal.protobuf.SmallSortedMap$Entry                          : loaded 2 times (x 84B)
Class androidx.room.compiler.processing.XAnnotated                                    : loaded 2 times (x 66B)
Class org.objectweb.asm.FieldVisitor                                                  : loaded 2 times (x 73B)
Class com.google.common.collect.FluentIterable$1                                      : loaded 2 times (x 77B)
Class com.google.common.base.Objects                                                  : loaded 2 times (x 67B)
Class org.gradle.api.internal.classpath.DefaultModuleRegistry$DefaultModule           : loaded 2 times (x 82B)
Class androidx.room.compiler.codegen.kotlin.KotlinCodeBlock$Builder$Companion         : loaded 2 times (x 67B)
Class androidx.room.solver.query.result.CoroutineFlowResultBinder$convertAndReturn$createBlock$1: loaded 2 times (x 69B)
Class androidx.room.writer.DaoWriter$PreparedStmtQuery$Companion                      : loaded 2 times (x 67B)
Class [Landroidx.room.compiler.codegen.XFunSpec$Builder;                              : loaded 2 times (x 65B)
Class androidx.room.compiler.codegen.XFunSpec$Builder$Companion                       : loaded 2 times (x 67B)
Class androidx.room.compiler.codegen.java.JavaParameterSpec$Builder                   : loaded 2 times (x 74B)
Class androidx.room.compiler.codegen.XSpec                                            : loaded 2 times (x 67B)
Class kotlinx.serialization.internal.PluginGeneratedSerialDescriptor$_hashCode$2      : loaded 2 times (x 75B)
Class org.apache.commons.codec.EncoderException                                       : loaded 2 times (x 78B)
Class org.sqlite.core.SafeStmtPtr$SafePtrFunction                                     : loaded 2 times (x 66B)
Class androidx.room.jarjarred.org.antlr.v4.runtime.atn.LexerIndexedCustomAction       : loaded 2 times (x 73B)
Class [Landroidx.room.jarjarred.org.antlr.v4.runtime.atn.PredictionMode;              : loaded 2 times (x 65B)
Class androidx.room.parser.SQLiteParser$Indexed_columnContext                         : loaded 2 times (x 152B)
Class androidx.room.parser.SQLiteParser$Partition_byContext                           : loaded 2 times (x 151B)
Class androidx.room.jarjarred.org.antlr.v4.runtime.CodePointBuffer                    : loaded 2 times (x 77B)
Class org.sqlite.date.FastDatePrinter$TwoDigitMonthField                              : loaded 2 times (x 76B)
Class org.sqlite.util.ProcessRunner                                                   : loaded 2 times (x 69B)
Class kotlin.metadata.jvm.internal.JvmTypeParameterExtension                          : loaded 2 times (x 73B)
Class androidx.room.vo.PropertyGetter                                                 : loaded 2 times (x 68B)
Class com.squareup.kotlinpoet.CodeWriter$importableTypes$1                            : loaded 2 times (x 74B)
Class androidx.room.compiler.processing.javac.JavacExecutableElement$thrownTypes$2    : loaded 2 times (x 75B)
Class com.google.common.collect.AbstractMultimap                                      : loaded 2 times (x 119B)
Class com.google.common.cache.LocalCache$2                                            : loaded 2 times (x 138B)
Class com.google.auto.common.Overrides                                                : loaded 2 times (x 68B)
Class androidx.room.compiler.processing.javac.JavacTypeElement$superInterfaces$2      : loaded 2 times (x 75B)
Class org.jetbrains.kotlin.name.ClassId                                               : loaded 2 times (x 68B)
Class com.google.common.collect.FluentIterable$2                                      : loaded 2 times (x 77B)
Class com.google.common.reflect.Reflection                                            : loaded 2 times (x 67B)
Class com.google.common.primitives.Ints                                               : loaded 2 times (x 67B)
Class com.google.common.collect.Sets$ImprovedAbstractSet                              : loaded 2 times (x 131B)
Class com.google.common.reflect.TypeToken$SimpleTypeToken                             : loaded 2 times (x 69B)
Class org.apache.commons.io.function.IOSupplier                                       : loaded 2 times (x 66B)
Class androidx.room.compiler.codegen.XCodeBlock$Companion$ofCast$1$WhenMappings       : loaded 2 times (x 67B)
Class com.google.common.collect.MapMakerInternalMap$AbstractStrongKeyEntry            : loaded 2 times (x 76B)
Class com.google.common.io.ByteSource$ByteArrayByteSource                             : loaded 2 times (x 81B)
Class org.sqlite.core.CorePreparedStatement                                           : loaded 2 times (x 202B)
Class androidx.room.parser.SQLiteParser$Foreign_tableContext                          : loaded 2 times (x 148B)
Class androidx.room.parser.SQLiteParser$Savepoint_nameContext                         : loaded 2 times (x 148B)
Class androidx.room.jarjarred.org.antlr.v4.runtime.CommonTokenFactory                 : loaded 2 times (x 75B)
Class androidx.room.jarjarred.org.antlr.v4.runtime.misc.Pair                          : loaded 2 times (x 68B)
Class [Lorg.sqlite.SQLiteConfig$DateClass;                                            : loaded 2 times (x 65B)
Class androidx.room.compiler.processing.javac.JavacMethodParameter$jvmName$2          : loaded 2 times (x 75B)
Class androidx.room.compiler.processing.XPackageElement                               : loaded 2 times (x 66B)
Class androidx.room.processor.cache.Cache$FullKey                                     : loaded 2 times (x 68B)
Class kotlin.collections.CollectionsKt___CollectionsKt$withIndex$1                    : loaded 2 times (x 75B)
Class androidx.room.ext.RoomPagingRx2TypeNames                                        : loaded 2 times (x 67B)
Class kotlin.metadata.internal.metadata.deserialization.Flags                         : loaded 2 times (x 67B)
Class kotlin.metadata.jvm.internal.JvmConstructorExtension                            : loaded 2 times (x 73B)
Class androidx.room.compiler.processing.XHasModifiers                                 : loaded 2 times (x 66B)
Class kotlin.metadata.internal.metadata.deserialization.NameResolver                  : loaded 2 times (x 66B)
Class kotlin.metadata.internal.metadata.ProtoBuf$Annotation                           : loaded 2 times (x 105B)
Class androidx.room.ext.CommonTypeNames                                               : loaded 2 times (x 67B)
Class androidx.room.processor.QueryRewriter                                           : loaded 2 times (x 66B)
Class androidx.room.compiler.processing.XTypeElement                                  : loaded 2 times (x 66B)
Class org.jetbrains.org.objectweb.asm.FieldVisitor                                    : loaded 2 times (x 72B)
Class com.google.common.collect.FluentIterable$3                                      : loaded 2 times (x 77B)
Class com.google.common.math.MathPreconditions                                        : loaded 2 times (x 67B)
Class com.google.common.collect.ObjectArrays                                          : loaded 2 times (x 67B)
Class com.google.common.collect.ArrayListMultimapGwtSerializationDependencies         : loaded 2 times (x 168B)
Class com.google.common.collect.Multiset                                              : loaded 2 times (x 66B)
Class androidx.room.compiler.processing.javac.JavacTypeElement$packageElement$2       : loaded 2 times (x 75B)
Class androidx.room.processor.cache.Cache                                             : loaded 2 times (x 68B)
Class com.squareup.javapoet.CodeWriter$Multiset                                       : loaded 2 times (x 68B)
Class [Lkotlin.metadata.internal.protobuf.WireFormat$JavaType;                        : loaded 2 times (x 65B)
Class kotlin.metadata.jvm.internal.JvmFunctionExtension                               : loaded 2 times (x 73B)
Class kotlin.metadata.jvm.internal.JvmFunctionExtension$Companion                     : loaded 2 times (x 67B)
Class androidx.room.compiler.processing.KotlinPoetExtKt                               : loaded 2 times (x 67B)
Class androidx.room.compiler.codegen.XCodeBlockKt                                     : loaded 2 times (x 67B)
Class [Landroidx.room.compiler.codegen.XCodeBlock$Builder;                            : loaded 2 times (x 65B)
Class androidx.room.parser.SQLiteParser$Filter_clauseContext                          : loaded 2 times (x 152B)
Class androidx.room.vo.FtsEntity                                                      : loaded 2 times (x 83B)
Class androidx.room.compiler.processing.javac.JavacPackageElement$qualifiedName$2     : loaded 2 times (x 75B)
Class kotlin.metadata.internal.metadata.ProtoBuf$Effect$EffectType                    : loaded 2 times (x 78B)
Class androidx.room.solver.binderprovider.LiveDataQueryResultBinderProvider           : loaded 2 times (x 75B)
Class kotlin.metadata.internal.metadata.ProtoBuf$Package                              : loaded 2 times (x 125B)
Class androidx.room.solver.binderprovider.CoroutineFlowResultBinderProvider$Companion : loaded 2 times (x 67B)
Class org.sqlite.SQLiteConfig$DateClass                                               : loaded 2 times (x 78B)
Class androidx.room.compiler.processing.javac.JavacTypeElement$className$2            : loaded 2 times (x 75B)
Class org.apache.commons.io.output.NullOutputStream                                   : loaded 2 times (x 81B)
Class org.gradle.api.internal.classpath.Module                                        : loaded 2 times (x 66B)
Class org.sqlite.date.FastDatePrinter$TwoDigitNumberField                             : loaded 2 times (x 76B)
Class androidx.room.jarjarred.org.antlr.v4.runtime.misc.IntegerStack                  : loaded 2 times (x 68B)
Class androidx.room.parser.SQLiteParser$ParseContext                                  : loaded 2 times (x 150B)
Class androidx.room.parser.SQLiteParser$Aggregate_function_invocationContext          : loaded 2 times (x 157B)
Class androidx.room.parser.SQLiteParser$Initial_selectContext                         : loaded 2 times (x 148B)
Class androidx.room.migration.bundle.FtsEntityBundle$$serializer                      : loaded 2 times (x 82B)
Class androidx.room.parser.SQLiteParser$Sql_stmtContext                               : loaded 2 times (x 174B)
Class [Lorg.sqlite.date.FastDatePrinter$Rule;                                         : loaded 2 times (x 65B)
Class androidx.room.SkipQueryVerification                                             : loaded 2 times (x 66B)
Class kotlin.metadata.internal.metadata.deserialization.Flags$BooleanFlagField        : loaded 2 times (x 72B)
Class androidx.room.parser.Section$Companion                                          : loaded 2 times (x 67B)
Class [Lkotlin.metadata.internal.protobuf.Internal$EnumLite;                          : loaded 2 times (x 65B)
Class kotlin.metadata.internal.metadata.ProtoBuf$Property                             : loaded 2 times (x 144B)
Class androidx.room.compiler.processing.javac.JavacTypeElement$typeParameters$2       : loaded 2 times (x 75B)
Class androidx.room.compiler.processing.XParameterizable                              : loaded 2 times (x 66B)
Class androidx.room.migration.bundle.FieldBundle$$serializer                          : loaded 2 times (x 82B)
Class com.google.common.cache.Weigher                                                 : loaded 2 times (x 66B)
Class org.gradle.api.internal.classpath.UnknownModuleException                        : loaded 2 times (x 78B)
Class androidx.room.compiler.codegen.XPropertySpec                                    : loaded 2 times (x 66B)
Class androidx.room.migration.bundle.DatabaseBundle                                   : loaded 2 times (x 71B)
Class androidx.room.parser.SQLiteParser$Column_defContext                             : loaded 2 times (x 151B)
Class androidx.room.jarjarred.org.antlr.v4.runtime.atn.ParserATNSimulator             : loaded 2 times (x 113B)
Class androidx.room.ext.String_extKt                                                  : loaded 2 times (x 67B)
Class androidx.room.compiler.processing.XExecutableParameterElement                   : loaded 2 times (x 66B)
Class androidx.room.vo.DataClassFunction                                              : loaded 2 times (x 68B)
Class androidx.room.compiler.processing.util.MemoizedSequence$CachedIterator          : loaded 2 times (x 75B)
Class kotlin.metadata.KmDeclarationContainer                                          : loaded 2 times (x 66B)
Class kotlin.metadata.internal.metadata.jvm.JvmProtoBuf$JvmFieldSignature$1           : loaded 2 times (x 140B)
Class kotlin.metadata.internal.metadata.ProtoBuf$FunctionOrBuilder                    : loaded 2 times (x 66B)
Class androidx.room.solver.types.ByteArrayWrapperColumnTypeAdapter$Companion          : loaded 2 times (x 67B)
Class org.apache.commons.io.Charsets                                                  : loaded 2 times (x 67B)
Class com.google.common.base.Stopwatch                                                : loaded 2 times (x 68B)
Class com.google.common.cache.LocalCache$Strength                                     : loaded 2 times (x 77B)
Class com.google.common.cache.Cache                                                   : loaded 2 times (x 66B)
Class com.google.common.cache.LocalCache$1                                            : loaded 2 times (x 85B)
Class org.apache.commons.io.FileExistsException                                       : loaded 2 times (x 78B)
Class androidx.room.compiler.codegen.XTypeSpec$Builder                                : loaded 2 times (x 66B)
Class androidx.room.vo.InsertOrUpsertShortcutFunction                                 : loaded 2 times (x 68B)
Class com.squareup.kotlinpoet.ParameterizedTypeName$Companion                         : loaded 2 times (x 67B)
Class androidx.room.solver.shortcut.result.InsertOrUpsertFunctionAdapter$FunctionInfo : loaded 2 times (x 69B)
Class androidx.room.parser.SQLiteParser$Pragma_stmtContext                            : loaded 2 times (x 155B)
Class androidx.room.jarjarred.org.antlr.v4.runtime.dfa.LexerDFASerializer             : loaded 2 times (x 70B)
Class org.sqlite.util.LibraryLoaderUtil                                               : loaded 2 times (x 67B)
Class androidx.room.vo.Property                                                       : loaded 2 times (x 71B)
Class com.google.common.base.Ascii                                                    : loaded 2 times (x 67B)
Class androidx.room.compiler.processing.XRawType                                      : loaded 2 times (x 66B)
Class kotlin.metadata.jvm.internal.JvmConstructorExtension$Companion                  : loaded 2 times (x 67B)
Class kotlin.metadata.internal.metadata.deserialization.VersionRequirementTable$Companion: loaded 2 times (x 67B)
Class com.google.common.collect.HashBiMap$BiEntry                                     : loaded 2 times (x 79B)
Class kotlin.metadata.internal.protobuf.ExtensionRegistryLite$ObjectIntPair           : loaded 2 times (x 68B)
Class org.jetbrains.kotlin.build.report.metrics.BuildMetricsReporter                  : loaded 2 times (x 66B)
Class com.google.common.io.AppendableWriter                                           : loaded 2 times (x 96B)
Class org.apache.commons.io.filefilter.IOFileFilter                                   : loaded 2 times (x 66B)
Class com.google.common.io.Files$2                                                    : loaded 2 times (x 72B)
Class com.google.common.base.NullnessCasts                                            : loaded 2 times (x 67B)
Class com.google.common.util.concurrent.AbstractFuture$Cancellation                   : loaded 2 times (x 68B)
Class [Lkotlin.Function;                                                              : loaded 2 times (x 65B)
Class androidx.room.compiler.processing.javac.JavacTypeElement$_declaredMethods$2     : loaded 2 times (x 75B)
Class kotlin.metadata.internal.metadata.ProtoBuf$Class                                : loaded 2 times (x 176B)
Class kotlin.metadata.internal.protobuf.CodedInputStream                              : loaded 2 times (x 68B)
Class kotlin.metadata.jvm.JvmMetadataVersion$Companion                                : loaded 2 times (x 67B)
Class androidx.room.jarjarred.org.antlr.v4.runtime.atn.PredicateTransition            : loaded 2 times (x 72B)
Class androidx.room.jarjarred.org.antlr.v4.runtime.atn.LoopEndState                   : loaded 2 times (x 78B)
Class androidx.room.jarjarred.org.antlr.v4.runtime.atn.BlockStartState                : loaded 2 times (x 79B)
Class kotlin.metadata.KmVersionRequirementVersionKind                                 : loaded 2 times (x 75B)
Class [Landroidx.room.parser.QueryType;                                               : loaded 2 times (x 65B)
Class androidx.room.compiler.processing.XTypeElement$getAllNonPrivateInstanceMethods$1: loaded 2 times (x 74B)
Class androidx.room.compiler.processing.javac.JavacMethodElement$kotlinMetadata$2     : loaded 2 times (x 75B)
Class androidx.room.solver.types.PrimitiveBooleanToIntConverter$create$2              : loaded 2 times (x 71B)
Class androidx.room.processor.SuppressWarningProcessor                                : loaded 2 times (x 67B)
Class androidx.room.solver.binderprovider.QueryResultBinderProviderWithRequiredArtifact: loaded 2 times (x 72B)
Class kotlin.metadata.internal.metadata.ProtoBuf$Function                             : loaded 2 times (x 145B)
Class androidx.room.compiler.processing.CommonProcessorDelegate$processRound$currentElementsDeferredByStep$1$stepDeferredElementsByAnnotation$1: loaded 2 times (x 74B)
Class org.jetbrains.org.objectweb.asm.FieldWriter                                     : loaded 2 times (x 73B)
Class org.jetbrains.org.objectweb.asm.MethodVisitor                                   : loaded 2 times (x 100B)
Class kotlin.io.ByteStreamsKt                                                         : loaded 2 times (x 67B)
Class com.google.common.collect.Maps$EntryFunction$1                                  : loaded 2 times (x 87B)
Class com.google.common.collect.AbstractMapBasedMultimap$WrappedCollection$WrappedIterator: loaded 2 times (x 80B)
Class com.google.common.cache.RemovalListener                                         : loaded 2 times (x 66B)
Class org.gradle.api.internal.DefaultClassPathRegistry                                : loaded 2 times (x 72B)
Class com.google.common.collect.Iterators$SingletonIterator                           : loaded 2 times (x 77B)
Class androidx.room.compiler.processing.javac.JavacMethodParameter$name$2             : loaded 2 times (x 75B)
Class kotlin.metadata.jvm.internal.JvmTypeParameterExtension$Companion                : loaded 2 times (x 67B)
Class androidx.room.parser.SQLiteParser$Create_index_stmtContext                      : loaded 2 times (x 166B)
Class androidx.room.compiler.codegen.impl.XFileSpecImpl$WhenMappings                  : loaded 2 times (x 67B)
Class androidx.room.compiler.codegen.kotlin.KotlinFunSpecKt$WhenMappings              : loaded 2 times (x 67B)
Class kotlinx.serialization.descriptors.SerialDescriptorImpl$_hashCode$2              : loaded 2 times (x 75B)
Class androidx.room.solver.query.result.ListQueryResultAdapter                        : loaded 2 times (x 69B)
Class androidx.room.parser.expansion.ExpandableSqlParserKt                            : loaded 2 times (x 67B)
Class androidx.room.parser.SQLiteParser$View_nameContext                              : loaded 2 times (x 148B)
Class androidx.room.jarjarred.org.antlr.v4.runtime.atn.WildcardTransition             : loaded 2 times (x 72B)
Class androidx.room.parser.SQLiteParser$Result_columnContext                          : loaded 2 times (x 153B)
Class org.sqlite.core.SafeStmtPtr                                                     : loaded 2 times (x 75B)
Class org.sqlite.date.FastDatePrinter$CharacterLiteral                                : loaded 2 times (x 73B)
Class androidx.room.compiler.processing.javac.JavacMethodParameter                    : loaded 2 times (x 219B)
Class com.google.auto.common.Visibility                                               : loaded 2 times (x 75B)
Class androidx.room.solver.binderprovider.MultiTypedPagingSourceQueryResultBinderProvider: loaded 2 times (x 72B)
Class androidx.room.parser.SQLiteParser$Module_argumentContext                        : loaded 2 times (x 149B)
Class kotlin.metadata.internal.BooleanFlagDelegate                                    : loaded 2 times (x 68B)
Class [Landroidx.room.compiler.codegen.VisibilityModifier;                            : loaded 2 times (x 65B)
Class androidx.room.compiler.codegen.XFileSpec$Companion                              : loaded 2 times (x 67B)
Class androidx.room.compiler.processing.javac.JavacTypeElement$allMethods$1           : loaded 2 times (x 75B)
Class com.google.common.collect.Maps$EntryFunction$2                                  : loaded 2 times (x 87B)
Class com.google.common.collect.ImmutableMultimap$Keys                                : loaded 2 times (x 162B)
Class org.apache.commons.io.file.DeleteOption                                         : loaded 2 times (x 66B)
Class com.google.common.reflect.Invokable$ConstructorInvokable                        : loaded 2 times (x 103B)
Class com.google.common.primitives.IntsMethodsForWeb                                  : loaded 2 times (x 67B)
Class org.gradle.api.internal.ClassPathRegistry                                       : loaded 2 times (x 66B)
Class org.gradle.internal.classpath.DefaultClassPath$ImmutableUniqueList              : loaded 2 times (x 195B)
Class androidx.room.writer.EntityDeleteAdapterWriter$Companion                        : loaded 2 times (x 67B)
Class org.gradle.internal.service.ServiceLocator                                      : loaded 2 times (x 66B)
Class com.google.common.collect.Platform                                              : loaded 2 times (x 67B)
Class [Lorg.objectweb.asm.Type;                                                       : loaded 2 times (x 65B)
Class androidx.room.compiler.codegen.XPropertySpec$Builder$Companion                  : loaded 2 times (x 67B)
Class androidx.room.compiler.processing.XElementKt                                    : loaded 2 times (x 67B)
Class androidx.room.compiler.codegen.impl.XFunSpecImpl$Builder                        : loaded 2 times (x 87B)
Class androidx.room.migration.bundle.EntityBundle                                     : loaded 2 times (x 80B)
Class androidx.room.solver.transaction.binder.CoroutineTransactionFunctionBinder      : loaded 2 times (x 69B)
Class androidx.room.solver.query.result.IndexAdapter                                  : loaded 2 times (x 66B)
Class androidx.room.solver.query.result.RowAdapter                                    : loaded 2 times (x 71B)
Class androidx.room.parser.SQLiteParser$Order_by_exprContext                          : loaded 2 times (x 151B)
Class androidx.room.parser.SQLiteParser$Commit_stmtContext                            : loaded 2 times (x 150B)
Class androidx.room.parser.SQLiteParser$Table_nameContext                             : loaded 2 times (x 148B)
Class androidx.room.jarjarred.org.antlr.v4.runtime.misc.IntervalSet                   : loaded 2 times (x 117B)
Class androidx.room.jarjarred.org.antlr.v4.runtime.atn.AbstractPredicateTransition    : loaded 2 times (x 72B)
Class org.jetbrains.kotlin.build.report.metrics.GradleBuildTime                       : loaded 2 times (x 82B)
Class org.sqlite.SQLiteConfig$PragmaValue                                             : loaded 2 times (x 66B)
Class org.sqlite.core.Codes                                                           : loaded 2 times (x 66B)
Class kotlin.metadata.jvm.JvmExtensionsKt                                             : loaded 2 times (x 67B)
Class kotlin.metadata.jvm.internal.JvmPropertyExtension                               : loaded 2 times (x 73B)
Class kotlin.metadata.internal.metadata.ProtoBuf$VersionRequirementTable$1            : loaded 2 times (x 140B)
Class org.jetbrains.org.objectweb.asm.ByteVector                                      : loaded 2 times (x 74B)
Class com.google.common.collect.NullnessCasts                                         : loaded 2 times (x 67B)
Class com.google.common.collect.MapMakerInternalMap$Segment                           : loaded 2 times (x 138B)
Class com.google.common.base.ExtraObjectsMethodsForWeb                                : loaded 2 times (x 67B)
Class org.apache.commons.io.IOUtils                                                   : loaded 2 times (x 67B)
Class com.google.common.reflect.TypeToken                                             : loaded 2 times (x 69B)
Class androidx.room.compiler.processing.javac.JavacTypeElement$DefaultJavacTypeElement: loaded 2 times (x 294B)
Class kotlin.metadata.jvm.internal.JvmClassExtension$Companion                        : loaded 2 times (x 67B)
Class androidx.room.compiler.codegen.XCodeBlock$Companion$ofKotlinClassLiteral$1      : loaded 2 times (x 75B)
Class androidx.room.compiler.codegen.kotlin.KotlinFunSpec                             : loaded 2 times (x 71B)
Class androidx.room.jarjarred.org.antlr.v4.runtime.atn.LL1Analyzer                    : loaded 2 times (x 72B)
Class androidx.room.jarjarred.org.antlr.v4.runtime.misc.MurmurHash                    : loaded 2 times (x 67B)
Class androidx.room.parser.SQLiteParser$Select_stmtContext                            : loaded 2 times (x 154B)
Class androidx.room.parser.SQLiteParser$Asc_descContext                               : loaded 2 times (x 149B)
Class androidx.room.jarjarred.org.antlr.v4.runtime.Recognizer                         : loaded 2 times (x 94B)
Class androidx.room.solver.types.PrimitiveBooleanToIntConverter$create$1              : loaded 2 times (x 71B)
Class androidx.room.compiler.processing.javac.JavacAnnotation$declaredAnnotationValues$2: loaded 2 times (x 75B)
Class androidx.room.solver.shortcut.binderprovider.RxCallableInsertOrUpsertFunctionBinderProvider: loaded 2 times (x 75B)
Class androidx.room.solver.TypeConverterStore                                         : loaded 2 times (x 66B)
Class kotlin.metadata.internal.metadata.jvm.deserialization.BitEncoding               : loaded 2 times (x 67B)
Class kotlin.metadata.internal.metadata.ProtoBuf$TypeParameter$Variance$1             : loaded 2 times (x 70B)
Class [Lorg.jetbrains.org.objectweb.asm.AnnotationWriter;                             : loaded 2 times (x 65B)
Class com.google.common.cache.RemovalCause                                            : loaded 2 times (x 76B)
Class com.google.common.io.ByteSink                                                   : loaded 2 times (x 72B)
Class com.google.common.cache.CacheBuilder                                            : loaded 2 times (x 68B)
Class org.gradle.internal.classpath.ClassPath                                         : loaded 2 times (x 66B)
Class org.gradle.api.UncheckedIOException                                             : loaded 2 times (x 78B)
Class androidx.room.ext.RoomRxJava2MemberNames                                        : loaded 2 times (x 67B)
Class androidx.room.Relation                                                          : loaded 2 times (x 66B)
Class kotlinx.serialization.internal.PrimitiveSerialDescriptor                        : loaded 2 times (x 81B)
Class androidx.room.solver.shortcut.result.InsertOrUpsertFunctionAdapter$WhenMappings : loaded 2 times (x 67B)
Class androidx.room.compiler.codegen.impl.XParameterSpecImpl$Builder                  : loaded 2 times (x 74B)
Class androidx.room.vo.Database$legacyIdentityHash_delegate$lambda$12$$inlined$sortedBy$2: loaded 2 times (x 85B)
Class androidx.room.solver.query.result.CoroutineResultBinder                         : loaded 2 times (x 70B)
Class [Landroidx.room.jarjarred.org.antlr.v4.runtime.atn.PredictionContext;           : loaded 2 times (x 65B)
Class androidx.room.jarjarred.org.antlr.v4.runtime.atn.SemanticContext$OR             : loaded 2 times (x 71B)
Class androidx.room.parser.SQLiteParser$Factored_select_stmtContext                   : loaded 2 times (x 148B)
Class androidx.room.parser.SQLiteParser$Vacuum_stmtContext                            : loaded 2 times (x 151B)
Class androidx.room.parser.SQLiteParser$Insert_stmtContext                            : loaded 2 times (x 173B)
Class org.sqlite.date.DateParser                                                      : loaded 2 times (x 66B)
Class org.sqlite.core.DB                                                              : loaded 2 times (x 139B)
Class com.google.common.base.MoreObjects                                              : loaded 2 times (x 67B)
Class androidx.room.compiler.processing.InternalXAnnotationValue$kind$2               : loaded 2 times (x 75B)
Class com.google.common.base.Joiner                                                   : loaded 2 times (x 75B)
Class androidx.room.compiler.processing.XMethodElement                                : loaded 2 times (x 66B)
Class androidx.room.ext.RoomRxJava3MemberNames                                        : loaded 2 times (x 67B)
Class kotlin.metadata.internal.FlagDelegatesImplKt$valueParameterBooleanFlag$1        : loaded 2 times (x 133B)
Class kotlin.metadata.Attributes$kind$11                                              : loaded 2 times (x 133B)
Class org.apache.commons.io.output.ByteArrayOutputStream                              : loaded 2 times (x 98B)
Class kotlin.metadata.internal.metadata.jvm.deserialization.JvmMemberSignature        : loaded 2 times (x 70B)
Class kotlin.metadata.internal.ReadUtilsKt                                            : loaded 2 times (x 67B)
Class kotlin.metadata.internal.protobuf.GeneratedMessageLite$Builder                  : loaded 2 times (x 124B)
Class kotlin.metadata.internal.protobuf.CodedOutputStream$ByteBufferOutputStream      : loaded 2 times (x 82B)
Class androidx.room.log.RLog$CollectingMessager                                       : loaded 2 times (x 69B)
Class androidx.room.compiler.processing.XNullability                                  : loaded 2 times (x 75B)
Class com.google.common.collect.Interners$InternerBuilder                             : loaded 2 times (x 72B)
Class [Lcom.google.common.reflect.Types$JavaVersion;                                  : loaded 2 times (x 65B)
Class com.google.common.io.Files$FileByteSource                                       : loaded 2 times (x 81B)
Class com.google.common.reflect.TypeResolver$TypeVariableKey                          : loaded 2 times (x 68B)
Class com.google.common.collect.BaseImmutableMultimap                                 : loaded 2 times (x 119B)
Class com.google.common.collect.EmptyImmutableListMultimap                            : loaded 2 times (x 172B)
Class com.google.auto.common.MoreTypes$PrimitiveTypeVisitor                           : loaded 2 times (x 98B)
Class kotlin.metadata.internal.metadata.jvm.JvmProtoBuf$JvmMethodSignatureOrBuilder   : loaded 2 times (x 66B)
Class kotlin.metadata.internal.metadata.ProtoBuf$Annotation$1                         : loaded 2 times (x 140B)
Class kotlinx.serialization.descriptors.SerialDescriptor                              : loaded 2 times (x 66B)
Class androidx.room.solver.query.parameter.QueryParameterAdapter                      : loaded 2 times (x 69B)
Class androidx.room.vo.RelationCollector$Companion                                    : loaded 2 times (x 67B)
Class androidx.room.jarjarred.org.antlr.v4.runtime.CommonTokenStream                  : loaded 2 times (x 123B)
Class androidx.room.jarjarred.org.antlr.v4.runtime.CodePointCharStream$1              : loaded 2 times (x 67B)
Class androidx.room.jarjarred.org.antlr.v4.runtime.CodePointCharStream$CodePoint16BitCharStream: loaded 2 times (x 84B)
Class [Lorg.sqlite.date.FastDateParser$Strategy;                                      : loaded 2 times (x 65B)
Class androidx.room.compiler.processing.XExecutableType                               : loaded 2 times (x 66B)
Class androidx.room.compiler.processing.javac.JavacVariableElement$type$2             : loaded 2 times (x 75B)
Class androidx.room.vo.Entity                                                         : loaded 2 times (x 83B)
Class androidx.room.solver.types.PrimitiveColumnTypeAdapter$Companion                 : loaded 2 times (x 67B)
Class androidx.room.compiler.processing.javac.JavacDeclaredType$equalityItems$2       : loaded 2 times (x 75B)
Class com.google.auto.common.MoreTypes$TypeEquivalence                                : loaded 2 times (x 78B)
Class androidx.room.compiler.processing.javac.JavacElement$equalityItems$2            : loaded 2 times (x 75B)
Class androidx.room.compiler.processing.CommonProcessorDelegate                       : loaded 2 times (x 68B)
Class org.objectweb.asm.SymbolTable$Entry                                             : loaded 2 times (x 70B)
Class com.google.common.io.CharStreams$NullWriter                                     : loaded 2 times (x 95B)
Class com.google.common.util.concurrent.AbstractFuture$AtomicHelper                   : loaded 2 times (x 74B)
Class androidx.room.writer.DaoWriter$WhenMappings                                     : loaded 2 times (x 67B)
Class androidx.room.compiler.codegen.kotlin.KotlinFunSpec$Builder                     : loaded 2 times (x 87B)
Class kotlin.metadata.KmProperty                                                      : loaded 2 times (x 68B)
Class kotlinx.serialization.descriptors.ClassSerialDescriptorBuilder                  : loaded 2 times (x 68B)
Class androidx.room.parser.SQLiteParser$Error_messageContext                          : loaded 2 times (x 148B)
Class androidx.room.parser.SQLiteParser$Create_virtual_table_stmtContext              : loaded 2 times (x 164B)
Class androidx.room.jarjarred.org.antlr.v4.runtime.misc.Interval                      : loaded 2 times (x 79B)
Class androidx.room.jarjarred.org.antlr.v4.runtime.RuntimeMetaData                    : loaded 2 times (x 67B)
Class androidx.room.vo.PropertySetter                                                 : loaded 2 times (x 68B)
Class kotlin.metadata.internal.metadata.ProtoBuf$Expression$ConstantValue$1           : loaded 2 times (x 70B)
Class kotlin.metadata.internal.extensions.KmPropertyExtension                         : loaded 2 times (x 66B)
Class kotlin.metadata.Attributes$modality$10                                          : loaded 2 times (x 133B)
Class [Lkotlin.metadata.internal.metadata.ProtoBuf$Class$Kind;                        : loaded 2 times (x 65B)
Class kotlin.metadata.internal.metadata.ProtoBuf$Modality$1                           : loaded 2 times (x 70B)
Class kotlin.metadata.internal.protobuf.UninitializedMessageException                 : loaded 2 times (x 80B)
Class kotlin.metadata.internal.protobuf.Parser                                        : loaded 2 times (x 66B)
Class androidx.room.parser.SQLTypeAffinity$Companion                                  : loaded 2 times (x 67B)
Class androidx.room.ext.RoomRxJava3TypeNames                                          : loaded 2 times (x 67B)
Class androidx.room.compiler.processing.InternalXAnnotated                            : loaded 2 times (x 66B)
Class org.jetbrains.org.objectweb.asm.ClassWriter                                     : loaded 2 times (x 100B)
Class org.objectweb.asm.Edge                                                          : loaded 2 times (x 68B)
Class com.google.common.base.Suppliers$SupplierOfInstance                             : loaded 2 times (x 75B)
Class androidx.room.processor.EntityOrViewProcessor                                   : loaded 2 times (x 66B)
Class androidx.room.compiler.processing.javac.JavacMethodType$typeVariableNames$2     : loaded 2 times (x 75B)
Class androidx.room.writer.DaoWriter                                                  : loaded 2 times (x 70B)
Class [Landroidx.room.jarjarred.org.antlr.v4.runtime.atn.SemanticContext;             : loaded 2 times (x 65B)
Class kotlinx.serialization.descriptors.StructureKind                                 : loaded 2 times (x 67B)
Class kotlinx.serialization.internal.PluginGeneratedSerialDescriptor$typeParameterDescriptors$2: loaded 2 times (x 75B)
Class androidx.room.parser.SQLiteParser$Ordering_termContext                          : loaded 2 times (x 154B)
Class org.sqlite.SQLiteConfig$LockingMode                                             : loaded 2 times (x 78B)
Class androidx.room.compiler.processing.javac.JavacExecutableElement$Companion        : loaded 2 times (x 67B)
Class org.sqlite.date.FastDatePrinter$PaddedNumberField                               : loaded 2 times (x 76B)
Class androidx.room.compiler.processing.KnownTypeNames                                : loaded 2 times (x 67B)
Class androidx.room.migration.bundle.PrimaryKeyBundle                                 : loaded 2 times (x 71B)
Class androidx.room.compiler.processing.XExecutableElement                            : loaded 2 times (x 66B)
Class androidx.room.compiler.codegen.PoetExtKt                                        : loaded 2 times (x 67B)
Class kotlin.metadata.jvm.JvmMemberSignature                                          : loaded 2 times (x 69B)
Class kotlinx.serialization.descriptors.PolymorphicKind$SEALED                        : loaded 2 times (x 67B)
Class androidx.room.compiler.processing.javac.JavacTypeElement$type$2                 : loaded 2 times (x 75B)
Class com.google.common.reflect.TypeToken$1                                           : loaded 2 times (x 106B)
Class com.google.common.cache.LocalCache$ComputingValueReference                      : loaded 2 times (x 92B)
Class kotlin.collections.builders.ListBuilder                                         : loaded 2 times (x 203B)
Class kotlin.collections.builders.ListBuilder$Companion                               : loaded 2 times (x 67B)
Class androidx.room.solver.transaction.binder.CoroutineTransactionFunctionBinder$executeAndReturn$performBlock$1$WhenMappings: loaded 2 times (x 67B)
Class androidx.room.processor.DeleteFunctionProcessor                                 : loaded 2 times (x 68B)
Class androidx.room.solver.transaction.result.TransactionFunctionAdapter              : loaded 2 times (x 68B)
Class androidx.room.jarjarred.org.antlr.v4.runtime.atn.SemanticContext$Predicate      : loaded 2 times (x 69B)
Class androidx.room.parser.SQLiteParser$Pragma_valueContext                           : loaded 2 times (x 150B)
Class androidx.room.jarjarred.org.antlr.v4.runtime.CodePointCharStream                : loaded 2 times (x 84B)
Class org.sqlite.ProgressHandler                                                      : loaded 2 times (x 68B)
Class androidx.room.compiler.processing.javac.kotlin.KmConstructorContainer$parameters$2: loaded 2 times (x 75B)
Class kotlin.metadata.internal.EnumFlagDelegate                                       : loaded 2 times (x 68B)
Class kotlin.metadata.Attributes                                                      : loaded 2 times (x 67B)
Class androidx.room.vo.Database$legacyIdentityHash_delegate$lambda$12$$inlined$sortedBy$1: loaded 2 times (x 85B)
Class com.google.common.cache.CacheLoader$FunctionToCacheLoader                       : loaded 2 times (x 71B)
Class [Landroidx.room.BuiltInTypeConverters$State;                                    : loaded 2 times (x 65B)
Class androidx.room.processor.CustomConverterProcessor$ProcessResult                  : loaded 2 times (x 68B)
Class com.google.auto.common.MoreTypes$1                                              : loaded 2 times (x 67B)
Class androidx.room.compiler.processing.javac.JavacTypeElement$xClassName$2           : loaded 2 times (x 75B)
Class com.google.common.collect.AbstractMapBasedMultimap$AsMap$AsMapEntries           : loaded 2 times (x 134B)
Class com.google.common.reflect.TypeToken$2                                           : loaded 2 times (x 106B)
Class com.google.common.cache.LocalCache$Segment                                      : loaded 2 times (x 150B)
Class com.google.common.collect.ImmutableRangeSet$AsSet                               : loaded 2 times (x 295B)
Class org.apache.commons.io.output.UnsynchronizedByteArrayOutputStream                : loaded 2 times (x 98B)
Class com.google.common.reflect.Types$ParameterizedTypeImpl                           : loaded 2 times (x 77B)
Class androidx.room.writer.QueryWriter                                                : loaded 2 times (x 68B)
Class androidx.room.parser.SQLiteParser$Simple_funcContext                            : loaded 2 times (x 148B)
Class androidx.room.jarjarred.org.antlr.v4.runtime.atn.ATNConfigSet$ConfigHashSet     : loaded 2 times (x 136B)
Class androidx.room.ext.LifecyclesTypeNames                                           : loaded 2 times (x 67B)
Class org.sqlite.date.FastDateParser$Strategy                                         : loaded 2 times (x 70B)
Class [Lorg.sqlite.SQLiteConfig$DatePrecision;                                        : loaded 2 times (x 65B)
Class org.sqlite.util.OSInfo                                                          : loaded 2 times (x 67B)
Class com.google.common.collect.ImmutableListMultimap                                 : loaded 2 times (x 172B)
Class org.apache.commons.io.filefilter.AbstractFileFilter                             : loaded 2 times (x 117B)
Class androidx.room.solver.shortcut.binderprovider.RxCompletableInsertOrUpsertFunctionBinderProvider: loaded 2 times (x 75B)
Class androidx.room.solver.shortcut.binderprovider.InsertOrUpsertFunctionBinderProvider: loaded 2 times (x 66B)
Class kotlin.metadata.Attributes$hasAnnotations$10                                    : loaded 2 times (x 133B)
Class kotlin.metadata.jvm.internal.JvmExtensionNodesKt                                : loaded 2 times (x 67B)
Class kotlin.metadata.internal.extensions.MetadataExtensions$Companion                : loaded 2 times (x 67B)
Class kotlin.metadata.internal.metadata.jvm.JvmProtoBuf$JvmFieldSignature             : loaded 2 times (x 104B)
Class androidx.room.solver.types.StatementValueBinder                                 : loaded 2 times (x 66B)
Class com.google.auto.common.Overrides$ExplicitOverrides                              : loaded 2 times (x 72B)
Class [Lcom.google.common.base.Supplier;                                              : loaded 2 times (x 65B)
Class [Lorg.objectweb.asm.SymbolTable$Entry;                                          : loaded 2 times (x 65B)
Class com.google.common.collect.SortedIterable                                        : loaded 2 times (x 66B)
Class com.google.common.cache.CacheLoader                                             : loaded 2 times (x 70B)
Class com.google.common.collect.AbstractListMultimap                                  : loaded 2 times (x 168B)
Class org.gradle.internal.installation.GradleInstallation$1                           : loaded 2 times (x 71B)
Class org.gradle.api.internal.classpath.ModuleRegistry                                : loaded 2 times (x 66B)
Class androidx.room.compiler.processing.javac.JavacType$WhenMappings                  : loaded 2 times (x 67B)
Class androidx.room.compiler.codegen.impl.XTypeSpecImpl                               : loaded 2 times (x 71B)
Class [Landroidx.room.vo.TransactionFunction$CallType;                                : loaded 2 times (x 65B)
Class androidx.room.parser.SQLiteParser$Window_defnContext                            : loaded 2 times (x 161B)
Class androidx.room.parser.SQLiteParser$Conflict_clauseContext                        : loaded 2 times (x 154B)
Class org.sqlite.jdbc3.JDBC3ResultSet                                                 : loaded 2 times (x 160B)
Class com.google.common.collect.Maps$IteratorBasedAbstractMap$1                       : loaded 2 times (x 134B)
Class kotlin.metadata.Attributes$modality$14                                          : loaded 2 times (x 133B)
Class androidx.room.compiler.processing.javac.kotlin.KmClassContainer$primaryConstructorSignature$2: loaded 2 times (x 75B)
Class kotlin.metadata.internal.protobuf.RopeByteString$RopeInputStream                : loaded 2 times (x 88B)
Class com.google.auto.common.Overrides$NativeOverrides                                : loaded 2 times (x 70B)
Class org.jetbrains.org.objectweb.asm.AnnotationVisitor                               : loaded 2 times (x 73B)
Class org.apache.commons.io.output.NullWriter                                         : loaded 2 times (x 95B)
Class com.google.common.collect.ImmutableSet$JdkBackedSetBuilderImpl                  : loaded 2 times (x 72B)
Class com.google.common.base.Splitter$SplittingIterator                               : loaded 2 times (x 80B)
Class com.google.common.util.concurrent.internal.InternalFutureFailureAccess          : loaded 2 times (x 68B)
Class [Lorg.jetbrains.org.objectweb.asm.SymbolTable$Entry;                            : loaded 2 times (x 65B)
Class androidx.room.compiler.processing.javac.JavacTypeElement                        : loaded 2 times (x 294B)
Class kotlin.metadata.internal.metadata.jvm.JvmProtoBuf$StringTableTypes$RecordOrBuilder: loaded 2 times (x 66B)
Class androidx.room.vo.PropertyGetter$WhenMappings                                    : loaded 2 times (x 67B)
Class kotlin.metadata.internal.FlagDelegatesImplKt                                    : loaded 2 times (x 67B)
Class androidx.room.migration.bundle.IndexBundle$$serializer                          : loaded 2 times (x 82B)
Class kotlinx.serialization.descriptors.PrimitiveKind                                 : loaded 2 times (x 67B)
Class kotlinx.serialization.KSerializer                                               : loaded 2 times (x 66B)
Class androidx.room.solver.query.result.QueryResultAdapter                            : loaded 2 times (x 69B)
Class androidx.room.parser.SQLiteParser$Cte_table_nameContext                         : loaded 2 times (x 154B)
Class androidx.room.parser.SQLiteParser$Create_view_stmtContext                       : loaded 2 times (x 165B)
Class androidx.room.jarjarred.org.antlr.v4.runtime.atn.LexerATNConfig                 : loaded 2 times (x 71B)
Class androidx.room.jarjarred.org.antlr.v4.runtime.atn.RuleStopState                  : loaded 2 times (x 78B)
Class androidx.room.Dao                                                               : loaded 2 times (x 66B)
Class org.sqlite.date.FormatCache$MultipartKey                                        : loaded 2 times (x 68B)
Class [Lorg.sqlite.SQLiteConfig$Pragma;                                               : loaded 2 times (x 65B)
Class androidx.room.parser.SqlParser$Companion                                        : loaded 2 times (x 67B)
Class androidx.room.compiler.processing.JavaPoetExtKt                                 : loaded 2 times (x 67B)
Class androidx.room.compiler.processing.javac.JavacMethodElement$name$2               : loaded 2 times (x 75B)
Class androidx.room.processor.DataClassProcessor$DefaultDelegate                      : loaded 2 times (x 73B)
Class androidx.room.solver.shortcut.binderprovider.GuavaListenableFutureInsertOrUpsertFunctionBinderProvider: loaded 2 times (x 72B)
Class androidx.room.solver.ObservableQueryResultBinderProvider                        : loaded 2 times (x 75B)
Class kotlin.metadata.Visibility                                                      : loaded 2 times (x 75B)
Class kotlin.metadata.internal.metadata.jvm.JvmProtoBuf$StringTableTypes$Record       : loaded 2 times (x 115B)
Class kotlin.metadata.internal.protobuf.SmallSortedMap                                : loaded 2 times (x 126B)
Class androidx.room.compiler.processing.javac.JavacTypeElement$enclosingTypeElement$2 : loaded 2 times (x 75B)
Class [Lorg.jetbrains.org.objectweb.asm.Type;                                         : loaded 2 times (x 65B)
Class org.jetbrains.kotlin.name.FqNameUnsafe                                          : loaded 2 times (x 68B)
Class com.google.common.collect.HashBiMap$Inverse                                     : loaded 2 times (x 138B)
Class com.google.common.collect.Iterators$6                                           : loaded 2 times (x 77B)
Class com.google.common.collect.ImmutableMultimap$Values                              : loaded 2 times (x 122B)
Class com.google.common.io.Closer$SuppressingSuppressor                               : loaded 2 times (x 71B)
Class com.google.common.base.CharMatcher$ForPredicate                                 : loaded 2 times (x 108B)
Class com.google.common.util.concurrent.AbstractFuture$UnsafeAtomicHelper             : loaded 2 times (x 74B)
Class com.google.common.cache.LocalCache$LocalManualCache$1                           : loaded 2 times (x 71B)
Class androidx.room.compiler.processing.javac.JavacExecutableType$parameterTypes$2    : loaded 2 times (x 75B)
Class androidx.room.compiler.processing.javac.JavacMethodParameter$kotlinMetadata$2   : loaded 2 times (x 75B)
Class org.sqlite.jdbc3.JDBC3Connection                                                : loaded 2 times (x 219B)
Class androidx.room.parser.SQLiteParser$Create_trigger_stmtContext                    : loaded 2 times (x 188B)
Class [[Landroidx.room.jarjarred.org.antlr.v4.runtime.atn.ATNConfig;                  : loaded 2 times (x 65B)
Class androidx.room.processor.InternalQueryProcessor                                  : loaded 2 times (x 68B)
Class androidx.room.compiler.processing.javac.VisitorData                             : loaded 2 times (x 68B)
Class org.sqlite.date.DatePrinter                                                     : loaded 2 times (x 66B)
Class [Landroidx.room.compiler.codegen.XTypeName;                                     : loaded 2 times (x 65B)
Class [Landroidx.room.solver.RxVersion;                                               : loaded 2 times (x 65B)
Class androidx.room.verifier.Jdbc_extKt                                               : loaded 2 times (x 67B)
Class com.google.common.base.CharMatcher$AnyOf                                        : loaded 2 times (x 108B)
Class org.gradle.api.internal.classpath.DefaultModuleRegistry                         : loaded 2 times (x 82B)
Class org.gradle.internal.classloader.InstrumentingClassLoader                        : loaded 2 times (x 66B)
Class org.gradle.internal.classpath.TransformedClassPath                              : loaded 2 times (x 92B)
Class com.google.common.cache.CacheBuilder$NullListener                               : loaded 2 times (x 78B)
Class com.google.common.reflect.Invokable                                             : loaded 2 times (x 99B)
Class androidx.room.solver.query.result.CoroutineResultBinder$convertAndReturn$performBlock$1: loaded 2 times (x 69B)
Class com.google.common.collect.MapMaker$Dummy                                        : loaded 2 times (x 75B)
Class kotlinx.serialization.internal.CachedNames                                      : loaded 2 times (x 66B)
Class androidx.room.processor.ShortcutFunctionProcessor                               : loaded 2 times (x 68B)
Class androidx.room.jarjarred.org.antlr.v4.runtime.atn.PredictionMode$AltAndContextMap: loaded 2 times (x 121B)
Class androidx.room.jarjarred.org.antlr.v4.runtime.atn.SemanticContext                : loaded 2 times (x 69B)
Class androidx.room.parser.SQLiteParser$KeywordContext                                : loaded 2 times (x 302B)
Class [Lorg.sqlite.SQLiteConfig$SynchronousMode;                                      : loaded 2 times (x 65B)
Class org.objectweb.asm.FieldWriter                                                   : loaded 2 times (x 74B)
Class androidx.room.vo.BuiltInConverterFlags$Companion                                : loaded 2 times (x 67B)
Class kotlin.metadata.internal.FlagDelegatesImplKt$constructorBooleanFlag$1           : loaded 2 times (x 133B)
Class androidx.room.vo.DataClass                                                      : loaded 2 times (x 72B)
Class androidx.room.compiler.processing.InternalXAnnotation$valuesByName$2            : loaded 2 times (x 75B)
Class androidx.room.processor.DataClassProcessor$Delegate                             : loaded 2 times (x 66B)
Class androidx.room.ext.RxJava3TypeNames                                              : loaded 2 times (x 67B)
Class kotlin.metadata.KmTypeAlias                                                     : loaded 2 times (x 68B)
Class kotlin.metadata.Attributes$hasAnnotations$14                                    : loaded 2 times (x 133B)
Class kotlin.metadata.internal.ReadersKt                                              : loaded 2 times (x 67B)
Class org.sqlite.jdbc4.JDBC4Statement                                                 : loaded 2 times (x 200B)
Class kotlin.metadata.internal.metadata.ProtoBuf$TypeParameter                        : loaded 2 times (x 126B)
Class kotlin.metadata.internal.metadata.ProtoBuf$PropertyOrBuilder                    : loaded 2 times (x 66B)
Class kotlin.metadata.internal.protobuf.Internal$EnumLite                             : loaded 2 times (x 66B)
Class org.sqlite.ExtendedCommand$SQLExtension                                         : loaded 2 times (x 66B)
Class org.jetbrains.org.objectweb.asm.AnnotationWriter                                : loaded 2 times (x 74B)
Class org.jetbrains.kotlin.build.report.metrics.GradleBuildTime$Companion             : loaded 2 times (x 67B)
Class com.google.common.base.CharMatcher$Any                                          : loaded 2 times (x 108B)
Class com.google.common.util.concurrent.ListenableFuture                              : loaded 2 times (x 66B)
Class com.google.common.cache.ReferenceEntry                                          : loaded 2 times (x 66B)
Class [Lkotlin.metadata.KmVersionRequirementLevel;                                    : loaded 2 times (x 65B)
Class androidx.room.compiler.processing.javac.JavacRawType$typeName$2                 : loaded 2 times (x 75B)
Class androidx.room.parser.SQLiteParser$Sql_stmt_listContext                          : loaded 2 times (x 151B)
Class kotlinx.serialization.descriptors.SerialKind                                    : loaded 2 times (x 67B)
Class com.google.common.cache.LocalCache$Strength$3                                   : loaded 2 times (x 77B)
Class androidx.room.compiler.codegen.XCodeBlock$Companion$ofNewInstance$1             : loaded 2 times (x 75B)
Class androidx.room.compiler.codegen.XParameterSpec$Companion$WhenMappings            : loaded 2 times (x 67B)
Class com.google.common.base.Splitter$1                                               : loaded 2 times (x 73B)
Class com.google.common.collect.TransformedIterator                                   : loaded 2 times (x 76B)
Class androidx.room.jarjarred.org.antlr.v4.runtime.misc.FlexibleHashMap$Entry         : loaded 2 times (x 68B)
Class androidx.room.parser.SQLiteParser$Create_table_stmtContext                      : loaded 2 times (x 169B)
Class androidx.room.jarjarred.org.antlr.v4.runtime.atn.PrecedencePredicateTransition  : loaded 2 times (x 72B)
Class androidx.room.compiler.processing.XEnumTypeElement                              : loaded 2 times (x 66B)
Class [Lorg.sqlite.SQLiteOpenMode;                                                    : loaded 2 times (x 65B)
Class org.apache.commons.io.IOCase                                                    : loaded 2 times (x 76B)
Class com.google.common.collect.Interner                                              : loaded 2 times (x 66B)
Class com.google.common.collect.Interners$InternerImpl                                : loaded 2 times (x 71B)
Class com.google.common.io.ByteStreams                                                : loaded 2 times (x 67B)
Class androidx.room.compiler.processing.javac.kotlin.KmClassContainer$constructorList$2: loaded 2 times (x 75B)
Class kotlin.metadata.internal.metadata.ProtoBuf$TypeTable                            : loaded 2 times (x 105B)
Class com.google.auto.common.MoreTypes$ArrayTypeVisitor                               : loaded 2 times (x 98B)
Class com.google.common.util.concurrent.AbstractFuture                                : loaded 2 times (x 102B)
Class com.google.common.collect.AbstractMapBasedMultimap                              : loaded 2 times (x 135B)
Class [Lcom.google.common.collect.Maps$EntryFunction;                                 : loaded 2 times (x 65B)
Class kotlin.metadata.internal.metadata.ProtoBuf$VersionRequirementTable              : loaded 2 times (x 103B)
Class androidx.room.compiler.codegen.XCodeBlock$Companion$ofExtensionCall$1$WhenMappings: loaded 2 times (x 67B)
Class androidx.room.vo.UpdateFunction                                                 : loaded 2 times (x 68B)
Class androidx.room.compiler.codegen.XCodeBlock$Companion$ofNewInstance$1$WhenMappings: loaded 2 times (x 67B)
Class androidx.room.vo.PropertyWithIndex                                              : loaded 2 times (x 68B)
Class org.apache.commons.codec.Decoder                                                : loaded 2 times (x 66B)
Class androidx.room.solver.prepared.result.PreparedQueryResultAdapter                 : loaded 2 times (x 68B)
Class androidx.room.parser.SQLiteParser$NameContext                                   : loaded 2 times (x 148B)
Class androidx.room.jarjarred.org.antlr.v4.runtime.atn.ATNConfigSet$AbstractConfigHashSet: loaded 2 times (x 136B)
Class androidx.room.jarjarred.org.antlr.v4.runtime.atn.BlockEndState                  : loaded 2 times (x 78B)
Class androidx.room.jarjarred.org.antlr.v4.runtime.atn.SingletonPredictionContext     : loaded 2 times (x 76B)
Class [Lkotlin.metadata.internal.metadata.ProtoBuf$VersionRequirement$Level;          : loaded 2 times (x 65B)
Class androidx.room.compiler.processing.javac.JavacConstructorElement$parameters$2    : loaded 2 times (x 75B)
Class androidx.room.compiler.processing.javac.JavacAnnotation$defaultValues$2         : loaded 2 times (x 75B)
Class androidx.room.compiler.processing.javac.kotlin.KmClassContainer$propertyList$2  : loaded 2 times (x 75B)
Class androidx.room.compiler.processing.javac.kotlin.KmClassContainer$superType$2     : loaded 2 times (x 75B)
Class kotlin.metadata.internal.FlagDelegatesImplKt$propertyBooleanFlag$1              : loaded 2 times (x 133B)
Class kotlin.metadata.internal.protobuf.CodedOutputStream                             : loaded 2 times (x 68B)
Class kotlin.metadata.internal.protobuf.MessageLite$Builder                           : loaded 2 times (x 66B)
Class androidx.room.solver.types.ByteArrayColumnTypeAdapter                           : loaded 2 times (x 81B)
Class org.objectweb.asm.RecordComponentVisitor                                        : loaded 2 times (x 73B)
Class com.google.common.collect.ImmutableMultiset                                     : loaded 2 times (x 159B)
Class com.google.common.reflect.TypeResolver$TypeTable                                : loaded 2 times (x 69B)
Class com.google.common.io.CharStreams                                                : loaded 2 times (x 67B)
Class com.google.common.cache.CacheLoader$SupplierToCacheLoader                       : loaded 2 times (x 71B)
Class androidx.room.compiler.processing.javac.JavacAnnotation$annotationValues$2      : loaded 2 times (x 75B)
Class kotlin.metadata.internal.metadata.ProtoBuf$Effect$InvocationKind                : loaded 2 times (x 78B)
Class androidx.room.compiler.codegen.XCodeBlock$Companion$ofJavaClassLiteral$1        : loaded 2 times (x 75B)
Class androidx.room.vo.EntityOrView                                                   : loaded 2 times (x 66B)
Class androidx.room.jarjarred.org.antlr.v4.runtime.misc.IntSet                        : loaded 2 times (x 66B)
Class org.sqlite.core.CoreStatement                                                   : loaded 2 times (x 77B)
Class androidx.room.compiler.processing.XTypeKt                                       : loaded 2 times (x 67B)
Class androidx.room.Upsert                                                            : loaded 2 times (x 66B)
Class androidx.room.processor.DataClassProcessor$Companion                            : loaded 2 times (x 67B)
Class androidx.room.compiler.processing.javac.JavacPackageElement$name$2              : loaded 2 times (x 75B)
Class kotlin.metadata.internal.metadata.ProtoBuf$VersionRequirement$VersionKind$1     : loaded 2 times (x 70B)
Class androidx.room.RewriteQueriesToDropUnusedColumns                                 : loaded 2 times (x 66B)
Class androidx.room.processor.CustomConverterProcessor$Companion                      : loaded 2 times (x 67B)
Class [Landroidx.room.compiler.codegen.XClassName;                                    : loaded 2 times (x 65B)
Class kotlin.metadata.internal.protobuf.WireFormat$FieldType$1                        : loaded 2 times (x 79B)
Class kotlin.metadata.internal.protobuf.ByteString                                    : loaded 2 times (x 104B)
Class androidx.room.compiler.processing.javac.JavacConstructorElement$executableType$2: loaded 2 times (x 75B)
Class org.sqlite.SQLiteConfig                                                         : loaded 2 times (x 119B)
Class [Lkotlin.Pair;                                                                  : loaded 2 times (x 65B)
Class com.google.common.reflect.TypeResolver$TypeTable$1                              : loaded 2 times (x 69B)
Class org.gradle.internal.service.ServiceLookupException                              : loaded 2 times (x 78B)
Class org.sqlite.date.FastDateParser$CaseInsensitiveTextStrategy                      : loaded 2 times (x 73B)
Class androidx.room.processor.FunctionProcessorDelegateKt                             : loaded 2 times (x 67B)
Class androidx.room.vo.ColumnIndexVar                                                 : loaded 2 times (x 68B)
Class androidx.room.solver.transaction.binder.CoroutineTransactionFunctionBinder$executeAndReturn$performBlock$1: loaded 2 times (x 69B)
Class kotlinx.serialization.descriptors.SerialKind$CONTEXTUAL                         : loaded 2 times (x 67B)
Class androidx.room.solver.shortcut.result.InsertOrUpsertFunctionAdapter              : loaded 2 times (x 68B)
Class androidx.room.jarjarred.org.antlr.v4.runtime.atn.LexerActionExecutor            : loaded 2 times (x 71B)
Class kotlin.metadata.internal.metadata.deserialization.VersionRequirement$Version$Companion: loaded 2 times (x 67B)
Class org.sqlite.SQLiteConnection                                                     : loaded 2 times (x 218B)
Class org.sqlite.core.DB$ProgressObserver                                             : loaded 2 times (x 66B)
Class androidx.room.compiler.processing.javac.JavacConstructorElement$kotlinMetadata$2: loaded 2 times (x 75B)
Class kotlin.metadata.Attributes$hasAnnotations$18                                    : loaded 2 times (x 133B)
Class androidx.room.jarjarred.org.antlr.v4.runtime.VocabularyImpl                     : loaded 2 times (x 81B)
Class kotlin.metadata.KmType                                                          : loaded 2 times (x 68B)
Class kotlin.metadata.jvm.internal.JvmMetadataExtensions                              : loaded 2 times (x 99B)
Class kotlin.metadata.internal.extensions.MetadataExtensions                          : loaded 2 times (x 66B)
Class kotlin.metadata.internal.protobuf.WireFormat$FieldType$2                        : loaded 2 times (x 79B)
Class kotlin.metadata.internal.protobuf.GeneratedMessageLite                          : loaded 2 times (x 97B)
Class kotlin.metadata.InconsistentKotlinMetadataException                             : loaded 2 times (x 78B)
Class androidx.room.vo.RelationCollector                                              : loaded 2 times (x 68B)
Class com.squareup.kotlinpoet.TypeName$cachedString$2                                 : loaded 2 times (x 75B)
Class com.google.common.cache.LocalCache$Strength$2                                   : loaded 2 times (x 77B)
Class com.google.common.collect.Lists$ReverseList                                     : loaded 2 times (x 196B)
Class com.google.common.collect.ImmutableSortedSet                                    : loaded 2 times (x 295B)
Class com.google.common.base.CharMatcher$JavaLetter                                   : loaded 2 times (x 107B)
Class [Lcom.google.common.cache.LocalCache$EntryFactory;                              : loaded 2 times (x 65B)
Class org.gradle.internal.classloader.ClassLoaderFactory                              : loaded 2 times (x 66B)
Class com.google.common.util.concurrent.SettableFuture                                : loaded 2 times (x 110B)
Class org.apache.commons.io.output.QueueOutputStream                                  : loaded 2 times (x 83B)
Class com.google.common.reflect.Types$ClassOwnership$3                                : loaded 2 times (x 67B)
Class androidx.room.writer.EntityDeleteAdapterWriter                                  : loaded 2 times (x 68B)
Class androidx.room.solver.prepared.result.PreparedQueryResultAdapter$WhenMappings    : loaded 2 times (x 67B)
Class org.apache.commons.codec.digest.DigestUtils                                     : loaded 2 times (x 81B)
Class androidx.room.parser.QueryVisitor$Companion                                     : loaded 2 times (x 67B)
Class androidx.room.parser.SQLiteParser$With_clauseContext                            : loaded 2 times (x 161B)
Class [Landroidx.room.jarjarred.org.antlr.v4.runtime.misc.Interval;                   : loaded 2 times (x 65B)
Class androidx.room.jarjarred.org.antlr.v4.runtime.atn.LexerAction                    : loaded 2 times (x 66B)
Class org.sqlite.date.FastDateParser$TimeZoneStrategy                                 : loaded 2 times (x 73B)
Class org.sqlite.date.FastDateParser$NumberStrategy                                   : loaded 2 times (x 74B)
Class androidx.room.processor.PropertyProcessor                                       : loaded 2 times (x 68B)
Class com.google.common.collect.Collections2$FilteredCollection                       : loaded 2 times (x 115B)
Class androidx.room.compiler.processing.KClassExtKt                                   : loaded 2 times (x 67B)
Class androidx.room.ext.RxJava2TypeNames                                              : loaded 2 times (x 67B)
Class kotlin.metadata.Attributes$visibility$2                                         : loaded 2 times (x 133B)
Class kotlin.metadata.internal.metadata.jvm.JvmProtoBuf$StringTableTypes$Record$Operation: loaded 2 times (x 78B)
Class kotlin.metadata.internal.protobuf.WireFormat$FieldType$3                        : loaded 2 times (x 79B)
Class kotlin.metadata.internal.protobuf.AbstractMessageLite                           : loaded 2 times (x 94B)
Class [Lorg.apache.commons.io.FileSystem;                                             : loaded 2 times (x 65B)
Class org.apache.commons.io.CloseableURLConnection                                    : loaded 2 times (x 112B)
Class com.google.common.base.CharMatcher$IsNot                                        : loaded 2 times (x 107B)
Class com.google.common.cache.LocalCache$LocalManualCache                             : loaded 2 times (x 95B)
Class com.google.common.collect.ImmutableMap$SerializedForm                           : loaded 2 times (x 69B)
Class org.gradle.internal.service.CachingServiceLocator                               : loaded 2 times (x 78B)
Class androidx.room.compiler.processing.javac.JavacArrayType$equalityItems$2          : loaded 2 times (x 75B)
Class kotlin.metadata.internal.protobuf.SmallSortedMap$EmptySet                       : loaded 2 times (x 67B)
Class kotlin.metadata.internal.metadata.ProtoBuf$ValueParameter                       : loaded 2 times (x 124B)
Class androidx.room.compiler.processing.MethodSpecHelper                              : loaded 2 times (x 67B)
Class androidx.room.compiler.codegen.XParameterSpec$Companion                         : loaded 2 times (x 67B)
Class androidx.room.solver.shortcut.binder.CoroutineDeleteOrUpdateFunctionBinder      : loaded 2 times (x 69B)
Class kotlinx.serialization.internal.Platform_commonKt                                : loaded 2 times (x 67B)
Class androidx.room.vo.InsertFunction                                                 : loaded 2 times (x 68B)
Class androidx.room.solver.prepared.result.PreparedQueryResultAdapter$Companion       : loaded 2 times (x 67B)
Class androidx.room.jarjarred.org.antlr.v4.runtime.atn.PredictionMode$AltAndContextConfigEqualityComparator: loaded 2 times (x 73B)
Class androidx.room.parser.SQLiteParser$Column_aliasContext                           : loaded 2 times (x 149B)
Class androidx.room.parser.SQLiteParser$Window_functionContext                        : loaded 2 times (x 172B)
Class androidx.room.compiler.processing.javac.JavacRawType                            : loaded 2 times (x 75B)
Class androidx.room.compiler.processing.javac.JavacMethodType$SuspendMethodType       : loaded 2 times (x 90B)
Class org.sqlite.core.NativeDB                                                        : loaded 2 times (x 139B)
Class androidx.room.vo.Constructor$Param$PropertyParam                                : loaded 2 times (x 69B)
Class androidx.room.vo.Property$Companion                                             : loaded 2 times (x 67B)
Class androidx.room.compiler.processing.ksp.KSTypeJavaPoetExtKt                       : loaded 2 times (x 67B)
Class [Landroidx.room.solver.shortcut.binderprovider.RxCallableDeleteOrUpdateFunctionBinderProvider;: loaded 2 times (x 65B)
Class androidx.room.solver.binderprovider.GuavaListenableFutureQueryResultBinderProviderImpl: loaded 2 times (x 72B)
Class kotlin.metadata.internal.metadata.ProtoBuf$ClassOrBuilder                       : loaded 2 times (x 66B)
Class kotlin.metadata.KmClass                                                         : loaded 2 times (x 73B)
Class kotlin.metadata.internal.metadata.ProtoBuf$AnnotationOrBuilder                  : loaded 2 times (x 66B)
Class kotlin.metadata.internal.protobuf.WireFormat$FieldType$4                        : loaded 2 times (x 79B)
Class com.squareup.javapoet.WildcardTypeName                                          : loaded 2 times (x 77B)
Class com.google.auto.common.SuperficialValidation                                    : loaded 2 times (x 67B)
Class androidx.room.compiler.processing.javac.JavacTypeElement$_declaredFields$2      : loaded 2 times (x 75B)
Class org.apache.commons.io.filefilter.ConditionalFileFilter                          : loaded 2 times (x 66B)
Class com.google.common.math.IntMath                                                  : loaded 2 times (x 67B)
Class com.google.common.collect.AbstractMapBasedMultimap$KeySet                       : loaded 2 times (x 133B)
Class com.google.common.collect.RegularImmutableSortedSet                             : loaded 2 times (x 295B)
Class androidx.room.solver.types.TypeConverter$Cost                                   : loaded 2 times (x 71B)
Class androidx.room.solver.binderprovider.GuavaListenableFutureQueryResultBinderProviderKt: loaded 2 times (x 67B)
Class com.google.auto.common.GeneratedAnnotations                                     : loaded 2 times (x 67B)
Class androidx.room.compiler.codegen.kotlin.KotlinCodeBlock$Builder                   : loaded 2 times (x 84B)
Class androidx.room.compiler.codegen.java.JavaPropertySpec$Builder                    : loaded 2 times (x 73B)
Class androidx.room.migration.bundle.EntityBundle$$serializer                         : loaded 2 times (x 82B)
Class kotlinx.serialization.DeserializationStrategy                                   : loaded 2 times (x 66B)
Class androidx.room.jarjarred.org.antlr.v4.runtime.tree.SyntaxTree                    : loaded 2 times (x 66B)
Class androidx.room.vo.QueryFunction                                                  : loaded 2 times (x 68B)
Class androidx.room.solver.binderprovider.RxLambdaQueryResultBinderProvider$Companion : loaded 2 times (x 67B)
Class com.google.auto.common.Overrides$ExplicitOverrides$TypeSubstVisitor             : loaded 2 times (x 102B)
Class androidx.room.compiler.processing.javac.kotlin.JvmAbi                           : loaded 2 times (x 67B)
Class androidx.room.processor.EntityProcessor$Companion                               : loaded 2 times (x 67B)
Class org.sqlite.date.FastDateParser$ISO8601TimeZoneStrategy                          : loaded 2 times (x 73B)
Class kotlin.metadata.internal.protobuf.SmallSortedMap$1                              : loaded 2 times (x 126B)
Class androidx.room.compiler.processing.javac.DefaultJavacType                        : loaded 2 times (x 181B)
Class org.jetbrains.kotlin.build.report.metrics.BuildTime                             : loaded 2 times (x 66B)
Class [Lcom.google.common.collect.HashBiMap$BiEntry;                                  : loaded 2 times (x 65B)
Class com.google.common.collect.MapMakerInternalMap$InternalEntry                     : loaded 2 times (x 66B)
Class com.google.common.reflect.Types$TypeVariableInvocationHandler                   : loaded 2 times (x 71B)
Class com.google.common.collect.Iterators$10                                          : loaded 2 times (x 77B)
Class com.google.common.base.CharMatcher$JavaDigit                                    : loaded 2 times (x 107B)
Class kotlin.metadata.KmVersionRequirementLevel                                       : loaded 2 times (x 75B)
Class androidx.room.parser.SQLiteParser$Foreign_key_clauseContext                     : loaded 2 times (x 184B)
Class androidx.room.compiler.codegen.XFileSpec$Builder                                : loaded 2 times (x 66B)
Class androidx.room.compiler.codegen.XSpec$Builder                                    : loaded 2 times (x 67B)
Class kotlinx.serialization.internal.AbstractPolymorphicSerializer                    : loaded 2 times (x 82B)
Class androidx.room.parser.ParsedQuery$Companion                                      : loaded 2 times (x 67B)
Class androidx.room.parser.SQLiteParser$Common_table_expressionContext                : loaded 2 times (x 158B)
Class androidx.room.jarjarred.org.antlr.v4.runtime.tree.TerminalNode                  : loaded 2 times (x 66B)
Class androidx.room.jarjarred.org.antlr.v4.runtime.atn.EmptyPredictionContext         : loaded 2 times (x 76B)
Class org.sqlite.jdbc4.JDBC4Connection                                                : loaded 2 times (x 219B)
Class androidx.room.parser.SQLiteParser$Frame_rightContext                            : loaded 2 times (x 153B)
Class androidx.room.processor.EntityProcessorKt                                       : loaded 2 times (x 67B)
Class androidx.room.compiler.processing.javac.JavacAnnotationValueKt$UNWRAP_VISITOR$1$visitArray$1$1: loaded 2 times (x 75B)
Class androidx.room.jarjarred.org.antlr.v4.runtime.atn.SemanticContext$AND            : loaded 2 times (x 71B)
Class androidx.room.solver.prepared.binderprovider.RxPreparedQueryResultBinderProvider$Companion: loaded 2 times (x 67B)
Class androidx.room.ext.RoomGuavaTypeNames                                            : loaded 2 times (x 67B)
Class kotlin.metadata.internal.extensions.KmExtension                                 : loaded 2 times (x 66B)
Class kotlin.metadata.internal.protobuf.Internal$EnumLiteMap                          : loaded 2 times (x 66B)
Class kotlinx.serialization.SealedClassSerializer                                     : loaded 2 times (x 83B)
Class org.jetbrains.org.objectweb.asm.Type                                            : loaded 2 times (x 68B)
Class org.jetbrains.kotlin.name.FqName                                                : loaded 2 times (x 68B)
Class org.jetbrains.kotlin.build.report.metrics.DoNothingBuildMetricsReporter         : loaded 2 times (x 82B)
Class com.google.common.base.Predicates                                               : loaded 2 times (x 67B)
Class com.google.common.collect.ImmutableMultimap                                     : loaded 2 times (x 143B)
Class kotlin.collections.Grouping                                                     : loaded 2 times (x 66B)
Class androidx.room.compiler.codegen.kotlin.KotlinPropertySpec$Builder                : loaded 2 times (x 73B)
Class androidx.room.writer.DatabaseWriter                                             : loaded 2 times (x 70B)
Class kotlin.jvm.internal.markers.KMutableListIterator                                : loaded 2 times (x 66B)
Class kotlinx.serialization.internal.PluginGeneratedSerialDescriptor                  : loaded 2 times (x 95B)
Class androidx.room.parser.SQLiteParser$Join_clauseContext                            : loaded 2 times (x 153B)
Class androidx.room.parser.SQLiteParser$Value_rowContext                              : loaded 2 times (x 150B)
Class androidx.room.jarjarred.org.antlr.v4.runtime.atn.StarBlockStartState            : loaded 2 times (x 79B)
Class androidx.room.compiler.processing.javac.JavacRawType$xTypeName$2                : loaded 2 times (x 75B)
Class org.sqlite.date.FastDateParser$CopyQuotedStrategy                               : loaded 2 times (x 73B)
Class kotlin.metadata.internal.metadata.ProtoBuf$Effect$InvocationKind$1              : loaded 2 times (x 70B)
Class androidx.room.compiler.codegen.XTypeSpec                                        : loaded 2 times (x 66B)
Class kotlin.metadata.Attributes$visibility$6                                         : loaded 2 times (x 133B)
Class kotlin.metadata.Attributes$hasAnnotations$2                                     : loaded 2 times (x 133B)
Class kotlin.metadata.internal.metadata.deserialization.Flags$EnumLiteFlagField       : loaded 2 times (x 72B)
Class kotlin.metadata.internal.protobuf.RopeByteString                                : loaded 2 times (x 106B)
Class kotlin.metadata.internal.metadata.ProtoBuf$Contract                             : loaded 2 times (x 103B)
Class androidx.room.compiler.processing.javac.JavacProcessingEnvMessager$Companion    : loaded 2 times (x 67B)
Class org.jetbrains.kotlin.name.ClassId$Companion                                     : loaded 2 times (x 67B)
Class com.google.common.collect.IndexedImmutableSet$1                                 : loaded 2 times (x 208B)
Class org.apache.commons.io.output.AbstractByteArrayOutputStream                      : loaded 2 times (x 98B)
Class com.google.common.cache.CacheBuilder$OneWeigher                                 : loaded 2 times (x 78B)
Class androidx.room.compiler.codegen.XFunSpec$Builder                                 : loaded 2 times (x 66B)
Class androidx.room.compiler.processing.XFilerKt                                      : loaded 2 times (x 67B)
Class androidx.room.solver.query.result.SingleColumnRowAdapter$getDefaultIndexAdapter$1: loaded 2 times (x 71B)
Class kotlinx.serialization.internal.ListLikeDescriptor                               : loaded 2 times (x 92B)
Class androidx.room.processor.DefaultFunctionProcessorDelegate                        : loaded 2 times (x 76B)
Class androidx.room.parser.SQLiteParser$Delete_stmt_limitedContext                    : loaded 2 times (x 156B)
Class androidx.room.compiler.processing.util.NamingUtilsKt                            : loaded 2 times (x 67B)
Class androidx.room.vo.Constructor$Param                                              : loaded 2 times (x 68B)
Class androidx.room.compiler.processing.javac.JavacMethodType$typeVariables$2         : loaded 2 times (x 75B)
Class androidx.room.processor.PropertyProcessor$WhenMappings                          : loaded 2 times (x 67B)
Class kotlin.text.StringsKt__StringsKt$lineSequence$$inlined$Sequence$1               : loaded 2 times (x 71B)
Class androidx.room.compiler.processing.javac.kotlin.JvmDescriptorUtilsKt             : loaded 2 times (x 67B)
Class androidx.room.compiler.processing.javac.kotlin.KmPropertyFunctionContainerImpl  : loaded 2 times (x 105B)
Class androidx.room.solver.shortcut.binderprovider.RxCallableDeleteOrUpdateFunctionBinderProvider: loaded 2 times (x 75B)
Class [Landroidx.room.solver.prepared.binderprovider.RxPreparedQueryResultBinderProvider;: loaded 2 times (x 65B)
Class androidx.room.solver.prepared.binderprovider.PreparedQueryResultBinderProvider  : loaded 2 times (x 66B)
Class kotlin.metadata.internal.protobuf.LazyFieldLite                                 : loaded 2 times (x 78B)
Class androidx.room.compiler.processing.javac.JavacTypeElement$Companion              : loaded 2 times (x 67B)
Class com.google.common.collect.Maps$EntryFunction                                    : loaded 2 times (x 87B)
Class com.google.common.reflect.Types$ClassOwnership$1LocalClass                      : loaded 2 times (x 67B)
Class com.google.common.collect.ImmutableBiMapFauxverideShim                          : loaded 2 times (x 116B)
Class org.gradle.internal.classloader.ClasspathUtil                                   : loaded 2 times (x 67B)
Class com.squareup.kotlinpoet.CodeWriter$importableMembers$1                          : loaded 2 times (x 74B)
Class androidx.room.migration.bundle.DatabaseBundle$FtsEntityCreateComparator         : loaded 2 times (x 85B)
Class com.google.common.cache.LocalCache$Strength$1                                   : loaded 2 times (x 77B)
Class androidx.room.solver.query.result.CoroutineResultBinder$convertAndReturn$performBlock$1$WhenMappings: loaded 2 times (x 67B)
Class [Landroidx.room.compiler.processing.XFiler$Mode;                                : loaded 2 times (x 65B)
Class androidx.room.compiler.codegen.kotlin.KotlinFunSpecKt                           : loaded 2 times (x 67B)
Class androidx.room.vo.SchemaIdentityKey                                              : loaded 2 times (x 68B)
Class androidx.room.jarjarred.org.antlr.v4.runtime.atn.LexerActionType                : loaded 2 times (x 75B)
Class androidx.room.jarjarred.org.antlr.v4.runtime.CharStreams                        : loaded 2 times (x 67B)
Class kotlin.metadata.internal.metadata.deserialization.VersionRequirement$Companion$WhenMappings: loaded 2 times (x 67B)
Class androidx.room.compiler.processing.javac.JavacFieldElement$getter$2              : loaded 2 times (x 75B)
Class kotlin.collections.builders.SetBuilder                                          : loaded 2 times (x 139B)
Class kotlin.metadata.internal.FlagDelegatesImplKt$classBooleanFlag$1                 : loaded 2 times (x 133B)
Class kotlin.metadata.internal.metadata.jvm.JvmProtoBuf$StringTableTypes$Record$1     : loaded 2 times (x 140B)
Class androidx.room.compiler.processing.XArrayType                                    : loaded 2 times (x 66B)
Class androidx.room.compiler.processing.util.MemoizedSequence                         : loaded 2 times (x 71B)
Class com.google.common.collect.Sets$4                                                : loaded 2 times (x 135B)
Class com.google.common.base.Charsets                                                 : loaded 2 times (x 67B)
Class com.google.common.util.concurrent.Uninterruptibles                              : loaded 2 times (x 67B)
Class com.google.common.reflect.TypeResolver                                          : loaded 2 times (x 68B)
Class com.google.common.reflect.Types$ClassOwnership$2                                : loaded 2 times (x 76B)
Class [Lorg.apache.commons.io.IOCase;                                                 : loaded 2 times (x 65B)
Class com.google.common.collect.MapMakerInternalMap$StrongValueEntry                  : loaded 2 times (x 66B)
Class org.objectweb.asm.ModuleVisitor                                                 : loaded 2 times (x 77B)
Class androidx.room.migration.bundle.BundleUtil                                       : loaded 2 times (x 67B)
Class androidx.room.writer.PropertyReadWriteWriter                                    : loaded 2 times (x 68B)
Class androidx.room.compiler.codegen.XFunSpec                                         : loaded 2 times (x 66B)
Class androidx.room.writer.TypeWriter$WriterContext$Companion                         : loaded 2 times (x 67B)
Class androidx.room.parser.SQLiteParserVisitor                                        : loaded 2 times (x 66B)
Class androidx.room.parser.SingleQuerySqlParser$parse$1                               : loaded 2 times (x 78B)
Class androidx.room.parser.SQLiteParser$ExprContext                                   : loaded 2 times (x 213B)
Class androidx.room.processor.DaoProcessor                                            : loaded 2 times (x 68B)
Class com.google.common.io.ByteArrayDataInput                                         : loaded 2 times (x 66B)
Class androidx.room.solver.shortcut.binderprovider.DeleteOrUpdateFunctionBinderProvider: loaded 2 times (x 66B)
Class androidx.room.compiler.processing.javac.kotlin.KotlinClassMetadataUtilsKt       : loaded 2 times (x 67B)
Class kotlin.metadata.internal.metadata.ProtoBuf$VersionRequirementTableOrBuilder     : loaded 2 times (x 66B)
Class kotlin.metadata.internal.protobuf.LazyField                                     : loaded 2 times (x 79B)
Class [Lorg.jetbrains.org.objectweb.asm.Attribute;                                    : loaded 2 times (x 65B)
Class kotlin.metadata.internal.metadata.deserialization.BinaryVersion$Companion       : loaded 2 times (x 67B)
Class androidx.room.compiler.processing.XElement                                      : loaded 2 times (x 66B)
Class org.jetbrains.org.objectweb.asm.ModuleVisitor                                   : loaded 2 times (x 76B)
Class com.google.common.io.CharSource                                                 : loaded 2 times (x 81B)
Class com.google.common.base.CharMatcher$JavaUpperCase                                : loaded 2 times (x 107B)
Class org.gradle.api.specs.Spec                                                       : loaded 2 times (x 66B)
Class kotlin.metadata.internal.metadata.jvm.JvmProtoBuf$JvmMethodSignature$1          : loaded 2 times (x 140B)
Class androidx.room.solver.TypeConverterStore$Companion                               : loaded 2 times (x 67B)
Class androidx.room.compiler.processing.DeclarationCollectorKt$collectFieldsIncludingPrivateSupers$1: loaded 2 times (x 91B)
Class org.sqlite.core.SafeStmtPtr$SafePtrIntFunction                                  : loaded 2 times (x 66B)
Class androidx.room.migration.bundle.DatabaseBundle$Companion                         : loaded 2 times (x 67B)
Class androidx.room.migration.bundle.EntityBundle$Companion                           : loaded 2 times (x 67B)
Class org.apache.commons.codec.binary.StringUtils                                     : loaded 2 times (x 67B)
Class androidx.room.processor.InsertFunctionProcessor                                 : loaded 2 times (x 68B)
Class androidx.room.parser.SQLiteParser$Transaction_nameContext                       : loaded 2 times (x 148B)
Class androidx.room.parser.SQLiteParser$Reindex_stmtContext                           : loaded 2 times (x 153B)
Class androidx.room.parser.SQLiteParser$Limit_stmtContext                             : loaded 2 times (x 152B)
Class androidx.room.jarjarred.org.antlr.v4.runtime.CodePointBuffer$Type               : loaded 2 times (x 75B)
Class androidx.room.jarjarred.org.antlr.v4.runtime.IntStream                          : loaded 2 times (x 66B)
Class androidx.room.processor.TableEntityProcessor                                    : loaded 2 times (x 74B)
Class androidx.room.compiler.processing.javac.JavacTypeElement$JavacEnumTypeElement   : loaded 2 times (x 346B)
Class androidx.room.TypeConverters                                                    : loaded 2 times (x 66B)
Class com.squareup.kotlinpoet.MemberName$Companion                                    : loaded 2 times (x 67B)
Class [Landroidx.room.solver.RxType;                                                  : loaded 2 times (x 65B)
Class androidx.room.jarjarred.org.antlr.v4.runtime.LexerNoViableAltException          : loaded 2 times (x 89B)
Class androidx.room.solver.QueryResultBinderProvider                                  : loaded 2 times (x 66B)
Class kotlin.metadata.Attributes$hasAnnotations$6                                     : loaded 2 times (x 133B)
Class org.jetbrains.kotlin.name.Name                                                  : loaded 2 times (x 71B)
Class com.google.common.collect.MapMaker                                              : loaded 2 times (x 68B)
Class com.google.common.reflect.Types$JavaVersion                                     : loaded 2 times (x 79B)
Class org.apache.commons.io.file.PathFilter                                           : loaded 2 times (x 66B)
Class androidx.room.MapInfo                                                           : loaded 2 times (x 66B)
Class androidx.room.solver.query.parameter.BasicQueryParameterAdapter                 : loaded 2 times (x 70B)
Class androidx.room.compiler.codegen.XPropertySpec$Companion                          : loaded 2 times (x 67B)
Class org.gradle.internal.service.UnknownServiceException                             : loaded 2 times (x 79B)
Class com.google.common.cache.LocalCache$LocalLoadingCache                            : loaded 2 times (x 130B)
Class androidx.room.writer.PropertyReadWriteWriter$Node                               : loaded 2 times (x 68B)
Class androidx.room.compiler.codegen.XCodeBlock                                       : loaded 2 times (x 66B)
Class com.google.common.util.concurrent.AbstractFuture$SafeAtomicHelper               : loaded 2 times (x 75B)
Class [Landroidx.room.solver.shortcut.result.InsertOrUpsertFunctionAdapter$ReturnInfo;: loaded 2 times (x 65B)
Class androidx.room.parser.Section                                                    : loaded 2 times (x 68B)
Class androidx.room.parser.SQLiteParser$Qualified_table_nameContext                   : loaded 2 times (x 156B)
Class androidx.room.parser.SQLiteParser$Raise_functionContext                         : loaded 2 times (x 156B)
Class androidx.room.jarjarred.org.antlr.v4.runtime.atn.ATNConfigSet                   : loaded 2 times (x 144B)
Class androidx.room.jarjarred.org.antlr.v4.runtime.atn.EpsilonTransition              : loaded 2 times (x 72B)
Class androidx.room.jarjarred.org.antlr.v4.runtime.CodePointCharStream$CodePoint32BitCharStream: loaded 2 times (x 84B)
Class androidx.room.jarjarred.org.antlr.v4.runtime.ParserRuleContext                  : loaded 2 times (x 147B)
Class kotlin.metadata.KmVersion                                                       : loaded 2 times (x 67B)
Class org.sqlite.date.FastDatePrinter$Rule                                            : loaded 2 times (x 66B)
Class androidx.room.compiler.processing.InternalXAnnotation                           : loaded 2 times (x 136B)
Class kotlin.metadata.internal.protobuf.GeneratedMessageLite$ExtensionDescriptor      : loaded 2 times (x 80B)
Class androidx.room.compiler.processing.javac.JavacType$typeElement$2                 : loaded 2 times (x 75B)
Class androidx.room.preconditions.Checks                                              : loaded 2 times (x 68B)
Class com.google.auto.common.MoreElements                                             : loaded 2 times (x 67B)
Class com.google.auto.common.MoreTypes                                                : loaded 2 times (x 67B)
Class org.jetbrains.org.objectweb.asm.Symbol                                          : loaded 2 times (x 69B)
Class com.google.common.cache.LocalCache$LoadingValueReference                        : loaded 2 times (x 92B)
Class com.google.common.base.AbstractIterator$State                                   : loaded 2 times (x 75B)
Class com.google.common.collect.Sets$3                                                : loaded 2 times (x 135B)
Class androidx.room.solver.shortcut.result.DeleteOrUpdateFunctionAdapter$WhenMappings : loaded 2 times (x 67B)
Class androidx.room.compiler.codegen.java.JavaFileSpec                                : loaded 2 times (x 71B)
Class androidx.room.ProvidedTypeConverter                                             : loaded 2 times (x 66B)
Class androidx.room.solver.shortcut.binder.CoroutineInsertOrUpsertFunctionBinder$convertAndReturn$performBlock$1: loaded 2 times (x 69B)
Class androidx.room.solver.shortcut.result.InsertOrUpsertFunctionAdapter$InsertFunctionInfo: loaded 2 times (x 69B)
Class androidx.room.solver.query.result.BaseObservableQueryResultBinder               : loaded 2 times (x 70B)
Class androidx.room.parser.SQLiteParser$Module_nameContext                            : loaded 2 times (x 148B)
Class androidx.room.parser.SQLiteParser$Simple_select_stmtContext                     : loaded 2 times (x 151B)
Class androidx.room.parser.SQLiteParser$Select_coreContext                            : loaded 2 times (x 172B)
Class androidx.room.parser.SQLiteParser$Alter_table_stmtContext                       : loaded 2 times (x 161B)
Class androidx.room.jarjarred.org.antlr.v4.runtime.misc.ObjectEqualityComparator      : loaded 2 times (x 73B)
Class [Landroidx.room.jarjarred.org.antlr.v4.runtime.atn.LexerActionType;             : loaded 2 times (x 65B)
Class androidx.room.jarjarred.org.antlr.v4.runtime.atn.StarLoopbackState              : loaded 2 times (x 78B)
Class androidx.room.jarjarred.org.antlr.v4.runtime.atn.BasicBlockStartState           : loaded 2 times (x 79B)
Class org.sqlite.jdbc4.JDBC4ResultSet                                                 : loaded 2 times (x 522B)
Class androidx.room.compiler.processing.javac.JavacMethodType                         : loaded 2 times (x 87B)
Class androidx.room.Delete                                                            : loaded 2 times (x 66B)
Class com.google.common.reflect.Types$ClassOwnership$1                                : loaded 2 times (x 76B)
Class kotlin.metadata.KmTypeProjection                                                : loaded 2 times (x 68B)
Class [Lkotlin.metadata.internal.metadata.ProtoBuf$Effect$EffectType;                 : loaded 2 times (x 65B)
Class androidx.room.compiler.processing.javac.JavacMethodElement$typeParameters$2     : loaded 2 times (x 75B)
Class com.google.auto.common.AnnotationMirrors                                        : loaded 2 times (x 67B)
Class androidx.room.solver.binderprovider.DataSourceFactoryQueryResultBinderProvider  : loaded 2 times (x 72B)
Class androidx.room.compiler.codegen.XMemberName                                      : loaded 2 times (x 68B)
Class com.google.common.collect.MapMakerInternalMap$Strength$2                        : loaded 2 times (x 76B)
Class [Lorg.objectweb.asm.AnnotationVisitor;                                          : loaded 2 times (x 65B)
Class [Landroidx.room.parser.SQLTypeAffinity;                                         : loaded 2 times (x 65B)
Class kotlin.collections.MapWithDefaultImpl                                           : loaded 2 times (x 122B)
Class com.google.common.collect.MapMakerInternalMap$StrongKeyDummyValueEntry          : loaded 2 times (x 78B)
Class org.apache.commons.io.filefilter.AndFileFilter                                  : loaded 2 times (x 128B)
Class com.google.common.io.LineReader$1                                               : loaded 2 times (x 71B)
Class com.google.common.collect.CollectSpliterators                                   : loaded 2 times (x 67B)
Class com.google.common.collect.AbstractMapBasedMultimap$AsMap                        : loaded 2 times (x 124B)
Class com.google.common.reflect.Invokable$MethodInvokable                             : loaded 2 times (x 103B)
Class kotlin.metadata.jvm.KotlinClassMetadata$Companion                               : loaded 2 times (x 67B)
Class kotlin.metadata.internal.metadata.jvm.JvmProtoBuf$JvmMethodSignature            : loaded 2 times (x 104B)
Class androidx.room.compiler.processing.javac.JavacMethodElement$parameters$2         : loaded 2 times (x 75B)
Class [Lkotlin.metadata.internal.metadata.ProtoBuf$Type$Argument$Projection;          : loaded 2 times (x 65B)
Class androidx.room.compiler.codegen.XCodeBlock$Builder$beginForEachControlFlow$1     : loaded 2 times (x 75B)
Class androidx.room.compiler.codegen.java.JavaParameterSpec                           : loaded 2 times (x 72B)
Class androidx.room.processor.ProcessorErrors                                         : loaded 2 times (x 67B)
Class androidx.room.parser.SQLiteParser$Collation_nameContext                         : loaded 2 times (x 148B)
Class androidx.room.ext.GuavaUtilConcurrentTypeNames                                  : loaded 2 times (x 67B)
Class androidx.room.compiler.processing.javac.TypeMirrorExtKt                         : loaded 2 times (x 67B)
Class androidx.room.compiler.processing.javac.JavacVariableElement                    : loaded 2 times (x 194B)
Class androidx.room.jarjarred.org.antlr.v4.runtime.ANTLRErrorListener                 : loaded 2 times (x 66B)
Class org.apache.commons.codec.DecoderException                                       : loaded 2 times (x 78B)
Class androidx.room.compiler.codegen.XCodeBlock$Companion$ofKotlinClassLiteral$1$WhenMappings: loaded 2 times (x 67B)
Class [Landroidx.room.processor.PropertyProcessor$BindingScope;                       : loaded 2 times (x 65B)
Class androidx.room.vo.HasProperties                                                  : loaded 2 times (x 66B)
Class androidx.room.solver.shortcut.binderprovider.RxCompletableDeleteOrUpdateFunctionBinderProvider: loaded 2 times (x 75B)
Class [Lkotlin.metadata.ClassKind;                                                    : loaded 2 times (x 65B)
Class kotlin.metadata.internal.metadata.ProtoBuf$Class$Kind$1                         : loaded 2 times (x 70B)
Class kotlin.metadata.internal.protobuf.CodedOutputStream$OutOfSpaceException         : loaded 2 times (x 78B)
Class androidx.room.ext.Package_extKt                                                 : loaded 2 times (x 67B)
Class kotlin.io.FilePathComponents                                                    : loaded 2 times (x 68B)
Class [Lorg.objectweb.asm.AnnotationWriter;                                           : loaded 2 times (x 65B)
Class com.google.common.primitives.Ints$IntConverter                                  : loaded 2 times (x 86B)
Class com.google.common.collect.AbstractMapBasedMultimap$WrappedList                  : loaded 2 times (x 201B)
Class org.gradle.api.internal.ClassPathProvider                                       : loaded 2 times (x 66B)
Class [Lorg.gradle.api.internal.ClassPathProvider;                                    : loaded 2 times (x 65B)
Class com.google.common.collect.Maps$ViewCachingAbstractMap                           : loaded 2 times (x 121B)
Class com.google.common.collect.Sets$2                                                : loaded 2 times (x 135B)
Class org.apache.commons.io.FilenameUtils                                             : loaded 2 times (x 67B)
Class androidx.room.writer.ShortcutQueryParameterWriter                               : loaded 2 times (x 67B)
Class androidx.room.compiler.codegen.XCodeBlock$Builder$Companion                     : loaded 2 times (x 67B)
Class org.apache.commons.codec.BinaryDecoder                                          : loaded 2 times (x 66B)
Class androidx.room.solver.TypeAdapterExtras                                          : loaded 2 times (x 68B)
Class androidx.room.jarjarred.org.antlr.v4.runtime.atn.OrderedATNConfigSet$LexerConfigHashSet: loaded 2 times (x 136B)
Class androidx.room.jarjarred.org.antlr.v4.runtime.atn.ATNDeserializer                : loaded 2 times (x 77B)
Class [Lkotlin.metadata.KmVersionRequirementVersionKind;                              : loaded 2 times (x 65B)
Class com.google.common.collect.MapMakerInternalMap$Strength$1                        : loaded 2 times (x 76B)
Class [Lcom.google.common.base.Function;                                              : loaded 2 times (x 65B)
Class androidx.room.compiler.processing.javac.JavacMethodType$returnType$2            : loaded 2 times (x 75B)
Class androidx.room.processor.cache.Cache$Bucket                                      : loaded 2 times (x 68B)
Class [Lkotlin.metadata.internal.protobuf.WireFormat$FieldType;                       : loaded 2 times (x 65B)
Class kotlin.metadata.internal.FlagDelegatesImplKt$typeBooleanFlag$1                  : loaded 2 times (x 133B)
Class kotlin.metadata.internal.metadata.jvm.deserialization.JvmMemberSignature$Field  : loaded 2 times (x 71B)
Class kotlin.metadata.internal.metadata.jvm.deserialization.JvmNameResolverBase$Companion: loaded 2 times (x 67B)
Class kotlin.metadata.internal.metadata.ProtoBuf$TypeParameter$1                      : loaded 2 times (x 140B)
Class kotlin.metadata.internal.metadata.ProtoBuf$Type                                 : loaded 2 times (x 141B)
Class [Landroidx.room.solver.types.PrimitiveColumnTypeAdapter$Companion$Primitive;    : loaded 2 times (x 65B)
Class com.google.common.base.Predicates$CompositionPredicate                          : loaded 2 times (x 84B)
Class com.google.common.collect.Lists$ReverseList$1                                   : loaded 2 times (x 95B)
Class [Lcom.google.common.collect.Iterators$EmptyModifiableIterator;                  : loaded 2 times (x 65B)
Class com.google.common.collect.ImmutableRangeSet$Builder                             : loaded 2 times (x 73B)
Class com.google.common.collect.Sets$SetView                                          : loaded 2 times (x 134B)
Class com.google.common.base.CharMatcher$Invisible                                    : loaded 2 times (x 108B)
Class com.google.common.cache.LocalCache$StrongValueReference                         : loaded 2 times (x 86B)
Class com.google.common.util.concurrent.AbstractFuture$SynchronizedHelper             : loaded 2 times (x 74B)
Class kotlin.metadata.internal.metadata.ProtoBuf$TypeParameterOrBuilder               : loaded 2 times (x 66B)
Class kotlin.metadata.internal.metadata.ProtoBuf$Type$Argument$Projection$1           : loaded 2 times (x 70B)
Class [Lkotlin.metadata.internal.metadata.ProtoBuf$Expression$ConstantValue;          : loaded 2 times (x 65B)
Class androidx.room.writer.TableInfoValidationWriter$WhenMappings                     : loaded 2 times (x 67B)
Class androidx.room.compiler.processing.DeclarationCollectorKt$collectAllMethods$1    : loaded 2 times (x 91B)
Class androidx.room.compiler.codegen.java.JavaFunSpec                                 : loaded 2 times (x 71B)
Class androidx.room.jarjarred.org.antlr.v4.runtime.misc.AbstractEqualityComparator    : loaded 2 times (x 73B)
Class androidx.room.vo.PrimaryKey                                                     : loaded 2 times (x 74B)
Class androidx.room.solver.shortcut.binderprovider.GuavaListenableFutureDeleteOrUpdateFunctionBinderProvider: loaded 2 times (x 72B)
Class kotlin.metadata.internal.extensions.KmExtensionType                             : loaded 2 times (x 68B)
Class kotlin.metadata.internal.metadata.ProtoBuf$Type$1                               : loaded 2 times (x 140B)
Class androidx.room.compiler.processing.javac.JavacType$superTypes$2                  : loaded 2 times (x 75B)
Class org.objectweb.asm.Type                                                          : loaded 2 times (x 68B)
Class com.google.common.graph.SuccessorsFunction                                      : loaded 2 times (x 66B)
Class org.gradle.internal.classloader.VisitableURLClassLoader$InstrumentingVisitableURLClassLoader: loaded 2 times (x 119B)
Class com.google.auto.common.MoreElements$2                                           : loaded 2 times (x 67B)
Class org.sqlite.SQLiteConfig$DatePrecision                                           : loaded 2 times (x 78B)
Class org.sqlite.date.FastDateFormat$1                                                : loaded 2 times (x 75B)
Class androidx.room.compiler.processing.javac.JavacTypeElement$JavacEnumTypeElement$entries$2: loaded 2 times (x 75B)
Class androidx.room.jarjarred.org.antlr.v4.runtime.atn.BasicState                     : loaded 2 times (x 78B)
Class androidx.room.parser.SQLiteParser$Join_operatorContext                          : loaded 2 times (x 156B)
Class androidx.room.compiler.codegen.kotlin.KotlinFileSpec                            : loaded 2 times (x 71B)
Class androidx.room.compiler.codegen.impl.XFileSpecImpl                               : loaded 2 times (x 71B)
Class androidx.room.parser.SQLiteParser$Common_table_stmtContext                      : loaded 2 times (x 153B)
Class androidx.room.ext.Xpoet_extKt$WhenMappings                                      : loaded 2 times (x 67B)
Class androidx.room.solver.query.result.SingleColumnRowAdapter                        : loaded 2 times (x 71B)
Class androidx.room.parser.SQLiteParser$Update_stmtContext                            : loaded 2 times (x 173B)
Class androidx.room.parser.SQLiteParser$Begin_stmtContext                             : loaded 2 times (x 153B)
Class androidx.room.jarjarred.org.antlr.v4.runtime.atn.Transition$1                   : loaded 2 times (x 130B)
Class androidx.room.jarjarred.org.antlr.v4.runtime.tree.ParseTree                     : loaded 2 times (x 66B)
Class kotlin.metadata.internal.metadata.ProtoBuf$VersionRequirement$1                 : loaded 2 times (x 140B)
Class androidx.room.compiler.processing.javac.JavacMethodType$Companion               : loaded 2 times (x 67B)
Class [Landroidx.room.parser.Collate;                                                 : loaded 2 times (x 65B)
Class androidx.room.jarjarred.org.antlr.v4.runtime.ProxyErrorListener                 : loaded 2 times (x 78B)
Class androidx.room.solver.prepared.binder.CoroutinePreparedQueryResultBinder         : loaded 2 times (x 69B)
Class androidx.room.processor.EntityProcessor                                         : loaded 2 times (x 66B)
Class androidx.room.compiler.processing.javac.JavacMethodElement                      : loaded 2 times (x 263B)
Class androidx.room.solver.RxType                                                     : loaded 2 times (x 76B)
Class androidx.room.solver.types.BoxedBooleanToBoxedIntConverter$create$1             : loaded 2 times (x 71B)
Class androidx.room.solver.types.PrimitiveColumnTypeAdapter$Companion$WhenMappings    : loaded 2 times (x 67B)
Class org.objectweb.asm.ByteVector                                                    : loaded 2 times (x 75B)
Class com.google.common.collect.MapMakerInternalMap$StrongKeyDummyValueEntry$Helper   : loaded 2 times (x 75B)
Class com.google.common.math.IntMath$1                                                : loaded 2 times (x 67B)
Class org.apache.commons.io.FileUtils                                                 : loaded 2 times (x 67B)
Class com.google.common.io.Files$FileByteSink                                         : loaded 2 times (x 73B)
Class [Lcom.google.common.cache.CacheBuilder$NullListener;                            : loaded 2 times (x 65B)
Class org.gradle.internal.classloader.VisitableURLClassLoader$Spec                    : loaded 2 times (x 70B)
Class org.gradle.internal.classpath.DefaultClassPath                                  : loaded 2 times (x 86B)
Class androidx.room.vo.KotlinDefaultFunctionDelegate                                  : loaded 2 times (x 68B)
Class androidx.room.migration.bundle.DatabaseViewBundle$$serializer                   : loaded 2 times (x 82B)
Class androidx.room.writer.DaoWriter$InsertFunctionProperty                           : loaded 2 times (x 71B)
Class androidx.room.compiler.processing.FunSpecHelper                                 : loaded 2 times (x 67B)
Class androidx.room.writer.ValidationWriter$CodeBlockWrapper                          : loaded 2 times (x 82B)
Class kotlinx.serialization.descriptors.SerialDescriptorImpl                          : loaded 2 times (x 84B)
Class kotlinx.serialization.SerializationStrategy                                     : loaded 2 times (x 66B)
Class androidx.room.vo.ShortcutQueryParameter                                         : loaded 2 times (x 68B)
Class androidx.room.jarjarred.org.antlr.v4.runtime.atn.LexerATNSimulator              : loaded 2 times (x 98B)
Class androidx.room.ext.Xpoet_extKt                                                   : loaded 2 times (x 67B)
Class androidx.room.RawQuery                                                          : loaded 2 times (x 66B)
Class androidx.room.compiler.codegen.XCodeBlock$Companion$ofJavaClassLiteral$1$WhenMappings: loaded 2 times (x 67B)
Class org.gradle.api.internal.DefaultClassPathProvider                                : loaded 2 times (x 72B)
Class androidx.room.ext.RoomPagingGuavaTypeNames                                      : loaded 2 times (x 67B)
Class androidx.room.solver.binderprovider.QueryResultBinderProviderWithRequiredArtifactKt: loaded 2 times (x 67B)
Class androidx.room.solver.types.BoxedBooleanToBoxedIntConverter$create$2             : loaded 2 times (x 71B)
Class kotlin.metadata.Attributes$visibility$10                                        : loaded 2 times (x 133B)
Class kotlin.reflect.jvm.internal.KMutableProperty1Impl$_setter$1                     : loaded 2 times (x 75B)
Class kotlin.metadata.internal.metadata.deserialization.ProtoTypeTableUtilKt          : loaded 2 times (x 67B)
Class [Lorg.jetbrains.kotlin.build.report.metrics.GradleBuildTime;                    : loaded 2 times (x 65B)
Class org.objectweb.asm.Symbol                                                        : loaded 2 times (x 69B)
Class com.google.common.reflect.Types$ClassOwnership                                  : loaded 2 times (x 76B)
Class com.google.common.base.AbstractIterator                                         : loaded 2 times (x 76B)
Class com.google.common.collect.ImmutableSet$SerializedForm                           : loaded 2 times (x 69B)
Class com.google.common.base.Splitter                                                 : loaded 2 times (x 68B)
Class com.google.common.collect.Sets$1                                                : loaded 2 times (x 135B)
Class androidx.room.writer.TableInfoValidationWriter$Companion                        : loaded 2 times (x 67B)
Class com.google.common.collect.Iterators$EmptyModifiableIterator                     : loaded 2 times (x 82B)
Class [Landroidx.room.compiler.codegen.XPropertySpec$Builder;                         : loaded 2 times (x 65B)
Class androidx.room.processor.DataClassProcessor$FailedConstructor                    : loaded 2 times (x 68B)
Class [Lkotlinx.serialization.DeserializationStrategy;                                : loaded 2 times (x 65B)
Class androidx.room.solver.query.result.DataClassRowAdapter$DataClassMapping          : loaded 2 times (x 69B)
Class androidx.room.vo.ReadQueryFunction                                              : loaded 2 times (x 69B)
Class androidx.room.parser.SQLiteParser$Drop_stmtContext                              : loaded 2 times (x 157B)
Class androidx.room.vo.CallType                                                       : loaded 2 times (x 75B)
Class com.squareup.javapoet.ClassName$1                                               : loaded 2 times (x 93B)
Class org.objectweb.asm.AnnotationVisitor                                             : loaded 2 times (x 74B)
Class androidx.room.compiler.processing.javac.JavacTypeElement$qualifiedName$2        : loaded 2 times (x 75B)
Class [Landroidx.room.solver.types.SingleStatementTypeConverter;                      : loaded 2 times (x 65B)
Class androidx.room.compiler.processing.javac.kotlin.KmClassContainer$functionByDescriptor$2: loaded 2 times (x 75B)
Class kotlin.metadata.internal.metadata.ProtoBuf$MemberKind                           : loaded 2 times (x 78B)
Class androidx.room.compiler.codegen.XClassName                                       : loaded 2 times (x 71B)
Class androidx.room.compiler.processing.javac.JavacType$xTypeName$2                   : loaded 2 times (x 75B)
Class com.google.common.collect.Sets$FilteredSet                                      : loaded 2 times (x 133B)
Class com.google.common.io.Java8Compatibility                                         : loaded 2 times (x 67B)
Class com.google.common.io.Closer                                                     : loaded 2 times (x 74B)
Class com.google.common.base.CharMatcher$BitSetMatcher                                : loaded 2 times (x 108B)
Class com.google.common.base.CharMatcher$Ascii                                        : loaded 2 times (x 108B)
Class org.gradle.internal.classloader.ClassLoaderSpec                                 : loaded 2 times (x 67B)
Class androidx.room.solver.types.PrimitiveColumnTypeAdapter$Companion$Primitive       : loaded 2 times (x 75B)
Class androidx.room.compiler.processing.javac.DefaultJavacType$equalityItems$2        : loaded 2 times (x 75B)
Class [Lkotlin.metadata.internal.metadata.ProtoBuf$TypeParameter$Variance;            : loaded 2 times (x 65B)
Class androidx.room.compiler.codegen.impl.XFunSpecImpl                                : loaded 2 times (x 71B)
Class androidx.room.compiler.codegen.XCodeBlock$Companion                             : loaded 2 times (x 67B)
Class [Lkotlin.metadata.internal.metadata.ProtoBuf$Visibility;                        : loaded 2 times (x 65B)
Class [Lkotlinx.serialization.descriptors.SerialDescriptor;                           : loaded 2 times (x 65B)
Class kotlin.metadata.internal.FlagDelegatesImplKt$functionBooleanFlag$1              : loaded 2 times (x 133B)
Class androidx.room.parser.SQLiteParser$FilenameContext                               : loaded 2 times (x 148B)
Class androidx.room.jarjarred.org.antlr.v4.runtime.atn.LexerATNSimulator$SimState     : loaded 2 times (x 69B)
Class androidx.room.jarjarred.org.antlr.v4.runtime.atn.LexerChannelAction             : loaded 2 times (x 72B)
Class androidx.room.jarjarred.org.antlr.v4.runtime.RecognitionException               : loaded 2 times (x 85B)
Class androidx.room.jarjarred.org.antlr.v4.runtime.CodePointBuffer$1                  : loaded 2 times (x 67B)
Class [Landroidx.room.solver.shortcut.binderprovider.RxCallableInsertOrUpsertFunctionBinderProvider;: loaded 2 times (x 65B)
Class kotlin.metadata.internal.extensions.KmTypeExtension                             : loaded 2 times (x 66B)
Class kotlin.metadata.internal.protobuf.FieldSet                                      : loaded 2 times (x 68B)
Class kotlin.metadata.internal.metadata.ProtoBuf$Type$Argument$Projection             : loaded 2 times (x 78B)
Class androidx.room.compiler.processing.javac.JavacDeclaredType$typeArguments$2       : loaded 2 times (x 75B)
Class androidx.room.compiler.processing.javac.JavacType                               : loaded 2 times (x 181B)
Class com.google.common.io.ByteSource$EmptyByteSource                                 : loaded 2 times (x 81B)
Class org.objectweb.asm.AnnotationWriter                                              : loaded 2 times (x 75B)
Class com.google.common.cache.CacheStats                                              : loaded 2 times (x 67B)
Class [Lkotlin.metadata.KmVariance;                                                   : loaded 2 times (x 65B)
Class androidx.room.solver.query.result.ListQueryResultAdapter$WhenMappings           : loaded 2 times (x 67B)
Class kotlin.metadata.KmTypeProjection$Companion                                      : loaded 2 times (x 67B)
Class androidx.room.compiler.processing.javac.JavacAnnotationValue$1                  : loaded 2 times (x 75B)
Class androidx.room.migration.bundle.PrimaryKeyBundle$Companion                       : loaded 2 times (x 67B)
Class androidx.room.processor.ShortcutParameterProcessor                              : loaded 2 times (x 68B)
Class androidx.room.parser.SQLiteParser$Table_constraintContext                       : loaded 2 times (x 165B)
Class androidx.room.jarjarred.org.antlr.v4.runtime.dfa.DFAState                       : loaded 2 times (x 69B)
Class androidx.room.jarjarred.org.antlr.v4.runtime.atn.PlusLoopbackState              : loaded 2 times (x 78B)
Class kotlin.metadata.internal.metadata.ProtoBuf$VersionRequirement$Level$1           : loaded 2 times (x 70B)
Class [Lorg.sqlite.SQLiteConfig$PragmaValue;                                          : loaded 2 times (x 65B)
Class androidx.room.compiler.processing.XMethodType                                   : loaded 2 times (x 66B)
Class androidx.room.parser.Collate$Companion                                          : loaded 2 times (x 67B)
Class androidx.room.processor.FunctionProcessorDelegate                               : loaded 2 times (x 76B)
Class androidx.room.parser.SQLiteParser$Attach_stmtContext                            : loaded 2 times (x 152B)
Class androidx.room.parser.SQLiteParser$Order_by_expr_asc_descContext                 : loaded 2 times (x 150B)
Class androidx.room.compiler.codegen.XMemberName$Companion                            : loaded 2 times (x 67B)
Class kotlin.metadata.jvm.JvmMethodSignature                                          : loaded 2 times (x 70B)
Class kotlin.metadata.internal.metadata.jvm.JvmProtoBuf$StringTableTypes              : loaded 2 times (x 106B)
Class androidx.room.compiler.processing.XMemberContainer                              : loaded 2 times (x 66B)
Class org.objectweb.asm.RecordComponentWriter                                         : loaded 2 times (x 74B)
Class com.google.common.collect.Interners                                             : loaded 2 times (x 67B)
Class com.google.common.collect.ImmutableMultisetGwtSerializationDependencies         : loaded 2 times (x 121B)
Class com.google.common.io.Closer$Suppressor                                          : loaded 2 times (x 66B)
Class com.google.common.io.LineProcessor                                              : loaded 2 times (x 66B)
Class com.google.common.base.CharMatcher$Or                                           : loaded 2 times (x 108B)
Class com.google.common.util.concurrent.AbstractFuture$Listener                       : loaded 2 times (x 68B)
Class androidx.room.solver.transaction.binder.TransactionFunctionBinder               : loaded 2 times (x 69B)
Class androidx.room.compiler.codegen.VisibilityModifier                               : loaded 2 times (x 75B)
Class com.squareup.kotlinpoet.AnnotationSpec$cachedString$2                           : loaded 2 times (x 75B)
Class androidx.room.compiler.codegen.XCodeBlock$Builder$beginForEachControlFlow$1$WhenMappings: loaded 2 times (x 67B)
Class androidx.room.solver.transaction.result.TransactionFunctionAdapter$WhenMappings : loaded 2 times (x 67B)
Class androidx.room.compiler.codegen.kotlin.KotlinCodeBlock                           : loaded 2 times (x 68B)
Class com.google.common.collect.ListMultimap                                          : loaded 2 times (x 66B)
Class androidx.room.compiler.codegen.java.JavaPropertySpec                            : loaded 2 times (x 72B)
Class androidx.room.compiler.codegen.java.JavaFunSpecKt$WhenMappings                  : loaded 2 times (x 67B)
Class androidx.room.vo.DeleteFunction                                                 : loaded 2 times (x 68B)
Class androidx.room.log.RLog$DiagnosticMessage                                        : loaded 2 times (x 68B)
Class androidx.room.migration.bundle.FieldBundle$Companion                            : loaded 2 times (x 67B)
Class androidx.room.jarjarred.org.antlr.v4.runtime.tree.TerminalNodeImpl              : loaded 2 times (x 119B)
Class androidx.room.parser.SQLiteParser$Frame_specContext                             : loaded 2 times (x 155B)
Class androidx.room.parser.SingleQuerySqlParser                                       : loaded 2 times (x 67B)
Class androidx.room.compiler.processing.XMethodElementKt                              : loaded 2 times (x 67B)
Class androidx.room.processor.DataClassProcessor                                      : loaded 2 times (x 68B)
Class androidx.room.vo.HasSchemaIdentity                                              : loaded 2 times (x 66B)
Class kotlin.metadata.Attributes$visibility$14                                        : loaded 2 times (x 133B)
Class androidx.room.compiler.processing.javac.kotlin.KmBaseTypeContainer              : loaded 2 times (x 66B)
Class kotlin.io.FileTreeWalk$DirectoryState                                           : loaded 2 times (x 69B)
Class org.objectweb.asm.Attribute                                                     : loaded 2 times (x 73B)
Class com.google.common.base.Supplier                                                 : loaded 2 times (x 66B)
Class org.gradle.internal.classloader.VisitableURLClassLoader                         : loaded 2 times (x 113B)
Class com.google.common.collect.ImmutableRangeSet                                     : loaded 2 times (x 111B)
Class org.apache.commons.io.output.StringBuilderWriter                                : loaded 2 times (x 96B)
Class [Lorg.apache.commons.io.StandardLineSeparator;                                  : loaded 2 times (x 65B)
Class com.google.common.collect.AbstractIterator$1                                    : loaded 2 times (x 67B)
Class androidx.room.compiler.codegen.XTypeSpec$Builder$Companion$applyTo$2            : loaded 2 times (x 75B)
Class com.google.common.collect.CollectSpliterators$1WithCharacteristics              : loaded 2 times (x 86B)
Class com.google.auto.common.MoreElements$TypeElementVisitor                          : loaded 2 times (x 89B)
Class kotlin.metadata.internal.metadata.ProtoBuf$VersionRequirementOrBuilder          : loaded 2 times (x 66B)
Class androidx.room.parser.SQLiteParser$Aggregate_funcContext                         : loaded 2 times (x 148B)
Class androidx.room.parser.SQLiteParser$Detach_stmtContext                            : loaded 2 times (x 150B)
Class androidx.room.jarjarred.org.antlr.v4.runtime.CodePointCharStream$CodePoint8BitCharStream: loaded 2 times (x 84B)
Class org.sqlite.jdbc3.JDBC3Statement$SQLCallable                                     : loaded 2 times (x 66B)
Class org.sqlite.Function$Aggregate                                                   : loaded 2 times (x 71B)
Class androidx.room.jarjarred.org.antlr.v4.runtime.atn.SetTransition                  : loaded 2 times (x 72B)
Class [Landroidx.room.jarjarred.org.antlr.v4.runtime.atn.ATNConfig;                   : loaded 2 times (x 65B)
Class androidx.room.solver.prepared.binderprovider.RxSingleOrMaybePreparedQueryResultBinderProvider: loaded 2 times (x 75B)
Class androidx.room.solver.types.ByteArrayWrapperColumnTypeAdapter                    : loaded 2 times (x 81B)
Class org.apache.commons.io.file.PathVisitor                                          : loaded 2 times (x 66B)
Class com.google.common.util.concurrent.AbstractFuture$Waiter                         : loaded 2 times (x 68B)
Class com.google.common.collect.ImmutableList$SerializedForm                          : loaded 2 times (x 69B)
Class org.gradle.internal.Cast                                                        : loaded 2 times (x 67B)
Class org.gradle.api.Action                                                           : loaded 2 times (x 66B)
Class androidx.room.parser.SQLiteParser$Rollback_stmtContext                          : loaded 2 times (x 152B)
Class androidx.room.writer.DatabaseWriter$WhenMappings                                : loaded 2 times (x 67B)
Class androidx.room.parser.SQLiteParser$Upsert_clauseContext                          : loaded 2 times (x 169B)
Class androidx.room.vo.PropertyWithIndex$Companion                                    : loaded 2 times (x 67B)
Class androidx.room.compiler.codegen.XParameterSpec                                   : loaded 2 times (x 66B)
Class androidx.room.parser.QueryVisitor$createParsedQuery$$inlined$sortedBy$1         : loaded 2 times (x 85B)
Class com.google.auto.common.MoreTypes$AsElementVisitor                               : loaded 2 times (x 97B)
Class androidx.room.vo.ShortcutEntity                                                 : loaded 2 times (x 68B)
Class kotlinx.serialization.builtins.BuiltinSerializersKt                             : loaded 2 times (x 67B)
Class kotlinx.serialization.SealedClassSerializer$descriptor$2                        : loaded 2 times (x 75B)
Class androidx.room.migration.bundle.BaseEntityBundle                                 : loaded 2 times (x 75B)
Class kotlinx.serialization.internal.CollectionSerializer                             : loaded 2 times (x 94B)
Class androidx.room.solver.shortcut.binder.CoroutineInsertOrUpsertFunctionBinder      : loaded 2 times (x 69B)
Class androidx.room.parser.SQLiteParser$OffsetContext                                 : loaded 2 times (x 149B)
Class androidx.room.jarjarred.org.antlr.v4.runtime.atn.ProfilingATNSimulator          : loaded 2 times (x 116B)
Class androidx.room.parser.SQLiteParser                                               : loaded 2 times (x 149B)
Class androidx.room.jarjarred.org.antlr.v4.runtime.atn.RuleTransition                 : loaded 2 times (x 73B)
Class androidx.room.compiler.processing.javac.JavacFieldElement                       : loaded 2 times (x 221B)
Class androidx.room.solver.TypeConverterStoreImpl                                     : loaded 2 times (x 76B)
Class kotlin.metadata.internal.extensions.KmClassExtension                            : loaded 2 times (x 66B)
Class kotlin.metadata.internal.metadata.jvm.JvmProtoBuf$JvmPropertySignature$1        : loaded 2 times (x 140B)
Class androidx.room.compiler.processing.util.MemoizedSequence$delegateIterator$2      : loaded 2 times (x 75B)
Class com.google.common.collect.HashBiMap                                             : loaded 2 times (x 139B)
Class org.objectweb.asm.Handler                                                       : loaded 2 times (x 68B)
Class com.google.common.collect.MapMakerInternalMap                                   : loaded 2 times (x 157B)
Class com.google.common.base.Strings                                                  : loaded 2 times (x 67B)
Class com.google.common.collect.Sets                                                  : loaded 2 times (x 67B)
Class com.google.common.base.CharMatcher$FastMatcher                                  : loaded 2 times (x 107B)
Class com.google.common.base.Ticker                                                   : loaded 2 times (x 68B)
Class androidx.room.vo.DeleteOrUpdateShortcutFunction                                 : loaded 2 times (x 68B)
Class androidx.room.solver.query.result.CoroutineFlowResultBinder$convertAndReturn$createBlock$1$WhenMappings: loaded 2 times (x 67B)
Class com.squareup.kotlinpoet.UtilKt$escapeSegmentsIfNecessary$2                      : loaded 2 times (x 74B)
Class androidx.room.writer.EntityDeleteComparator                                     : loaded 2 times (x 85B)
Class androidx.room.solver.shortcut.binder.CoroutineDeleteOrUpdateFunctionBinder$convertAndReturn$performBlock$1: loaded 2 times (x 69B)
Class androidx.room.solver.prepared.binder.CoroutinePreparedQueryResultBinder$executeAndReturn$performBlock$1: loaded 2 times (x 69B)
Class androidx.room.ext.LambdaSpec                                                    : loaded 2 times (x 69B)
Class kotlinx.serialization.SealedClassSerializer$descriptor$2$1                      : loaded 2 times (x 75B)
Class org.gradle.api.internal.classpath.EffectiveClassPath                            : loaded 2 times (x 86B)
Class androidx.room.parser.SQLiteParser$Window_nameContext                            : loaded 2 times (x 148B)
Class androidx.room.jarjarred.org.antlr.v4.runtime.Token                              : loaded 2 times (x 66B)
Class androidx.room.processor.SuspendFunctionProcessorDelegate                        : loaded 2 times (x 76B)
Class org.sqlite.SQLiteOpenMode                                                       : loaded 2 times (x 75B)
Class androidx.room.compiler.processing.javac.JavacMethodType$NormalMethodType        : loaded 2 times (x 87B)
Class kotlin.io.FileTreeWalk$FileTreeWalkIterator                                     : loaded 2 times (x 79B)
Class org.jetbrains.org.objectweb.asm.ClassReader                                     : loaded 2 times (x 87B)
Class kotlin.metadata.Attributes$isNullCheckPredicate$2                               : loaded 2 times (x 133B)
Class kotlin.metadata.internal.metadata.deserialization.ProtoBufUtilKt                : loaded 2 times (x 67B)
Class [Landroidx.room.compiler.codegen.CodeLanguage;                                  : loaded 2 times (x 65B)
Class androidx.room.compiler.processing.XRoundEnv                                     : loaded 2 times (x 66B)
Class com.google.common.cache.RemovalCause$1                                          : loaded 2 times (x 76B)
Class [Lcom.google.common.cache.LocalCache$Segment;                                   : loaded 2 times (x 65B)
Class [Lcom.google.common.cache.LocalCache$Strength;                                  : loaded 2 times (x 65B)
Class com.google.common.cache.CacheBuilder$1                                          : loaded 2 times (x 81B)
Class org.gradle.internal.classpath.DefaultClassPath$ImmutableUniqueList$Builder      : loaded 2 times (x 71B)
Class com.squareup.javapoet.LineWrapper$RecordingAppendable                           : loaded 2 times (x 73B)
Class kotlin.metadata.internal.protobuf.GeneratedMessageLite$ExtendableMessageOrBuilder: loaded 2 times (x 66B)
Class kotlin.metadata.internal.metadata.jvm.JvmProtoBuf$StringTableTypesOrBuilder     : loaded 2 times (x 66B)
Class kotlin.metadata.internal.protobuf.GeneratedMessageLite$1                        : loaded 2 times (x 67B)
Class androidx.room.compiler.codegen.java.JavaTypeSpec$Builder                        : loaded 2 times (x 86B)
Class androidx.room.compiler.codegen.XName                                            : loaded 2 times (x 68B)
Class androidx.room.writer.TypeWriter$WriterContext                                   : loaded 2 times (x 68B)
Class kotlinx.serialization.descriptors.SerialDescriptorsKt                           : loaded 2 times (x 67B)
Class kotlinx.serialization.internal.ArrayListClassDesc                               : loaded 2 times (x 92B)
Class [Lkotlinx.serialization.SerializationStrategy;                                  : loaded 2 times (x 65B)
Class androidx.room.migration.bundle.FieldBundle                                      : loaded 2 times (x 71B)
Class androidx.room.solver.shortcut.result.InsertOrUpsertFunctionAdapter$Companion    : loaded 2 times (x 67B)
Class androidx.room.verifier.ColumnInfo                                               : loaded 2 times (x 68B)
Class androidx.room.parser.SQLiteParser$Update_stmt_limitedContext                    : loaded 2 times (x 171B)
Class androidx.room.jarjarred.org.antlr.v4.runtime.Vocabulary                         : loaded 2 times (x 66B)
Class androidx.room.jarjarred.org.antlr.v4.runtime.tree.RuleNode                      : loaded 2 times (x 66B)
Class androidx.room.compiler.processing.XMethodTypeKt                                 : loaded 2 times (x 67B)
Class org.sqlite.jdbc4.JDBC4DatabaseMetaData                                          : loaded 2 times (x 437B)
Class androidx.room.compiler.processing.javac.JavacConstructorElement$typeParameters$2: loaded 2 times (x 75B)
Class androidx.room.ext.Xtype_extKt                                                   : loaded 2 times (x 67B)
Class androidx.room.solver.prepared.binderprovider.RxPreparedQueryResultBinderProvider: loaded 2 times (x 75B)
Class kotlin.metadata.Attributes$visibility$18                                        : loaded 2 times (x 133B)
Class kotlin.metadata.internal.metadata.jvm.JvmProtoBuf$JvmPropertySignature$Builder  : loaded 2 times (x 137B)
Class androidx.room.compiler.processing.javac.JavacArrayType$componentType$2          : loaded 2 times (x 75B)
Class androidx.room.compiler.processing.javac.JavacDeclaredType                       : loaded 2 times (x 181B)
Class androidx.room.log.RLog$Companion                                                : loaded 2 times (x 67B)
Class kotlin.io.FileTreeWalk$WalkState                                                : loaded 2 times (x 69B)
Class com.google.common.cache.RemovalCause$2                                          : loaded 2 times (x 76B)
Class com.google.common.collect.MapMakerInternalMap$WeakValueReference                : loaded 2 times (x 66B)
Class com.google.common.collect.AbstractRangeSet                                      : loaded 2 times (x 110B)
Class com.google.common.base.CharMatcher$NegatedFastMatcher                           : loaded 2 times (x 109B)
Class com.google.common.cache.LocalCache                                              : loaded 2 times (x 183B)
Class com.google.common.cache.CacheBuilder$2                                          : loaded 2 times (x 68B)
Class androidx.room.compiler.codegen.XName$Companion                                  : loaded 2 times (x 67B)
Class androidx.room.solver.shortcut.binderprovider.InstantDeleteOrUpdateFunctionBinderProvider: loaded 2 times (x 72B)
Class kotlin.metadata.internal.metadata.ProtoBuf$Type$Argument$1                      : loaded 2 times (x 140B)
Class androidx.room.compiler.processing.javac.JavacAnnotationValue$value$2            : loaded 2 times (x 75B)
Class androidx.room.compiler.processing.javac.JavacFieldElement$syntheticMethodForAnnotations$2: loaded 2 times (x 75B)
Class androidx.room.jarjarred.org.antlr.v4.runtime.atn.NotSetTransition               : loaded 2 times (x 72B)
Class androidx.room.writer.TypeWriter$SharedPropertySpec                              : loaded 2 times (x 71B)
Class androidx.room.parser.SQLiteParser$Type_nameContext                              : loaded 2 times (x 154B)
Class androidx.room.RoomMasterTable                                                   : loaded 2 times (x 67B)
Class androidx.room.vo.TransactionFunction                                            : loaded 2 times (x 68B)
Class androidx.room.parser.SQLiteParser$Base_window_nameContext                       : loaded 2 times (x 148B)
Class androidx.room.jarjarred.org.antlr.v4.runtime.atn.ATNDeserializationOptions      : loaded 2 times (x 68B)
Class androidx.room.verifier.DatabaseVerifier$Companion                               : loaded 2 times (x 67B)
Class androidx.room.compiler.processing.javac.kotlin.KmConstructorContainer           : loaded 2 times (x 96B)
Class com.squareup.javapoet.TypeName$1                                                : loaded 2 times (x 105B)
Class androidx.room.compiler.processing.javac.JavacMethodElement$returnType$2         : loaded 2 times (x 75B)
Class androidx.room.parser.SQLiteParser$Index_nameContext                             : loaded 2 times (x 148B)
Class androidx.room.parser.SQLiteParser$Values_clauseContext                          : loaded 2 times (x 152B)
Class androidx.room.vo.BuiltInConverterFlagsKt$WhenMappings                           : loaded 2 times (x 67B)
Class kotlin.metadata.Attributes$hasAnnotations$22                                    : loaded 2 times (x 133B)
Class androidx.room.compiler.processing.javac.kotlin.KmTypeContainer                  : loaded 2 times (x 72B)
Class androidx.room.compiler.processing.javac.kotlin.KmClassContainer$functionList$2  : loaded 2 times (x 75B)
Class androidx.room.compiler.processing.javac.kotlin.KmClassContainer$type$2          : loaded 2 times (x 75B)
Class kotlin.metadata.internal.metadata.jvm.deserialization.JvmNameResolverKt         : loaded 2 times (x 67B)
Class kotlin.metadata.internal.metadata.ProtoBuf$ConstructorOrBuilder                 : loaded 2 times (x 66B)
Class androidx.room.compiler.processing.XProcessingEnv$WhenMappings                   : loaded 2 times (x 67B)
Class androidx.room.parser.SQLTypeAffinity                                            : loaded 2 times (x 75B)
Class androidx.room.parser.SQLiteParser$Compound_operatorContext                      : loaded 2 times (x 151B)
Class androidx.room.compiler.processing.javac.JavacTypeElement$Companion$WhenMappings : loaded 2 times (x 67B)
Class androidx.room.solver.query.result.CoroutineFlowResultBinder                     : loaded 2 times (x 70B)
Class com.google.common.cache.RemovalCause$3                                          : loaded 2 times (x 76B)
Class com.google.common.base.AbstractIterator$1                                       : loaded 2 times (x 67B)
Class com.google.common.base.CharMatcher$Digit                                        : loaded 2 times (x 108B)
Class com.google.common.collect.ArrayListMultimap                                     : loaded 2 times (x 168B)
Class org.gradle.api.GradleException                                                  : loaded 2 times (x 78B)
Class kotlinx.serialization.internal.CollectionLikeSerializer                         : loaded 2 times (x 92B)
Class androidx.room.processor.QueryParameterProcessor                                 : loaded 2 times (x 68B)
Class androidx.room.compiler.codegen.java.JavaFunSpec$Builder                         : loaded 2 times (x 87B)
Class androidx.room.ext.KotlinCollectionMemberNames                                   : loaded 2 times (x 67B)
Class androidx.room.compiler.codegen.XTypeSpec$Builder$Companion                      : loaded 2 times (x 67B)
Class androidx.room.parser.SQLiteParser$Table_or_index_nameContext                    : loaded 2 times (x 148B)
Class androidx.room.parser.SQLiteParser$Order_by_stmtContext                          : loaded 2 times (x 153B)
Class androidx.room.jarjarred.org.antlr.v4.runtime.atn.ATNDeserializer$1              : loaded 2 times (x 67B)
Class com.squareup.javapoet.TypeName$2                                                : loaded 2 times (x 67B)
Class androidx.room.processor.cache.Cache$EntityKey                                   : loaded 2 times (x 68B)
Class kotlin.metadata.internal.metadata.ProtoBuf$VersionRequirement$VersionKind       : loaded 2 times (x 78B)
Class androidx.room.writer.DaoWriter$PreparedStmtQuery                                : loaded 2 times (x 68B)
Class androidx.room.vo.BuiltInConverterFlagsKt                                        : loaded 2 times (x 67B)
Class androidx.room.solver.binderprovider.RxQueryResultBinderProvider$Companion       : loaded 2 times (x 67B)
Class kotlin.metadata.KmValueParameter                                                : loaded 2 times (x 68B)
Class kotlin.metadata.internal.protobuf.ByteString$Output                             : loaded 2 times (x 82B)
Class org.gradle.internal.classloader.ClassLoaderVisitor                              : loaded 2 times (x 72B)
Class androidx.room.compiler.processing.CommonProcessorDelegate$processRound$currentElementsDeferredByStep$1$previousRoundDeferredElementsByAnnotation$1: loaded 2 times (x 74B)
Class org.jetbrains.org.objectweb.asm.SymbolTable$Entry                               : loaded 2 times (x 70B)
Class com.google.common.cache.RemovalCause$4                                          : loaded 2 times (x 76B)
Class com.google.common.base.Suppliers$MemoizingSupplier                              : loaded 2 times (x 75B)
Class org.apache.commons.io.StandardLineSeparator                                     : loaded 2 times (x 75B)
Class com.google.common.base.CharMatcher$JavaIsoControl                               : loaded 2 times (x 108B)
Class com.google.common.base.CharMatcher$None                                         : loaded 2 times (x 108B)
Class org.apache.commons.io.file.PathUtils                                            : loaded 2 times (x 67B)
Class [Lcom.google.common.collect.AbstractIterator$State;                             : loaded 2 times (x 65B)
Class com.google.common.io.ByteSource$ConcatenatedByteSource                          : loaded 2 times (x 81B)
Class org.jetbrains.org.objectweb.asm.ClassVisitor                                    : loaded 2 times (x 83B)
Class androidx.room.compiler.processing.javac.JavacTypeElement$kotlinMetadata$2       : loaded 2 times (x 75B)
Class androidx.room.migration.bundle.SchemaEquality                                   : loaded 2 times (x 66B)
Class androidx.room.parser.SQLiteParser$Any_nameContext                               : loaded 2 times (x 153B)
Class androidx.room.compiler.processing.javac.kotlin.KmVisibility                     : loaded 2 times (x 66B)
Class androidx.room.compiler.processing.javac.JavacMethodElement$propertyName$2       : loaded 2 times (x 75B)
Class androidx.room.solver.RxVersion                                                  : loaded 2 times (x 75B)
Class kotlin.metadata.KmClassifier                                                    : loaded 2 times (x 67B)
Class kotlin.metadata.internal.protobuf.ByteString$ByteIterator                       : loaded 2 times (x 66B)
Class com.google.auto.common.MoreTypes$CastingTypeVisitor                             : loaded 2 times (x 98B)
Class com.google.auto.common.SuperficialValidation$1                                  : loaded 2 times (x 93B)
Class androidx.room.compiler.processing.javac.JavacRoundEnv                           : loaded 2 times (x 73B)
Class kotlin.metadata.internal.metadata.jvm.JvmProtoBuf$JvmFieldSignatureOrBuilder    : loaded 2 times (x 66B)
Class com.google.common.cache.RemovalCause$5                                          : loaded 2 times (x 76B)
Class com.google.common.collect.Maps$AbstractFilteredMap                              : loaded 2 times (x 123B)
Class [Lcom.google.common.collect.MapMakerInternalMap$Strength;                       : loaded 2 times (x 65B)
Class [Lcom.google.common.io.FileWriteMode;                                           : loaded 2 times (x 65B)
Class com.google.common.base.CharMatcher$JavaLowerCase                                : loaded 2 times (x 107B)
Class kotlin.metadata.internal.metadata.jvm.JvmProtoBuf$JvmMethodSignature$Builder    : loaded 2 times (x 130B)
Class kotlin.metadata.Attributes$kind$7                                               : loaded 2 times (x 133B)
Class kotlin.metadata.Attributes$modality$6                                           : loaded 2 times (x 133B)
Class androidx.room.ext.KotlinTypeNames                                               : loaded 2 times (x 67B)
Class androidx.room.compiler.codegen.impl.XCodeBlockImpl                              : loaded 2 times (x 68B)
Class kotlinx.serialization.UnknownFieldException                                     : loaded 2 times (x 78B)
Class org.apache.commons.codec.binary.Hex                                             : loaded 2 times (x 88B)
Class androidx.room.processor.TransactionFunctionProcessor                            : loaded 2 times (x 68B)
Class androidx.room.solver.query.result.QueryMappedRowAdapter                         : loaded 2 times (x 72B)
Class org.sqlite.jdbc4.JDBC4PreparedStatement                                         : loaded 2 times (x 386B)
Class androidx.room.parser.SQLiteParser$Column_name_listContext                       : loaded 2 times (x 153B)
Class androidx.room.jarjarred.org.antlr.v4.runtime.atn.ATNType                        : loaded 2 times (x 75B)
Class org.sqlite.SQLiteConfig$SynchronousMode                                         : loaded 2 times (x 78B)
Class androidx.room.Query                                                             : loaded 2 times (x 66B)
Class androidx.room.compiler.processing.DeclarationCollectorKt$collectFieldsIncludingPrivateSupers$1$yieldAllFields$1: loaded 2 times (x 84B)
Class com.google.auto.value.AutoValue                                                 : loaded 2 times (x 66B)
Class androidx.room.compiler.processing.javac.JavacAnnotationValueKt$UNWRAP_VISITOR$1 : loaded 2 times (x 99B)
Class kotlin.collections.builders.MapBuilder$KeysItr                                  : loaded 2 times (x 77B)
Class [Lkotlin.metadata.internal.metadata.ProtoBuf$Modality;                          : loaded 2 times (x 65B)
Class kotlin.metadata.jvm.internal.JvmTypeExtension$Companion                         : loaded 2 times (x 67B)
Class kotlin.metadata.internal.metadata.jvm.JvmProtoBuf$StringTableTypes$1            : loaded 2 times (x 140B)
Class kotlin.metadata.internal.protobuf.ExtensionRegistryLite                         : loaded 2 times (x 70B)
Class com.google.auto.common.SuperficialValidation$2                                  : loaded 2 times (x 104B)
Class [Lorg.jetbrains.org.objectweb.asm.Symbol;                                       : loaded 2 times (x 65B)
Class com.google.common.collect.MapMakerInternalMap$StrongKeyDummyValueSegment        : loaded 2 times (x 138B)
Class com.google.common.collect.Iterables$4                                           : loaded 2 times (x 77B)
Class com.google.common.cache.LocalCache$WriteThroughEntry                            : loaded 2 times (x 75B)
Class com.google.common.cache.LocalCache$HashIterator                                 : loaded 2 times (x 82B)
Class com.google.common.io.Files                                                      : loaded 2 times (x 67B)
Class com.google.common.cache.LocalCache$EntryFactory                                 : loaded 2 times (x 79B)
Class [Landroidx.room.solver.shortcut.binderprovider.InsertOrUpsertFunctionBinderProvider;: loaded 2 times (x 65B)
Class androidx.room.compiler.processing.javac.JavacExecutableElement$enclosingElement$2: loaded 2 times (x 75B)
Class com.google.auto.common.MoreTypes$ExecutableTypeVisitor                          : loaded 2 times (x 98B)
Class androidx.room.compiler.processing.javac.JavacMethodParameter$closestMemberContainer$2: loaded 2 times (x 75B)
Class androidx.room.compiler.processing.javac.JavacConstructorElement$parameters$2$1$1: loaded 2 times (x 75B)
Class org.sqlite.SQLiteJDBCLoader$VersionHolder                                       : loaded 2 times (x 67B)
Class androidx.room.writer.OpenDelegateWriter                                         : loaded 2 times (x 68B)
Class androidx.room.jarjarred.org.antlr.v4.runtime.CharStream                         : loaded 2 times (x 66B)
Class androidx.room.jarjarred.org.antlr.v4.runtime.tree.ErrorNode                     : loaded 2 times (x 66B)
Class androidx.room.compiler.codegen.XPropertySpec$Builder                            : loaded 2 times (x 66B)
Class kotlinx.serialization.descriptors.PolymorphicKind                               : loaded 2 times (x 67B)
Class kotlinx.serialization.internal.StringSerializer                                 : loaded 2 times (x 78B)
Class androidx.room.parser.SQLiteParser$Unary_operatorContext                         : loaded 2 times (x 151B)
Class androidx.room.parser.SQLiteParser$Signed_numberContext                          : loaded 2 times (x 150B)
Class androidx.room.parser.SQLiteParser$Savepoint_stmtContext                         : loaded 2 times (x 149B)
Class androidx.room.jarjarred.org.antlr.v4.runtime.atn.RangeTransition                : loaded 2 times (x 72B)
Class org.sqlite.SQLiteException                                                      : loaded 2 times (x 92B)
Class androidx.room.verifier.DatabaseVerifier                                         : loaded 2 times (x 68B)
Class androidx.room.parser.SQLiteParser$Frame_leftContext                             : loaded 2 times (x 153B)
Class kotlin.metadata.Attributes$hasAnnotations$26                                    : loaded 2 times (x 133B)
Class kotlin.metadata.jvm.internal.JvmPropertyExtension$Companion                     : loaded 2 times (x 67B)
Class androidx.room.solver.prepared.binder.PreparedQueryResultBinder                  : loaded 2 times (x 69B)
Class androidx.room.compiler.processing.javac.JavacProcessingEnv$WhenMappings         : loaded 2 times (x 67B)
Class androidx.room.solver.shortcut.binder.DeleteOrUpdateFunctionBinder               : loaded 2 times (x 69B)
Class androidx.room.vo.BuiltInConverterFlags                                          : loaded 2 times (x 68B)
Class com.google.auto.common.SuperficialValidation$3                                  : loaded 2 times (x 115B)
Class com.google.common.collect.Iterables$5                                           : loaded 2 times (x 77B)
Class [Lcom.google.common.collect.MapMaker$Dummy;                                     : loaded 2 times (x 65B)
Class com.google.common.reflect.Types$NativeTypeVariableEquals                        : loaded 2 times (x 67B)
Class com.google.common.reflect.TypeParameter                                         : loaded 2 times (x 68B)
Class com.google.common.base.Splitter$1$1                                             : loaded 2 times (x 82B)
Class com.google.common.base.CharMatcher$Whitespace                                   : loaded 2 times (x 108B)
Class com.google.common.cache.LocalCache$AbstractReferenceEntry                       : loaded 2 times (x 103B)
Class org.gradle.internal.IoActions                                                   : loaded 2 times (x 67B)
Class androidx.room.compiler.codegen.kotlin.KotlinPropertySpec                        : loaded 2 times (x 72B)
Class androidx.room.compiler.codegen.impl.XTypeSpecImpl$Builder                       : loaded 2 times (x 86B)
Class org.gradle.internal.classloader.DefaultClassLoaderFactory                       : loaded 2 times (x 78B)
Class com.google.common.base.Suppliers                                                : loaded 2 times (x 67B)
Class [Lcom.google.common.cache.CacheBuilder$OneWeigher;                              : loaded 2 times (x 65B)
Class com.google.common.collect.MapMakerInternalMap$Strength                          : loaded 2 times (x 76B)
Class com.google.common.collect.MapMakerInternalMap$StrongKeyDummyValueEntry$LinkedStrongKeyDummyValueEntry: loaded 2 times (x 78B)
Class org.objectweb.asm.MethodTooLargeException                                       : loaded 2 times (x 79B)
Class androidx.room.writer.DaoWriter$Companion                                        : loaded 2 times (x 67B)
Class androidx.room.solver.query.parameter.CollectionQueryParameterAdapter            : loaded 2 times (x 70B)
Class com.squareup.kotlinpoet.ParameterizedTypeName                                   : loaded 2 times (x 82B)
Class androidx.room.processor.QueryRewriter$Companion                                 : loaded 2 times (x 67B)
Class androidx.room.jarjarred.org.antlr.v4.runtime.dfa.DFA                            : loaded 2 times (x 72B)
Class kotlin.metadata.internal.metadata.ProtoBuf$VersionRequirement$Level             : loaded 2 times (x 78B)
Class kotlin.io.LinesSequence                                                         : loaded 2 times (x 71B)
Class org.jetbrains.kotlin.name.FqNameUnsafe$1                                        : loaded 2 times (x 70B)
Class androidx.room.Fts3                                                              : loaded 2 times (x 66B)
Class [Lkotlin.metadata.internal.metadata.ProtoBuf$MemberKind;                        : loaded 2 times (x 65B)
Class androidx.room.solver.shortcut.binderprovider.RxCallableDeleteOrUpdateFunctionBinderProvider$Companion: loaded 2 times (x 67B)
Class androidx.room.solver.binderprovider.CoroutineFlowResultBinderProvider           : loaded 2 times (x 72B)
Class kotlin.metadata.jvm.JvmFieldSignature                                           : loaded 2 times (x 70B)
Class kotlin.metadata.internal.metadata.ProtoBuf$Class$1                              : loaded 2 times (x 140B)
Class kotlin.metadata.internal.protobuf.WireFormat$JavaType                           : loaded 2 times (x 75B)
Class androidx.room.compiler.codegen.XClassNameKt                                     : loaded 2 times (x 67B)
Class androidx.room.solver.binderprovider.InstantQueryResultBinderProvider            : loaded 2 times (x 72B)
Class androidx.room.solver.types.TypeConverter                                        : loaded 2 times (x 70B)
Class androidx.room.compiler.processing.javac.JavacType$rawType$2                     : loaded 2 times (x 75B)
Class androidx.room.solver.shortcut.binderprovider.RxSingleOrMaybeInsertOrUpsertFunctionBinderProvider: loaded 2 times (x 75B)
Class androidx.room.compiler.processing.XEquality$Companion                           : loaded 2 times (x 67B)
Class org.jetbrains.org.objectweb.asm.Attribute                                       : loaded 2 times (x 71B)
Class org.jetbrains.org.objectweb.asm.Label                                           : loaded 2 times (x 68B)
Class org.objectweb.asm.SymbolTable                                                   : loaded 2 times (x 68B)
Class com.google.common.collect.ImmutableMapKeySet                                    : loaded 2 times (x 146B)
Class com.google.common.collect.ImmutableRangeSet$ComplementRanges                    : loaded 2 times (x 203B)
Class com.google.common.base.CharMatcher$SingleWidth                                  : loaded 2 times (x 108B)
Class com.google.common.cache.CacheLoader$InvalidCacheLoadException                   : loaded 2 times (x 78B)
Class org.gradle.internal.classloader.SystemClassLoaderSpec                           : loaded 2 times (x 67B)
Class androidx.room.compiler.processing.XAnnotation                                   : loaded 2 times (x 66B)
Class androidx.room.compiler.processing.InternalXAnnotationValue                      : loaded 2 times (x 151B)
Class androidx.room.compiler.processing.javac.kotlin.JvmDescriptorTypeVisitor$visitExecutable$parameterDescriptors$1: loaded 2 times (x 75B)
Class androidx.room.compiler.processing.javac.JavacMethodElement$kotlinDefaultImplClass$2: loaded 2 times (x 75B)
Class androidx.room.writer.ValidationWriter                                           : loaded 2 times (x 69B)
Class androidx.room.compiler.codegen.java.ClassNamesKt                                : loaded 2 times (x 67B)
Class kotlin.metadata.internal.extensions.KmTypeParameterExtension                    : loaded 2 times (x 66B)
Class androidx.room.compiler.codegen.java.JavaFunSpecKt                               : loaded 2 times (x 67B)
Class androidx.room.solver.query.result.DataClassRowAdapter                           : loaded 2 times (x 72B)
Class androidx.room.jarjarred.org.antlr.v4.runtime.atn.AtomTransition                 : loaded 2 times (x 72B)
Class androidx.room.jarjarred.org.antlr.v4.runtime.atn.PredictionContext              : loaded 2 times (x 75B)
Class [Landroidx.room.jarjarred.org.antlr.v4.runtime.CodePointBuffer$Type;            : loaded 2 times (x 65B)
Class androidx.room.compiler.processing.XSuspendMethodType                            : loaded 2 times (x 66B)
Class [Lorg.sqlite.SQLiteConfig$Encoding;                                             : loaded 2 times (x 65B)
Class org.sqlite.BusyHandler                                                          : loaded 2 times (x 68B)
Class androidx.room.parser.Collate                                                    : loaded 2 times (x 75B)
Class androidx.room.parser.QueryType                                                  : loaded 2 times (x 75B)
Class androidx.room.Fts4                                                              : loaded 2 times (x 66B)
Class androidx.room.parser.BindParameterNode                                          : loaded 2 times (x 105B)
Class androidx.room.writer.DaoWriter$DeleteOrUpdateAdapterProperty                    : loaded 2 times (x 71B)
Class com.google.common.collect.TransformedListIterator                               : loaded 2 times (x 89B)
Class org.jetbrains.org.objectweb.asm.Frame                                           : loaded 2 times (x 69B)
Class com.google.common.collect.FluentIterable                                        : loaded 2 times (x 77B)
Class com.google.common.cache.LocalCache$StrongEntry                                  : loaded 2 times (x 104B)
Class com.google.common.util.concurrent.AbstractFuture$TrustedFuture                  : loaded 2 times (x 110B)
Class com.google.common.cache.LoadingCache                                            : loaded 2 times (x 66B)
Class com.google.common.reflect.TypeCapture                                           : loaded 2 times (x 67B)
Class org.apache.commons.io.function.IOFunction                                       : loaded 2 times (x 66B)
Class com.google.common.cache.LocalCache$Values                                       : loaded 2 times (x 114B)
Class org.objectweb.asm.ClassVisitor                                                  : loaded 2 times (x 84B)
Class [Lorg.objectweb.asm.Symbol;                                                     : loaded 2 times (x 65B)
Class kotlin.metadata.internal.protobuf.LiteralByteString                             : loaded 2 times (x 108B)
Class androidx.room.solver.types.BoxedBooleanToBoxedIntConverter                      : loaded 2 times (x 67B)
Class androidx.room.compiler.codegen.kotlin.KotlinTypeSpec$Builder                    : loaded 2 times (x 86B)
Class androidx.room.jarjarred.org.antlr.v4.runtime.atn.ATNConfig                      : loaded 2 times (x 70B)
Class androidx.room.processor.DataClassFunctionProcessor                              : loaded 2 times (x 68B)
Class androidx.room.compiler.processing.javac.JavacFieldElement$kotlinMetadata$2      : loaded 2 times (x 75B)
Class androidx.room.solver.binderprovider.CursorQueryResultBinderProvider             : loaded 2 times (x 72B)
Class kotlin.metadata.internal.metadata.ProtoBuf$Expression$ConstantValue             : loaded 2 times (x 78B)
Class androidx.room.compiler.processing.javac.JavacExecutableElement                  : loaded 2 times (x 217B)
Class kotlin.metadata.internal.ReadContext                                            : loaded 2 times (x 68B)
Class kotlin.metadata.internal.metadata.jvm.deserialization.JvmNameResolver           : loaded 2 times (x 76B)
Class androidx.room.compiler.codegen.XTypeNameKt                                      : loaded 2 times (x 67B)
Class androidx.room.vo.Database                                                       : loaded 2 times (x 68B)
Class androidx.room.compiler.processing.javac.JavacElement                            : loaded 2 times (x 173B)
Class kotlin.io.FileTreeWalk$FileTreeWalkIterator$TopDownDirectoryState               : loaded 2 times (x 70B)
Class com.google.common.io.ByteStreams$LimitedInputStream                             : loaded 2 times (x 88B)
Class org.objectweb.asm.MethodWriter                                                  : loaded 2 times (x 102B)
Class com.google.common.base.Suppliers$NonSerializableMemoizingSupplier               : loaded 2 times (x 75B)
Class [Lcom.google.common.cache.Weigher;                                              : loaded 2 times (x 65B)
Class androidx.room.compiler.processing.javac.kotlin.KmPropertyContainer              : loaded 2 times (x 75B)
Class androidx.room.compiler.processing.XConstructorElement                           : loaded 2 times (x 66B)
Class androidx.room.compiler.codegen.compat.XConverters                               : loaded 2 times (x 67B)
Class androidx.room.parser.SQLiteLexer                                                : loaded 2 times (x 138B)
Class kotlin.metadata.KmClassifier$TypeParameter                                      : loaded 2 times (x 67B)
Class org.sqlite.JDBC                                                                 : loaded 2 times (x 83B)
Class org.sqlite.SQLiteConfig$JournalMode                                             : loaded 2 times (x 78B)
Class kotlin.metadata.internal.metadata.ProtoBuf$TypeParameter$Variance               : loaded 2 times (x 78B)
Class androidx.room.compiler.codegen.XClassName$Companion                             : loaded 2 times (x 67B)
Class androidx.room.compiler.processing.javac.JavacType$typeName$2                    : loaded 2 times (x 75B)
Class kotlin.text.Charsets                                                            : loaded 2 times (x 67B)
Class com.google.common.collect.ImmutableMultimap$1                                   : loaded 2 times (x 78B)
Class com.google.common.collect.AbstractMapBasedMultimap$RandomAccessWrappedList      : loaded 2 times (x 201B)
Class [Lorg.sqlite.SQLiteConfig$LockingMode;                                          : loaded 2 times (x 65B)
Class [Lorg.sqlite.SQLiteLimits;                                                      : loaded 2 times (x 65B)
Class androidx.room.compiler.processing.javac.TypeMirrorExtKt$extendsBound$1          : loaded 2 times (x 97B)
Class androidx.room.jarjarred.org.antlr.v4.runtime.misc.DoubleKeyMap                  : loaded 2 times (x 74B)
Class [Lkotlinx.serialization.KSerializer;                                            : loaded 2 times (x 65B)
Class androidx.room.migration.bundle.BaseEntityBundle$Companion                       : loaded 2 times (x 67B)
Class androidx.room.ext.RoomMemberNames                                               : loaded 2 times (x 67B)
Class androidx.room.compiler.codegen.compat.XConverters$WhenMappings                  : loaded 2 times (x 67B)
Class [Lcom.squareup.javapoet.TypeName;                                               : loaded 2 times (x 65B)
Class androidx.room.solver.query.result.QueryMappedRowAdapter$Mapping                 : loaded 2 times (x 68B)
Class org.sqlite.jdbc3.JDBC3PreparedStatement                                         : loaded 2 times (x 251B)
Class androidx.room.parser.SQLiteParser$Analyze_stmtContext                           : loaded 2 times (x 151B)
Class [Landroidx.room.jarjarred.org.antlr.v4.runtime.atn.ATNType;                     : loaded 2 times (x 65B)
Class androidx.room.jarjarred.org.antlr.v4.runtime.atn.Transition                     : loaded 2 times (x 72B)
Class kotlin.metadata.internal.metadata.ProtoBuf$VersionRequirement                   : loaded 2 times (x 112B)
Class androidx.room.processor.QueryFunctionProcessor                                  : loaded 2 times (x 68B)
Class org.sqlite.Function                                                             : loaded 2 times (x 69B)
Class kotlinx.serialization.internal.PluginGeneratedSerialDescriptor$childSerializers$2: loaded 2 times (x 75B)
Class androidx.room.compiler.processing.javac.JavacPackageElement                     : loaded 2 times (x 187B)
Class androidx.room.solver.prepared.binderprovider.GuavaListenableFuturePreparedQueryResultBinderProvider: loaded 2 times (x 72B)
Class androidx.room.solver.binderprovider.PagingSourceQueryResultBinderProviderKt     : loaded 2 times (x 67B)
Class kotlin.metadata.internal.metadata.ProtoBuf$MemberKind$1                         : loaded 2 times (x 70B)
Class kotlin.metadata.internal.metadata.deserialization.VersionRequirementTable       : loaded 2 times (x 68B)
Class kotlin.metadata.internal.protobuf.InvalidProtocolBufferException                : loaded 2 times (x 80B)
Class androidx.room.ext.RoomTypeNames                                                 : loaded 2 times (x 67B)
Class androidx.room.compiler.processing.javac.JavacArrayType$xTypeName$2              : loaded 2 times (x 75B)
Class kotlin.collections.builders.ListBuilder$Itr                                     : loaded 2 times (x 90B)
Class com.google.common.collect.AbstractIterator$State                                : loaded 2 times (x 75B)
Class com.google.common.collect.ImmutableMultimap$2                                   : loaded 2 times (x 77B)
Class com.google.common.reflect.Types$JavaVersion$1                                   : loaded 2 times (x 79B)
Class com.google.common.base.CharMatcher$Negated                                      : loaded 2 times (x 109B)
Class com.google.common.base.CharMatcher$Is                                           : loaded 2 times (x 107B)
Class com.google.common.cache.LocalCache$ValueReference                               : loaded 2 times (x 66B)
Class androidx.room.compiler.processing.XEnumTypeElementKt                            : loaded 2 times (x 67B)
Class org.apache.commons.io.FileSystem                                                : loaded 2 times (x 76B)
Class com.google.common.io.ByteArrayDataOutput                                        : loaded 2 times (x 66B)
Class androidx.room.compiler.processing.javac.JavacElement$docComment$2               : loaded 2 times (x 75B)
Class [Landroidx.room.compiler.codegen.XParameterSpec$Builder;                        : loaded 2 times (x 65B)
Class androidx.room.migration.bundle.ForeignKeyBundle$$serializer                     : loaded 2 times (x 82B)
Class kotlinx.serialization.internal.GeneratedSerializer                              : loaded 2 times (x 66B)
Class kotlinx.serialization.descriptors.PrimitiveKind$STRING                          : loaded 2 times (x 67B)
Class androidx.room.verifier.QueryResultInfo                                          : loaded 2 times (x 68B)
Class androidx.room.jarjarred.org.antlr.v4.runtime.atn.PredictionMode                 : loaded 2 times (x 75B)
Class androidx.room.parser.SQLiteParser$Pragma_nameContext                            : loaded 2 times (x 148B)
Class androidx.room.parser.SQLiteParser$Trigger_nameContext                           : loaded 2 times (x 148B)
Class androidx.room.parser.SQLiteParser$Frame_singleContext                           : loaded 2 times (x 152B)
Class androidx.room.jarjarred.org.antlr.v4.runtime.TokenStream                        : loaded 2 times (x 66B)
Class androidx.room.jarjarred.org.antlr.v4.runtime.atn.PredictionContextCache         : loaded 2 times (x 71B)
Class androidx.room.processor.FunctionProcessorDelegate$Companion                     : loaded 2 times (x 67B)
Class androidx.room.compiler.processing.javac.JavacTypeElement$packageName$2          : loaded 2 times (x 75B)
Class androidx.room.compiler.processing.javac.kotlin.KmFunctionContainerImpl          : loaded 2 times (x 96B)
Class androidx.room.compiler.processing.javac.JavacAnnotationValueKt                  : loaded 2 times (x 67B)
Class kotlin.metadata.internal.ReadersKt$WhenMappings                                 : loaded 2 times (x 67B)
Class kotlin.metadata.jvm.KotlinClassMetadata$Class                                   : loaded 2 times (x 73B)
Class kotlin.metadata.internal.metadata.jvm.JvmProtoBuf$JvmPropertySignature          : loaded 2 times (x 110B)
Class androidx.room.processor.DatabaseProcessor                                       : loaded 2 times (x 68B)
Class androidx.room.solver.types.SingleStatementTypeConverter                         : loaded 2 times (x 71B)
Class kotlin.metadata.jvm.JvmMemberSignatureKt                                        : loaded 2 times (x 67B)
Class kotlin.metadata.KmClassifier$Class                                              : loaded 2 times (x 68B)
Class kotlin.metadata.internal.metadata.jvm.JvmProtoBuf$JvmPropertySignatureOrBuilder : loaded 2 times (x 66B)
Class kotlin.metadata.internal.metadata.ProtoBuf$Constructor                          : loaded 2 times (x 120B)
Class kotlin.metadata.Modality                                                        : loaded 2 times (x 75B)
Class [Lkotlin.metadata.Modality;                                                     : loaded 2 times (x 65B)
Class androidx.room.solver.TypeAdapterStore$Companion                                 : loaded 2 times (x 67B)
Class androidx.room.compiler.codegen.CodeLanguage                                     : loaded 2 times (x 75B)
Class com.google.auto.common.MoreElements$CastingElementVisitor                       : loaded 2 times (x 89B)
Class androidx.room.compiler.processing.javac.JavacAnnotation$type$2                  : loaded 2 times (x 75B)
Class [Lorg.jetbrains.org.objectweb.asm.AnnotationVisitor;                            : loaded 2 times (x 65B)
Class com.google.common.hash.PrimitiveSink                                            : loaded 2 times (x 66B)
Class com.google.common.reflect.Types$JavaVersion$2                                   : loaded 2 times (x 79B)
Class com.google.common.reflect.Types                                                 : loaded 2 times (x 67B)
Class com.google.common.util.concurrent.AbstractFuture$Failure                        : loaded 2 times (x 68B)
Class org.sqlite.date.FormatCache                                                     : loaded 2 times (x 74B)
Class androidx.room.jarjarred.org.antlr.v4.runtime.BaseErrorListener                  : loaded 2 times (x 77B)
Class androidx.room.parser.SQLiteParser$Window_function_invocationContext             : loaded 2 times (x 159B)
Class org.apache.commons.codec.BinaryEncoder                                          : loaded 2 times (x 66B)
Class androidx.room.solver.query.result.SingleItemQueryResultAdapter                  : loaded 2 times (x 69B)
Class androidx.room.compiler.codegen.impl.XTypeSpecImpl$name$2                        : loaded 2 times (x 75B)
Class androidx.room.compiler.codegen.impl.XParameterSpecImpl                          : loaded 2 times (x 72B)
Class org.gradle.api.internal.classpath.ManifestUtil                                  : loaded 2 times (x 67B)
Class androidx.room.writer.TypeWriter                                                 : loaded 2 times (x 70B)
Class androidx.room.jarjarred.org.antlr.v4.runtime.CommonToken                        : loaded 2 times (x 107B)
Class androidx.room.parser.SQLiteParser$Schema_nameContext                            : loaded 2 times (x 148B)
Class androidx.room.jarjarred.org.antlr.v4.runtime.misc.EqualityComparator            : loaded 2 times (x 66B)
Class androidx.room.jarjarred.org.antlr.v4.runtime.atn.ActionTransition               : loaded 2 times (x 72B)
Class androidx.room.compiler.processing.XVariableElement                              : loaded 2 times (x 66B)
Class [Lcom.google.auto.common.Visibility;                                            : loaded 2 times (x 65B)
Class com.google.common.collect.AbstractMapBasedMultimap$WrappedCollection            : loaded 2 times (x 120B)
Class kotlin.metadata.internal.metadata.ProtoBuf$Type$Argument                        : loaded 2 times (x 106B)
Class com.google.common.util.concurrent.ExecutionError                                : loaded 2 times (x 78B)
Class com.google.auto.common.AnnotationMirrors$1                                      : loaded 2 times (x 80B)
Class com.google.common.collect.ImmutableEnumSet                                      : loaded 2 times (x 142B)
Class kotlin.metadata.internal.metadata.ProtoBuf$Modality                             : loaded 2 times (x 78B)
Class kotlin.metadata.internal.metadata.deserialization.Flags$FlagField               : loaded 2 times (x 69B)
Class kotlin.metadata.internal.protobuf.GeneratedMessageLite$GeneratedExtension       : loaded 2 times (x 75B)
Class kotlin.metadata.internal.protobuf.AbstractMessageLite$Builder$LimitedInputStream: loaded 2 times (x 88B)
Class androidx.room.compiler.processing.javac.kotlin.KmData                           : loaded 2 times (x 66B)
Class com.google.common.collect.ImmutableSetMultimap                                  : loaded 2 times (x 176B)
Class org.objectweb.asm.Label                                                         : loaded 2 times (x 69B)
Class org.objectweb.asm.CurrentFrame                                                  : loaded 2 times (x 69B)
Class org.objectweb.asm.ClassTooLargeException                                        : loaded 2 times (x 79B)
Class com.google.common.reflect.Types$JavaVersion$3                                   : loaded 2 times (x 79B)
Class [Lorg.apache.commons.io.file.DeleteOption;                                      : loaded 2 times (x 65B)
Class com.google.common.io.CharSink                                                   : loaded 2 times (x 75B)
Class com.google.common.base.CharMatcher                                              : loaded 2 times (x 107B)
Class com.google.common.base.Joiner$1                                                 : loaded 2 times (x 76B)
Class com.google.common.collect.ImmutableBiMap$SerializedForm                         : loaded 2 times (x 71B)
Class [Lcom.google.common.cache.RemovalCause;                                         : loaded 2 times (x 65B)
Class androidx.room.writer.ValidationWriter$CountingCodeGenScope                      : loaded 2 times (x 68B)
Class androidx.room.writer.TableInfoValidationWriter                                  : loaded 2 times (x 69B)
Class androidx.room.ext.SQLiteDriverMemberNames                                       : loaded 2 times (x 67B)
Class androidx.room.compiler.codegen.XFileSpec                                        : loaded 2 times (x 66B)
Class androidx.room.compiler.codegen.java.JavaTypeSpec                                : loaded 2 times (x 71B)
Class androidx.room.compiler.codegen.XParameterSpec$Builder                           : loaded 2 times (x 66B)
Class androidx.room.compiler.codegen.XCodeBlock$Builder                               : loaded 2 times (x 66B)
Class androidx.room.jarjarred.org.antlr.v4.runtime.dfa.DFAState$PredPrediction        : loaded 2 times (x 68B)
Class androidx.room.vo.Dao                                                            : loaded 2 times (x 68B)
Class androidx.room.jarjarred.org.antlr.v4.runtime.InputMismatchException             : loaded 2 times (x 85B)
Class androidx.room.parser.SQLiteParser$Returning_clauseContext                       : loaded 2 times (x 152B)
Class org.sqlite.SQLiteConfig$TransactionMode                                         : loaded 2 times (x 78B)
Class androidx.room.Update                                                            : loaded 2 times (x 66B)
Class androidx.room.PrimaryKey                                                        : loaded 2 times (x 66B)
Class androidx.room.solver.shortcut.binderprovider.InstantInsertOrUpsertFunctionBinderProvider: loaded 2 times (x 72B)
Class androidx.room.ext.PagingTypeNames                                               : loaded 2 times (x 67B)
Class kotlin.metadata.KmPropertyAccessorAttributes                                    : loaded 2 times (x 67B)
Class kotlin.metadata.internal.metadata.jvm.deserialization.ClassMapperLite           : loaded 2 times (x 67B)
Class kotlin.metadata.internal.metadata.jvm.deserialization.UtfEncodingKt             : loaded 2 times (x 67B)
Class kotlin.metadata.internal.metadata.ProtoBuf$ValueParameterOrBuilder              : loaded 2 times (x 66B)
Class kotlin.metadata.internal.protobuf.MessageLiteOrBuilder                          : loaded 2 times (x 66B)
Class kotlin.metadata.internal.metadata.jvm.JvmProtoBuf                               : loaded 2 times (x 67B)
Class kotlin.metadata.jvm.KotlinClassMetadata                                         : loaded 2 times (x 72B)
Class com.google.auto.common.MoreTypes$IsTypeOf                                       : loaded 2 times (x 97B)
Class org.jetbrains.org.objectweb.asm.RecordComponentWriter                           : loaded 2 times (x 74B)
Class com.google.common.io.ByteSource$AsCharSource                                    : loaded 2 times (x 82B)
Class org.objectweb.asm.Frame                                                         : loaded 2 times (x 69B)
Class org.objectweb.asm.MethodVisitor                                                 : loaded 2 times (x 101B)
Class com.google.common.collect.MapMakerInternalMap$InternalEntryHelper               : loaded 2 times (x 66B)
Class com.google.common.reflect.Types$JavaVersion$4                                   : loaded 2 times (x 79B)
Class com.google.common.collect.Maps$IteratorBasedAbstractMap                         : loaded 2 times (x 121B)
Class com.google.common.collect.RangeGwtSerializationDependencies                     : loaded 2 times (x 67B)
Class com.google.common.collect.Table                                                 : loaded 2 times (x 66B)
Class com.google.common.base.CharMatcher$1                                            : loaded 2 times (x 109B)
Class com.google.common.base.CharMatcher$NamedFastMatcher                             : loaded 2 times (x 108B)
Class com.google.common.base.Joiner$2                                                 : loaded 2 times (x 75B)
Class com.google.common.cache.LocalCache$EntryFactory$1                               : loaded 2 times (x 79B)
Class [Lcom.google.common.cache.RemovalListener;                                      : loaded 2 times (x 65B)
Class com.google.auto.common.MoreTypes$DeclaredTypeVisitor                            : loaded 2 times (x 98B)
Class kotlin.metadata.internal.protobuf.BoundedByteString                             : loaded 2 times (x 108B)
Class kotlin.metadata.internal.metadata.ProtoBuf$Function$1                           : loaded 2 times (x 140B)
Class kotlin.metadata.internal.extensions.KmFunctionExtension                         : loaded 2 times (x 66B)
Class kotlin.metadata.Attributes$modality$2                                           : loaded 2 times (x 133B)
Class org.apache.commons.codec.Encoder                                                : loaded 2 times (x 66B)
Class androidx.room.solver.shortcut.result.InsertOrUpsertFunctionAdapter$Companion$createInsert$1: loaded 2 times (x 121B)
Class androidx.room.jarjarred.org.antlr.v4.runtime.atn.ParserATNSimulator$1           : loaded 2 times (x 73B)
Class androidx.room.parser.SQLiteParser$Compound_select_stmtContext                   : loaded 2 times (x 160B)
Class androidx.room.jarjarred.org.antlr.v4.runtime.atn.ATN                            : loaded 2 times (x 76B)
Class androidx.room.jarjarred.org.antlr.v4.runtime.atn.StarLoopEntryState             : loaded 2 times (x 79B)
Class org.sqlite.core.CoreDatabaseMetaData                                            : loaded 2 times (x 436B)
Class androidx.room.Ignore                                                            : loaded 2 times (x 66B)
Class androidx.room.Embedded                                                          : loaded 2 times (x 66B)
Class [Lkotlin.metadata.internal.metadata.ProtoBuf$VersionRequirement$VersionKind;    : loaded 2 times (x 65B)
Class kotlin.metadata.MemberKind                                                      : loaded 2 times (x 75B)
Class kotlin.metadata.internal.protobuf.WireFormat                                    : loaded 2 times (x 67B)
Class kotlin.metadata.internal.protobuf.WireFormat$FieldType                          : loaded 2 times (x 79B)
Class kotlin.metadata.internal.metadata.jvm.deserialization.JvmMetadataVersion$Companion: loaded 2 times (x 67B)
Class kotlin.metadata.internal.metadata.jvm.deserialization.JvmMetadataVersion        : loaded 2 times (x 70B)
Class kotlin.metadata.internal.metadata.deserialization.BinaryVersion                 : loaded 2 times (x 70B)
Class kotlin.metadata.jvm.internal.JvmReadUtils                                       : loaded 2 times (x 67B)
Class androidx.room.compiler.processing.XType                                         : loaded 2 times (x 66B)
Class org.jetbrains.org.objectweb.asm.MethodWriter                                    : loaded 2 times (x 101B)
Class com.google.common.reflect.Types$JavaVersion$5                                   : loaded 2 times (x 67B)
Class [Lcom.google.common.reflect.Types$ClassOwnership;                               : loaded 2 times (x 65B)
Class com.google.common.collect.RangeSet                                              : loaded 2 times (x 66B)
Class com.google.common.cache.LocalCache$EntryFactory$2                               : loaded 2 times (x 79B)
Class org.gradle.api.internal.classpath.GlobalCacheRootsProvider                      : loaded 2 times (x 66B)
Class [Lkotlin.metadata.Visibility;                                                   : loaded 2 times (x 65B)
Class androidx.room.vo.Properties                                                     : loaded 2 times (x 169B)
Class org.sqlite.SQLiteJDBCLoader                                                     : loaded 2 times (x 67B)
Class org.sqlite.SQLiteConfig$Pragma                                                  : loaded 2 times (x 75B)
Class org.sqlite.ExtendedCommand                                                      : loaded 2 times (x 67B)
Class androidx.room.jarjarred.org.antlr.v4.runtime.ANTLRErrorStrategy                 : loaded 2 times (x 66B)
Class androidx.room.solver.types.PrimitiveColumnTypeAdapter$WhenMappings              : loaded 2 times (x 67B)
Class androidx.room.parser.SQLiteParser$Recursive_selectContext                       : loaded 2 times (x 148B)
Class androidx.room.parser.SQLiteParser$Column_constraintContext                      : loaded 2 times (x 172B)
Class org.sqlite.date.FastDatePrinter$NumberRule                                      : loaded 2 times (x 66B)
Class org.sqlite.date.FastDateFormat                                                  : loaded 2 times (x 110B)
Class androidx.room.parser.SQLiteParser$Comma_separated_exprContext                   : loaded 2 times (x 151B)
Class androidx.room.compiler.processing.javac.kotlin.KmFunctionContainer              : loaded 2 times (x 66B)
Class androidx.room.ext.Xelement_extKt                                                : loaded 2 times (x 67B)
Class androidx.room.solver.prepared.binderprovider.InstantPreparedQueryResultBinderProvider: loaded 2 times (x 72B)
Class kotlinx.serialization.internal.AbstractCollectionSerializer                     : loaded 2 times (x 90B)
Class kotlin.metadata.internal.metadata.deserialization.TypeTable                     : loaded 2 times (x 68B)
Class androidx.room.compiler.processing.XMessager                                     : loaded 2 times (x 69B)
Class androidx.room.compiler.processing.javac.JavacTypeElement$allFieldsIncludingPrivateSupers$1: loaded 2 times (x 75B)
Class org.objectweb.asm.ModuleWriter                                                  : loaded 2 times (x 78B)
Class com.google.common.collect.CollectCollectors                                     : loaded 2 times (x 67B)
Class com.google.common.cache.LocalCache$EntryFactory$3                               : loaded 2 times (x 79B)
Class com.google.common.base.Ticker$1                                                 : loaded 2 times (x 68B)
Class androidx.room.solver.shortcut.result.DeleteOrUpdateFunctionAdapter$Companion    : loaded 2 times (x 67B)
Class androidx.room.solver.TypeConverterStoreImpl$getAllTypeConverters$$inlined$sortedByDescending$1: loaded 2 times (x 86B)
Class [Landroidx.room.compiler.codegen.XTypeSpec$Builder;                             : loaded 2 times (x 65B)
Class androidx.room.compiler.codegen.XFunSpec$Companion                               : loaded 2 times (x 67B)
Class androidx.room.compiler.codegen.impl.XPropertySpecImpl                           : loaded 2 times (x 72B)
Class androidx.room.vo.RelationCollector$LongSparseArrayKeyQueryParameterAdapter      : loaded 2 times (x 69B)
Class androidx.room.parser.Section$BindVar                                            : loaded 2 times (x 69B)
Class androidx.room.jarjarred.org.antlr.v4.runtime.atn.ATNConfigSet$ConfigEqualityComparator: loaded 2 times (x 73B)
Class androidx.room.jarjarred.org.antlr.v4.runtime.misc.IntegerList                   : loaded 2 times (x 68B)
Class androidx.room.jarjarred.org.antlr.v4.runtime.atn.DecisionState                  : loaded 2 times (x 78B)
Class androidx.room.processor.DaoProcessor$Companion                                  : loaded 2 times (x 67B)
Class androidx.room.compiler.processing.javac.kotlin.JvmDescriptorTypeVisitor         : loaded 2 times (x 95B)
Class kotlin.metadata.KmConstructor                                                   : loaded 2 times (x 68B)
Class kotlin.metadata.internal.extensions.ExtensionNodesKt                            : loaded 2 times (x 67B)
Class kotlin.metadata.internal.metadata.ProtoBuf$Package$1                            : loaded 2 times (x 140B)
Class kotlin.metadata.internal.protobuf.SmallSortedMap$EmptySet$1                     : loaded 2 times (x 74B)
Class androidx.room.solver.types.PrimitiveColumnTypeAdapter                           : loaded 2 times (x 81B)
Class androidx.room.log.RLog                                                          : loaded 2 times (x 68B)
Class org.gradle.internal.classloader.ClassLoaderHierarchy                            : loaded 2 times (x 66B)
Class [Lkotlin.jvm.functions.Function1;                                               : loaded 2 times (x 65B)
Class org.jetbrains.org.objectweb.asm.RecordComponentVisitor                          : loaded 2 times (x 73B)
Class com.google.common.collect.CollectSpliterators$1                                 : loaded 2 times (x 86B)
Class com.google.common.collect.ImmutableSet$Builder                                  : loaded 2 times (x 81B)
Class com.google.common.base.CharMatcher$InRange                                      : loaded 2 times (x 107B)
Class com.google.common.cache.LocalCache$EntryFactory$4                               : loaded 2 times (x 79B)
Class com.google.common.base.CharMatcher$IsEither                                     : loaded 2 times (x 107B)
Class [Lcom.google.common.base.AbstractIterator$State;                                : loaded 2 times (x 65B)
Class androidx.room.compiler.codegen.kotlin.KotlinTypeSpec                            : loaded 2 times (x 71B)
Class com.google.common.io.FileWriteMode                                              : loaded 2 times (x 75B)
Class [Lcom.google.common.collect.MapMakerInternalMap$Segment;                        : loaded 2 times (x 65B)
Class com.google.common.cache.LocalCache$ValueIterator                                : loaded 2 times (x 82B)
Class androidx.room.ConstructedBy                                                     : loaded 2 times (x 66B)
Class androidx.room.solver.TypeAdapterStore                                           : loaded 2 times (x 68B)
Class androidx.room.jarjarred.org.antlr.v4.runtime.atn.SemanticContext$Empty          : loaded 2 times (x 69B)
Class androidx.room.parser.SQLiteParser$Column_nameContext                            : loaded 2 times (x 148B)
Class androidx.room.parser.SQLiteParser$AliasContext                                  : loaded 2 times (x 148B)
Class androidx.room.jarjarred.org.antlr.v4.runtime.Parser                             : loaded 2 times (x 149B)
Class androidx.room.jarjarred.org.antlr.v4.runtime.misc.Array2DHashSet                : loaded 2 times (x 136B)
Class androidx.room.jarjarred.org.antlr.v4.runtime.atn.PlusBlockStartState            : loaded 2 times (x 79B)
Class androidx.room.vo.DaoFunction                                                    : loaded 2 times (x 68B)
Class androidx.room.vo.HasPropertiesKt                                                : loaded 2 times (x 67B)
Class androidx.room.compiler.processing.javac.kotlin.KmClassContainer                 : loaded 2 times (x 75B)
Class kotlin.metadata.internal.FlagImpl                                               : loaded 2 times (x 67B)
Class kotlin.metadata.jvm.JvmMetadataVersion                                          : loaded 2 times (x 70B)
Class kotlin.metadata.internal.metadata.ProtoBuf$PackageOrBuilder                     : loaded 2 times (x 66B)
Class kotlin.metadata.internal.protobuf.SmallSortedMap$EmptySet$2                     : loaded 2 times (x 74B)
Class androidx.room.solver.types.StatementValueReader                                 : loaded 2 times (x 66B)
Class androidx.room.BuiltInTypeConverters$State                                       : loaded 2 times (x 75B)
Class org.jetbrains.org.objectweb.asm.MethodTooLargeException                         : loaded 2 times (x 79B)
Class org.jetbrains.org.objectweb.asm.Context                                         : loaded 2 times (x 68B)
Class androidx.room.solver.types.ColumnTypeAdapter                                    : loaded 2 times (x 81B)
Class com.google.common.io.ByteStreams$1                                              : loaded 2 times (x 81B)
Class com.google.common.cache.LocalCache$EntryFactory$5                               : loaded 2 times (x 79B)
Class androidx.room.compiler.processing.javac.JavacArrayType                          : loaded 2 times (x 205B)
Class kotlin.metadata.internal.metadata.ProtoBuf$TypeOrBuilder                        : loaded 2 times (x 66B)
Class kotlin.metadata.internal.protobuf.FieldSet$1                                    : loaded 2 times (x 67B)
Class androidx.room.compiler.processing.javac.kotlin.KmClassContainer$typeParameters$2: loaded 2 times (x 75B)
Class kotlin.metadata.Attributes$kind$2                                               : loaded 2 times (x 133B)
Class androidx.room.solver.types.TypeConverter$Cost$Companion                         : loaded 2 times (x 67B)
Class androidx.room.solver.binderprovider.RxLambdaQueryResultBinderProvider           : loaded 2 times (x 72B)
Class androidx.room.compiler.codegen.java.JavaFileSpec$Builder                        : loaded 2 times (x 74B)
Class androidx.room.compiler.processing.javac.JavacAnnotation                         : loaded 2 times (x 136B)
Class kotlin.text.LinesIterator                                                       : loaded 2 times (x 75B)
Class androidx.room.solver.shortcut.result.InsertOrUpsertFunctionAdapter$ReturnInfo   : loaded 2 times (x 75B)
Class androidx.room.jarjarred.org.antlr.v4.runtime.Lexer                              : loaded 2 times (x 138B)
Class org.sqlite.SQLiteLimits                                                         : loaded 2 times (x 75B)
Class org.sqlite.date.FastDatePrinter                                                 : loaded 2 times (x 95B)
Class org.sqlite.jdbc3.JDBC3DatabaseMetaData                                          : loaded 2 times (x 437B)
Class androidx.room.compiler.processing.javac.JavacConstructorElement                 : loaded 2 times (x 250B)
Class androidx.room.processor.PropertyProcessor$BindingScope                          : loaded 2 times (x 75B)
Class androidx.room.ext.RoomPagingTypeNames                                           : loaded 2 times (x 67B)
Class kotlin.metadata.internal.metadata.ProtoBuf$TypeTable$1                          : loaded 2 times (x 140B)
Class androidx.room.solver.types.ByteArrayColumnTypeAdapter$Companion                 : loaded 2 times (x 67B)
Class androidx.room.solver.types.BoxedPrimitiveColumnTypeAdapter$Companion            : loaded 2 times (x 67B)
Class org.jetbrains.org.objectweb.asm.CurrentFrame                                    : loaded 2 times (x 69B)
Class org.apache.commons.io.output.AppendableWriter                                   : loaded 2 times (x 96B)
Class com.google.common.cache.LocalCache$EntryFactory$6                               : loaded 2 times (x 79B)
Class org.gradle.internal.installation.CurrentGradleInstallationLocator               : loaded 2 times (x 67B)
Class androidx.room.writer.EntityInsertAdapterWriter                                  : loaded 2 times (x 68B)
Class androidx.room.compiler.codegen.impl.XPropertySpecImpl$Builder                   : loaded 2 times (x 73B)
Class androidx.room.jarjarred.org.antlr.v4.runtime.tree.ParseTreeListener             : loaded 2 times (x 66B)
Class androidx.room.jarjarred.org.antlr.v4.runtime.atn.ATNState                       : loaded 2 times (x 78B)
Class androidx.room.processor.InternalQueryProcessor$Companion                        : loaded 2 times (x 67B)
Class org.sqlite.date.FastDateParser                                                  : loaded 2 times (x 87B)
Class [Lorg.sqlite.SQLiteConfig$TempStore;                                            : loaded 2 times (x 65B)
Class org.sqlite.Collation                                                            : loaded 2 times (x 69B)
Class androidx.room.compiler.processing.javac.JavacMethodElement$parameters$2$1$1     : loaded 2 times (x 75B)
Class androidx.room.Entity                                                            : loaded 2 times (x 66B)
Class org.sqlite.SQLiteConfig$Encoding                                                : loaded 2 times (x 78B)
Class kotlin.metadata.KmEffectExpression                                              : loaded 2 times (x 68B)
Class kotlin.metadata.internal.FlagDelegatesImplKt$propertyAccessorBooleanFlag$1      : loaded 2 times (x 133B)
Class [Lkotlin.metadata.internal.metadata.jvm.JvmProtoBuf$StringTableTypes$Record$Operation;: loaded 2 times (x 65B)
Class androidx.room.compiler.codegen.XTypeName$Companion                              : loaded 2 times (x 67B)
Class androidx.room.compiler.codegen.XTypeName                                        : loaded 2 times (x 71B)
Class androidx.room.compiler.processing.javac.kotlin.KmClassContainer$Companion       : loaded 2 times (x 67B)
Class [Lkotlin.io.FileWalkDirection;                                                  : loaded 2 times (x 65B)
Class org.objectweb.asm.ClassReader                                                   : loaded 2 times (x 89B)
Class com.google.common.io.ByteSource$SlicedByteSource                                : loaded 2 times (x 81B)
Class com.google.common.collect.ImmutableMultimap$Builder                             : loaded 2 times (x 79B)
Class org.apache.commons.io.output.ThresholdingOutputStream                           : loaded 2 times (x 91B)
Class com.google.common.collect.ImmutableSet$EmptySetBuilderImpl                      : loaded 2 times (x 72B)
Class com.google.common.collect.Maps$KeySet                                           : loaded 2 times (x 133B)
Class com.google.common.cache.LocalCache$EntryFactory$7                               : loaded 2 times (x 79B)
Class org.gradle.internal.service.DefaultServiceLocator                               : loaded 2 times (x 79B)
Class [Lorg.sqlite.SQLiteConfig$HexKeyMode;                                           : loaded 2 times (x 65B)
Class org.sqlite.date.FastDateParser$4                                                : loaded 2 times (x 75B)
Class androidx.room.solver.CodeGenScope                                               : loaded 2 times (x 68B)
Class androidx.room.compiler.codegen.kotlin.KotlinParameterSpec                       : loaded 2 times (x 72B)
Class androidx.room.parser.SQLiteParser$Function_nameContext                          : loaded 2 times (x 148B)
Class androidx.room.compiler.codegen.java.JavaCodeBlock                               : loaded 2 times (x 68B)
Class androidx.room.jarjarred.org.antlr.v4.runtime.WritableToken                      : loaded 2 times (x 66B)
Class androidx.room.jarjarred.org.antlr.v4.runtime.atn.SemanticContext$Operator       : loaded 2 times (x 70B)
Class androidx.room.jarjarred.org.antlr.v4.runtime.atn.ArrayPredictionContext         : loaded 2 times (x 76B)
Class androidx.room.parser.SQLiteParser$Table_function_nameContext                    : loaded 2 times (x 148B)
Class androidx.room.parser.SQLiteParser$Literal_valueContext                          : loaded 2 times (x 156B)
Class [Landroidx.room.jarjarred.org.antlr.v4.runtime.dfa.DFA;                         : loaded 2 times (x 65B)
Class [Landroidx.room.jarjarred.org.antlr.v4.runtime.atn.RuleStartState;              : loaded 2 times (x 65B)
Class androidx.room.jarjarred.org.antlr.v4.runtime.CodePointBuffer$Builder            : loaded 2 times (x 75B)
Class kotlin.metadata.internal.metadata.deserialization.VersionRequirement            : loaded 2 times (x 68B)
Class androidx.room.compiler.processing.javac.JavacExecutableType                     : loaded 2 times (x 77B)
Class androidx.room.jarjarred.org.antlr.v4.runtime.misc.FlexibleHashMap               : loaded 2 times (x 121B)
Class kotlin.metadata.internal.metadata.ProtoBuf$Type$ArgumentOrBuilder               : loaded 2 times (x 66B)
Class androidx.room.processor.QueryRewriter$Companion$NoOpRewriter$1                  : loaded 2 times (x 70B)
Class [Landroidx.room.solver.shortcut.binderprovider.DeleteOrUpdateFunctionBinderProvider;: loaded 2 times (x 65B)
Class kotlin.metadata.internal.extensions.KmConstructorExtension                      : loaded 2 times (x 66B)
Class org.jetbrains.org.objectweb.asm.SymbolTable                                     : loaded 2 times (x 68B)
Class kotlin.io.FileTreeWalk                                                          : loaded 2 times (x 71B)
Class com.google.common.cache.LocalCache$SoftValueReference                           : loaded 2 times (x 93B)
Class com.google.common.collect.ImmutableMultimap$EntryCollection                     : loaded 2 times (x 123B)
Class com.google.common.collect.Maps$EntrySet                                         : loaded 2 times (x 132B)
Class com.google.common.cache.LocalCache$EntryFactory$8                               : loaded 2 times (x 79B)
Class org.gradle.internal.installation.CurrentGradleInstallation                      : loaded 2 times (x 69B)
Class kotlinx.serialization.internal.ArrayListSerializer                              : loaded 2 times (x 94B)
Class androidx.room.compiler.codegen.XCodeBlock$Companion$ofCast$1                    : loaded 2 times (x 75B)
Class androidx.room.compiler.processing.XFiler$Mode                                   : loaded 2 times (x 75B)
Class [Landroidx.room.jarjarred.org.antlr.v4.runtime.dfa.DFAState$PredPrediction;     : loaded 2 times (x 65B)
Class kotlinx.serialization.SealedClassSerializer$descriptor$2$1$elementDescriptor$1  : loaded 2 times (x 75B)
Class androidx.room.jarjarred.org.antlr.v4.runtime.atn.OrderedATNConfigSet            : loaded 2 times (x 144B)
Class [Landroidx.room.jarjarred.org.antlr.v4.runtime.atn.ATNState;                    : loaded 2 times (x 65B)
Class androidx.room.jarjarred.org.antlr.v4.runtime.RuleContext                        : loaded 2 times (x 128B)
Class androidx.room.ext.ReactiveStreamsTypeNames                                      : loaded 2 times (x 67B)
Class org.sqlite.core.CoreResultSet                                                   : loaded 2 times (x 78B)
Class org.sqlite.SQLiteConfig$TempStore                                               : loaded 2 times (x 78B)
Class androidx.room.Insert                                                            : loaded 2 times (x 66B)
Class androidx.room.compiler.codegen.XAnnotationSpec$Builder                          : loaded 2 times (x 66B)
Class androidx.room.compiler.codegen.kotlin.KotlinParameterSpec$Builder               : loaded 2 times (x 74B)
Class org.gradle.internal.classloader.FilteringClassLoader                            : loaded 2 times (x 101B)
Class kotlin.metadata.Attributes$isNegated$2                                          : loaded 2 times (x 133B)
Class kotlin.metadata.internal.metadata.ProtoBuf$Property$1                           : loaded 2 times (x 140B)
Class kotlin.metadata.internal.protobuf.FieldSet$FieldDescriptorLite                  : loaded 2 times (x 66B)
Class org.jetbrains.org.objectweb.asm.ModuleWriter                                    : loaded 2 times (x 77B)
Class com.google.common.collect.ForwardingObject                                      : loaded 2 times (x 68B)
Class com.google.common.cache.CacheLoader$1                                           : loaded 2 times (x 71B)
Class org.gradle.util.internal.GUtil                                                  : loaded 2 times (x 67B)
Class com.google.common.io.LineReader                                                 : loaded 2 times (x 68B)
Class kotlin.io.TextStreamsKt                                                         : loaded 2 times (x 67B)
Class androidx.room.compiler.processing.XEquality                                     : loaded 2 times (x 66B)
Class androidx.room.migration.bundle.FtsEntityBundle                                  : loaded 2 times (x 78B)
Class kotlinx.serialization.SerializationException                                    : loaded 2 times (x 78B)
Class androidx.room.vo.WriteQueryFunction                                             : loaded 2 times (x 68B)
Class org.sqlite.SQLiteConnectionConfig                                               : loaded 2 times (x 84B)
Class [Lorg.sqlite.SQLiteConfig$JournalMode;                                          : loaded 2 times (x 65B)
Class androidx.room.parser.SqlParser                                                  : loaded 2 times (x 67B)
Class androidx.room.compiler.processing.XFieldElement                                 : loaded 2 times (x 66B)
Class androidx.room.solver.shortcut.binderprovider.RxCallableInsertOrUpsertFunctionBinderProvider$Companion: loaded 2 times (x 67B)
Class kotlin.metadata.internal.metadata.ProtoBuf$Visibility$1                         : loaded 2 times (x 70B)
Class kotlin.metadata.internal.metadata.jvm.deserialization.JvmMemberSignature$Method : loaded 2 times (x 71B)
Class androidx.room.solver.types.StringColumnTypeAdapter$Companion                    : loaded 2 times (x 67B)
Class androidx.room.solver.types.BoxedPrimitiveColumnTypeAdapter                      : loaded 2 times (x 81B)
Class [Lorg.jetbrains.org.objectweb.asm.Label;                                        : loaded 2 times (x 65B)
Class kotlin.metadata.internal.metadata.ProtoBuf$Contract$1                           : loaded 2 times (x 140B)
Class com.google.common.io.ByteSource                                                 : loaded 2 times (x 80B)
Class com.google.common.util.concurrent.AbstractFuture$SetFuture                      : loaded 2 times (x 71B)
Class com.google.common.cache.AbstractCache$StatsCounter                              : loaded 2 times (x 66B)
Class androidx.room.compiler.processing.javac.JavacAnnotationValue                    : loaded 2 times (x 151B)
Class androidx.room.solver.types.CustomTypeConverterWrapperKt                         : loaded 2 times (x 67B)
Class androidx.room.compiler.codegen.impl.XCodeBlockImpl$Builder                      : loaded 2 times (x 84B)
Class androidx.room.vo.TransactionFunction$CallType                                   : loaded 2 times (x 75B)
Class androidx.room.solver.query.result.DataClassIndexAdapter                         : loaded 2 times (x 72B)
Class androidx.room.parser.Section$Text                                               : loaded 2 times (x 69B)
Class androidx.room.parser.SQLiteParserBaseVisitor                                    : loaded 2 times (x 310B)
Class androidx.room.parser.SQLiteParser$Join_constraintContext                        : loaded 2 times (x 156B)
Class androidx.room.jarjarred.org.antlr.v4.runtime.FailedPredicateException           : loaded 2 times (x 89B)
Class [Lkotlin.metadata.internal.metadata.ProtoBuf$Effect$InvocationKind;             : loaded 2 times (x 65B)
Class org.sqlite.jdbc3.JDBC3Statement                                                 : loaded 2 times (x 124B)
Class [Lorg.sqlite.SQLiteConfig$TransactionMode;                                      : loaded 2 times (x 65B)
Class [Landroidx.room.vo.CallType;                                                    : loaded 2 times (x 65B)
Class androidx.room.compiler.processing.javac.JavacFieldElement$setter$2              : loaded 2 times (x 75B)
Class androidx.room.compiler.processing.ksp.KSTypeJavaPoetExtKt$typeVarNameConstructor$2: loaded 2 times (x 74B)
Class org.sqlite.Function$Window                                                      : loaded 2 times (x 73B)
Class androidx.room.compiler.processing.javac.kotlin.JvmDescriptorTypeVisitor$WhenMappings: loaded 2 times (x 67B)
Class kotlin.metadata.KmVariance                                                      : loaded 2 times (x 75B)
Class androidx.room.compiler.processing.javac.JavacMethodElement$executableType$2     : loaded 2 times (x 75B)
Class org.sqlite.date.FastDateParser$3                                                : loaded 2 times (x 75B)
Class androidx.room.jarjarred.org.antlr.v4.runtime.TokenSource                        : loaded 2 times (x 66B)
Class androidx.room.processor.CustomConverterProcessor                                : loaded 2 times (x 68B)
Class androidx.room.solver.binderprovider.RxJava3PagingSourceQueryResultBinderProviderKt: loaded 2 times (x 67B)
Class kotlin.metadata.internal.metadata.ProtoBuf$Class$Kind                           : loaded 2 times (x 78B)
Class kotlin.metadata.internal.metadata.ProtoBuf$TypeTableOrBuilder                   : loaded 2 times (x 66B)
Class kotlin.metadata.internal.protobuf.GeneratedMessageLite$ExtendableMessage        : loaded 2 times (x 109B)
Class androidx.room.processor.CustomConverterProcessor$ProcessResult$Companion        : loaded 2 times (x 67B)
Class com.google.common.collect.MapMakerInternalMap$1                                 : loaded 2 times (x 79B)
Class com.google.common.io.LineBuffer                                                 : loaded 2 times (x 71B)
Class com.google.common.reflect.Types$TypeVariableImpl                                : loaded 2 times (x 68B)
Class org.gradle.internal.installation.GradleInstallation                             : loaded 2 times (x 71B)
Class androidx.room.parser.SQLiteParser$Table_or_subqueryContext                      : loaded 2 times (x 167B)
Class androidx.room.compiler.codegen.XCodeBlockKt$buildCodeBlock$1                    : loaded 2 times (x 75B)
Class androidx.room.solver.shortcut.result.DeleteOrUpdateFunctionAdapter              : loaded 2 times (x 68B)
Class androidx.room.jarjarred.org.antlr.v4.runtime.dfa.DFASerializer                  : loaded 2 times (x 70B)
Class kotlin.metadata.internal.metadata.deserialization.VersionRequirement$Version    : loaded 2 times (x 67B)
Class androidx.room.compiler.codegen.XTypeName$WhenMappings                           : loaded 2 times (x 67B)
Class org.sqlite.date.FastDateParser$1                                                : loaded 2 times (x 75B)
Class androidx.room.solver.prepared.binderprovider.RxCompletablePreparedQueryResultBinderProvider: loaded 2 times (x 75B)
Class androidx.room.solver.binderprovider.RxJava2PagingSourceQueryResultBinderProviderKt: loaded 2 times (x 67B)
Class [Landroidx.room.solver.types.TypeConverter;                                     : loaded 2 times (x 65B)
Class [Lkotlin.metadata.MemberKind;                                                   : loaded 2 times (x 65B)
Class kotlin.metadata.ClassKind                                                       : loaded 2 times (x 75B)
Class kotlin.reflect.jvm.internal.KPackageImpl$data$1                                 : loaded 2 times (x 75B)
Class kotlin.metadata.jvm.internal.JvmClassExtension                                  : loaded 2 times (x 73B)
Class kotlin.metadata.internal.metadata.ProtoBuf$ValueParameter$1                     : loaded 2 times (x 140B)
Class androidx.room.parser.SQLiteParser$Table_aliasContext                            : loaded 2 times (x 152B)
Class kotlinx.serialization.descriptors.StructureKind$CLASS                           : loaded 2 times (x 67B)
Class com.google.common.collect.Iterables                                             : loaded 2 times (x 67B)
Class com.google.common.base.Splitter$Strategy                                        : loaded 2 times (x 66B)
Class [Landroidx.room.compiler.codegen.XCodeBlock;                                    : loaded 2 times (x 65B)
Class androidx.room.compiler.codegen.XCodeBlock$Companion$ofExtensionCall$1           : loaded 2 times (x 75B)
Class androidx.room.ext.SQLiteDriverTypeNames                                         : loaded 2 times (x 67B)
Class androidx.room.compiler.codegen.kotlin.KotlinFileSpec$Builder                    : loaded 2 times (x 74B)
Class androidx.room.parser.QueryVisitor                                               : loaded 2 times (x 311B)
Class androidx.room.jarjarred.org.antlr.v4.runtime.atn.SemanticContext$PrecedencePredicate: loaded 2 times (x 74B)
Class androidx.room.parser.SQLiteParser$Release_stmtContext                           : loaded 2 times (x 150B)
Class kotlin.metadata.KmVersionRequirement                                            : loaded 2 times (x 68B)
Class androidx.room.compiler.processing.javac.JavacTypeElement$enclosingElement$2     : loaded 2 times (x 75B)
Class org.sqlite.date.FastDateParser$2                                                : loaded 2 times (x 75B)
Class kotlin.metadata.Attributes$visibility$22                                        : loaded 2 times (x 133B)
Class androidx.room.compiler.processing.javac.kotlin.KmClassContainer$superTypes$2    : loaded 2 times (x 75B)
Class androidx.room.compiler.processing.javac.JavacProcessingEnvMessager              : loaded 2 times (x 69B)
Class androidx.room.compiler.processing.javac.JavacTypeElement$superClass$2           : loaded 2 times (x 75B)
Class kotlin.io.FileWalkDirection                                                     : loaded 2 times (x 75B)
Class com.google.common.collect.Lists$RandomAccessReverseList                         : loaded 2 times (x 196B)

---------------  S Y S T E M  ---------------

OS:
 Windows 10 , 64 bit Build 19041 (10.0.19041.5915)
OS uptime: 0 days 6:37 hours

CPU: total 8 (initial active 8) (4 cores per cpu, 2 threads per core) family 6 model 140 stepping 1 microcode 0x86, cx8, cmov, fxsr, ht, mmx, 3dnowpref, sse, sse2, sse3, ssse3, sse4.1, sse4.2, popcnt, lzcnt, tsc, tscinvbit, avx, avx2, aes, erms, clmul, bmi1, bmi2, adx, avx512f, avx512dq, avx512cd, avx512bw, avx512vl, sha, fma, vzeroupper, avx512_vpopcntdq, avx512_vpclmulqdq, avx512_vaes, avx512_vnni, clflush, clflushopt, clwb, avx512_vbmi2, avx512_vbmi, rdtscp, rdpid, fsrm, gfni, avx512_bitalg, f16c, pku, cet_ibt, cet_ss, avx512_ifma
Processor Information for processor 0
  Max Mhz: 3110, Current Mhz: 902, Mhz Limit: 3110
Processor Information for processor 1
  Max Mhz: 3110, Current Mhz: 3110, Mhz Limit: 3110
Processor Information for processor 2
  Max Mhz: 3110, Current Mhz: 3110, Mhz Limit: 3110
Processor Information for processor 3
  Max Mhz: 3110, Current Mhz: 3110, Mhz Limit: 3110
Processor Information for processor 4
  Max Mhz: 3110, Current Mhz: 902, Mhz Limit: 3110
Processor Information for processor 5
  Max Mhz: 3110, Current Mhz: 3110, Mhz Limit: 3110
Processor Information for processor 6
  Max Mhz: 3110, Current Mhz: 902, Mhz Limit: 3110
Processor Information for processor 7
  Max Mhz: 3110, Current Mhz: 3110, Mhz Limit: 3110

Memory: 4k page, system-wide physical 7871M (1035M free)
TotalPageFile size 32447M (AvailPageFile size 46M)
current process WorkingSet (physical memory assigned to process): 490M, peak: 1662M
current process commit charge ("private bytes"): 2286M, peak: 2735M

vm_info: OpenJDK 64-Bit Server VM (21.0.5+-13047016-b750.29) for windows-amd64 JRE (21.0.5+-13047016-b750.29), built on 2025-02-11T21:12:39Z by "builder" with MS VC++ 16.10 / 16.11 (VS2019)

END.
