#
# There is insufficient memory for the Java Runtime Environment to continue.
# Native memory allocation (malloc) failed to allocate 1056416 bytes. Error detail: Chunk::new
# Possible reasons:
#   The system is out of physical RAM or swap space
#   This process is running with CompressedOops enabled, and the Java Heap may be blocking the growth of the native heap
# Possible solutions:
#   Reduce memory load on the system
#   Increase physical memory or swap space
#   Check if swap backing store is full
#   Decrease Java heap size (-Xmx/-Xms)
#   Decrease number of Java threads
#   Decrease Java thread stack sizes (-Xss)
#   Set larger code cache with -XX:ReservedCodeCacheSize=
#   JVM is running with Unscaled Compressed Oops mode in which the Java heap is
#     placed in the first 4GB address space. The Java Heap base address is the
#     maximum limit for the native heap growth. Please use -XX:HeapBaseMinAddress
#     to set the Java Heap base and to place the Java Heap above 4GB virtual address.
# This output file may be truncated or incomplete.
#
#  Out of Memory Error (arena.cpp:168), pid=17536, tid=9792
#
# JRE version: OpenJDK Runtime Environment (21.0.5) (build 21.0.5+-13047016-b750.29)
# Java VM: OpenJDK 64-Bit Server VM (21.0.5+-13047016-b750.29, mixed mode, tiered, compressed oops, compressed class ptrs, g1 gc, windows-amd64)
# No core dump will be written. Minidumps are not enabled by default on client versions of Windows
#

---------------  S U M M A R Y ------------

Command Line: --add-opens=java.base/java.lang=ALL-UNNAMED --add-opens=java.base/java.lang.invoke=ALL-UNNAMED --add-opens=java.base/java.util=ALL-UNNAMED --add-opens=java.prefs/java.util.prefs=ALL-UNNAMED --add-exports=jdk.compiler/com.sun.tools.javac.api=ALL-UNNAMED --add-exports=jdk.compiler/com.sun.tools.javac.util=ALL-UNNAMED --add-opens=java.base/java.util=ALL-UNNAMED --add-opens=java.prefs/java.util.prefs=ALL-UNNAMED --add-opens=java.base/java.nio.charset=ALL-UNNAMED --add-opens=java.base/java.net=ALL-UNNAMED --add-opens=java.base/java.util.concurrent.atomic=ALL-UNNAMED --add-opens=java.xml/javax.xml.namespace=ALL-UNNAMED -Xmx2048m -Dfile.encoding=UTF-8 -Duser.country=RU -Duser.language=ru -Duser.variant -javaagent:C:\Users\77012\.gradle\wrapper\dists\gradle-8.11.1-bin\bpt9gzteqjrbo1mjrsomdt32c\gradle-8.11.1\lib\agents\gradle-instrumentation-agent-8.11.1.jar org.gradle.launcher.daemon.bootstrap.GradleDaemon 8.11.1

Host: 11th Gen Intel(R) Core(TM) i5-11300H @ 3.10GHz, 8 cores, 7G,  Windows 10 , 64 bit Build 19041 (10.0.19041.5915)
Time: Mon Sep  1 05:14:13 2025  Windows 10 , 64 bit Build 19041 (10.0.19041.5915) elapsed time: 60.117448 seconds (0d 0h 1m 0s)

---------------  T H R E A D  ---------------

Current thread (0x00000297dc917b80):  JavaThread "C2 CompilerThread0" daemon [_thread_in_native, id=9792, stack(0x000000db07b00000,0x000000db07c00000) (1024K)]


Current CompileTask:
C2:60117 12811 %     4       org.mozilla.universalchardet.UniversalDetector::handleData @ 318 (644 bytes)

Stack: [0x000000db07b00000,0x000000db07c00000]
Native frames: (J=compiled Java code, j=interpreted, Vv=VM code, C=native code)
V  [jvm.dll+0x6cfb29]
V  [jvm.dll+0x85df93]
V  [jvm.dll+0x8604ee]
V  [jvm.dll+0x860bd3]
V  [jvm.dll+0x27e6b6]
V  [jvm.dll+0xbff6d]
V  [jvm.dll+0xc04a3]
V  [jvm.dll+0x2f2750]
V  [jvm.dll+0x5fa0c9]
V  [jvm.dll+0x250d62]
V  [jvm.dll+0x2496ba]
V  [jvm.dll+0x24712e]
V  [jvm.dll+0x1c5ee4]
V  [jvm.dll+0x25697c]
V  [jvm.dll+0x254ec6]
V  [jvm.dll+0x3f0ce6]
V  [jvm.dll+0x806368]
V  [jvm.dll+0x6ce3fd]
C  [ucrtbase.dll+0x21bb2]
C  [KERNEL32.DLL+0x17374]
C  [ntdll.dll+0x4cc91]


---------------  P R O C E S S  ---------------

Threads class SMR info:
_java_thread_list=0x00000297e6510080, length=136, elements={
0x00000297c2e03930, 0x00000297dc907490, 0x00000297dc907fe0, 0x00000297dc910ea0,
0x00000297dc8f1a90, 0x00000297dc8f24e0, 0x00000297dc9118f0, 0x00000297dc917b80,
0x00000297dc920620, 0x00000297dca5a630, 0x00000297dcc05200, 0x00000297dcc89df0,
0x00000297e2961fa0, 0x00000297e284c910, 0x00000297e1d15030, 0x00000297e1d15690,
0x00000297e1e7a060, 0x00000297e1e7aad0, 0x00000297e1d9cf80, 0x00000297dcc294f0,
0x00000297dcc27420, 0x00000297dcc287d0, 0x00000297dcc27ab0, 0x00000297dcc28e60,
0x00000297dcc2a210, 0x00000297dcc29b80, 0x00000297dcc26d90, 0x00000297dcc28140,
0x00000297e4544e10, 0x00000297e4545b30, 0x00000297e45454a0, 0x00000297e45461c0,
0x00000297e4542020, 0x00000297e4548920, 0x00000297e4547570, 0x00000297e4548fb0,
0x00000297e4547c00, 0x00000297e4548290, 0x00000297e45433d0, 0x00000297e45426b0,
0x00000297e4543a60, 0x00000297e4549640, 0x00000297e4544780, 0x00000297e56d7bf0,
0x00000297e56d9cc0, 0x00000297e56d5490, 0x00000297e56d5b20, 0x00000297e56d61b0,
0x00000297e56d8280, 0x00000297e56d6840, 0x00000297e56d7560, 0x00000297e56d8910,
0x00000297e56d4770, 0x00000297e56d8fa0, 0x00000297e56d40e0, 0x00000297e56d4e00,
0x00000297e56d6ed0, 0x00000297e56d9630, 0x00000297e56d3a50, 0x00000297e56d2d30,
0x00000297e56da350, 0x00000297e56d33c0, 0x00000297e67e8bb0, 0x00000297e67e7e90,
0x00000297e67e9240, 0x00000297e67e6ae0, 0x00000297e67ecd50, 0x00000297e67e98d0,
0x00000297e67e8520, 0x00000297e67e9f60, 0x00000297e67e5dc0, 0x00000297e67eac80,
0x00000297e67eb310, 0x00000297e67eb9a0, 0x00000297e67ed3e0, 0x00000297e67ec030,
0x00000297e67e6450, 0x00000297e67ec6c0, 0x00000297e67e7170, 0x00000297e67e7800,
0x00000297e50eaf20, 0x00000297e50e7410, 0x00000297e50ec960, 0x00000297e50eb5b0,
0x00000297e50e8e50, 0x00000297e50ed680, 0x00000297e50ea890, 0x00000297e50ec2d0,
0x00000297e50e6d80, 0x00000297e50e87c0, 0x00000297e50e66f0, 0x00000297e50ecff0,
0x00000297e50e7aa0, 0x00000297e50e8130, 0x00000297e50e94e0, 0x00000297e50e9b70,
0x00000297e50ebc40, 0x00000297e50f92e0, 0x00000297e50fa000, 0x00000297e5100900,
0x00000297e5100270, 0x00000297e50feec0, 0x00000297e50ff550, 0x00000297e50fd480,
0x00000297e50fb3b0, 0x00000297e50fa690, 0x00000297e50fad20, 0x00000297e50fc760,
0x00000297e50fdb10, 0x00000297e50fcdf0, 0x00000297e50fba40, 0x00000297e50fe1a0,
0x00000297e50ffbe0, 0x00000297e50fe830, 0x00000297e50fc0d0, 0x00000297e48b2c70,
0x00000297e48aead0, 0x00000297e4e8bcb0, 0x00000297e4e8a270, 0x00000297e4e89550,
0x00000297e4e8d060, 0x00000297e4e89be0, 0x00000297e4e8a900, 0x00000297e4e8af90,
0x00000297e4e8dd80, 0x00000297e4e8fe50, 0x00000297e4e8c340, 0x00000297e4e8eaa0,
0x00000297e4e8f7c0, 0x00000297e4e8c9d0, 0x00000297e4e8d6f0, 0x00000297e4e8e410,
0x00000297e4e8f130, 0x00000297e4e88ec0, 0x00000297e48af7f0, 0x00000297e30dc390
}

Java Threads: ( => current thread )
  0x00000297c2e03930 JavaThread "main"                              [_thread_blocked, id=10932, stack(0x000000db06d00000,0x000000db06e00000) (1024K)]
  0x00000297dc907490 JavaThread "Reference Handler"          daemon [_thread_blocked, id=17708, stack(0x000000db07500000,0x000000db07600000) (1024K)]
  0x00000297dc907fe0 JavaThread "Finalizer"                  daemon [_thread_blocked, id=11460, stack(0x000000db07600000,0x000000db07700000) (1024K)]
  0x00000297dc910ea0 JavaThread "Signal Dispatcher"          daemon [_thread_blocked, id=14412, stack(0x000000db07700000,0x000000db07800000) (1024K)]
  0x00000297dc8f1a90 JavaThread "Attach Listener"            daemon [_thread_blocked, id=15376, stack(0x000000db07800000,0x000000db07900000) (1024K)]
  0x00000297dc8f24e0 JavaThread "Service Thread"             daemon [_thread_blocked, id=11556, stack(0x000000db07900000,0x000000db07a00000) (1024K)]
  0x00000297dc9118f0 JavaThread "Monitor Deflation Thread"   daemon [_thread_blocked, id=16364, stack(0x000000db07a00000,0x000000db07b00000) (1024K)]
=>0x00000297dc917b80 JavaThread "C2 CompilerThread0"         daemon [_thread_in_native, id=9792, stack(0x000000db07b00000,0x000000db07c00000) (1024K)]
  0x00000297dc920620 JavaThread "C1 CompilerThread0"         daemon [_thread_blocked, id=5852, stack(0x000000db07c00000,0x000000db07d00000) (1024K)]
  0x00000297dca5a630 JavaThread "Common-Cleaner"             daemon [_thread_blocked, id=11928, stack(0x000000db07d00000,0x000000db07e00000) (1024K)]
  0x00000297dcc05200 JavaThread "Notification Thread"        daemon [_thread_blocked, id=4544, stack(0x000000db07e00000,0x000000db07f00000) (1024K)]
  0x00000297dcc89df0 JavaThread "Daemon health stats"               [_thread_blocked, id=12296, stack(0x000000db08400000,0x000000db08500000) (1024K)]
  0x00000297e2961fa0 JavaThread "Incoming local TCP Connector on port 63013"        [_thread_in_native, id=17040, stack(0x000000db08500000,0x000000db08600000) (1024K)]
  0x00000297e284c910 JavaThread "Daemon periodic checks"            [_thread_blocked, id=4268, stack(0x000000db08600000,0x000000db08700000) (1024K)]
  0x00000297e1d15030 JavaThread "Daemon"                            [_thread_blocked, id=6848, stack(0x000000db08700000,0x000000db08800000) (1024K)]
  0x00000297e1d15690 JavaThread "Handler for socket connection from /127.0.0.1:63013 to /127.0.0.1:63020"        [_thread_in_native, id=16580, stack(0x000000db08800000,0x000000db08900000) (1024K)]
  0x00000297e1e7a060 JavaThread "Cancel handler"                    [_thread_blocked, id=5992, stack(0x000000db08900000,0x000000db08a00000) (1024K)]
  0x00000297e1e7aad0 JavaThread "Daemon worker"                     [_thread_blocked, id=3588, stack(0x000000db08a00000,0x000000db08b00000) (1024K)]
  0x00000297e1d9cf80 JavaThread "Asynchronous log dispatcher for DefaultDaemonConnection: socket connection from /127.0.0.1:63013 to /127.0.0.1:63020"        [_thread_blocked, id=8996, stack(0x000000db08b00000,0x000000db08c00000) (1024K)]
  0x00000297dcc294f0 JavaThread "Stdin handler"                     [_thread_blocked, id=1620, stack(0x000000db08c00000,0x000000db08d00000) (1024K)]
  0x00000297dcc27420 JavaThread "Daemon client event forwarder"        [_thread_blocked, id=4516, stack(0x000000db08d00000,0x000000db08e00000) (1024K)]
  0x00000297dcc287d0 JavaThread "Cache worker for journal cache (C:\Users\77012\.gradle\caches\journal-1)"        [_thread_blocked, id=12904, stack(0x000000db09100000,0x000000db09200000) (1024K)]
  0x00000297dcc27ab0 JavaThread "File lock request listener"        [_thread_in_native, id=3828, stack(0x000000db09200000,0x000000db09300000) (1024K)]
  0x00000297dcc28e60 JavaThread "Cache worker for file hash cache (C:\Users\77012\.gradle\caches\8.11.1\fileHashes)"        [_thread_blocked, id=9588, stack(0x000000db09300000,0x000000db09400000) (1024K)]
  0x00000297dcc2a210 JavaThread "Cache worker for file content cache (C:\Users\77012\.gradle\caches\8.11.1\fileContent)"        [_thread_blocked, id=14168, stack(0x000000db09400000,0x000000db09500000) (1024K)]
  0x00000297dcc29b80 JavaThread "Cache worker for file hash cache (C:\Users\77012\AndroidStudioProjects\PlaylistMaker_db6_album\.gradle\8.11.1\fileHashes)"        [_thread_blocked, id=3940, stack(0x000000db09500000,0x000000db09600000) (1024K)]
  0x00000297dcc26d90 JavaThread "Cache worker for checksums cache (C:\Users\77012\AndroidStudioProjects\PlaylistMaker_db6_album\.gradle\8.11.1\checksums)"        [_thread_blocked, id=9600, stack(0x000000db09600000,0x000000db09700000) (1024K)]
  0x00000297dcc28140 JavaThread "Cache worker for Build Output Cleanup Cache (C:\Users\77012\AndroidStudioProjects\PlaylistMaker_db6_album\.gradle\buildOutputCleanup)"        [_thread_blocked, id=7608, stack(0x000000db09700000,0x000000db09800000) (1024K)]
  0x00000297e4544e10 JavaThread "File watcher server"        daemon [_thread_blocked, id=7340, stack(0x000000db09800000,0x000000db09900000) (1024K)]
  0x00000297e4545b30 JavaThread "File watcher consumer"      daemon [_thread_blocked, id=18132, stack(0x000000db09900000,0x000000db09a00000) (1024K)]
  0x00000297e45454a0 JavaThread "Cache worker for cache directory md-rule (C:\Users\77012\.gradle\caches\8.11.1\md-rule)"        [_thread_blocked, id=17396, stack(0x000000db09a00000,0x000000db09b00000) (1024K)]
  0x00000297e45461c0 JavaThread "Cache worker for cache directory md-supplier (C:\Users\77012\.gradle\caches\8.11.1\md-supplier)"        [_thread_blocked, id=18300, stack(0x000000db09b00000,0x000000db09c00000) (1024K)]
  0x00000297e4542020 JavaThread "build event listener"              [_thread_blocked, id=16888, stack(0x000000db09d00000,0x000000db09e00000) (1024K)]
  0x00000297e4548920 JavaThread "build event listener"              [_thread_blocked, id=7852, stack(0x000000db09e00000,0x000000db09f00000) (1024K)]
  0x00000297e4547570 JavaThread "build event listener"              [_thread_blocked, id=2576, stack(0x000000db09f00000,0x000000db0a000000) (1024K)]
  0x00000297e4548fb0 JavaThread "Build operations"                  [_thread_blocked, id=6496, stack(0x000000db0a000000,0x000000db0a100000) (1024K)]
  0x00000297e4547c00 JavaThread "Build operations Thread 2"         [_thread_blocked, id=13236, stack(0x000000db0a100000,0x000000db0a200000) (1024K)]
  0x00000297e4548290 JavaThread "Memory manager"                    [_thread_blocked, id=9068, stack(0x000000db09c00000,0x000000db09d00000) (1024K)]
  0x00000297e45433d0 JavaThread "included builds"                   [_thread_in_native, id=12144, stack(0x000000db0a200000,0x000000db0a300000) (1024K)]
  0x00000297e45426b0 JavaThread "Execution worker"                  [_thread_in_native, id=13940, stack(0x000000db0a300000,0x000000db0a400000) (1024K)]
  0x00000297e4543a60 JavaThread "Execution worker Thread 2"         [_thread_blocked, id=15108, stack(0x000000db0a400000,0x000000db0a500000) (1024K)]
  0x00000297e4549640 JavaThread "Execution worker Thread 3"         [_thread_blocked, id=11520, stack(0x000000db0a500000,0x000000db0a600000) (1024K)]
  0x00000297e4544780 JavaThread "Execution worker Thread 4"         [_thread_blocked, id=17852, stack(0x000000db0a600000,0x000000db0a700000) (1024K)]
  0x00000297e56d7bf0 JavaThread "Execution worker Thread 5"         [_thread_blocked, id=9444, stack(0x000000db0a700000,0x000000db0a800000) (1024K)]
  0x00000297e56d9cc0 JavaThread "Execution worker Thread 6"         [_thread_blocked, id=9612, stack(0x000000db0a800000,0x000000db0a900000) (1024K)]
  0x00000297e56d5490 JavaThread "Execution worker Thread 7"         [_thread_blocked, id=13808, stack(0x000000db0a900000,0x000000db0aa00000) (1024K)]
  0x00000297e56d5b20 JavaThread "Cache worker for execution history cache (C:\Users\77012\AndroidStudioProjects\PlaylistMaker_db6_album\.gradle\8.11.1\executionHistory)"        [_thread_blocked, id=7284, stack(0x000000db0aa00000,0x000000db0ab00000) (1024K)]
  0x00000297e56d61b0 JavaThread "pool-2-thread-1"                   [_thread_blocked, id=16840, stack(0x000000db0ab00000,0x000000db0ac00000) (1024K)]
  0x00000297e56d8280 JavaThread "Unconstrained build operations"        [_thread_blocked, id=14088, stack(0x000000db0ac00000,0x000000db0ad00000) (1024K)]
  0x00000297e56d6840 JavaThread "Unconstrained build operations Thread 2"        [_thread_blocked, id=7716, stack(0x000000db0ad00000,0x000000db0ae00000) (1024K)]
  0x00000297e56d7560 JavaThread "Unconstrained build operations Thread 3"        [_thread_blocked, id=12956, stack(0x000000db0ae00000,0x000000db0af00000) (1024K)]
  0x00000297e56d8910 JavaThread "Unconstrained build operations Thread 4"        [_thread_blocked, id=11028, stack(0x000000db0af00000,0x000000db0b000000) (1024K)]
  0x00000297e56d4770 JavaThread "Unconstrained build operations Thread 5"        [_thread_blocked, id=10284, stack(0x000000db0b000000,0x000000db0b100000) (1024K)]
  0x00000297e56d8fa0 JavaThread "Unconstrained build operations Thread 6"        [_thread_blocked, id=1948, stack(0x000000db0b100000,0x000000db0b200000) (1024K)]
  0x00000297e56d40e0 JavaThread "Unconstrained build operations Thread 8"        [_thread_blocked, id=13448, stack(0x000000db0b200000,0x000000db0b300000) (1024K)]
  0x00000297e56d4e00 JavaThread "Unconstrained build operations Thread 7"        [_thread_blocked, id=4116, stack(0x000000db0b300000,0x000000db0b400000) (1024K)]
  0x00000297e56d6ed0 JavaThread "Unconstrained build operations Thread 9"        [_thread_blocked, id=8416, stack(0x000000db0b400000,0x000000db0b500000) (1024K)]
  0x00000297e56d9630 JavaThread "Unconstrained build operations Thread 10"        [_thread_blocked, id=11572, stack(0x000000db0b500000,0x000000db0b600000) (1024K)]
  0x00000297e56d3a50 JavaThread "Unconstrained build operations Thread 11"        [_thread_blocked, id=2188, stack(0x000000db0b600000,0x000000db0b700000) (1024K)]
  0x00000297e56d2d30 JavaThread "Unconstrained build operations Thread 12"        [_thread_blocked, id=16920, stack(0x000000db0b700000,0x000000db0b800000) (1024K)]
  0x00000297e56da350 JavaThread "Unconstrained build operations Thread 13"        [_thread_blocked, id=17344, stack(0x000000db0b800000,0x000000db0b900000) (1024K)]
  0x00000297e56d33c0 JavaThread "Unconstrained build operations Thread 14"        [_thread_blocked, id=3264, stack(0x000000db0b900000,0x000000db0ba00000) (1024K)]
  0x00000297e67e8bb0 JavaThread "Unconstrained build operations Thread 15"        [_thread_blocked, id=14940, stack(0x000000db0ba00000,0x000000db0bb00000) (1024K)]
  0x00000297e67e7e90 JavaThread "Unconstrained build operations Thread 16"        [_thread_blocked, id=13876, stack(0x000000db0bb00000,0x000000db0bc00000) (1024K)]
  0x00000297e67e9240 JavaThread "Unconstrained build operations Thread 17"        [_thread_blocked, id=7912, stack(0x000000db0bc00000,0x000000db0bd00000) (1024K)]
  0x00000297e67e6ae0 JavaThread "Unconstrained build operations Thread 18"        [_thread_blocked, id=13732, stack(0x000000db0bd00000,0x000000db0be00000) (1024K)]
  0x00000297e67ecd50 JavaThread "Unconstrained build operations Thread 19"        [_thread_blocked, id=14360, stack(0x000000db0be00000,0x000000db0bf00000) (1024K)]
  0x00000297e67e98d0 JavaThread "Unconstrained build operations Thread 20"        [_thread_blocked, id=15132, stack(0x000000db0bf00000,0x000000db0c000000) (1024K)]
  0x00000297e67e8520 JavaThread "Unconstrained build operations Thread 21"        [_thread_blocked, id=8136, stack(0x000000db0c000000,0x000000db0c100000) (1024K)]
  0x00000297e67e9f60 JavaThread "WorkerExecutor Queue"              [_thread_blocked, id=12160, stack(0x000000db0c100000,0x000000db0c200000) (1024K)]
  0x00000297e67e5dc0 JavaThread "WorkerExecutor Queue Thread 3"        [_thread_blocked, id=12116, stack(0x000000db0c300000,0x000000db0c400000) (1024K)]
  0x00000297e67eac80 JavaThread "Unconstrained build operations Thread 22"        [_thread_blocked, id=5464, stack(0x000000db0c400000,0x000000db0c500000) (1024K)]
  0x00000297e67eb310 JavaThread "Unconstrained build operations Thread 23"        [_thread_blocked, id=14744, stack(0x000000db0c500000,0x000000db0c600000) (1024K)]
  0x00000297e67eb9a0 JavaThread "Unconstrained build operations Thread 24"        [_thread_blocked, id=11600, stack(0x000000db0c600000,0x000000db0c700000) (1024K)]
  0x00000297e67ed3e0 JavaThread "Unconstrained build operations Thread 25"        [_thread_blocked, id=13592, stack(0x000000db0c700000,0x000000db0c800000) (1024K)]
  0x00000297e67ec030 JavaThread "Unconstrained build operations Thread 26"        [_thread_blocked, id=12840, stack(0x000000db0c800000,0x000000db0c900000) (1024K)]
  0x00000297e67e6450 JavaThread "Unconstrained build operations Thread 27"        [_thread_blocked, id=6936, stack(0x000000db0c900000,0x000000db0ca00000) (1024K)]
  0x00000297e67ec6c0 JavaThread "Unconstrained build operations Thread 28"        [_thread_blocked, id=13656, stack(0x000000db0ca00000,0x000000db0cb00000) (1024K)]
  0x00000297e67e7170 JavaThread "Unconstrained build operations Thread 29"        [_thread_blocked, id=1232, stack(0x000000db0cb00000,0x000000db0cc00000) (1024K)]
  0x00000297e67e7800 JavaThread "Unconstrained build operations Thread 30"        [_thread_blocked, id=4876, stack(0x000000db0cc00000,0x000000db0cd00000) (1024K)]
  0x00000297e50eaf20 JavaThread "Unconstrained build operations Thread 31"        [_thread_blocked, id=4504, stack(0x000000db0cd00000,0x000000db0ce00000) (1024K)]
  0x00000297e50e7410 JavaThread "Unconstrained build operations Thread 32"        [_thread_blocked, id=4708, stack(0x000000db0ce00000,0x000000db0cf00000) (1024K)]
  0x00000297e50ec960 JavaThread "Unconstrained build operations Thread 33"        [_thread_blocked, id=10524, stack(0x000000db0cf00000,0x000000db0d000000) (1024K)]
  0x00000297e50eb5b0 JavaThread "Unconstrained build operations Thread 34"        [_thread_blocked, id=11152, stack(0x000000db0d000000,0x000000db0d100000) (1024K)]
  0x00000297e50e8e50 JavaThread "Unconstrained build operations Thread 35"        [_thread_blocked, id=13160, stack(0x000000db0d100000,0x000000db0d200000) (1024K)]
  0x00000297e50ed680 JavaThread "Unconstrained build operations Thread 36"        [_thread_blocked, id=284, stack(0x000000db0d200000,0x000000db0d300000) (1024K)]
  0x00000297e50ea890 JavaThread "Unconstrained build operations Thread 37"        [_thread_blocked, id=5424, stack(0x000000db0d300000,0x000000db0d400000) (1024K)]
  0x00000297e50ec2d0 JavaThread "Unconstrained build operations Thread 38"        [_thread_blocked, id=7516, stack(0x000000db0d400000,0x000000db0d500000) (1024K)]
  0x00000297e50e6d80 JavaThread "Unconstrained build operations Thread 39"        [_thread_blocked, id=7576, stack(0x000000db0d500000,0x000000db0d600000) (1024K)]
  0x00000297e50e87c0 JavaThread "Unconstrained build operations Thread 40"        [_thread_blocked, id=10796, stack(0x000000db0d600000,0x000000db0d700000) (1024K)]
  0x00000297e50e66f0 JavaThread "Unconstrained build operations Thread 41"        [_thread_blocked, id=3644, stack(0x000000db0d700000,0x000000db0d800000) (1024K)]
  0x00000297e50ecff0 JavaThread "Unconstrained build operations Thread 42"        [_thread_blocked, id=10496, stack(0x000000db0d800000,0x000000db0d900000) (1024K)]
  0x00000297e50e7aa0 JavaThread "Unconstrained build operations Thread 43"        [_thread_blocked, id=8988, stack(0x000000db0d900000,0x000000db0da00000) (1024K)]
  0x00000297e50e8130 JavaThread "Unconstrained build operations Thread 44"        [_thread_blocked, id=11200, stack(0x000000db0da00000,0x000000db0db00000) (1024K)]
  0x00000297e50e94e0 JavaThread "Unconstrained build operations Thread 45"        [_thread_blocked, id=17796, stack(0x000000db0db00000,0x000000db0dc00000) (1024K)]
  0x00000297e50e9b70 JavaThread "Unconstrained build operations Thread 46"        [_thread_blocked, id=12224, stack(0x000000db0dc00000,0x000000db0dd00000) (1024K)]
  0x00000297e50ebc40 JavaThread "Unconstrained build operations Thread 47"        [_thread_blocked, id=3884, stack(0x000000db0dd00000,0x000000db0de00000) (1024K)]
  0x00000297e50f92e0 JavaThread "Unconstrained build operations Thread 48"        [_thread_blocked, id=12832, stack(0x000000db0de00000,0x000000db0df00000) (1024K)]
  0x00000297e50fa000 JavaThread "Unconstrained build operations Thread 49"        [_thread_blocked, id=6292, stack(0x000000db0df00000,0x000000db0e000000) (1024K)]
  0x00000297e5100900 JavaThread "Unconstrained build operations Thread 50"        [_thread_blocked, id=13608, stack(0x000000db0e000000,0x000000db0e100000) (1024K)]
  0x00000297e5100270 JavaThread "Unconstrained build operations Thread 51"        [_thread_blocked, id=6980, stack(0x000000db0e100000,0x000000db0e200000) (1024K)]
  0x00000297e50feec0 JavaThread "Unconstrained build operations Thread 52"        [_thread_blocked, id=2472, stack(0x000000db0e200000,0x000000db0e300000) (1024K)]
  0x00000297e50ff550 JavaThread "Unconstrained build operations Thread 53"        [_thread_blocked, id=6984, stack(0x000000db0e300000,0x000000db0e400000) (1024K)]
  0x00000297e50fd480 JavaThread "Unconstrained build operations Thread 54"        [_thread_blocked, id=11344, stack(0x000000db0e400000,0x000000db0e500000) (1024K)]
  0x00000297e50fb3b0 JavaThread "Unconstrained build operations Thread 55"        [_thread_blocked, id=16176, stack(0x000000db0e500000,0x000000db0e600000) (1024K)]
  0x00000297e50fa690 JavaThread "Unconstrained build operations Thread 56"        [_thread_blocked, id=14880, stack(0x000000db0e600000,0x000000db0e700000) (1024K)]
  0x00000297e50fad20 JavaThread "WorkerExecutor Queue Thread 4"        [_thread_blocked, id=15784, stack(0x000000db0e700000,0x000000db0e800000) (1024K)]
  0x00000297e50fc760 JavaThread "Unconstrained build operations Thread 57"        [_thread_blocked, id=4140, stack(0x000000db0e800000,0x000000db0e900000) (1024K)]
  0x00000297e50fdb10 JavaThread "Unconstrained build operations Thread 58"        [_thread_blocked, id=16976, stack(0x000000db0e900000,0x000000db0ea00000) (1024K)]
  0x00000297e50fcdf0 JavaThread "Unconstrained build operations Thread 59"        [_thread_blocked, id=16968, stack(0x000000db0ea00000,0x000000db0eb00000) (1024K)]
  0x00000297e50fba40 JavaThread "Unconstrained build operations Thread 60"        [_thread_blocked, id=5200, stack(0x000000db0eb00000,0x000000db0ec00000) (1024K)]
  0x00000297e50fe1a0 JavaThread "Unconstrained build operations Thread 61"        [_thread_blocked, id=18224, stack(0x000000db0ec00000,0x000000db0ed00000) (1024K)]
  0x00000297e50ffbe0 JavaThread "Unconstrained build operations Thread 62"        [_thread_blocked, id=8832, stack(0x000000db0ed00000,0x000000db0ee00000) (1024K)]
  0x00000297e50fe830 JavaThread "Unconstrained build operations Thread 63"        [_thread_blocked, id=3584, stack(0x000000db0ee00000,0x000000db0ef00000) (1024K)]
  0x00000297e50fc0d0 JavaThread "WorkerExecutor Queue Thread 5"        [_thread_blocked, id=16644, stack(0x000000db0ef00000,0x000000db0f000000) (1024K)]
  0x00000297e48b2c70 JavaThread "WorkerExecutor Queue Thread 6"        [_thread_blocked, id=14660, stack(0x000000db0f000000,0x000000db0f100000) (1024K)]
  0x00000297e48aead0 JavaThread "Unconstrained build operations Thread 64"        [_thread_blocked, id=2024, stack(0x000000db0f100000,0x000000db0f200000) (1024K)]
  0x00000297e4e8bcb0 JavaThread "Unconstrained build operations Thread 65"        [_thread_blocked, id=11220, stack(0x000000db0f200000,0x000000db0f300000) (1024K)]
  0x00000297e4e8a270 JavaThread "Unconstrained build operations Thread 66"        [_thread_blocked, id=7956, stack(0x000000db0f300000,0x000000db0f400000) (1024K)]
  0x00000297e4e89550 JavaThread "Unconstrained build operations Thread 67"        [_thread_blocked, id=14128, stack(0x000000db0f400000,0x000000db0f500000) (1024K)]
  0x00000297e4e8d060 JavaThread "Unconstrained build operations Thread 68"        [_thread_blocked, id=1872, stack(0x000000db0f500000,0x000000db0f600000) (1024K)]
  0x00000297e4e89be0 JavaThread "Unconstrained build operations Thread 69"        [_thread_blocked, id=3936, stack(0x000000db0f600000,0x000000db0f700000) (1024K)]
  0x00000297e4e8a900 JavaThread "Unconstrained build operations Thread 70"        [_thread_blocked, id=12780, stack(0x000000db0f700000,0x000000db0f800000) (1024K)]
  0x00000297e4e8af90 JavaThread "Unconstrained build operations Thread 71"        [_thread_blocked, id=2572, stack(0x000000db0f800000,0x000000db0f900000) (1024K)]
  0x00000297e4e8dd80 JavaThread "Unconstrained build operations Thread 72"        [_thread_blocked, id=2712, stack(0x000000db0f900000,0x000000db0fa00000) (1024K)]
  0x00000297e4e8fe50 JavaThread "Unconstrained build operations Thread 73"        [_thread_blocked, id=4208, stack(0x000000db0fa00000,0x000000db0fb00000) (1024K)]
  0x00000297e4e8c340 JavaThread "Unconstrained build operations Thread 74"        [_thread_blocked, id=8324, stack(0x000000db0fb00000,0x000000db0fc00000) (1024K)]
  0x00000297e4e8eaa0 JavaThread "Unconstrained build operations Thread 75"        [_thread_blocked, id=11700, stack(0x000000db0fc00000,0x000000db0fd00000) (1024K)]
  0x00000297e4e8f7c0 JavaThread "Unconstrained build operations Thread 76"        [_thread_blocked, id=10000, stack(0x000000db0fd00000,0x000000db0fe00000) (1024K)]
  0x00000297e4e8c9d0 JavaThread "Unconstrained build operations Thread 77"        [_thread_blocked, id=12396, stack(0x000000db0fe00000,0x000000db0ff00000) (1024K)]
  0x00000297e4e8d6f0 JavaThread "WorkerExecutor Queue Thread 7"        [_thread_blocked, id=272, stack(0x000000db0ff00000,0x000000db10000000) (1024K)]
  0x00000297e4e8e410 JavaThread "Unconstrained build operations Thread 78"        [_thread_blocked, id=2084, stack(0x000000db10100000,0x000000db10200000) (1024K)]
  0x00000297e4e8f130 JavaThread "Unconstrained build operations Thread 79"        [_thread_blocked, id=14244, stack(0x000000db10200000,0x000000db10300000) (1024K)]
  0x00000297e4e88ec0 JavaThread "Unconstrained build operations Thread 80"        [_thread_blocked, id=9024, stack(0x000000db10300000,0x000000db10400000) (1024K)]
  0x00000297e48af7f0 JavaThread "WorkerExecutor Queue Thread 9"        [_thread_blocked, id=17412, stack(0x000000db10400000,0x000000db10500000) (1024K)]
  0x00000297e30dc390 JavaThread "WorkerExecutor Queue Thread 10"        [_thread_blocked, id=4648, stack(0x000000db10000000,0x000000db10100000) (1024K)]
Total: 136

Other Threads:
  0x00000297dc747ec0 VMThread "VM Thread"                           [id=4180, stack(0x000000db07400000,0x000000db07500000) (1024K)]
  0x00000297dc6e8590 WatcherThread "VM Periodic Task Thread"        [id=11192, stack(0x000000db07300000,0x000000db07400000) (1024K)]
  0x00000297c2ece030 WorkerThread "GC Thread#0"                     [id=10792, stack(0x000000db06e00000,0x000000db06f00000) (1024K)]
  0x00000297e10f3fc0 WorkerThread "GC Thread#1"                     [id=1204, stack(0x000000db07f00000,0x000000db08000000) (1024K)]
  0x00000297e13f3880 WorkerThread "GC Thread#2"                     [id=14792, stack(0x000000db08000000,0x000000db08100000) (1024K)]
  0x00000297e1bbf620 WorkerThread "GC Thread#3"                     [id=6812, stack(0x000000db08100000,0x000000db08200000) (1024K)]
  0x00000297e1bc9f60 WorkerThread "GC Thread#4"                     [id=15860, stack(0x000000db08200000,0x000000db08300000) (1024K)]
  0x00000297e2885840 WorkerThread "GC Thread#5"                     [id=11420, stack(0x000000db08300000,0x000000db08400000) (1024K)]
  0x00000297dcac6780 WorkerThread "GC Thread#6"                     [id=15844, stack(0x000000db08e00000,0x000000db08f00000) (1024K)]
  0x00000297dcac5ca0 WorkerThread "GC Thread#7"                     [id=8196, stack(0x000000db08f00000,0x000000db09000000) (1024K)]
  0x00000297c50b8f60 ConcurrentGCThread "G1 Main Marker"            [id=11456, stack(0x000000db06f00000,0x000000db07000000) (1024K)]
  0x00000297c50bc020 WorkerThread "G1 Conc#0"                       [id=16040, stack(0x000000db07000000,0x000000db07100000) (1024K)]
  0x00000297dcac4e20 WorkerThread "G1 Conc#1"                       [id=17456, stack(0x000000db09000000,0x000000db09100000) (1024K)]
  0x00000297c511e6d0 ConcurrentGCThread "G1 Refine#0"               [id=11684, stack(0x000000db07100000,0x000000db07200000) (1024K)]
  0x00000297dc5b9770 ConcurrentGCThread "G1 Service"                [id=16820, stack(0x000000db07200000,0x000000db07300000) (1024K)]
Total: 15

Threads with active compile tasks:
C2 CompilerThread0  60230 12811 %     4       org.mozilla.universalchardet.UniversalDetector::handleData @ 318 (644 bytes)
Total: 1

VM state: at safepoint (normal execution)

VM Mutex/Monitor currently owned by a thread:  ([mutex/lock_event])
[0x00007ffef708d360] Threads_lock - owner thread: 0x00000297dc747ec0
[0x00007ffef708d460] Heap_lock - owner thread: 0x00000297e4545b30

OutOfMemory and StackOverflow Exception counts:
OutOfMemoryError java_heap_errors=1
LinkageErrors=207

Heap address: 0x0000000080000000, size: 2048 MB, Compressed Oops mode: 32-bit

CDS archive(s) not mapped
Compressed class space mapped at: 0x0000000100000000-0x0000000140000000, reserved size: 1073741824
Narrow klass base: 0x0000000000000000, Narrow klass shift: 3, Narrow klass range: 0x140000000

GC Precious Log:
 CardTable entry size: 512
 Card Set container configuration: InlinePtr #cards 5 size 8 Array Of Cards #cards 12 size 40 Howl #buckets 4 coarsen threshold 1843 Howl Bitmap #cards 512 size 80 coarsen threshold 460 Card regions per heap region 1 cards per card region 2048
 CPUs: 8 total, 8 available
 Memory: 7871M
 Large Page Support: Disabled
 NUMA Support: Disabled
 Compressed Oops: Enabled (32-bit)
 Heap Region Size: 1M
 Heap Min Capacity: 8M
 Heap Initial Capacity: 124M
 Heap Max Capacity: 2G
 Pre-touch: Disabled
 Parallel Workers: 8
 Concurrent Workers: 2
 Concurrent Refinement Workers: 8
 Periodic GC: Disabled

Heap:
 garbage-first heap   total 271360K, used 228798K [0x0000000080000000, 0x0000000100000000)
  region size 1024K, 84 young (86016K), 0 survivors (0K)
 Metaspace       used 98273K, committed 100288K, reserved 1179648K
  class space    used 12713K, committed 13760K, reserved 1048576K

Heap Regions: E=young(eden), S=young(survivor), O=old, HS=humongous(starts), HC=humongous(continues), CS=collection set, F=free, TAMS=top-at-mark-start, PB=parsable bottom
|   0|0x0000000080000000, 0x0000000080100000, 0x0000000080100000|100%| O|  |TAMS 0x0000000080000000| PB 0x0000000080000000| Untracked 
|   1|0x0000000080100000, 0x0000000080200000, 0x0000000080200000|100%|HS|  |TAMS 0x0000000080100000| PB 0x0000000080100000| Complete 
|   2|0x0000000080200000, 0x0000000080300000, 0x0000000080300000|100%|HC|  |TAMS 0x0000000080200000| PB 0x0000000080200000| Complete 
|   3|0x0000000080300000, 0x0000000080400000, 0x0000000080400000|100%|HC|  |TAMS 0x0000000080300000| PB 0x0000000080300000| Complete 
|   4|0x0000000080400000, 0x0000000080500000, 0x0000000080500000|100%| O|  |TAMS 0x0000000080400000| PB 0x0000000080400000| Untracked 
|   5|0x0000000080500000, 0x0000000080600000, 0x0000000080600000|100%| O|  |TAMS 0x0000000080500000| PB 0x0000000080500000| Untracked 
|   6|0x0000000080600000, 0x0000000080700000, 0x0000000080700000|100%| O|  |TAMS 0x0000000080600000| PB 0x0000000080600000| Untracked 
|   7|0x0000000080700000, 0x0000000080800000, 0x0000000080800000|100%|HS|  |TAMS 0x0000000080700000| PB 0x0000000080700000| Complete 
|   8|0x0000000080800000, 0x0000000080900000, 0x0000000080900000|100%|HS|  |TAMS 0x0000000080800000| PB 0x0000000080800000| Complete 
|   9|0x0000000080900000, 0x0000000080a00000, 0x0000000080a00000|100%| O|  |TAMS 0x0000000080900000| PB 0x0000000080900000| Untracked 
|  10|0x0000000080a00000, 0x0000000080b00000, 0x0000000080b00000|100%| O|  |TAMS 0x0000000080a00000| PB 0x0000000080a00000| Untracked 
|  11|0x0000000080b00000, 0x0000000080c00000, 0x0000000080c00000|100%| O|  |TAMS 0x0000000080b00000| PB 0x0000000080b00000| Untracked 
|  12|0x0000000080c00000, 0x0000000080d00000, 0x0000000080d00000|100%| O|  |TAMS 0x0000000080c00000| PB 0x0000000080c00000| Untracked 
|  13|0x0000000080d00000, 0x0000000080e00000, 0x0000000080e00000|100%| O|  |TAMS 0x0000000080d00000| PB 0x0000000080d00000| Untracked 
|  14|0x0000000080e00000, 0x0000000080f00000, 0x0000000080f00000|100%| O|  |TAMS 0x0000000080e00000| PB 0x0000000080e00000| Untracked 
|  15|0x0000000080f00000, 0x0000000081000000, 0x0000000081000000|100%| O|  |TAMS 0x0000000080f00000| PB 0x0000000080f00000| Untracked 
|  16|0x0000000081000000, 0x0000000081100000, 0x0000000081100000|100%| O|  |TAMS 0x0000000081000000| PB 0x0000000081000000| Untracked 
|  17|0x0000000081100000, 0x0000000081200000, 0x0000000081200000|100%| O|  |TAMS 0x0000000081100000| PB 0x0000000081100000| Untracked 
|  18|0x0000000081200000, 0x0000000081300000, 0x0000000081300000|100%| O|  |TAMS 0x0000000081200000| PB 0x0000000081200000| Untracked 
|  19|0x0000000081300000, 0x0000000081400000, 0x0000000081400000|100%|HS|  |TAMS 0x0000000081300000| PB 0x0000000081300000| Complete 
|  20|0x0000000081400000, 0x0000000081500000, 0x0000000081500000|100%|HS|  |TAMS 0x0000000081400000| PB 0x0000000081400000| Complete 
|  21|0x0000000081500000, 0x0000000081600000, 0x0000000081600000|100%|HS|  |TAMS 0x0000000081500000| PB 0x0000000081500000| Complete 
|  22|0x0000000081600000, 0x0000000081700000, 0x0000000081700000|100%|HC|  |TAMS 0x0000000081600000| PB 0x0000000081600000| Complete 
|  23|0x0000000081700000, 0x0000000081800000, 0x0000000081800000|100%|HS|  |TAMS 0x0000000081700000| PB 0x0000000081700000| Complete 
|  24|0x0000000081800000, 0x0000000081900000, 0x0000000081900000|100%| O|  |TAMS 0x0000000081800000| PB 0x0000000081800000| Untracked 
|  25|0x0000000081900000, 0x0000000081a00000, 0x0000000081a00000|100%| O|  |TAMS 0x0000000081900000| PB 0x0000000081900000| Untracked 
|  26|0x0000000081a00000, 0x0000000081b00000, 0x0000000081b00000|100%| O|  |TAMS 0x0000000081a00000| PB 0x0000000081a00000| Untracked 
|  27|0x0000000081b00000, 0x0000000081c00000, 0x0000000081c00000|100%| O|  |TAMS 0x0000000081b00000| PB 0x0000000081b00000| Untracked 
|  28|0x0000000081c00000, 0x0000000081d00000, 0x0000000081d00000|100%| O|  |TAMS 0x0000000081c00000| PB 0x0000000081c00000| Untracked 
|  29|0x0000000081d00000, 0x0000000081e00000, 0x0000000081e00000|100%| O|  |TAMS 0x0000000081d00000| PB 0x0000000081d00000| Untracked 
|  30|0x0000000081e00000, 0x0000000081f00000, 0x0000000081f00000|100%|HS|  |TAMS 0x0000000081e00000| PB 0x0000000081e00000| Complete 
|  31|0x0000000081f00000, 0x0000000082000000, 0x0000000082000000|100%|HC|  |TAMS 0x0000000081f00000| PB 0x0000000081f00000| Complete 
|  32|0x0000000082000000, 0x0000000082100000, 0x0000000082100000|100%| O|  |TAMS 0x0000000082000000| PB 0x0000000082000000| Untracked 
|  33|0x0000000082100000, 0x0000000082200000, 0x0000000082200000|100%| O|  |TAMS 0x0000000082100000| PB 0x0000000082100000| Untracked 
|  34|0x0000000082200000, 0x0000000082300000, 0x0000000082300000|100%|HS|  |TAMS 0x0000000082200000| PB 0x0000000082200000| Complete 
|  35|0x0000000082300000, 0x0000000082400000, 0x0000000082400000|100%|HC|  |TAMS 0x0000000082300000| PB 0x0000000082300000| Complete 
|  36|0x0000000082400000, 0x0000000082500000, 0x0000000082500000|100%|HC|  |TAMS 0x0000000082400000| PB 0x0000000082400000| Complete 
|  37|0x0000000082500000, 0x0000000082600000, 0x0000000082600000|100%|HS|  |TAMS 0x0000000082500000| PB 0x0000000082500000| Complete 
|  38|0x0000000082600000, 0x0000000082700000, 0x0000000082700000|100%| O|  |TAMS 0x0000000082600000| PB 0x0000000082600000| Untracked 
|  39|0x0000000082700000, 0x0000000082800000, 0x0000000082800000|100%| O|  |TAMS 0x0000000082700000| PB 0x0000000082700000| Untracked 
|  40|0x0000000082800000, 0x0000000082900000, 0x0000000082900000|100%|HS|  |TAMS 0x0000000082800000| PB 0x0000000082800000| Complete 
|  41|0x0000000082900000, 0x0000000082a00000, 0x0000000082a00000|100%| O|  |TAMS 0x0000000082900000| PB 0x0000000082900000| Untracked 
|  42|0x0000000082a00000, 0x0000000082b00000, 0x0000000082b00000|100%| O|  |TAMS 0x0000000082a00000| PB 0x0000000082a00000| Untracked 
|  43|0x0000000082b00000, 0x0000000082c00000, 0x0000000082c00000|100%| O|  |TAMS 0x0000000082b00000| PB 0x0000000082b00000| Untracked 
|  44|0x0000000082c00000, 0x0000000082d00000, 0x0000000082d00000|100%|HS|  |TAMS 0x0000000082c00000| PB 0x0000000082c00000| Complete 
|  45|0x0000000082d00000, 0x0000000082e00000, 0x0000000082e00000|100%|HC|  |TAMS 0x0000000082d00000| PB 0x0000000082d00000| Complete 
|  46|0x0000000082e00000, 0x0000000082f00000, 0x0000000082f00000|100%|HC|  |TAMS 0x0000000082e00000| PB 0x0000000082e00000| Complete 
|  47|0x0000000082f00000, 0x0000000083000000, 0x0000000083000000|100%| O|  |TAMS 0x0000000082f00000| PB 0x0000000082f00000| Untracked 
|  48|0x0000000083000000, 0x0000000083100000, 0x0000000083100000|100%| O|  |TAMS 0x0000000083000000| PB 0x0000000083000000| Untracked 
|  49|0x0000000083100000, 0x0000000083200000, 0x0000000083200000|100%| O|  |TAMS 0x0000000083100000| PB 0x0000000083100000| Untracked 
|  50|0x0000000083200000, 0x0000000083300000, 0x0000000083300000|100%| O|  |TAMS 0x0000000083200000| PB 0x0000000083200000| Untracked 
|  51|0x0000000083300000, 0x0000000083400000, 0x0000000083400000|100%| O|  |TAMS 0x0000000083300000| PB 0x0000000083300000| Untracked 
|  52|0x0000000083400000, 0x0000000083500000, 0x0000000083500000|100%| O|  |TAMS 0x0000000083400000| PB 0x0000000083400000| Untracked 
|  53|0x0000000083500000, 0x0000000083600000, 0x0000000083600000|100%| O|  |TAMS 0x0000000083500000| PB 0x0000000083500000| Untracked 
|  54|0x0000000083600000, 0x0000000083700000, 0x0000000083700000|100%| O|  |TAMS 0x0000000083600000| PB 0x0000000083600000| Untracked 
|  55|0x0000000083700000, 0x0000000083800000, 0x0000000083800000|100%| O|  |TAMS 0x0000000083700000| PB 0x0000000083700000| Untracked 
|  56|0x0000000083800000, 0x0000000083900000, 0x0000000083900000|100%| O|  |TAMS 0x0000000083800000| PB 0x0000000083800000| Untracked 
|  57|0x0000000083900000, 0x0000000083a00000, 0x0000000083a00000|100%| O|  |TAMS 0x0000000083900000| PB 0x0000000083900000| Untracked 
|  58|0x0000000083a00000, 0x0000000083b00000, 0x0000000083b00000|100%| O|  |TAMS 0x0000000083a00000| PB 0x0000000083a00000| Untracked 
|  59|0x0000000083b00000, 0x0000000083c00000, 0x0000000083c00000|100%| O|  |TAMS 0x0000000083b00000| PB 0x0000000083b00000| Untracked 
|  60|0x0000000083c00000, 0x0000000083d00000, 0x0000000083d00000|100%| O|  |TAMS 0x0000000083c00000| PB 0x0000000083c00000| Untracked 
|  61|0x0000000083d00000, 0x0000000083e00000, 0x0000000083e00000|100%| O|  |TAMS 0x0000000083d00000| PB 0x0000000083d00000| Untracked 
|  62|0x0000000083e00000, 0x0000000083f00000, 0x0000000083f00000|100%| O|  |TAMS 0x0000000083e00000| PB 0x0000000083e00000| Untracked 
|  63|0x0000000083f00000, 0x0000000084000000, 0x0000000084000000|100%| O|  |TAMS 0x0000000083f00000| PB 0x0000000083f00000| Untracked 
|  64|0x0000000084000000, 0x0000000084100000, 0x0000000084100000|100%| O|  |TAMS 0x0000000084000000| PB 0x0000000084000000| Untracked 
|  65|0x0000000084100000, 0x0000000084200000, 0x0000000084200000|100%| O|  |TAMS 0x0000000084100000| PB 0x0000000084100000| Untracked 
|  66|0x0000000084200000, 0x0000000084300000, 0x0000000084300000|100%| O|  |TAMS 0x0000000084200000| PB 0x0000000084200000| Untracked 
|  67|0x0000000084300000, 0x0000000084400000, 0x0000000084400000|100%| O|  |TAMS 0x0000000084300000| PB 0x0000000084300000| Untracked 
|  68|0x0000000084400000, 0x0000000084500000, 0x0000000084500000|100%| O|  |TAMS 0x0000000084400000| PB 0x0000000084400000| Untracked 
|  69|0x0000000084500000, 0x0000000084600000, 0x0000000084600000|100%| O|  |TAMS 0x0000000084500000| PB 0x0000000084500000| Untracked 
|  70|0x0000000084600000, 0x0000000084700000, 0x0000000084700000|100%| O|  |TAMS 0x0000000084600000| PB 0x0000000084600000| Untracked 
|  71|0x0000000084700000, 0x0000000084800000, 0x0000000084800000|100%| O|  |TAMS 0x0000000084700000| PB 0x0000000084700000| Untracked 
|  72|0x0000000084800000, 0x0000000084900000, 0x0000000084900000|100%| O|  |TAMS 0x0000000084800000| PB 0x0000000084800000| Untracked 
|  73|0x0000000084900000, 0x0000000084a00000, 0x0000000084a00000|100%| O|  |TAMS 0x0000000084900000| PB 0x0000000084900000| Untracked 
|  74|0x0000000084a00000, 0x0000000084b00000, 0x0000000084b00000|100%|HS|  |TAMS 0x0000000084a00000| PB 0x0000000084a00000| Complete 
|  75|0x0000000084b00000, 0x0000000084c00000, 0x0000000084c00000|100%| O|  |TAMS 0x0000000084b00000| PB 0x0000000084b00000| Untracked 
|  76|0x0000000084c00000, 0x0000000084d00000, 0x0000000084d00000|100%| O|  |TAMS 0x0000000084c00000| PB 0x0000000084c00000| Untracked 
|  77|0x0000000084d00000, 0x0000000084e00000, 0x0000000084e00000|100%| O|  |TAMS 0x0000000084d00000| PB 0x0000000084d00000| Untracked 
|  78|0x0000000084e00000, 0x0000000084f00000, 0x0000000084f00000|100%| O|  |TAMS 0x0000000084e00000| PB 0x0000000084e00000| Untracked 
|  79|0x0000000084f00000, 0x0000000085000000, 0x0000000085000000|100%| O|  |TAMS 0x0000000084f00000| PB 0x0000000084f00000| Untracked 
|  80|0x0000000085000000, 0x0000000085100000, 0x0000000085100000|100%| O|  |TAMS 0x0000000085000000| PB 0x0000000085000000| Untracked 
|  81|0x0000000085100000, 0x0000000085200000, 0x0000000085200000|100%| O|  |TAMS 0x0000000085100000| PB 0x0000000085100000| Untracked 
|  82|0x0000000085200000, 0x0000000085300000, 0x0000000085300000|100%| O|  |TAMS 0x0000000085200000| PB 0x0000000085200000| Untracked 
|  83|0x0000000085300000, 0x0000000085400000, 0x0000000085400000|100%|HS|  |TAMS 0x0000000085300000| PB 0x0000000085300000| Complete 
|  84|0x0000000085400000, 0x0000000085500000, 0x0000000085500000|100%|HC|  |TAMS 0x0000000085400000| PB 0x0000000085400000| Complete 
|  85|0x0000000085500000, 0x0000000085600000, 0x0000000085600000|100%| O|  |TAMS 0x0000000085500000| PB 0x0000000085500000| Untracked 
|  86|0x0000000085600000, 0x0000000085700000, 0x0000000085700000|100%| O|  |TAMS 0x0000000085600000| PB 0x0000000085600000| Untracked 
|  87|0x0000000085700000, 0x0000000085800000, 0x0000000085800000|100%| O|  |TAMS 0x0000000085700000| PB 0x0000000085700000| Untracked 
|  88|0x0000000085800000, 0x0000000085900000, 0x0000000085900000|100%| O|  |TAMS 0x0000000085800000| PB 0x0000000085800000| Untracked 
|  89|0x0000000085900000, 0x0000000085a00000, 0x0000000085a00000|100%| O|  |TAMS 0x0000000085900000| PB 0x0000000085900000| Untracked 
|  90|0x0000000085a00000, 0x0000000085b00000, 0x0000000085b00000|100%| O|  |TAMS 0x0000000085a00000| PB 0x0000000085a00000| Untracked 
|  91|0x0000000085b00000, 0x0000000085c00000, 0x0000000085c00000|100%| O|  |TAMS 0x0000000085b00000| PB 0x0000000085b00000| Untracked 
|  92|0x0000000085c00000, 0x0000000085d00000, 0x0000000085d00000|100%| O|  |TAMS 0x0000000085c00000| PB 0x0000000085c00000| Untracked 
|  93|0x0000000085d00000, 0x0000000085e00000, 0x0000000085e00000|100%| O|Cm|TAMS 0x0000000085d00000| PB 0x0000000085d00000| Complete 
|  94|0x0000000085e00000, 0x0000000085f00000, 0x0000000085f00000|100%| O|  |TAMS 0x0000000085e00000| PB 0x0000000085e00000| Untracked 
|  95|0x0000000085f00000, 0x0000000086000000, 0x0000000086000000|100%| O|  |TAMS 0x0000000085f00000| PB 0x0000000085f00000| Untracked 
|  96|0x0000000086000000, 0x0000000086100000, 0x0000000086100000|100%| O|  |TAMS 0x0000000086000000| PB 0x0000000086000000| Untracked 
|  97|0x0000000086100000, 0x0000000086200000, 0x0000000086200000|100%| O|Cm|TAMS 0x0000000086100000| PB 0x0000000086100000| Complete 
|  98|0x0000000086200000, 0x0000000086300000, 0x0000000086300000|100%| O|Cm|TAMS 0x0000000086200000| PB 0x0000000086200000| Complete 
|  99|0x0000000086300000, 0x0000000086400000, 0x0000000086400000|100%| O|Cm|TAMS 0x0000000086300000| PB 0x0000000086300000| Complete 
| 100|0x0000000086400000, 0x0000000086500000, 0x0000000086500000|100%| O|  |TAMS 0x0000000086400000| PB 0x0000000086400000| Untracked 
| 101|0x0000000086500000, 0x000000008657a220, 0x0000000086600000| 47%| O|  |TAMS 0x0000000086500000| PB 0x0000000086500000| Untracked 
| 102|0x0000000086600000, 0x0000000086700000, 0x0000000086700000|100%|HS|  |TAMS 0x0000000086600000| PB 0x0000000086600000| Complete 
| 103|0x0000000086700000, 0x0000000086800000, 0x0000000086800000|100%|HC|  |TAMS 0x0000000086700000| PB 0x0000000086700000| Complete 
| 104|0x0000000086800000, 0x0000000086900000, 0x0000000086900000|100%|HS|  |TAMS 0x0000000086800000| PB 0x0000000086800000| Complete 
| 105|0x0000000086900000, 0x0000000086a00000, 0x0000000086a00000|100%|HC|  |TAMS 0x0000000086900000| PB 0x0000000086900000| Complete 
| 106|0x0000000086a00000, 0x0000000086b00000, 0x0000000086b00000|100%|HS|  |TAMS 0x0000000086a00000| PB 0x0000000086a00000| Complete 
| 107|0x0000000086b00000, 0x0000000086c00000, 0x0000000086c00000|100%|HC|  |TAMS 0x0000000086b00000| PB 0x0000000086b00000| Complete 
| 108|0x0000000086c00000, 0x0000000086d00000, 0x0000000086d00000|100%|HS|  |TAMS 0x0000000086c00000| PB 0x0000000086c00000| Complete 
| 109|0x0000000086d00000, 0x0000000086e00000, 0x0000000086e00000|100%|HC|  |TAMS 0x0000000086d00000| PB 0x0000000086d00000| Complete 
| 110|0x0000000086e00000, 0x0000000086f00000, 0x0000000086f00000|100%|HS|  |TAMS 0x0000000086e00000| PB 0x0000000086e00000| Complete 
| 111|0x0000000086f00000, 0x0000000087000000, 0x0000000087000000|100%|HS|  |TAMS 0x0000000086f00000| PB 0x0000000086f00000| Complete 
| 112|0x0000000087000000, 0x0000000087100000, 0x0000000087100000|100%|HS|  |TAMS 0x0000000087000000| PB 0x0000000087000000| Complete 
| 113|0x0000000087100000, 0x0000000087200000, 0x0000000087200000|100%|HS|  |TAMS 0x0000000087100000| PB 0x0000000087100000| Complete 
| 114|0x0000000087200000, 0x0000000087300000, 0x0000000087300000|100%|HC|  |TAMS 0x0000000087200000| PB 0x0000000087200000| Complete 
| 115|0x0000000087300000, 0x0000000087300000, 0x0000000087400000|  0%| F|  |TAMS 0x0000000087300000| PB 0x0000000087300000| Untracked 
| 116|0x0000000087400000, 0x0000000087400000, 0x0000000087500000|  0%| F|  |TAMS 0x0000000087400000| PB 0x0000000087400000| Untracked 
| 117|0x0000000087500000, 0x0000000087500000, 0x0000000087600000|  0%| F|  |TAMS 0x0000000087500000| PB 0x0000000087500000| Untracked 
| 118|0x0000000087600000, 0x0000000087600000, 0x0000000087700000|  0%| F|  |TAMS 0x0000000087600000| PB 0x0000000087600000| Untracked 
| 119|0x0000000087700000, 0x0000000087700000, 0x0000000087800000|  0%| F|  |TAMS 0x0000000087700000| PB 0x0000000087700000| Untracked 
| 120|0x0000000087800000, 0x0000000087800000, 0x0000000087900000|  0%| F|  |TAMS 0x0000000087800000| PB 0x0000000087800000| Untracked 
| 121|0x0000000087900000, 0x0000000087900000, 0x0000000087a00000|  0%| F|  |TAMS 0x0000000087900000| PB 0x0000000087900000| Untracked 
| 122|0x0000000087a00000, 0x0000000087a00000, 0x0000000087b00000|  0%| F|  |TAMS 0x0000000087a00000| PB 0x0000000087a00000| Untracked 
| 123|0x0000000087b00000, 0x0000000087b00000, 0x0000000087c00000|  0%| F|  |TAMS 0x0000000087b00000| PB 0x0000000087b00000| Untracked 
| 124|0x0000000087c00000, 0x0000000087c00000, 0x0000000087d00000|  0%| F|  |TAMS 0x0000000087c00000| PB 0x0000000087c00000| Untracked 
| 125|0x0000000087d00000, 0x0000000087d00000, 0x0000000087e00000|  0%| F|  |TAMS 0x0000000087d00000| PB 0x0000000087d00000| Untracked 
| 126|0x0000000087e00000, 0x0000000087e00000, 0x0000000087f00000|  0%| F|  |TAMS 0x0000000087e00000| PB 0x0000000087e00000| Untracked 
| 127|0x0000000087f00000, 0x0000000087f00000, 0x0000000088000000|  0%| F|  |TAMS 0x0000000087f00000| PB 0x0000000087f00000| Untracked 
| 128|0x0000000088000000, 0x0000000088000000, 0x0000000088100000|  0%| F|  |TAMS 0x0000000088000000| PB 0x0000000088000000| Untracked 
| 129|0x0000000088100000, 0x0000000088100000, 0x0000000088200000|  0%| F|  |TAMS 0x0000000088100000| PB 0x0000000088100000| Untracked 
| 130|0x0000000088200000, 0x0000000088200000, 0x0000000088300000|  0%| F|  |TAMS 0x0000000088200000| PB 0x0000000088200000| Untracked 
| 131|0x0000000088300000, 0x0000000088300000, 0x0000000088400000|  0%| F|  |TAMS 0x0000000088300000| PB 0x0000000088300000| Untracked 
| 132|0x0000000088400000, 0x0000000088400000, 0x0000000088500000|  0%| F|  |TAMS 0x0000000088400000| PB 0x0000000088400000| Untracked 
| 133|0x0000000088500000, 0x0000000088500000, 0x0000000088600000|  0%| F|  |TAMS 0x0000000088500000| PB 0x0000000088500000| Untracked 
| 134|0x0000000088600000, 0x0000000088600000, 0x0000000088700000|  0%| F|  |TAMS 0x0000000088600000| PB 0x0000000088600000| Untracked 
| 135|0x0000000088700000, 0x0000000088700000, 0x0000000088800000|  0%| F|  |TAMS 0x0000000088700000| PB 0x0000000088700000| Untracked 
| 136|0x0000000088800000, 0x0000000088800000, 0x0000000088900000|  0%| F|  |TAMS 0x0000000088800000| PB 0x0000000088800000| Untracked 
| 137|0x0000000088900000, 0x0000000088900000, 0x0000000088a00000|  0%| F|  |TAMS 0x0000000088900000| PB 0x0000000088900000| Untracked 
| 138|0x0000000088a00000, 0x0000000088a00000, 0x0000000088b00000|  0%| F|  |TAMS 0x0000000088a00000| PB 0x0000000088a00000| Untracked 
| 139|0x0000000088b00000, 0x0000000088b00000, 0x0000000088c00000|  0%| F|  |TAMS 0x0000000088b00000| PB 0x0000000088b00000| Untracked 
| 140|0x0000000088c00000, 0x0000000088c00000, 0x0000000088d00000|  0%| F|  |TAMS 0x0000000088c00000| PB 0x0000000088c00000| Untracked 
| 141|0x0000000088d00000, 0x0000000088d00000, 0x0000000088e00000|  0%| F|  |TAMS 0x0000000088d00000| PB 0x0000000088d00000| Untracked 
| 142|0x0000000088e00000, 0x0000000088e00000, 0x0000000088f00000|  0%| F|  |TAMS 0x0000000088e00000| PB 0x0000000088e00000| Untracked 
| 143|0x0000000088f00000, 0x0000000088f00000, 0x0000000089000000|  0%| F|  |TAMS 0x0000000088f00000| PB 0x0000000088f00000| Untracked 
| 144|0x0000000089000000, 0x0000000089000000, 0x0000000089100000|  0%| F|  |TAMS 0x0000000089000000| PB 0x0000000089000000| Untracked 
| 145|0x0000000089100000, 0x0000000089100000, 0x0000000089200000|  0%| F|  |TAMS 0x0000000089100000| PB 0x0000000089100000| Untracked 
| 146|0x0000000089200000, 0x0000000089200000, 0x0000000089300000|  0%| F|  |TAMS 0x0000000089200000| PB 0x0000000089200000| Untracked 
| 147|0x0000000089300000, 0x0000000089300000, 0x0000000089400000|  0%| F|  |TAMS 0x0000000089300000| PB 0x0000000089300000| Untracked 
| 148|0x0000000089400000, 0x0000000089400000, 0x0000000089500000|  0%| F|  |TAMS 0x0000000089400000| PB 0x0000000089400000| Untracked 
| 149|0x0000000089500000, 0x0000000089500000, 0x0000000089600000|  0%| F|  |TAMS 0x0000000089500000| PB 0x0000000089500000| Untracked 
| 150|0x0000000089600000, 0x0000000089600000, 0x0000000089700000|  0%| F|  |TAMS 0x0000000089600000| PB 0x0000000089600000| Untracked 
| 151|0x0000000089700000, 0x0000000089700000, 0x0000000089800000|  0%| F|  |TAMS 0x0000000089700000| PB 0x0000000089700000| Untracked 
| 152|0x0000000089800000, 0x0000000089800000, 0x0000000089900000|  0%| F|  |TAMS 0x0000000089800000| PB 0x0000000089800000| Untracked 
| 153|0x0000000089900000, 0x0000000089900000, 0x0000000089a00000|  0%| F|  |TAMS 0x0000000089900000| PB 0x0000000089900000| Untracked 
| 154|0x0000000089a00000, 0x0000000089a00000, 0x0000000089b00000|  0%| F|  |TAMS 0x0000000089a00000| PB 0x0000000089a00000| Untracked 
| 155|0x0000000089b00000, 0x0000000089b00000, 0x0000000089c00000|  0%| F|  |TAMS 0x0000000089b00000| PB 0x0000000089b00000| Untracked 
| 156|0x0000000089c00000, 0x0000000089d00000, 0x0000000089d00000|100%| E|CS|TAMS 0x0000000089c00000| PB 0x0000000089c00000| Complete 
| 157|0x0000000089d00000, 0x0000000089e00000, 0x0000000089e00000|100%| E|CS|TAMS 0x0000000089d00000| PB 0x0000000089d00000| Complete 
| 158|0x0000000089e00000, 0x0000000089f00000, 0x0000000089f00000|100%| E|CS|TAMS 0x0000000089e00000| PB 0x0000000089e00000| Complete 
| 159|0x0000000089f00000, 0x000000008a000000, 0x000000008a000000|100%| E|CS|TAMS 0x0000000089f00000| PB 0x0000000089f00000| Complete 
| 160|0x000000008a000000, 0x000000008a100000, 0x000000008a100000|100%| E|CS|TAMS 0x000000008a000000| PB 0x000000008a000000| Complete 
| 161|0x000000008a100000, 0x000000008a200000, 0x000000008a200000|100%| E|CS|TAMS 0x000000008a100000| PB 0x000000008a100000| Complete 
| 162|0x000000008a200000, 0x000000008a300000, 0x000000008a300000|100%| E|CS|TAMS 0x000000008a200000| PB 0x000000008a200000| Complete 
| 163|0x000000008a300000, 0x000000008a400000, 0x000000008a400000|100%| E|CS|TAMS 0x000000008a300000| PB 0x000000008a300000| Complete 
| 164|0x000000008a400000, 0x000000008a500000, 0x000000008a500000|100%| E|CS|TAMS 0x000000008a400000| PB 0x000000008a400000| Complete 
| 165|0x000000008a500000, 0x000000008a600000, 0x000000008a600000|100%| E|CS|TAMS 0x000000008a500000| PB 0x000000008a500000| Complete 
| 166|0x000000008a600000, 0x000000008a700000, 0x000000008a700000|100%| E|CS|TAMS 0x000000008a600000| PB 0x000000008a600000| Complete 
| 167|0x000000008a700000, 0x000000008a800000, 0x000000008a800000|100%| E|CS|TAMS 0x000000008a700000| PB 0x000000008a700000| Complete 
| 168|0x000000008a800000, 0x000000008a900000, 0x000000008a900000|100%| E|CS|TAMS 0x000000008a800000| PB 0x000000008a800000| Complete 
| 169|0x000000008a900000, 0x000000008aa00000, 0x000000008aa00000|100%| E|CS|TAMS 0x000000008a900000| PB 0x000000008a900000| Complete 
| 170|0x000000008aa00000, 0x000000008ab00000, 0x000000008ab00000|100%| E|CS|TAMS 0x000000008aa00000| PB 0x000000008aa00000| Complete 
| 171|0x000000008ab00000, 0x000000008ac00000, 0x000000008ac00000|100%| E|CS|TAMS 0x000000008ab00000| PB 0x000000008ab00000| Complete 
| 172|0x000000008ac00000, 0x000000008ad00000, 0x000000008ad00000|100%| E|CS|TAMS 0x000000008ac00000| PB 0x000000008ac00000| Complete 
| 173|0x000000008ad00000, 0x000000008ae00000, 0x000000008ae00000|100%| E|CS|TAMS 0x000000008ad00000| PB 0x000000008ad00000| Complete 
| 174|0x000000008ae00000, 0x000000008af00000, 0x000000008af00000|100%| E|CS|TAMS 0x000000008ae00000| PB 0x000000008ae00000| Complete 
| 175|0x000000008af00000, 0x000000008b000000, 0x000000008b000000|100%| E|CS|TAMS 0x000000008af00000| PB 0x000000008af00000| Complete 
| 176|0x000000008b000000, 0x000000008b100000, 0x000000008b100000|100%| E|CS|TAMS 0x000000008b000000| PB 0x000000008b000000| Complete 
| 177|0x000000008b100000, 0x000000008b200000, 0x000000008b200000|100%| E|CS|TAMS 0x000000008b100000| PB 0x000000008b100000| Complete 
| 178|0x000000008b200000, 0x000000008b300000, 0x000000008b300000|100%| E|CS|TAMS 0x000000008b200000| PB 0x000000008b200000| Complete 
| 179|0x000000008b300000, 0x000000008b400000, 0x000000008b400000|100%| E|CS|TAMS 0x000000008b300000| PB 0x000000008b300000| Complete 
| 180|0x000000008b400000, 0x000000008b500000, 0x000000008b500000|100%| E|CS|TAMS 0x000000008b400000| PB 0x000000008b400000| Complete 
| 181|0x000000008b500000, 0x000000008b600000, 0x000000008b600000|100%| E|CS|TAMS 0x000000008b500000| PB 0x000000008b500000| Complete 
| 182|0x000000008b600000, 0x000000008b700000, 0x000000008b700000|100%| E|CS|TAMS 0x000000008b600000| PB 0x000000008b600000| Complete 
| 183|0x000000008b700000, 0x000000008b800000, 0x000000008b800000|100%| E|CS|TAMS 0x000000008b700000| PB 0x000000008b700000| Complete 
| 184|0x000000008b800000, 0x000000008b900000, 0x000000008b900000|100%| E|CS|TAMS 0x000000008b800000| PB 0x000000008b800000| Complete 
| 185|0x000000008b900000, 0x000000008ba00000, 0x000000008ba00000|100%| E|CS|TAMS 0x000000008b900000| PB 0x000000008b900000| Complete 
| 186|0x000000008ba00000, 0x000000008bb00000, 0x000000008bb00000|100%| E|CS|TAMS 0x000000008ba00000| PB 0x000000008ba00000| Complete 
| 187|0x000000008bb00000, 0x000000008bc00000, 0x000000008bc00000|100%| E|CS|TAMS 0x000000008bb00000| PB 0x000000008bb00000| Complete 
| 188|0x000000008bc00000, 0x000000008bd00000, 0x000000008bd00000|100%| E|CS|TAMS 0x000000008bc00000| PB 0x000000008bc00000| Complete 
| 189|0x000000008bd00000, 0x000000008be00000, 0x000000008be00000|100%| E|CS|TAMS 0x000000008bd00000| PB 0x000000008bd00000| Complete 
| 190|0x000000008be00000, 0x000000008bf00000, 0x000000008bf00000|100%| E|CS|TAMS 0x000000008be00000| PB 0x000000008be00000| Complete 
| 191|0x000000008bf00000, 0x000000008c000000, 0x000000008c000000|100%| E|CS|TAMS 0x000000008bf00000| PB 0x000000008bf00000| Complete 
| 192|0x000000008c000000, 0x000000008c100000, 0x000000008c100000|100%| E|CS|TAMS 0x000000008c000000| PB 0x000000008c000000| Complete 
| 193|0x000000008c100000, 0x000000008c200000, 0x000000008c200000|100%| E|CS|TAMS 0x000000008c100000| PB 0x000000008c100000| Complete 
| 194|0x000000008c200000, 0x000000008c300000, 0x000000008c300000|100%| E|CS|TAMS 0x000000008c200000| PB 0x000000008c200000| Complete 
| 195|0x000000008c300000, 0x000000008c400000, 0x000000008c400000|100%| E|CS|TAMS 0x000000008c300000| PB 0x000000008c300000| Complete 
| 196|0x000000008c400000, 0x000000008c500000, 0x000000008c500000|100%| E|CS|TAMS 0x000000008c400000| PB 0x000000008c400000| Complete 
| 197|0x000000008c500000, 0x000000008c600000, 0x000000008c600000|100%| E|CS|TAMS 0x000000008c500000| PB 0x000000008c500000| Complete 
| 198|0x000000008c600000, 0x000000008c700000, 0x000000008c700000|100%| E|CS|TAMS 0x000000008c600000| PB 0x000000008c600000| Complete 
| 199|0x000000008c700000, 0x000000008c800000, 0x000000008c800000|100%| E|CS|TAMS 0x000000008c700000| PB 0x000000008c700000| Complete 
| 200|0x000000008c800000, 0x000000008c900000, 0x000000008c900000|100%| E|CS|TAMS 0x000000008c800000| PB 0x000000008c800000| Complete 
| 201|0x000000008c900000, 0x000000008ca00000, 0x000000008ca00000|100%| E|CS|TAMS 0x000000008c900000| PB 0x000000008c900000| Complete 
| 202|0x000000008ca00000, 0x000000008cb00000, 0x000000008cb00000|100%| E|CS|TAMS 0x000000008ca00000| PB 0x000000008ca00000| Complete 
| 203|0x000000008cb00000, 0x000000008cc00000, 0x000000008cc00000|100%| E|CS|TAMS 0x000000008cb00000| PB 0x000000008cb00000| Complete 
| 204|0x000000008cc00000, 0x000000008cd00000, 0x000000008cd00000|100%| E|CS|TAMS 0x000000008cc00000| PB 0x000000008cc00000| Complete 
| 205|0x000000008cd00000, 0x000000008ce00000, 0x000000008ce00000|100%| E|CS|TAMS 0x000000008cd00000| PB 0x000000008cd00000| Complete 
| 206|0x000000008ce00000, 0x000000008cf00000, 0x000000008cf00000|100%| E|CS|TAMS 0x000000008ce00000| PB 0x000000008ce00000| Complete 
| 207|0x000000008cf00000, 0x000000008d000000, 0x000000008d000000|100%| E|CS|TAMS 0x000000008cf00000| PB 0x000000008cf00000| Complete 
| 208|0x000000008d000000, 0x000000008d100000, 0x000000008d100000|100%| E|CS|TAMS 0x000000008d000000| PB 0x000000008d000000| Complete 
| 209|0x000000008d100000, 0x000000008d200000, 0x000000008d200000|100%| E|CS|TAMS 0x000000008d100000| PB 0x000000008d100000| Complete 
| 210|0x000000008d200000, 0x000000008d300000, 0x000000008d300000|100%| E|CS|TAMS 0x000000008d200000| PB 0x000000008d200000| Complete 
| 211|0x000000008d300000, 0x000000008d400000, 0x000000008d400000|100%| E|CS|TAMS 0x000000008d300000| PB 0x000000008d300000| Complete 
| 212|0x000000008d400000, 0x000000008d500000, 0x000000008d500000|100%| E|CS|TAMS 0x000000008d400000| PB 0x000000008d400000| Complete 
| 213|0x000000008d500000, 0x000000008d600000, 0x000000008d600000|100%| E|CS|TAMS 0x000000008d500000| PB 0x000000008d500000| Complete 
| 214|0x000000008d600000, 0x000000008d700000, 0x000000008d700000|100%| E|CS|TAMS 0x000000008d600000| PB 0x000000008d600000| Complete 
| 215|0x000000008d700000, 0x000000008d800000, 0x000000008d800000|100%| E|CS|TAMS 0x000000008d700000| PB 0x000000008d700000| Complete 
| 216|0x000000008d800000, 0x000000008d900000, 0x000000008d900000|100%| E|CS|TAMS 0x000000008d800000| PB 0x000000008d800000| Complete 
| 217|0x000000008d900000, 0x000000008da00000, 0x000000008da00000|100%| E|CS|TAMS 0x000000008d900000| PB 0x000000008d900000| Complete 
| 218|0x000000008da00000, 0x000000008db00000, 0x000000008db00000|100%| E|CS|TAMS 0x000000008da00000| PB 0x000000008da00000| Complete 
| 219|0x000000008db00000, 0x000000008dc00000, 0x000000008dc00000|100%| E|CS|TAMS 0x000000008db00000| PB 0x000000008db00000| Complete 
| 220|0x000000008dc00000, 0x000000008dd00000, 0x000000008dd00000|100%| E|CS|TAMS 0x000000008dc00000| PB 0x000000008dc00000| Complete 
| 221|0x000000008dd00000, 0x000000008de00000, 0x000000008de00000|100%| E|CS|TAMS 0x000000008dd00000| PB 0x000000008dd00000| Complete 
| 222|0x000000008de00000, 0x000000008df00000, 0x000000008df00000|100%| E|CS|TAMS 0x000000008de00000| PB 0x000000008de00000| Complete 
| 223|0x000000008df00000, 0x000000008e000000, 0x000000008e000000|100%| E|CS|TAMS 0x000000008df00000| PB 0x000000008df00000| Complete 
| 224|0x000000008e000000, 0x000000008e100000, 0x000000008e100000|100%| E|CS|TAMS 0x000000008e000000| PB 0x000000008e000000| Complete 
| 225|0x000000008e100000, 0x000000008e200000, 0x000000008e200000|100%| E|CS|TAMS 0x000000008e100000| PB 0x000000008e100000| Complete 
| 226|0x000000008e200000, 0x000000008e300000, 0x000000008e300000|100%| E|CS|TAMS 0x000000008e200000| PB 0x000000008e200000| Complete 
| 227|0x000000008e300000, 0x000000008e400000, 0x000000008e400000|100%| E|CS|TAMS 0x000000008e300000| PB 0x000000008e300000| Complete 
| 228|0x000000008e400000, 0x000000008e500000, 0x000000008e500000|100%| E|CS|TAMS 0x000000008e400000| PB 0x000000008e400000| Complete 
| 229|0x000000008e500000, 0x000000008e600000, 0x000000008e600000|100%| E|CS|TAMS 0x000000008e500000| PB 0x000000008e500000| Complete 
| 230|0x000000008e600000, 0x000000008e700000, 0x000000008e700000|100%| E|CS|TAMS 0x000000008e600000| PB 0x000000008e600000| Complete 
| 231|0x000000008e700000, 0x000000008e800000, 0x000000008e800000|100%| E|CS|TAMS 0x000000008e700000| PB 0x000000008e700000| Complete 
| 232|0x000000008e800000, 0x000000008e900000, 0x000000008e900000|100%| E|CS|TAMS 0x000000008e800000| PB 0x000000008e800000| Complete 
| 233|0x000000008e900000, 0x000000008ea00000, 0x000000008ea00000|100%| E|CS|TAMS 0x000000008e900000| PB 0x000000008e900000| Complete 
| 234|0x000000008ea00000, 0x000000008eb00000, 0x000000008eb00000|100%| E|CS|TAMS 0x000000008ea00000| PB 0x000000008ea00000| Complete 
| 235|0x000000008eb00000, 0x000000008ec00000, 0x000000008ec00000|100%| E|CS|TAMS 0x000000008eb00000| PB 0x000000008eb00000| Complete 
| 236|0x000000008ec00000, 0x000000008ecf5620, 0x000000008ed00000| 95%| E|CS|TAMS 0x000000008ec00000| PB 0x000000008ec00000| Complete 
| 237|0x000000008ed00000, 0x000000008ee00000, 0x000000008ee00000|100%| E|CS|TAMS 0x000000008ed00000| PB 0x000000008ed00000| Complete 
| 238|0x000000008ee00000, 0x000000008ef00000, 0x000000008ef00000|100%| E|CS|TAMS 0x000000008ee00000| PB 0x000000008ee00000| Complete 
| 239|0x000000008ef00000, 0x000000008f000000, 0x000000008f000000|100%| E|CS|TAMS 0x000000008ef00000| PB 0x000000008ef00000| Complete 
| 240|0x000000008f000000, 0x000000008f100000, 0x000000008f100000|100%| E|CS|TAMS 0x000000008f000000| PB 0x000000008f000000| Complete 
|2024|0x00000000fe800000, 0x00000000fe900000, 0x00000000fe900000|100%| E|CS|TAMS 0x00000000fe800000| PB 0x00000000fe800000| Complete 
|2025|0x00000000fe900000, 0x00000000fea00000, 0x00000000fea00000|100%| E|CS|TAMS 0x00000000fe900000| PB 0x00000000fe900000| Complete 
|2026|0x00000000fea00000, 0x00000000feb00000, 0x00000000feb00000|100%| O|  |TAMS 0x00000000fea00000| PB 0x00000000fea00000| Untracked 
|2027|0x00000000feb00000, 0x00000000fec00000, 0x00000000fec00000|100%| O|  |TAMS 0x00000000feb00000| PB 0x00000000feb00000| Untracked 
|2028|0x00000000fec00000, 0x00000000fed00000, 0x00000000fed00000|100%| O|  |TAMS 0x00000000fec00000| PB 0x00000000fec00000| Untracked 
|2029|0x00000000fed00000, 0x00000000fee00000, 0x00000000fee00000|100%| O|  |TAMS 0x00000000fed00000| PB 0x00000000fed00000| Untracked 
|2030|0x00000000fee00000, 0x00000000fef00000, 0x00000000fef00000|100%| O|  |TAMS 0x00000000fee00000| PB 0x00000000fee00000| Untracked 
|2031|0x00000000fef00000, 0x00000000ff000000, 0x00000000ff000000|100%| O|  |TAMS 0x00000000fef00000| PB 0x00000000fef00000| Untracked 
|2032|0x00000000ff000000, 0x00000000ff100000, 0x00000000ff100000|100%| E|CS|TAMS 0x00000000ff000000| PB 0x00000000ff000000| Complete 
|2033|0x00000000ff100000, 0x00000000ff200000, 0x00000000ff200000|100%| O|  |TAMS 0x00000000ff100000| PB 0x00000000ff100000| Untracked 
|2034|0x00000000ff200000, 0x00000000ff300000, 0x00000000ff300000|100%| O|  |TAMS 0x00000000ff200000| PB 0x00000000ff200000| Untracked 
|2035|0x00000000ff300000, 0x00000000ff400000, 0x00000000ff400000|100%| O|  |TAMS 0x00000000ff300000| PB 0x00000000ff300000| Untracked 
|2036|0x00000000ff400000, 0x00000000ff500000, 0x00000000ff500000|100%| E|CS|TAMS 0x00000000ff400000| PB 0x00000000ff400000| Complete 
|2037|0x00000000ff500000, 0x00000000ff600000, 0x00000000ff600000|100%| E|CS|TAMS 0x00000000ff500000| PB 0x00000000ff500000| Complete 
|2038|0x00000000ff600000, 0x00000000ff700000, 0x00000000ff700000|100%| E|CS|TAMS 0x00000000ff600000| PB 0x00000000ff600000| Complete 
|2039|0x00000000ff700000, 0x00000000ff800000, 0x00000000ff800000|100%| O|  |TAMS 0x00000000ff700000| PB 0x00000000ff700000| Untracked 
|2040|0x00000000ff800000, 0x00000000ff900000, 0x00000000ff900000|100%| E|CS|TAMS 0x00000000ff800000| PB 0x00000000ff800000| Complete 
|2041|0x00000000ff900000, 0x00000000ffa00000, 0x00000000ffa00000|100%| O|  |TAMS 0x00000000ff900000| PB 0x00000000ff900000| Untracked 
|2042|0x00000000ffa00000, 0x00000000ffb00000, 0x00000000ffb00000|100%| O|  |TAMS 0x00000000ffa00000| PB 0x00000000ffa00000| Untracked 
|2043|0x00000000ffb00000, 0x00000000ffc00000, 0x00000000ffc00000|100%| O|  |TAMS 0x00000000ffb00000| PB 0x00000000ffb00000| Untracked 
|2044|0x00000000ffc00000, 0x00000000ffd00000, 0x00000000ffd00000|100%| O|  |TAMS 0x00000000ffc00000| PB 0x00000000ffc00000| Untracked 
|2045|0x00000000ffd00000, 0x00000000ffe00000, 0x00000000ffe00000|100%| O|  |TAMS 0x00000000ffd00000| PB 0x00000000ffd00000| Untracked 
|2046|0x00000000ffe00000, 0x00000000fff00000, 0x00000000fff00000|100%| O|  |TAMS 0x00000000ffe00000| PB 0x00000000ffe00000| Untracked 
|2047|0x00000000fff00000, 0x0000000100000000, 0x0000000100000000|100%| O|  |TAMS 0x00000000fff00000| PB 0x00000000fff00000| Untracked 

Card table byte_map: [0x00000297d78e0000,0x00000297d7ce0000] _byte_map_base: 0x00000297d74e0000

Marking Bits: (CMBitMap*) 0x00000297c2ece640
 Bits: [0x00000297d7ce0000, 0x00000297d9ce0000)

Polling page: 0x00000297c4820000

Metaspace:

Usage:
  Non-class:     83.55 MB used.
      Class:     12.42 MB used.
       Both:     95.97 MB used.

Virtual space:
  Non-class space:      128.00 MB reserved,      84.50 MB ( 66%) committed,  2 nodes.
      Class space:        1.00 GB reserved,      13.44 MB (  1%) committed,  1 nodes.
             Both:        1.12 GB reserved,      97.94 MB (  9%) committed. 

Chunk freelists:
   Non-Class:  11.50 MB
       Class:  2.56 MB
        Both:  14.06 MB

MaxMetaspaceSize: unlimited
CompressedClassSpaceSize: 1.00 GB
Initial GC threshold: 21.00 MB
Current GC threshold: 156.38 MB
CDS: off
 - commit_granule_bytes: 65536.
 - commit_granule_words: 8192.
 - virtual_space_node_default_size: 8388608.
 - enlarge_chunks_in_place: 1.
 - use_allocation_guard: 0.


Internal statistics:

num_allocs_failed_limit: 9.
num_arena_births: 4160.
num_arena_deaths: 16.
num_vsnodes_births: 3.
num_vsnodes_deaths: 0.
num_space_committed: 1566.
num_space_uncommitted: 0.
num_chunks_returned_to_freelist: 33.
num_chunks_taken_from_freelist: 8862.
num_chunk_merges: 11.
num_chunk_splits: 5319.
num_chunks_enlarged: 2791.
num_inconsistent_stats: 0.

CodeHeap 'non-profiled nmethods': size=120000Kb used=6080Kb max_used=6080Kb free=113919Kb
 bounds [0x00000297cfc80000, 0x00000297d0280000, 0x00000297d71b0000]
CodeHeap 'profiled nmethods': size=120000Kb used=20505Kb max_used=20505Kb free=99494Kb
 bounds [0x00000297c81b0000, 0x00000297c95c0000, 0x00000297cf6e0000]
CodeHeap 'non-nmethods': size=5760Kb used=2283Kb max_used=2324Kb free=3476Kb
 bounds [0x00000297cf6e0000, 0x00000297cf950000, 0x00000297cfc80000]
 total_blobs=11714 nmethods=10900 adapters=717
 compilation: enabled
              stopped_count=0, restarted_count=0
 full_count=0

Compilation events (20 events):
Event: 60.073 Thread 0x00000297dc920620 12835       3       kotlin.text.StringsKt__StringsKt::indexOf$default (26 bytes)
Event: 60.073 Thread 0x00000297dc920620 nmethod 12835 0x00000297c9584a90 code [0x00000297c9584c40, 0x00000297c9584dc8]
Event: 60.073 Thread 0x00000297dc920620 12836       3       kotlin.text.StringsKt__StringsKt::indexOf (48 bytes)
Event: 60.073 Thread 0x00000297dc920620 nmethod 12836 0x00000297c9584e90 code [0x00000297c9585100, 0x00000297c9585a48]
Event: 60.079 Thread 0x00000297dc920620 12839       3       kotlin.reflect.jvm.internal.impl.name.FqName::<init> (18 bytes)
Event: 60.080 Thread 0x00000297dc920620 nmethod 12839 0x00000297c9585d10 code [0x00000297c9585ec0, 0x00000297c95860f0]
Event: 60.084 Thread 0x00000297dc920620 12840   !   3       com.sun.org.apache.xerces.internal.impl.XMLVersionDetector::determineDocVersion (367 bytes)
Event: 60.086 Thread 0x00000297dc920620 nmethod 12840 0x00000297c9586210 code [0x00000297c95865c0, 0x00000297c9587648]
Event: 60.086 Thread 0x00000297dc920620 12841       3       java.util.ArrayList::ensureCapacity (42 bytes)
Event: 60.086 Thread 0x00000297dc920620 nmethod 12841 0x00000297c9588110 code [0x00000297c95882c0, 0x00000297c95884a8]
Event: 60.086 Thread 0x00000297dc920620 12843       1       kotlin.reflect.jvm.internal.impl.metadata.ProtoBuf$Class$Kind::getNumber (5 bytes)
Event: 60.086 Thread 0x00000297dc920620 nmethod 12843 0x00000297d026c890 code [0x00000297d026ca20, 0x00000297d026cae8]
Event: 60.086 Thread 0x00000297dc920620 12842       3       java.util.ServiceLoader$ModuleServicesLookupIterator::<init> (30 bytes)
Event: 60.086 Thread 0x00000297dc920620 nmethod 12842 0x00000297c9588590 code [0x00000297c9588760, 0x00000297c9588a28]
Event: 60.099 Thread 0x00000297dc920620 12844       3       kotlin.reflect.jvm.internal.impl.name.FqName::topLevel (21 bytes)
Event: 60.100 Thread 0x00000297dc920620 nmethod 12844 0x00000297c9588b10 code [0x00000297c9588d00, 0x00000297c9589070]
Event: 60.100 Thread 0x00000297dc920620 12845       3       kotlin.reflect.jvm.internal.impl.name.FqNameUnsafe::topLevel (28 bytes)
Event: 60.100 Thread 0x00000297dc920620 nmethod 12845 0x00000297c9589210 code [0x00000297c9589420, 0x00000297c95899d8]
Event: 60.101 Thread 0x00000297dc920620 12847       3       kotlin.reflect.jvm.internal.impl.name.ClassId::<init> (29 bytes)
Event: 60.101 Thread 0x00000297dc920620 nmethod 12847 0x00000297c9589c10 code [0x00000297c9589f20, 0x00000297c958ac80]

GC Heap History (20 events):
Event: 32.806 GC heap before
{Heap before GC invocations=28 (full 0):
 garbage-first heap   total 165888K, used 145497K [0x0000000080000000, 0x0000000100000000)
  region size 1024K, 65 young (66560K), 5 survivors (5120K)
 Metaspace       used 84336K, committed 86400K, reserved 1179648K
  class space    used 11132K, committed 12224K, reserved 1048576K
}
Event: 32.811 GC heap after
{Heap after GC invocations=29 (full 0):
 garbage-first heap   total 165888K, used 88442K [0x0000000080000000, 0x0000000100000000)
  region size 1024K, 8 young (8192K), 8 survivors (8192K)
 Metaspace       used 84336K, committed 86400K, reserved 1179648K
  class space    used 11132K, committed 12224K, reserved 1048576K
}
Event: 34.688 GC heap before
{Heap before GC invocations=30 (full 0):
 garbage-first heap   total 165888K, used 145786K [0x0000000080000000, 0x0000000100000000)
  region size 1024K, 65 young (66560K), 8 survivors (8192K)
 Metaspace       used 86517K, committed 88512K, reserved 1179648K
  class space    used 11423K, committed 12480K, reserved 1048576K
}
Event: 34.696 GC heap after
{Heap after GC invocations=31 (full 0):
 garbage-first heap   total 165888K, used 89588K [0x0000000080000000, 0x0000000100000000)
  region size 1024K, 4 young (4096K), 4 survivors (4096K)
 Metaspace       used 86517K, committed 88512K, reserved 1179648K
  class space    used 11423K, committed 12480K, reserved 1048576K
}
Event: 40.296 GC heap before
{Heap before GC invocations=31 (full 0):
 garbage-first heap   total 165888K, used 147956K [0x0000000080000000, 0x0000000100000000)
  region size 1024K, 62 young (63488K), 4 survivors (4096K)
 Metaspace       used 87249K, committed 89280K, reserved 1179648K
  class space    used 11488K, committed 12544K, reserved 1048576K
}
Event: 40.304 GC heap after
{Heap after GC invocations=32 (full 0):
 garbage-first heap   total 165888K, used 91629K [0x0000000080000000, 0x0000000100000000)
  region size 1024K, 7 young (7168K), 7 survivors (7168K)
 Metaspace       used 87249K, committed 89280K, reserved 1179648K
  class space    used 11488K, committed 12544K, reserved 1048576K
}
Event: 43.518 GC heap before
{Heap before GC invocations=32 (full 0):
 garbage-first heap   total 165888K, used 147949K [0x0000000080000000, 0x0000000100000000)
  region size 1024K, 63 young (64512K), 7 survivors (7168K)
 Metaspace       used 89364K, committed 91328K, reserved 1179648K
  class space    used 11718K, committed 12736K, reserved 1048576K
}
Event: 43.526 GC heap after
{Heap after GC invocations=33 (full 0):
 garbage-first heap   total 165888K, used 97280K [0x0000000080000000, 0x0000000100000000)
  region size 1024K, 8 young (8192K), 8 survivors (8192K)
 Metaspace       used 89364K, committed 91328K, reserved 1179648K
  class space    used 11718K, committed 12736K, reserved 1048576K
}
Event: 43.860 GC heap before
{Heap before GC invocations=34 (full 0):
 garbage-first heap   total 165888K, used 156672K [0x0000000080000000, 0x0000000100000000)
  region size 1024K, 58 young (59392K), 8 survivors (8192K)
 Metaspace       used 89566K, committed 91584K, reserved 1179648K
  class space    used 11735K, committed 12800K, reserved 1048576K
}
Event: 43.868 GC heap after
{Heap after GC invocations=35 (full 0):
 garbage-first heap   total 172032K, used 105472K [0x0000000080000000, 0x0000000100000000)
  region size 1024K, 8 young (8192K), 8 survivors (8192K)
 Metaspace       used 89566K, committed 91584K, reserved 1179648K
  class space    used 11735K, committed 12800K, reserved 1048576K
}
Event: 44.103 GC heap before
{Heap before GC invocations=35 (full 0):
 garbage-first heap   total 172032K, used 152576K [0x0000000080000000, 0x0000000100000000)
  region size 1024K, 55 young (56320K), 8 survivors (8192K)
 Metaspace       used 90324K, committed 92416K, reserved 1179648K
  class space    used 11815K, committed 12928K, reserved 1048576K
}
Event: 44.115 GC heap after
{Heap after GC invocations=36 (full 0):
 garbage-first heap   total 176128K, used 116659K [0x0000000080000000, 0x0000000100000000)
  region size 1024K, 7 young (7168K), 7 survivors (7168K)
 Metaspace       used 90324K, committed 92416K, reserved 1179648K
  class space    used 11815K, committed 12928K, reserved 1048576K
}
Event: 44.363 GC heap before
{Heap before GC invocations=36 (full 0):
 garbage-first heap   total 176128K, used 154547K [0x0000000080000000, 0x0000000100000000)
  region size 1024K, 45 young (46080K), 7 survivors (7168K)
 Metaspace       used 91153K, committed 93184K, reserved 1179648K
  class space    used 11908K, committed 12992K, reserved 1048576K
}
Event: 44.371 GC heap after
{Heap after GC invocations=37 (full 0):
 garbage-first heap   total 176128K, used 123462K [0x0000000080000000, 0x0000000100000000)
  region size 1024K, 6 young (6144K), 6 survivors (6144K)
 Metaspace       used 91153K, committed 93184K, reserved 1179648K
  class space    used 11908K, committed 12992K, reserved 1048576K
}
Event: 44.634 GC heap before
{Heap before GC invocations=38 (full 0):
 garbage-first heap   total 206848K, used 155206K [0x0000000080000000, 0x0000000100000000)
  region size 1024K, 38 young (38912K), 6 survivors (6144K)
 Metaspace       used 91808K, committed 93888K, reserved 1179648K
  class space    used 11963K, committed 13056K, reserved 1048576K
}
Event: 44.641 GC heap after
{Heap after GC invocations=39 (full 0):
 garbage-first heap   total 206848K, used 125718K [0x0000000080000000, 0x0000000100000000)
  region size 1024K, 4 young (4096K), 4 survivors (4096K)
 Metaspace       used 91808K, committed 93888K, reserved 1179648K
  class space    used 11963K, committed 13056K, reserved 1048576K
}
Event: 45.057 GC heap before
{Heap before GC invocations=39 (full 0):
 garbage-first heap   total 206848K, used 178966K [0x0000000080000000, 0x0000000100000000)
  region size 1024K, 57 young (58368K), 4 survivors (4096K)
 Metaspace       used 93699K, committed 95744K, reserved 1179648K
  class space    used 12182K, committed 13248K, reserved 1048576K
}
Event: 45.064 GC heap after
{Heap after GC invocations=40 (full 0):
 garbage-first heap   total 271360K, used 127177K [0x0000000080000000, 0x0000000100000000)
  region size 1024K, 7 young (7168K), 7 survivors (7168K)
 Metaspace       used 93699K, committed 95744K, reserved 1179648K
  class space    used 12182K, committed 13248K, reserved 1048576K
}
Event: 45.093 GC heap before
{Heap before GC invocations=40 (full 0):
 garbage-first heap   total 271360K, used 129225K [0x0000000080000000, 0x0000000100000000)
  region size 1024K, 11 young (11264K), 7 survivors (7168K)
 Metaspace       used 93735K, committed 95744K, reserved 1179648K
  class space    used 12186K, committed 13248K, reserved 1048576K
}
Event: 45.103 GC heap after
{Heap after GC invocations=41 (full 0):
 garbage-first heap   total 271360K, used 128446K [0x0000000080000000, 0x0000000100000000)
  region size 1024K, 8 young (8192K), 8 survivors (8192K)
 Metaspace       used 93735K, committed 95744K, reserved 1179648K
  class space    used 12186K, committed 13248K, reserved 1048576K
}

Dll operation events (3 events):
Event: 0.018 Loaded shared library C:\Program Files\Android\Android Studio1\jbr\bin\java.dll
Event: 0.025 Loaded shared library C:\Program Files\Android\Android Studio1\jbr\bin\zip.dll
Event: 0.757 Loaded shared library C:\Program Files\Android\Android Studio1\jbr\bin\verify.dll

Deoptimization events (20 events):
Event: 50.532 Thread 0x00000297e4549640 DEOPT PACKING pc=0x00000297d007c0fc sp=0x000000db0a5fe090
Event: 50.532 Thread 0x00000297e4549640 DEOPT UNPACKING pc=0x00000297cf737da2 sp=0x000000db0a5fe020 mode 2
Event: 51.081 Thread 0x00000297e4543a60 Uncommon trap: trap_request=0xffffff6e fr.pc=0x00000297d023a700 relative=0x00000000000001c0
Event: 51.081 Thread 0x00000297e4543a60 Uncommon trap: reason=loop_limit_check action=maybe_recompile pc=0x00000297d023a700 method=com.sun.org.apache.xerces.internal.dom.AttributeMap.reconcileDefaults(Lcom/sun/org/apache/xerces/internal/dom/NamedNodeMapImpl;)V @ 26 c2
Event: 51.081 Thread 0x00000297e4543a60 DEOPT PACKING pc=0x00000297d023a700 sp=0x000000db0a4fab60
Event: 51.081 Thread 0x00000297e4543a60 DEOPT UNPACKING pc=0x00000297cf737da2 sp=0x000000db0a4faad0 mode 2
Event: 51.855 Thread 0x00000297e4543a60 DEOPT PACKING pc=0x00000297c8a6b247 sp=0x000000db0a4faa20
Event: 51.855 Thread 0x00000297e4543a60 DEOPT UNPACKING pc=0x00000297cf7388e2 sp=0x000000db0a4f9eb8 mode 0
Event: 51.856 Thread 0x00000297e4543a60 Uncommon trap: trap_request=0xffffff6e fr.pc=0x00000297d0243468 relative=0x0000000000000148
Event: 51.856 Thread 0x00000297e4543a60 Uncommon trap: reason=loop_limit_check action=maybe_recompile pc=0x00000297d0243468 method=java.lang.StringUTF16.lastIndexOf([BII)I @ 18 c2
Event: 51.856 Thread 0x00000297e4543a60 DEOPT PACKING pc=0x00000297d0243468 sp=0x000000db0a4fa860
Event: 51.856 Thread 0x00000297e4543a60 DEOPT UNPACKING pc=0x00000297cf737da2 sp=0x000000db0a4fa7e0 mode 2
Event: 55.174 Thread 0x00000297e67e9f60 Uncommon trap: trap_request=0xffffff45 fr.pc=0x00000297d010e8f8 relative=0x0000000000000238
Event: 55.174 Thread 0x00000297e67e9f60 Uncommon trap: reason=unstable_if action=reinterpret pc=0x00000297d010e8f8 method=java.lang.String.regionMatches(ZILjava/lang/String;II)Z @ 21 c2
Event: 55.174 Thread 0x00000297e67e9f60 DEOPT PACKING pc=0x00000297d010e8f8 sp=0x000000db0c1fd500
Event: 55.174 Thread 0x00000297e67e9f60 DEOPT UNPACKING pc=0x00000297cf737da2 sp=0x000000db0c1fd468 mode 2
Event: 57.430 Thread 0x00000297e4549640 Uncommon trap: trap_request=0xffffff76 fr.pc=0x00000297d02640cc relative=0x00000000000004ec
Event: 57.430 Thread 0x00000297e4549640 Uncommon trap: reason=predicate action=maybe_recompile pc=0x00000297d02640cc method=java.util.TimSort.reverseRange([Ljava/lang/Object;II)V @ 5 c2
Event: 57.430 Thread 0x00000297e4549640 DEOPT PACKING pc=0x00000297d02640cc sp=0x000000db0a5f9db0
Event: 57.430 Thread 0x00000297e4549640 DEOPT UNPACKING pc=0x00000297cf737da2 sp=0x000000db0a5f9ce8 mode 2

Classes loaded (20 events):
Event: 44.851 Loading class java/util/PrimitiveIterator$OfInt done
Event: 44.851 Loading class java/util/Spliterators$2Adapter done
Event: 44.851 Loading class com/sun/xml/internal/stream/events/EndElementEvent
Event: 44.852 Loading class javax/xml/stream/events/EndElement
Event: 44.852 Loading class javax/xml/stream/events/EndElement done
Event: 44.852 Loading class com/sun/xml/internal/stream/events/EndElementEvent done
Event: 45.507 Loading class javax/xml/transform/stream/StreamResult
Event: 45.515 Loading class javax/xml/transform/stream/StreamResult done
Event: 45.515 Loading class javax/xml/transform/sax/SAXResult
Event: 45.516 Loading class javax/xml/transform/sax/SAXResult done
Event: 45.516 Loading class javax/xml/transform/dom/DOMResult
Event: 45.516 Loading class javax/xml/transform/dom/DOMResult done
Event: 45.518 Loading class org/xml/sax/helpers/AttributesImpl
Event: 45.519 Loading class org/xml/sax/helpers/AttributesImpl done
Event: 45.547 Loading class javax/xml/datatype/DatatypeConfigurationException
Event: 45.548 Loading class javax/xml/datatype/DatatypeConfigurationException done
Event: 54.383 Loading class java/nio/file/FileTreeIterator
Event: 54.818 Loading class java/nio/file/FileTreeIterator done
Event: 55.362 Loading class java/lang/Override
Event: 55.553 Loading class java/lang/Override done

Classes unloaded (8 events):
Event: 32.855 Thread 0x00000297dc747ec0 Unloading class 0x0000000100b00c00 'java/lang/invoke/LambdaForm$MH+0x0000000100b00c00'
Event: 32.855 Thread 0x00000297dc747ec0 Unloading class 0x0000000100b00800 'java/lang/invoke/LambdaForm$DMH+0x0000000100b00800'
Event: 32.855 Thread 0x00000297dc747ec0 Unloading class 0x0000000100affc00 'java/lang/invoke/LambdaForm$MH+0x0000000100affc00'
Event: 32.855 Thread 0x00000297dc747ec0 Unloading class 0x0000000100aff000 'java/lang/invoke/LambdaForm$MH+0x0000000100aff000'
Event: 32.855 Thread 0x00000297dc747ec0 Unloading class 0x0000000100afe800 'java/lang/invoke/LambdaForm$MH+0x0000000100afe800'
Event: 32.855 Thread 0x00000297dc747ec0 Unloading class 0x0000000100afe000 'java/lang/invoke/LambdaForm$MH+0x0000000100afe000'
Event: 32.855 Thread 0x00000297dc747ec0 Unloading class 0x0000000100afd800 'java/lang/invoke/LambdaForm$DMH+0x0000000100afd800'
Event: 32.855 Thread 0x00000297dc747ec0 Unloading class 0x0000000100ad4400 'java/lang/invoke/LambdaForm$DMH+0x0000000100ad4400'

Classes redefined (0 events):
No events

Internal exceptions (20 events):
Event: 49.870 Thread 0x00000297e45426b0 Exception <a 'sun/nio/fs/WindowsException'{0x000000008c92b3c0}> (0x000000008c92b3c0) 
thrown [s\src\hotspot\share\prims\jni.cpp, line 535]
Event: 49.909 Thread 0x00000297e45426b0 Exception <a 'sun/nio/fs/WindowsException'{0x000000008c933158}> (0x000000008c933158) 
thrown [s\src\hotspot\share\prims\jni.cpp, line 535]
Event: 49.935 Thread 0x00000297e45426b0 Exception <a 'sun/nio/fs/WindowsException'{0x000000008c8fbfc0}> (0x000000008c8fbfc0) 
thrown [s\src\hotspot\share\prims\jni.cpp, line 535]
Event: 49.988 Thread 0x00000297e45426b0 Exception <a 'sun/nio/fs/WindowsException'{0x000000008c7348e0}> (0x000000008c7348e0) 
thrown [s\src\hotspot\share\prims\jni.cpp, line 535]
Event: 50.095 Thread 0x00000297e45426b0 Exception <a 'sun/nio/fs/WindowsException'{0x000000008c73d0b8}> (0x000000008c73d0b8) 
thrown [s\src\hotspot\share\prims\jni.cpp, line 535]
Event: 50.184 Thread 0x00000297e45426b0 Exception <a 'sun/nio/fs/WindowsException'{0x000000008c744aa0}> (0x000000008c744aa0) 
thrown [s\src\hotspot\share\prims\jni.cpp, line 535]
Event: 50.269 Thread 0x00000297e45426b0 Exception <a 'sun/nio/fs/WindowsException'{0x000000008c74cac0}> (0x000000008c74cac0) 
thrown [s\src\hotspot\share\prims\jni.cpp, line 535]
Event: 50.412 Thread 0x00000297e45426b0 Exception <a 'sun/nio/fs/WindowsException'{0x000000008c507810}> (0x000000008c507810) 
thrown [s\src\hotspot\share\prims\jni.cpp, line 535]
Event: 50.582 Thread 0x00000297e45426b0 Exception <a 'sun/nio/fs/WindowsException'{0x000000008c50fdf0}> (0x000000008c50fdf0) 
thrown [s\src\hotspot\share\prims\jni.cpp, line 535]
Event: 50.674 Thread 0x00000297e45426b0 Exception <a 'sun/nio/fs/WindowsException'{0x000000008c517b40}> (0x000000008c517b40) 
thrown [s\src\hotspot\share\prims\jni.cpp, line 535]
Event: 50.676 Thread 0x00000297e45426b0 Exception <a 'sun/nio/fs/WindowsException'{0x000000008c51f778}> (0x000000008c51f778) 
thrown [s\src\hotspot\share\prims\jni.cpp, line 535]
Event: 50.678 Thread 0x00000297e45426b0 Exception <a 'sun/nio/fs/WindowsException'{0x000000008c41e0f8}> (0x000000008c41e0f8) 
thrown [s\src\hotspot\share\prims\jni.cpp, line 535]
Event: 50.762 Thread 0x00000297e45426b0 Exception <a 'sun/nio/fs/WindowsException'{0x000000008c426370}> (0x000000008c426370) 
thrown [s\src\hotspot\share\prims\jni.cpp, line 535]
Event: 50.845 Thread 0x00000297e45426b0 Exception <a 'sun/nio/fs/WindowsException'{0x000000008c42f3b8}> (0x000000008c42f3b8) 
thrown [s\src\hotspot\share\prims\jni.cpp, line 535]
Event: 50.960 Thread 0x00000297e45426b0 Exception <a 'sun/nio/fs/WindowsException'{0x000000008c332280}> (0x000000008c332280) 
thrown [s\src\hotspot\share\prims\jni.cpp, line 535]
Event: 51.040 Thread 0x00000297e45426b0 Exception <a 'sun/nio/fs/WindowsException'{0x000000008c33a3e8}> (0x000000008c33a3e8) 
thrown [s\src\hotspot\share\prims\jni.cpp, line 535]
Event: 51.041 Thread 0x00000297e45426b0 Exception <a 'sun/nio/fs/WindowsException'{0x000000008c3423c8}> (0x000000008c3423c8) 
thrown [s\src\hotspot\share\prims\jni.cpp, line 535]
Event: 60.026 Thread 0x00000297e4543a60 Exception <a 'sun/nio/fs/WindowsException'{0x000000008a5cc280}> (0x000000008a5cc280) 
thrown [s\src\hotspot\share\prims\jni.cpp, line 535]
Event: 60.067 Thread 0x00000297e4543a60 Exception <a 'sun/nio/fs/WindowsException'{0x000000008a377008}> (0x000000008a377008) 
thrown [s\src\hotspot\share\prims\jni.cpp, line 535]
Event: 60.092 Thread 0x00000297e4543a60 Exception <a 'sun/nio/fs/WindowsException'{0x000000008a2fdaa0}> (0x000000008a2fdaa0) 
thrown [s\src\hotspot\share\prims\jni.cpp, line 535]

ZGC Phase Switch (0 events):
No events

VM Operations (20 events):
Event: 49.864 Executing VM operation: Cleanup
Event: 49.868 Executing VM operation: Cleanup done
Event: 50.869 Executing VM operation: Cleanup
Event: 50.958 Executing VM operation: Cleanup done
Event: 51.959 Executing VM operation: Cleanup
Event: 51.959 Executing VM operation: Cleanup done
Event: 52.960 Executing VM operation: Cleanup
Event: 52.960 Executing VM operation: Cleanup done
Event: 53.961 Executing VM operation: Cleanup
Event: 53.961 Executing VM operation: Cleanup done
Event: 54.961 Executing VM operation: Cleanup
Event: 55.019 Executing VM operation: Cleanup done
Event: 56.034 Executing VM operation: Cleanup
Event: 56.252 Executing VM operation: Cleanup done
Event: 57.267 Executing VM operation: Cleanup
Event: 57.267 Executing VM operation: Cleanup done
Event: 58.278 Executing VM operation: Cleanup
Event: 58.435 Executing VM operation: Cleanup done
Event: 59.446 Executing VM operation: Cleanup
Event: 59.554 Executing VM operation: Cleanup done

Memory protections (0 events):
No events

Nmethod flushes (20 events):
Event: 45.232 Thread 0x00000297dc747ec0 flushing  nmethod 0x00000297d0029610
Event: 45.232 Thread 0x00000297dc747ec0 flushing  nmethod 0x00000297d005cf90
Event: 45.232 Thread 0x00000297dc747ec0 flushing  nmethod 0x00000297c87b9390
Event: 45.232 Thread 0x00000297dc747ec0 flushing  nmethod 0x00000297c8ed8d90
Event: 45.232 Thread 0x00000297dc747ec0 flushing  nmethod 0x00000297c9054490
Event: 45.232 Thread 0x00000297dc747ec0 flushing  nmethod 0x00000297c9055090
Event: 45.232 Thread 0x00000297dc747ec0 flushing  nmethod 0x00000297c90d6410
Event: 45.232 Thread 0x00000297dc747ec0 flushing  nmethod 0x00000297c9285f90
Event: 45.232 Thread 0x00000297dc747ec0 flushing  nmethod 0x00000297c9459490
Event: 45.232 Thread 0x00000297dc747ec0 flushing  nmethod 0x00000297d0039e90
Event: 45.232 Thread 0x00000297dc747ec0 flushing  nmethod 0x00000297d0190f10
Event: 45.232 Thread 0x00000297dc747ec0 flushing  nmethod 0x00000297c8204510
Event: 45.232 Thread 0x00000297dc747ec0 flushing  nmethod 0x00000297c822e490
Event: 45.232 Thread 0x00000297dc747ec0 flushing  nmethod 0x00000297c84a6b90
Event: 45.232 Thread 0x00000297dc747ec0 flushing  nmethod 0x00000297c860fc90
Event: 45.232 Thread 0x00000297dc747ec0 flushing  nmethod 0x00000297c8866890
Event: 45.232 Thread 0x00000297dc747ec0 flushing  nmethod 0x00000297c8fded90
Event: 45.232 Thread 0x00000297dc747ec0 flushing  nmethod 0x00000297c908f790
Event: 45.232 Thread 0x00000297dc747ec0 flushing  nmethod 0x00000297c908fc90
Event: 45.232 Thread 0x00000297dc747ec0 flushing  nmethod 0x00000297c9110c10

Events (20 events):
Event: 43.666 Thread 0x00000297e45433d0 Thread added: 0x00000297e4e89550
Event: 43.671 Thread 0x00000297e45433d0 Thread added: 0x00000297e4e8d060
Event: 43.673 Thread 0x00000297e45433d0 Thread added: 0x00000297e4e89be0
Event: 43.675 Thread 0x00000297e45433d0 Thread added: 0x00000297e4e8a900
Event: 43.761 Thread 0x00000297e56d7bf0 Thread added: 0x00000297e4e8af90
Event: 43.761 Thread 0x00000297e56d7bf0 Thread added: 0x00000297e4e8dd80
Event: 43.761 Thread 0x00000297e56d7bf0 Thread added: 0x00000297e4e8fe50
Event: 43.761 Thread 0x00000297e56d7bf0 Thread added: 0x00000297e4e8c340
Event: 43.762 Thread 0x00000297e56d7bf0 Thread added: 0x00000297e4e8eaa0
Event: 43.762 Thread 0x00000297e56d7bf0 Thread added: 0x00000297e4e8f7c0
Event: 43.762 Thread 0x00000297e56d7bf0 Thread added: 0x00000297e4e8c9d0
Event: 43.858 Thread 0x00000297e45433d0 Thread added: 0x00000297e4e8d6f0
Event: 43.892 Thread 0x00000297e56d9cc0 Thread added: 0x00000297e4e8b620
Event: 43.953 Thread 0x00000297e4549640 Thread added: 0x00000297e4e8e410
Event: 43.953 Thread 0x00000297e4549640 Thread added: 0x00000297e4e8f130
Event: 43.953 Thread 0x00000297e4549640 Thread added: 0x00000297e4e88ec0
Event: 43.959 Thread 0x00000297e56d5490 Thread added: 0x00000297e48af7f0
Event: 47.932 Thread 0x00000297e4e8b620 Thread exited: 0x00000297e4e8b620
Event: 56.222 Thread 0x00000297e67e9f60 Thread added: 0x00000297e30dc390
Event: 58.262 Thread 0x00000297e67ea5f0 Thread exited: 0x00000297e67ea5f0


Dynamic libraries:
0x00007ff611f60000 - 0x00007ff611f6a000 	C:\Program Files\Android\Android Studio1\jbr\bin\java.exe
0x00007fff5e8b0000 - 0x00007fff5eaa8000 	C:\Windows\SYSTEM32\ntdll.dll
0x00007fff5cbe0000 - 0x00007fff5cca2000 	C:\Windows\System32\KERNEL32.DLL
0x00007fff5c0c0000 - 0x00007fff5c3b7000 	C:\Windows\System32\KERNELBASE.dll
0x00007fff5c710000 - 0x00007fff5c810000 	C:\Windows\System32\ucrtbase.dll
0x00007fff30900000 - 0x00007fff3091b000 	C:\Program Files\Android\Android Studio1\jbr\bin\VCRUNTIME140.dll
0x00007fff40630000 - 0x00007fff40648000 	C:\Program Files\Android\Android Studio1\jbr\bin\jli.dll
0x00007fff5d7b0000 - 0x00007fff5d94d000 	C:\Windows\System32\USER32.dll
0x00007fff5c470000 - 0x00007fff5c492000 	C:\Windows\System32\win32u.dll
0x00007fff451b0000 - 0x00007fff4544a000 	C:\Windows\WinSxS\amd64_microsoft.windows.common-controls_6595b64144ccf1df_6.0.19041.5915_none_60b4b9d171f9c7c7\COMCTL32.dll
0x00007fff5db10000 - 0x00007fff5db3b000 	C:\Windows\System32\GDI32.dll
0x00007fff5caa0000 - 0x00007fff5cb3e000 	C:\Windows\System32\msvcrt.dll
0x00007fff5c4a0000 - 0x00007fff5c5b9000 	C:\Windows\System32\gdi32full.dll
0x00007fff5c5c0000 - 0x00007fff5c65d000 	C:\Windows\System32\msvcp_win.dll
0x00007fff5d650000 - 0x00007fff5d67f000 	C:\Windows\System32\IMM32.DLL
0x00007fff54360000 - 0x00007fff5436c000 	C:\Program Files\Android\Android Studio1\jbr\bin\vcruntime140_1.dll
0x00007fff40520000 - 0x00007fff405ad000 	C:\Program Files\Android\Android Studio1\jbr\bin\msvcp140.dll
0x00007ffef64e0000 - 0x00007ffef716a000 	C:\Program Files\Android\Android Studio1\jbr\bin\server\jvm.dll
0x00007fff5c980000 - 0x00007fff5ca31000 	C:\Windows\System32\ADVAPI32.dll
0x00007fff5cb40000 - 0x00007fff5cbdf000 	C:\Windows\System32\sechost.dll
0x00007fff5d680000 - 0x00007fff5d7a6000 	C:\Windows\System32\RPCRT4.dll
0x00007fff5c3c0000 - 0x00007fff5c3e7000 	C:\Windows\System32\bcrypt.dll
0x00007fff5d960000 - 0x00007fff5d9cb000 	C:\Windows\System32\WS2_32.dll
0x00007fff5b4a0000 - 0x00007fff5b4eb000 	C:\Windows\SYSTEM32\POWRPROF.dll
0x00007fff56b10000 - 0x00007fff56b1a000 	C:\Windows\SYSTEM32\VERSION.dll
0x00007fff4c140000 - 0x00007fff4c167000 	C:\Windows\SYSTEM32\WINMM.dll
0x00007fff5b310000 - 0x00007fff5b322000 	C:\Windows\SYSTEM32\UMPDC.dll
0x00007fff5a730000 - 0x00007fff5a742000 	C:\Windows\SYSTEM32\kernel.appcore.dll
0x00007fff54350000 - 0x00007fff5435a000 	C:\Program Files\Android\Android Studio1\jbr\bin\jimage.dll
0x00007fff5a410000 - 0x00007fff5a611000 	C:\Windows\SYSTEM32\DBGHELP.DLL
0x00007fff388f0000 - 0x00007fff38924000 	C:\Windows\SYSTEM32\dbgcore.DLL
0x00007fff5c810000 - 0x00007fff5c892000 	C:\Windows\System32\bcryptPrimitives.dll
0x00007fff40510000 - 0x00007fff4051e000 	C:\Program Files\Android\Android Studio1\jbr\bin\instrument.dll
0x00007fff308e0000 - 0x00007fff30900000 	C:\Program Files\Android\Android Studio1\jbr\bin\java.dll
0x00007fff308c0000 - 0x00007fff308d8000 	C:\Program Files\Android\Android Studio1\jbr\bin\zip.dll
0x00007fff5dee0000 - 0x00007fff5e64e000 	C:\Windows\System32\SHELL32.dll
0x00007fff59b90000 - 0x00007fff5a334000 	C:\Windows\SYSTEM32\windows.storage.dll
0x00007fff5ccb0000 - 0x00007fff5d003000 	C:\Windows\System32\combase.dll
0x00007fff5b940000 - 0x00007fff5b96b000 	C:\Windows\SYSTEM32\Wldp.dll
0x00007fff5e650000 - 0x00007fff5e71d000 	C:\Windows\System32\OLEAUT32.dll
0x00007fff5d5a0000 - 0x00007fff5d64d000 	C:\Windows\System32\SHCORE.dll
0x00007fff5e7e0000 - 0x00007fff5e83b000 	C:\Windows\System32\shlwapi.dll
0x00007fff5be40000 - 0x00007fff5be64000 	C:\Windows\SYSTEM32\profapi.dll
0x00007fff2f4a0000 - 0x00007fff2f4b0000 	C:\Program Files\Android\Android Studio1\jbr\bin\net.dll
0x00007fff57fe0000 - 0x00007fff580ea000 	C:\Windows\SYSTEM32\WINHTTP.dll
0x00007fff5b6a0000 - 0x00007fff5b70a000 	C:\Windows\system32\mswsock.dll
0x00007fff2ef60000 - 0x00007fff2ef76000 	C:\Program Files\Android\Android Studio1\jbr\bin\nio.dll
0x00007fff3f280000 - 0x00007fff3f290000 	C:\Program Files\Android\Android Studio1\jbr\bin\verify.dll
0x00007ffed15d0000 - 0x00007ffed15f7000 	C:\Users\77012\.gradle\native\c067742578af261105cb4f569cf0c3c89f3d7b1fecec35dd04571415982c5e48\windows-amd64\native-platform.dll
0x00007ffef9ff0000 - 0x00007ffefa134000 	C:\Users\77012\.gradle\native\100fb08df4bc3b14c8652ba06237920a3bd2aa13389f12d3474272988ae205f9\windows-amd64\native-platform-file-events.dll
0x00007fff2e520000 - 0x00007fff2e529000 	C:\Program Files\Android\Android Studio1\jbr\bin\management.dll
0x00007fff2d3d0000 - 0x00007fff2d3db000 	C:\Program Files\Android\Android Studio1\jbr\bin\management_ext.dll
0x00007fff5d510000 - 0x00007fff5d518000 	C:\Windows\System32\PSAPI.DLL
0x00007fff5b890000 - 0x00007fff5b8a8000 	C:\Windows\SYSTEM32\CRYPTSP.dll
0x00007fff5af50000 - 0x00007fff5af88000 	C:\Windows\system32\rsaenh.dll
0x00007fff5bdc0000 - 0x00007fff5bdee000 	C:\Windows\SYSTEM32\USERENV.dll
0x00007fff5b8b0000 - 0x00007fff5b8bc000 	C:\Windows\SYSTEM32\CRYPTBASE.dll
0x00007fff5b330000 - 0x00007fff5b36b000 	C:\Windows\SYSTEM32\IPHLPAPI.DLL
0x00007fff5dda0000 - 0x00007fff5dda8000 	C:\Windows\System32\NSI.dll
0x00007fff2e530000 - 0x00007fff2e539000 	C:\Program Files\Android\Android Studio1\jbr\bin\extnet.dll
0x00007fff2e540000 - 0x00007fff2e547000 	C:\Windows\system32\wshunix.dll
0x00007fff5b1a0000 - 0x00007fff5b1d3000 	C:\Windows\SYSTEM32\ntmarta.dll

dbghelp: loaded successfully - version: 4.0.5 - missing functions: none
symbol engine: initialized successfully - sym options: 0x614 - pdb path: .;C:\Program Files\Android\Android Studio1\jbr\bin;C:\Windows\SYSTEM32;C:\Windows\WinSxS\amd64_microsoft.windows.common-controls_6595b64144ccf1df_6.0.19041.5915_none_60b4b9d171f9c7c7;C:\Program Files\Android\Android Studio1\jbr\bin\server;C:\Users\77012\.gradle\native\c067742578af261105cb4f569cf0c3c89f3d7b1fecec35dd04571415982c5e48\windows-amd64;C:\Users\77012\.gradle\native\100fb08df4bc3b14c8652ba06237920a3bd2aa13389f12d3474272988ae205f9\windows-amd64

VM Arguments:
jvm_args: --add-opens=java.base/java.lang=ALL-UNNAMED --add-opens=java.base/java.lang.invoke=ALL-UNNAMED --add-opens=java.base/java.util=ALL-UNNAMED --add-opens=java.prefs/java.util.prefs=ALL-UNNAMED --add-exports=jdk.compiler/com.sun.tools.javac.api=ALL-UNNAMED --add-exports=jdk.compiler/com.sun.tools.javac.util=ALL-UNNAMED --add-opens=java.base/java.util=ALL-UNNAMED --add-opens=java.prefs/java.util.prefs=ALL-UNNAMED --add-opens=java.base/java.nio.charset=ALL-UNNAMED --add-opens=java.base/java.net=ALL-UNNAMED --add-opens=java.base/java.util.concurrent.atomic=ALL-UNNAMED --add-opens=java.xml/javax.xml.namespace=ALL-UNNAMED -Xmx2048m -Dfile.encoding=UTF-8 -Duser.country=RU -Duser.language=ru -Duser.variant -javaagent:C:\Users\77012\.gradle\wrapper\dists\gradle-8.11.1-bin\bpt9gzteqjrbo1mjrsomdt32c\gradle-8.11.1\lib\agents\gradle-instrumentation-agent-8.11.1.jar 
java_command: org.gradle.launcher.daemon.bootstrap.GradleDaemon 8.11.1
java_class_path (initial): C:\Users\77012\.gradle\wrapper\dists\gradle-8.11.1-bin\bpt9gzteqjrbo1mjrsomdt32c\gradle-8.11.1\lib\gradle-daemon-main-8.11.1.jar
Launcher Type: SUN_STANDARD

[Global flags]
     intx CICompilerCount                          = 4                                         {product} {ergonomic}
     uint ConcGCThreads                            = 2                                         {product} {ergonomic}
     uint G1ConcRefinementThreads                  = 8                                         {product} {ergonomic}
   size_t G1HeapRegionSize                         = 1048576                                   {product} {ergonomic}
    uintx GCDrainStackTargetSize                   = 64                                        {product} {ergonomic}
   size_t InitialHeapSize                          = 130023424                                 {product} {ergonomic}
   size_t MarkStackSize                            = 4194304                                   {product} {ergonomic}
   size_t MaxHeapSize                              = 2147483648                                {product} {command line}
   size_t MaxNewSize                               = 1287651328                                {product} {ergonomic}
   size_t MinHeapDeltaBytes                        = 1048576                                   {product} {ergonomic}
   size_t MinHeapSize                              = 8388608                                   {product} {ergonomic}
    uintx NonNMethodCodeHeapSize                   = 5839372                                {pd product} {ergonomic}
    uintx NonProfiledCodeHeapSize                  = 122909434                              {pd product} {ergonomic}
    uintx ProfiledCodeHeapSize                     = 122909434                              {pd product} {ergonomic}
    uintx ReservedCodeCacheSize                    = 251658240                              {pd product} {ergonomic}
     bool SegmentedCodeCache                       = true                                      {product} {ergonomic}
   size_t SoftMaxHeapSize                          = 2147483648                             {manageable} {ergonomic}
     bool UseCompressedOops                        = true                           {product lp64_product} {ergonomic}
     bool UseG1GC                                  = true                                      {product} {ergonomic}
     bool UseLargePagesIndividualAllocation        = false                                  {pd product} {ergonomic}

Logging:
Log output configuration:
 #0: stdout all=warning uptime,level,tags foldmultilines=false
 #1: stderr all=off uptime,level,tags foldmultilines=false

Environment Variables:
JAVA_HOME=C:\Program Files\Java\jdk-21
PATH=C:\Program Files\Eclipse Adoptium\jdk-11.0.20.8-hotspot\bin;C:\Program Files\Common Files\Oracle\Java\javapath;C:\Windows\system32;C:\Windows;C:\Windows\System32\Wbem;C:\Windows\System32\WindowsPowerShell\v1.0\;C:\Windows\System32\OpenSSH\;C:\Program Files\Gemalto\Classic Client\BIN;C:\Program Files (x86)\Gemalto\Classic Client\BIN;C:\Program Files (x86)\IDEMIA\AWP\Dlls;C:\Program Files\IDEMIA\AWP\Dlls;C:\Program Files (x86)\eParaksts Token Signing\;C:\Program Files\Java\jdk-21\bin;C:\Program Files\Git\cmd;C:\Program Files (x86)\Windows Kits\10\Windows Performance Toolkit\;C:\Users\77012\AppData\Local\Microsoft\WindowsApps;C:\Users\77012\AppData\Local\JetBrains\Toolbox\scripts;
USERNAME=77012
OS=Windows_NT
PROCESSOR_IDENTIFIER=Intel64 Family 6 Model 140 Stepping 1, GenuineIntel
TMP=C:\Users\77012\AppData\Local\Temp
TEMP=C:\Users\77012\AppData\Local\Temp




Periodic native trim disabled

JNI global refs:
JNI global refs: 29, weak refs: 4

JNI global refs memory usage: 835, weak refs: 833

Process memory usage:
Resident Set Size: 277340K (3% of 8060060K total physical memory with 230176K free physical memory)

OOME stack traces (most recent first):
Classloader memory used:
Loader org.gradle.internal.classloader.VisitableURLClassLoader                         : 35414K
Loader bootstrap                                                                       : 29888K
Loader org.gradle.internal.classloader.VisitableURLClassLoader$InstrumentingVisitableURLClassLoader: 21656K
Loader org.gradle.initialization.MixInLegacyTypesClassLoader                           : 9171K
Loader jdk.internal.reflect.DelegatingClassLoader                                      : 1339K
Loader jdk.internal.loader.ClassLoaders$PlatformClassLoader                            : 569K
Loader jdk.internal.loader.ClassLoaders$AppClassLoader                                 : 234K
Loader sun.reflect.misc.MethodUtil                                                     : 2952B

Classes loaded by more than one classloader:
Class com.google.common.io.LineReader                                                 : loaded 2 times (x 68B)
Class com.google.common.base.PairwiseEquivalence                                      : loaded 2 times (x 79B)
Class com.google.common.base.Equivalence$Identity                                     : loaded 2 times (x 78B)
Class com.google.common.collect.RegularImmutableMap$KeySet                            : loaded 2 times (x 146B)
Class org.gradle.internal.classloader.FilteringClassLoader                            : loaded 2 times (x 101B)
Class com.google.common.io.FileWriteMode                                              : loaded 2 times (x 75B)
Class [Lcom.google.common.base.AbstractIterator$State;                                : loaded 2 times (x 65B)
Class com.google.common.base.CharMatcher$IsEither                                     : loaded 2 times (x 107B)
Class org.gradle.internal.classloader.ClassLoaderHierarchy                            : loaded 2 times (x 66B)
Class com.google.common.collect.ImmutableEnumSet                                      : loaded 2 times (x 142B)
Class com.google.common.util.concurrent.ExecutionError                                : loaded 2 times (x 78B)
Class com.google.common.collect.ImmutableList$1                                       : loaded 2 times (x 93B)
Class com.google.common.collect.AbstractMapBasedMultimap$WrappedCollection            : loaded 2 times (x 120B)
Class org.gradle.api.internal.classpath.ManifestUtil                                  : loaded 2 times (x 67B)
Class com.google.common.collect.RegularImmutableMap                                   : loaded 2 times (x 117B)
Class com.google.common.collect.ImmutableMap$MapViewOfValuesAsSingletonSets           : loaded 2 times (x 121B)
Class com.google.common.reflect.TypeCapture                                           : loaded 2 times (x 67B)
Class com.google.common.collect.TransformedListIterator                               : loaded 2 times (x 89B)
Class com.google.common.collect.UnmodifiableListIterator                              : loaded 2 times (x 91B)
Class com.google.common.base.Platform$JdkPatternCompiler                              : loaded 2 times (x 71B)
Class [Lcom.google.common.cache.CacheBuilder$OneWeigher;                              : loaded 2 times (x 65B)
Class com.google.common.base.Suppliers                                                : loaded 2 times (x 67B)
Class org.gradle.internal.classloader.DefaultClassLoaderFactory                       : loaded 2 times (x 78B)
Class com.google.common.base.CharMatcher$None                                         : loaded 2 times (x 108B)
Class org.gradle.internal.classloader.ClassLoaderVisitor                              : loaded 2 times (x 72B)
Class [Lcom.google.common.collect.ImmutableMapEntry;                                  : loaded 2 times (x 65B)
Class org.gradle.api.internal.classpath.EffectiveClassPath                            : loaded 2 times (x 86B)
Class com.google.common.collect.ImmutableRangeSet                                     : loaded 2 times (x 111B)
Class com.google.common.collect.ImmutableEnumMap                                      : loaded 2 times (x 121B)
Class com.google.common.collect.ListMultimap                                          : loaded 2 times (x 66B)
Class com.google.common.collect.Sets$1                                                : loaded 2 times (x 135B)
Class com.google.common.base.Splitter                                                 : loaded 2 times (x 68B)
Class org.gradle.api.internal.DefaultClassPathProvider                                : loaded 2 times (x 72B)
Class com.google.common.collect.Sets$2                                                : loaded 2 times (x 135B)
Class com.google.common.collect.Maps$ViewCachingAbstractMap                           : loaded 2 times (x 121B)
Class [Lorg.gradle.api.internal.ClassPathProvider;                                    : loaded 2 times (x 65B)
Class org.gradle.api.internal.ClassPathProvider                                       : loaded 2 times (x 66B)
Class com.google.common.reflect.Types$ClassOwnership$1                                : loaded 2 times (x 76B)
Class com.google.common.collect.Sets$3                                                : loaded 2 times (x 135B)
Class com.google.common.base.AbstractIterator$State                                   : loaded 2 times (x 75B)
Class com.google.common.util.concurrent.AbstractFuture$SafeAtomicHelper               : loaded 2 times (x 75B)
Class com.google.common.cache.LocalCache$LocalLoadingCache                            : loaded 2 times (x 130B)
Class org.gradle.internal.service.UnknownServiceException                             : loaded 2 times (x 79B)
Class com.google.common.reflect.Types$ClassOwnership$2                                : loaded 2 times (x 76B)
Class com.google.common.reflect.TypeResolver                                          : loaded 2 times (x 68B)
Class com.google.common.collect.Sets$4                                                : loaded 2 times (x 135B)
Class com.google.common.cache.LocalCache$Strength$1                                   : loaded 2 times (x 77B)
Class com.google.common.reflect.Types$ClassOwnership$3                                : loaded 2 times (x 67B)
Class com.google.common.util.concurrent.SettableFuture                                : loaded 2 times (x 110B)
Class com.google.common.cache.LocalCache$Strength$2                                   : loaded 2 times (x 77B)
Class com.google.common.collect.TransformedIterator                                   : loaded 2 times (x 76B)
Class com.google.common.base.Splitter$1                                               : loaded 2 times (x 73B)
Class com.google.common.cache.LocalCache$Strength$3                                   : loaded 2 times (x 77B)
Class com.google.common.collect.MapDifference                                         : loaded 2 times (x 66B)
Class com.google.common.reflect.Invokable                                             : loaded 2 times (x 99B)
Class com.google.common.cache.CacheBuilder$NullListener                               : loaded 2 times (x 78B)
Class org.gradle.internal.classpath.TransformedClassPath                              : loaded 2 times (x 92B)
Class org.gradle.internal.classloader.InstrumentingClassLoader                        : loaded 2 times (x 66B)
Class com.google.common.collect.ImmutableListMultimap                                 : loaded 2 times (x 172B)
Class com.google.common.reflect.Types$ParameterizedTypeImpl                           : loaded 2 times (x 77B)
Class com.google.common.collect.ImmutableRangeSet$AsSet                               : loaded 2 times (x 295B)
Class com.google.common.collect.ImmutableCollection$Builder                           : loaded 2 times (x 72B)
Class com.google.common.collect.Iterators$ArrayItr                                    : loaded 2 times (x 93B)
Class com.google.common.cache.CacheLoader$FunctionToCacheLoader                       : loaded 2 times (x 71B)
Class com.google.common.collect.EmptyImmutableListMultimap                            : loaded 2 times (x 172B)
Class com.google.common.collect.BaseImmutableMultimap                                 : loaded 2 times (x 119B)
Class com.google.common.reflect.TypeResolver$TypeVariableKey                          : loaded 2 times (x 68B)
Class com.google.common.base.Joiner                                                   : loaded 2 times (x 75B)
Class com.google.common.base.MoreObjects                                              : loaded 2 times (x 67B)
Class com.google.common.collect.Platform                                              : loaded 2 times (x 67B)
Class com.google.common.collect.UnmodifiableIterator                                  : loaded 2 times (x 76B)
Class org.gradle.internal.service.ServiceLocator                                      : loaded 2 times (x 66B)
Class com.google.common.base.Ascii                                                    : loaded 2 times (x 67B)
Class com.google.common.collect.SingletonImmutableBiMap                               : loaded 2 times (x 139B)
Class org.apache.commons.io.FileExistsException                                       : loaded 2 times (x 78B)
Class com.google.common.cache.LocalCache$1                                            : loaded 2 times (x 85B)
Class com.google.common.collect.AbstractMapEntry                                      : loaded 2 times (x 77B)
Class com.google.common.reflect.TypeToken$SimpleTypeToken                             : loaded 2 times (x 69B)
Class com.google.common.collect.ImmutableList$Builder                                 : loaded 2 times (x 73B)
Class com.google.common.collect.Sets$ImprovedAbstractSet                              : loaded 2 times (x 131B)
Class com.google.common.cache.LocalCache$2                                            : loaded 2 times (x 138B)
Class com.google.common.collect.AbstractMultimap                                      : loaded 2 times (x 119B)
Class com.google.common.collect.ImmutableRangeSet$1                                   : loaded 2 times (x 205B)
Class com.google.common.util.concurrent.AbstractFuture$UnsafeAtomicHelper$1           : loaded 2 times (x 72B)
Class com.google.common.collect.RegularImmutableAsList                                : loaded 2 times (x 212B)
Class com.google.common.base.Optional                                                 : loaded 2 times (x 76B)
Class com.google.common.collect.Range                                                 : loaded 2 times (x 83B)
Class com.google.common.collect.Iterators                                             : loaded 2 times (x 67B)
Class com.google.common.base.CharMatcher$RangesMatcher                                : loaded 2 times (x 108B)
Class com.google.common.util.concurrent.AbstractFuture$Trusted                        : loaded 2 times (x 66B)
Class com.google.common.collect.Lists$StringAsImmutableList                           : loaded 2 times (x 203B)
Class com.google.common.io.ByteSink$AsCharSink                                        : loaded 2 times (x 76B)
Class com.google.common.util.concurrent.UncheckedExecutionException                   : loaded 2 times (x 78B)
Class com.google.common.collect.ImmutableSortedSetFauxverideShim                      : loaded 2 times (x 143B)
Class com.google.common.base.CharMatcher$JavaLetterOrDigit                            : loaded 2 times (x 107B)
Class org.gradle.internal.InternalTransformer                                         : loaded 2 times (x 66B)
Class com.google.common.collect.AbstractMapBasedMultimap$KeySet$1                     : loaded 2 times (x 78B)
Class com.google.common.base.CharMatcher$And                                          : loaded 2 times (x 108B)
Class com.google.common.cache.CacheLoader$UnsupportedLoadingOperationException        : loaded 2 times (x 78B)
Class org.gradle.internal.classloader.ClasspathUtil$1                                 : loaded 2 times (x 72B)
Class com.google.common.base.Objects                                                  : loaded 2 times (x 67B)
Class com.google.common.collect.IndexedImmutableSet                                   : loaded 2 times (x 146B)
Class com.google.common.collect.ImmutableMap$1                                        : loaded 2 times (x 77B)
Class com.google.common.collect.BiMap                                                 : loaded 2 times (x 66B)
Class org.gradle.api.internal.classpath.DefaultModuleRegistry$DefaultModule           : loaded 2 times (x 82B)
Class com.google.common.primitives.Ints                                               : loaded 2 times (x 67B)
Class com.google.common.reflect.Reflection                                            : loaded 2 times (x 67B)
Class com.google.common.collect.AbstractIterator                                      : loaded 2 times (x 78B)
Class com.google.common.math.MathPreconditions                                        : loaded 2 times (x 67B)
Class com.google.common.collect.ObjectArrays                                          : loaded 2 times (x 67B)
Class com.google.common.collect.AbstractIndexedListIterator                           : loaded 2 times (x 92B)
Class com.google.common.collect.ArrayListMultimapGwtSerializationDependencies         : loaded 2 times (x 168B)
Class com.google.common.collect.Multiset                                              : loaded 2 times (x 66B)
Class com.google.common.collect.ImmutableMapEntrySet                                  : loaded 2 times (x 147B)
Class org.gradle.api.internal.classpath.Module                                        : loaded 2 times (x 66B)
Class com.google.common.cache.Weigher                                                 : loaded 2 times (x 66B)
Class org.gradle.api.internal.classpath.UnknownModuleException                        : loaded 2 times (x 78B)
Class com.google.common.base.Stopwatch                                                : loaded 2 times (x 68B)
Class com.google.common.cache.LocalCache$Strength                                     : loaded 2 times (x 77B)
Class com.google.common.cache.Cache                                                   : loaded 2 times (x 66B)
Class com.google.common.io.AppendableWriter                                           : loaded 2 times (x 96B)
Class org.apache.commons.io.filefilter.IOFileFilter                                   : loaded 2 times (x 66B)
Class com.google.common.io.Files$2                                                    : loaded 2 times (x 72B)
Class com.google.common.base.NullnessCasts                                            : loaded 2 times (x 67B)
Class com.google.common.util.concurrent.AbstractFuture$Cancellation                   : loaded 2 times (x 68B)
Class com.google.common.collect.ImmutableMap$Builder                                  : loaded 2 times (x 78B)
Class com.google.common.base.Present                                                  : loaded 2 times (x 77B)
Class com.google.common.collect.AbstractMapBasedMultimap$WrappedCollection$WrappedIterator: loaded 2 times (x 80B)
Class com.google.common.cache.RemovalListener                                         : loaded 2 times (x 66B)
Class org.gradle.api.internal.DefaultClassPathRegistry                                : loaded 2 times (x 72B)
Class com.google.common.collect.ImmutableMultimap$Keys                                : loaded 2 times (x 162B)
Class com.google.common.primitives.IntsMethodsForWeb                                  : loaded 2 times (x 67B)
Class com.google.common.reflect.Invokable$ConstructorInvokable                        : loaded 2 times (x 103B)
Class com.google.common.collect.Multimap                                              : loaded 2 times (x 66B)
Class org.gradle.api.internal.ClassPathRegistry                                       : loaded 2 times (x 66B)
Class org.gradle.internal.classpath.DefaultClassPath$ImmutableUniqueList              : loaded 2 times (x 195B)
Class com.google.common.base.ExtraObjectsMethodsForWeb                                : loaded 2 times (x 67B)
Class com.google.common.reflect.TypeToken                                             : loaded 2 times (x 69B)
Class com.google.common.io.ByteSink                                                   : loaded 2 times (x 72B)
Class com.google.common.cache.CacheBuilder                                            : loaded 2 times (x 68B)
Class com.google.common.collect.SingletonImmutableList                                : loaded 2 times (x 203B)
Class org.gradle.internal.classpath.ClassPath                                         : loaded 2 times (x 66B)
Class org.gradle.api.UncheckedIOException                                             : loaded 2 times (x 78B)
Class [Lcom.google.common.reflect.Types$JavaVersion;                                  : loaded 2 times (x 65B)
Class com.google.common.io.Files$FileByteSource                                       : loaded 2 times (x 81B)
Class com.google.common.base.JdkPattern                                               : loaded 2 times (x 71B)
Class com.google.common.collect.ImmutableList$ReverseImmutableList                    : loaded 2 times (x 204B)
Class com.google.common.io.CharStreams$NullWriter                                     : loaded 2 times (x 95B)
Class com.google.common.util.concurrent.AbstractFuture$AtomicHelper                   : loaded 2 times (x 74B)
Class com.google.common.collect.Iterators$1                                           : loaded 2 times (x 77B)
Class com.google.common.base.Suppliers$SupplierOfInstance                             : loaded 2 times (x 75B)
Class com.google.common.reflect.TypeToken$1                                           : loaded 2 times (x 106B)
Class com.google.common.cache.LocalCache$ComputingValueReference                      : loaded 2 times (x 92B)
Class com.google.common.collect.ImmutableMap$IteratorBasedImmutableMap                : loaded 2 times (x 121B)
Class com.google.common.collect.SingletonImmutableSet                                 : loaded 2 times (x 142B)
Class com.google.common.reflect.TypeToken$2                                           : loaded 2 times (x 106B)
Class com.google.common.cache.LocalCache$Segment                                      : loaded 2 times (x 150B)
Class com.google.common.collect.SortedIterable                                        : loaded 2 times (x 66B)
Class com.google.common.collect.Iterators$4                                           : loaded 2 times (x 78B)
Class com.google.common.cache.CacheLoader                                             : loaded 2 times (x 70B)
Class com.google.common.collect.ImmutableBiMap                                        : loaded 2 times (x 139B)
Class com.google.common.collect.AbstractListMultimap                                  : loaded 2 times (x 168B)
Class org.gradle.internal.installation.GradleInstallation$1                           : loaded 2 times (x 71B)
Class org.gradle.api.internal.classpath.ModuleRegistry                                : loaded 2 times (x 66B)
Class com.google.common.collect.ImmutableSet$JdkBackedSetBuilderImpl                  : loaded 2 times (x 72B)
Class com.google.common.collect.Iterators$5                                           : loaded 2 times (x 78B)
Class com.google.common.base.Splitter$SplittingIterator                               : loaded 2 times (x 80B)
Class com.google.common.util.concurrent.internal.InternalFutureFailureAccess          : loaded 2 times (x 68B)
Class com.google.common.collect.ImmutableMultimap$Values                              : loaded 2 times (x 122B)
Class com.google.common.io.Closer$SuppressingSuppressor                               : loaded 2 times (x 71B)
Class com.google.common.base.CharMatcher$ForPredicate                                 : loaded 2 times (x 108B)
Class com.google.common.util.concurrent.AbstractFuture$UnsafeAtomicHelper             : loaded 2 times (x 74B)
Class com.google.common.cache.LocalCache$LocalManualCache$1                           : loaded 2 times (x 71B)
Class com.google.common.base.CharMatcher$AnyOf                                        : loaded 2 times (x 108B)
Class com.google.common.collect.ImmutableCollection                                   : loaded 2 times (x 121B)
Class org.gradle.api.internal.classpath.DefaultModuleRegistry                         : loaded 2 times (x 82B)
Class com.google.common.collect.Lists                                                 : loaded 2 times (x 67B)
Class com.google.common.base.CharMatcher$Any                                          : loaded 2 times (x 108B)
Class com.google.common.util.concurrent.ListenableFuture                              : loaded 2 times (x 66B)
Class com.google.common.cache.ReferenceEntry                                          : loaded 2 times (x 66B)
Class com.google.common.base.Converter                                                : loaded 2 times (x 86B)
Class com.google.common.collect.ImmutableSet$CachingAsList                            : loaded 2 times (x 143B)
Class com.google.common.collect.Iterators$9                                           : loaded 2 times (x 77B)
Class com.google.common.util.concurrent.AbstractFuture                                : loaded 2 times (x 102B)
Class com.google.common.base.FunctionalEquivalence                                    : loaded 2 times (x 79B)
Class com.google.common.collect.AbstractMapBasedMultimap                              : loaded 2 times (x 135B)
Class com.google.common.collect.ImmutableAsList                                       : loaded 2 times (x 205B)
Class com.google.common.collect.ImmutableMultiset                                     : loaded 2 times (x 159B)
Class com.google.common.io.CharStreams                                                : loaded 2 times (x 67B)
Class com.google.common.reflect.TypeResolver$TypeTable                                : loaded 2 times (x 69B)
Class com.google.common.cache.CacheLoader$SupplierToCacheLoader                       : loaded 2 times (x 71B)
Class com.google.common.reflect.TypeResolver$TypeTable$1                              : loaded 2 times (x 69B)
Class com.google.common.collect.Maps$EntryTransformer                                 : loaded 2 times (x 66B)
Class org.gradle.internal.service.ServiceLookupException                              : loaded 2 times (x 78B)
Class com.google.common.collect.ImmutableSortedSet                                    : loaded 2 times (x 295B)
Class com.google.common.base.CharMatcher$JavaLetter                                   : loaded 2 times (x 107B)
Class [Lcom.google.common.cache.LocalCache$EntryFactory;                              : loaded 2 times (x 65B)
Class org.gradle.internal.classloader.ClassLoaderFactory                              : loaded 2 times (x 66B)
Class com.google.common.base.CharMatcher$IsNot                                        : loaded 2 times (x 107B)
Class com.google.common.base.CommonPattern                                            : loaded 2 times (x 70B)
Class com.google.common.cache.LocalCache$LocalManualCache                             : loaded 2 times (x 95B)
Class org.gradle.internal.service.CachingServiceLocator                               : loaded 2 times (x 78B)
Class com.google.common.math.IntMath                                                  : loaded 2 times (x 67B)
Class com.google.common.collect.AbstractMapBasedMultimap$KeySet                       : loaded 2 times (x 133B)
Class com.google.common.collect.RegularImmutableSortedSet                             : loaded 2 times (x 295B)
Class com.google.common.reflect.Types$TypeVariableInvocationHandler                   : loaded 2 times (x 71B)
Class com.google.common.collect.Iterators$10                                          : loaded 2 times (x 77B)
Class com.google.common.base.CharMatcher$JavaDigit                                    : loaded 2 times (x 107B)
Class com.google.common.collect.ImmutableMapEntry                                     : loaded 2 times (x 81B)
Class com.google.common.collect.ImmutableMultimap                                     : loaded 2 times (x 143B)
Class com.google.common.base.Equivalence                                              : loaded 2 times (x 78B)
Class com.google.common.collect.ImmutableMapEntry$NonTerminalImmutableMapEntry        : loaded 2 times (x 81B)
Class com.google.common.base.Function                                                 : loaded 2 times (x 66B)
Class com.google.common.cache.CacheBuilder$OneWeigher                                 : loaded 2 times (x 78B)
Class com.google.common.collect.RegularImmutableList                                  : loaded 2 times (x 208B)
Class com.google.common.reflect.Types$ClassOwnership$1LocalClass                      : loaded 2 times (x 67B)
Class com.google.common.collect.ImmutableBiMapFauxverideShim                          : loaded 2 times (x 116B)
Class org.gradle.internal.classloader.ClasspathUtil                                   : loaded 2 times (x 67B)
Class com.google.common.base.Charsets                                                 : loaded 2 times (x 67B)
Class com.google.common.util.concurrent.Uninterruptibles                              : loaded 2 times (x 67B)
Class com.google.common.base.CharMatcher$JavaUpperCase                                : loaded 2 times (x 107B)
Class com.google.common.collect.Maps                                                  : loaded 2 times (x 67B)
Class org.gradle.api.specs.Spec                                                       : loaded 2 times (x 66B)
Class com.google.common.reflect.Types$JavaVersion                                     : loaded 2 times (x 79B)
Class [Lcom.google.common.collect.ImmutableEntry;                                     : loaded 2 times (x 65B)
Class org.apache.commons.io.file.PathFilter                                           : loaded 2 times (x 66B)
Class com.google.common.cache.LocalCache$LoadingValueReference                        : loaded 2 times (x 92B)
Class com.google.common.io.LineReader$1                                               : loaded 2 times (x 71B)
Class com.google.common.collect.CollectSpliterators                                   : loaded 2 times (x 67B)
Class com.google.common.reflect.Invokable$MethodInvokable                             : loaded 2 times (x 103B)
Class com.google.common.base.Platform                                                 : loaded 2 times (x 67B)
Class com.google.common.primitives.Ints$IntConverter                                  : loaded 2 times (x 86B)
Class com.google.common.collect.AbstractMapBasedMultimap$WrappedList                  : loaded 2 times (x 201B)
Class com.google.common.collect.Maps$8                                                : loaded 2 times (x 78B)
Class com.google.common.collect.ImmutableRangeSet$Builder                             : loaded 2 times (x 73B)
Class com.google.common.collect.Sets$SetView                                          : loaded 2 times (x 134B)
Class com.google.common.base.CharMatcher$Invisible                                    : loaded 2 times (x 108B)
Class com.google.common.cache.LocalCache$StrongValueReference                         : loaded 2 times (x 86B)
Class com.google.common.util.concurrent.AbstractFuture$SynchronizedHelper             : loaded 2 times (x 74B)
Class com.google.common.graph.SuccessorsFunction                                      : loaded 2 times (x 66B)
Class org.gradle.internal.classloader.VisitableURLClassLoader$InstrumentingVisitableURLClassLoader: loaded 2 times (x 119B)
Class com.google.common.math.IntMath$1                                                : loaded 2 times (x 67B)
Class org.apache.commons.io.FileUtils                                                 : loaded 2 times (x 67B)
Class com.google.common.io.Files$FileByteSink                                         : loaded 2 times (x 73B)
Class [Lcom.google.common.cache.CacheBuilder$NullListener;                            : loaded 2 times (x 65B)
Class org.gradle.internal.classloader.VisitableURLClassLoader$Spec                    : loaded 2 times (x 70B)
Class org.gradle.internal.classpath.DefaultClassPath                                  : loaded 2 times (x 86B)
Class com.google.common.reflect.Types$ClassOwnership                                  : loaded 2 times (x 76B)
Class com.google.common.base.AbstractIterator                                         : loaded 2 times (x 76B)
Class com.google.common.io.Java8Compatibility                                         : loaded 2 times (x 67B)
Class com.google.common.io.Closer                                                     : loaded 2 times (x 74B)
Class com.google.common.base.CharMatcher$BitSetMatcher                                : loaded 2 times (x 108B)
Class com.google.common.base.CharMatcher$Ascii                                        : loaded 2 times (x 108B)
Class com.google.common.collect.RegularImmutableMap$Values                            : loaded 2 times (x 203B)
Class com.google.common.collect.ImmutableSet                                          : loaded 2 times (x 141B)
Class org.gradle.internal.classloader.ClassLoaderSpec                                 : loaded 2 times (x 67B)
Class com.google.common.cache.CacheStats                                              : loaded 2 times (x 67B)
Class com.google.common.collect.ImmutableMultisetGwtSerializationDependencies         : loaded 2 times (x 121B)
Class com.google.common.io.Closer$Suppressor                                          : loaded 2 times (x 66B)
Class com.google.common.io.LineProcessor                                              : loaded 2 times (x 66B)
Class com.google.common.base.CharMatcher$Or                                           : loaded 2 times (x 108B)
Class com.google.common.util.concurrent.AbstractFuture$Listener                       : loaded 2 times (x 68B)
Class com.google.common.base.Supplier                                                 : loaded 2 times (x 66B)
Class org.gradle.internal.classloader.VisitableURLClassLoader                         : loaded 2 times (x 113B)
Class com.google.common.util.concurrent.AbstractFuture$Waiter                         : loaded 2 times (x 68B)
Class com.google.common.collect.ImmutableList$SerializedForm                          : loaded 2 times (x 69B)
Class org.gradle.internal.Cast                                                        : loaded 2 times (x 67B)
Class org.gradle.api.Action                                                           : loaded 2 times (x 66B)
Class com.google.common.base.Strings                                                  : loaded 2 times (x 67B)
Class com.google.common.collect.Sets                                                  : loaded 2 times (x 67B)
Class com.google.common.base.CharMatcher$FastMatcher                                  : loaded 2 times (x 107B)
Class com.google.common.base.Ticker                                                   : loaded 2 times (x 68B)
Class [Lcom.google.common.cache.LocalCache$Segment;                                   : loaded 2 times (x 65B)
Class com.google.common.base.Predicate                                                : loaded 2 times (x 66B)
Class [Lcom.google.common.cache.LocalCache$Strength;                                  : loaded 2 times (x 65B)
Class com.google.common.cache.CacheBuilder$1                                          : loaded 2 times (x 81B)
Class com.google.common.collect.ImmutableMap                                          : loaded 2 times (x 116B)
Class org.gradle.internal.classpath.DefaultClassPath$ImmutableUniqueList$Builder      : loaded 2 times (x 71B)
Class com.google.common.collect.AbstractRangeSet                                      : loaded 2 times (x 110B)
Class com.google.common.base.CharMatcher$NegatedFastMatcher                           : loaded 2 times (x 109B)
Class com.google.common.cache.LocalCache                                              : loaded 2 times (x 183B)
Class com.google.common.cache.CacheBuilder$2                                          : loaded 2 times (x 68B)
Class [Lcom.google.common.collect.AbstractMapEntry;                                   : loaded 2 times (x 65B)
Class com.google.common.base.AbstractIterator$1                                       : loaded 2 times (x 67B)
Class com.google.common.base.CharMatcher$Digit                                        : loaded 2 times (x 108B)
Class com.google.common.collect.ImmutableEntry                                        : loaded 2 times (x 78B)
Class com.google.common.collect.ArrayListMultimap                                     : loaded 2 times (x 168B)
Class org.gradle.api.GradleException                                                  : loaded 2 times (x 78B)
Class com.google.common.base.Suppliers$MemoizingSupplier                              : loaded 2 times (x 75B)
Class com.google.common.base.CharMatcher$JavaIsoControl                               : loaded 2 times (x 108B)
Class com.google.common.collect.CollectPreconditions                                  : loaded 2 times (x 67B)
Class [Lcom.google.common.io.FileWriteMode;                                           : loaded 2 times (x 65B)
Class com.google.common.base.CharMatcher$JavaLowerCase                                : loaded 2 times (x 107B)
Class com.google.common.collect.SortedMapDifference                                   : loaded 2 times (x 66B)
Class com.google.common.io.Files                                                      : loaded 2 times (x 67B)
Class com.google.common.cache.LocalCache$EntryFactory                                 : loaded 2 times (x 79B)
Class com.google.common.reflect.Types$NativeTypeVariableEquals                        : loaded 2 times (x 67B)
Class com.google.common.reflect.TypeParameter                                         : loaded 2 times (x 68B)
Class com.google.common.base.Splitter$1$1                                             : loaded 2 times (x 82B)
Class com.google.common.base.CharMatcher$Whitespace                                   : loaded 2 times (x 108B)
Class com.google.common.cache.LocalCache$AbstractReferenceEntry                       : loaded 2 times (x 103B)
Class org.gradle.internal.IoActions                                                   : loaded 2 times (x 67B)
Class com.google.common.collect.ImmutableRangeSet$ComplementRanges                    : loaded 2 times (x 203B)
Class com.google.common.base.CharMatcher$SingleWidth                                  : loaded 2 times (x 108B)
Class com.google.common.cache.CacheLoader$InvalidCacheLoadException                   : loaded 2 times (x 78B)
Class com.google.common.collect.ImmutableSet$RegularSetBuilderImpl                    : loaded 2 times (x 73B)
Class org.gradle.internal.classloader.SystemClassLoaderSpec                           : loaded 2 times (x 67B)
Class com.google.common.cache.LocalCache$StrongEntry                                  : loaded 2 times (x 104B)
Class com.google.common.util.concurrent.AbstractFuture$TrustedFuture                  : loaded 2 times (x 110B)
Class com.google.common.cache.LoadingCache                                            : loaded 2 times (x 66B)
Class com.google.common.base.Suppliers$NonSerializableMemoizingSupplier               : loaded 2 times (x 75B)
Class [Lcom.google.common.cache.Weigher;                                              : loaded 2 times (x 65B)
Class com.google.common.collect.RegularImmutableMap$BucketOverflowException           : loaded 2 times (x 78B)
Class com.google.common.collect.ImmutableMultimap$1                                   : loaded 2 times (x 78B)
Class com.google.common.collect.AbstractMapBasedMultimap$RandomAccessWrappedList      : loaded 2 times (x 201B)
Class com.google.common.collect.ImmutableMultimap$2                                   : loaded 2 times (x 77B)
Class com.google.common.reflect.Types$JavaVersion$1                                   : loaded 2 times (x 79B)
Class com.google.common.collect.RegularImmutableBiMap                                 : loaded 2 times (x 144B)
Class com.google.common.base.CharMatcher$Negated                                      : loaded 2 times (x 109B)
Class com.google.common.base.CharMatcher$Is                                           : loaded 2 times (x 107B)
Class com.google.common.cache.LocalCache$ValueReference                               : loaded 2 times (x 66B)
Class com.google.common.reflect.Types$JavaVersion$2                                   : loaded 2 times (x 79B)
Class com.google.common.reflect.Types                                                 : loaded 2 times (x 67B)
Class com.google.common.base.PatternCompiler                                          : loaded 2 times (x 66B)
Class com.google.common.collect.Hashing                                               : loaded 2 times (x 67B)
Class com.google.common.util.concurrent.AbstractFuture$Failure                        : loaded 2 times (x 68B)
Class com.google.common.base.Equivalence$Equals                                       : loaded 2 times (x 78B)
Class com.google.common.base.Preconditions                                            : loaded 2 times (x 67B)
Class com.google.common.reflect.Types$JavaVersion$3                                   : loaded 2 times (x 79B)
Class com.google.common.io.CharSink                                                   : loaded 2 times (x 75B)
Class com.google.common.collect.PeekingIterator                                       : loaded 2 times (x 66B)
Class com.google.common.base.CharMatcher                                              : loaded 2 times (x 107B)
Class com.google.common.base.Joiner$1                                                 : loaded 2 times (x 76B)
Class com.google.common.reflect.Types$JavaVersion$4                                   : loaded 2 times (x 79B)
Class com.google.common.collect.Maps$IteratorBasedAbstractMap                         : loaded 2 times (x 121B)
Class com.google.common.collect.RangeGwtSerializationDependencies                     : loaded 2 times (x 67B)
Class com.google.common.collect.Table                                                 : loaded 2 times (x 66B)
Class com.google.common.base.CharMatcher$1                                            : loaded 2 times (x 109B)
Class com.google.common.base.CharMatcher$NamedFastMatcher                             : loaded 2 times (x 108B)
Class com.google.common.base.Joiner$2                                                 : loaded 2 times (x 75B)
Class com.google.common.cache.LocalCache$EntryFactory$1                               : loaded 2 times (x 79B)
Class [Lcom.google.common.cache.RemovalListener;                                      : loaded 2 times (x 65B)
Class com.google.common.reflect.Types$JavaVersion$5                                   : loaded 2 times (x 67B)
Class [Lcom.google.common.reflect.Types$ClassOwnership;                               : loaded 2 times (x 65B)
Class com.google.common.collect.RangeSet                                              : loaded 2 times (x 66B)
Class com.google.common.cache.LocalCache$EntryFactory$2                               : loaded 2 times (x 79B)
Class org.gradle.api.internal.classpath.GlobalCacheRootsProvider                      : loaded 2 times (x 66B)
Class com.google.common.collect.CollectCollectors                                     : loaded 2 times (x 67B)
Class com.google.common.cache.LocalCache$EntryFactory$3                               : loaded 2 times (x 79B)
Class com.google.common.base.Ticker$1                                                 : loaded 2 times (x 68B)
Class com.google.common.collect.ImmutableMapEntrySet$RegularEntrySet                  : loaded 2 times (x 147B)
Class com.google.common.collect.Maps$BiMapConverter                                   : loaded 2 times (x 86B)
Class com.google.common.collect.ImmutableSet$Builder                                  : loaded 2 times (x 81B)
Class com.google.common.base.CharMatcher$InRange                                      : loaded 2 times (x 107B)
Class com.google.common.cache.LocalCache$EntryFactory$4                               : loaded 2 times (x 79B)
Class com.google.common.cache.LocalCache$EntryFactory$5                               : loaded 2 times (x 79B)
Class com.google.common.cache.LocalCache$EntryFactory$6                               : loaded 2 times (x 79B)
Class org.gradle.internal.installation.CurrentGradleInstallationLocator               : loaded 2 times (x 67B)
Class com.google.common.collect.ImmutableMultimap$Builder                             : loaded 2 times (x 79B)
Class com.google.common.collect.ImmutableSet$EmptySetBuilderImpl                      : loaded 2 times (x 72B)
Class com.google.common.collect.Maps$KeySet                                           : loaded 2 times (x 133B)
Class com.google.common.cache.LocalCache$EntryFactory$7                               : loaded 2 times (x 79B)
Class com.google.common.collect.ImmutableList                                         : loaded 2 times (x 202B)
Class org.gradle.internal.service.DefaultServiceLocator                               : loaded 2 times (x 79B)
Class com.google.common.collect.ImmutableMultimap$EntryCollection                     : loaded 2 times (x 123B)
Class com.google.common.collect.Maps$EntrySet                                         : loaded 2 times (x 132B)
Class com.google.common.cache.LocalCache$EntryFactory$8                               : loaded 2 times (x 79B)
Class com.google.common.collect.ImmutableSet$SetBuilderImpl                           : loaded 2 times (x 72B)
Class org.gradle.internal.installation.CurrentGradleInstallation                      : loaded 2 times (x 69B)
Class com.google.common.cache.CacheLoader$1                                           : loaded 2 times (x 71B)
Class com.google.common.collect.ImmutableList$SubList                                 : loaded 2 times (x 204B)
Class org.gradle.util.internal.GUtil                                                  : loaded 2 times (x 67B)
Class com.google.common.io.ByteSource                                                 : loaded 2 times (x 80B)
Class com.google.common.util.concurrent.AbstractFuture$SetFuture                      : loaded 2 times (x 71B)
Class com.google.common.cache.AbstractCache$StatsCounter                              : loaded 2 times (x 66B)
Class com.google.common.io.LineBuffer                                                 : loaded 2 times (x 71B)
Class com.google.common.reflect.Types$TypeVariableImpl                                : loaded 2 times (x 68B)
Class com.google.common.collect.Iterators$MergingIterator                             : loaded 2 times (x 77B)
Class com.google.common.collect.RegularImmutableSet                                   : loaded 2 times (x 144B)
Class org.gradle.internal.installation.GradleInstallation                             : loaded 2 times (x 71B)
Class com.google.common.collect.Iterables                                             : loaded 2 times (x 67B)
Class com.google.common.base.Splitter$Strategy                                        : loaded 2 times (x 66B)

---------------  S Y S T E M  ---------------

OS:
 Windows 10 , 64 bit Build 19041 (10.0.19041.5915)
OS uptime: 0 days 6:43 hours

CPU: total 8 (initial active 8) (4 cores per cpu, 2 threads per core) family 6 model 140 stepping 1 microcode 0x86, cx8, cmov, fxsr, ht, mmx, 3dnowpref, sse, sse2, sse3, ssse3, sse4.1, sse4.2, popcnt, lzcnt, tsc, tscinvbit, avx, avx2, aes, erms, clmul, bmi1, bmi2, adx, avx512f, avx512dq, avx512cd, avx512bw, avx512vl, sha, fma, vzeroupper, avx512_vpopcntdq, avx512_vpclmulqdq, avx512_vaes, avx512_vnni, clflush, clflushopt, clwb, avx512_vbmi2, avx512_vbmi, rdtscp, rdpid, fsrm, gfni, avx512_bitalg, f16c, pku, cet_ibt, cet_ss, avx512_ifma
Processor Information for processor 0
  Max Mhz: 3110, Current Mhz: 3110, Mhz Limit: 3110
Processor Information for processor 1
  Max Mhz: 3110, Current Mhz: 902, Mhz Limit: 3110
Processor Information for processor 2
  Max Mhz: 3110, Current Mhz: 3110, Mhz Limit: 3110
Processor Information for processor 3
  Max Mhz: 3110, Current Mhz: 902, Mhz Limit: 3110
Processor Information for processor 4
  Max Mhz: 3110, Current Mhz: 3110, Mhz Limit: 3110
Processor Information for processor 5
  Max Mhz: 3110, Current Mhz: 3110, Mhz Limit: 3110
Processor Information for processor 6
  Max Mhz: 3110, Current Mhz: 3110, Mhz Limit: 3110
Processor Information for processor 7
  Max Mhz: 3110, Current Mhz: 3110, Mhz Limit: 3110

Memory: 4k page, system-wide physical 7871M (277M free)
TotalPageFile size 32447M (AvailPageFile size 0M)
current process WorkingSet (physical memory assigned to process): 281M, peak: 392M
current process commit charge ("private bytes"): 564M, peak: 566M

vm_info: OpenJDK 64-Bit Server VM (21.0.5+-13047016-b750.29) for windows-amd64 JRE (21.0.5+-13047016-b750.29), built on 2025-02-11T21:12:39Z by "builder" with MS VC++ 16.10 / 16.11 (VS2019)

END.
