#
# There is insufficient memory for the Java Runtime Environment to continue.
# Native memory allocation (mmap) failed to map 662700032 bytes. Error detail: G1 virtual space
# Possible reasons:
#   The system is out of physical RAM or swap space
#   This process is running with CompressedOops enabled, and the Java Heap may be blocking the growth of the native heap
# Possible solutions:
#   Reduce memory load on the system
#   Increase physical memory or swap space
#   Check if swap backing store is full
#   Decrease Java heap size (-Xmx/-Xms)
#   Decrease number of Java threads
#   Decrease Java thread stack sizes (-Xss)
#   Set larger code cache with -XX:ReservedCodeCacheSize=
#   JVM is running with Unscaled Compressed Oops mode in which the Java heap is
#     placed in the first 4GB address space. The Java Heap base address is the
#     maximum limit for the native heap growth. Please use -XX:HeapBaseMinAddress
#     to set the Java Heap base and to place the Java Heap above 4GB virtual address.
# This output file may be truncated or incomplete.
#
#  Out of Memory Error (os_windows.cpp:3828), pid=26200, tid=16468
#
# JRE version: OpenJDK Runtime Environment (21.0.5) (build 21.0.5+-13047016-b750.29)
# Java VM: OpenJDK 64-Bit Server VM (21.0.5+-13047016-b750.29, mixed mode, tiered, compressed oops, compressed class ptrs, g1 gc, windows-amd64)
# No core dump will be written. Minidumps are not enabled by default on client versions of Windows
#

---------------  S U M M A R Y ------------

Command Line: --add-opens=java.base/java.lang=ALL-UNNAMED --add-opens=java.base/java.lang.invoke=ALL-UNNAMED --add-opens=java.base/java.util=ALL-UNNAMED --add-opens=java.prefs/java.util.prefs=ALL-UNNAMED --add-exports=jdk.compiler/com.sun.tools.javac.api=ALL-UNNAMED --add-exports=jdk.compiler/com.sun.tools.javac.util=ALL-UNNAMED --add-opens=java.base/java.util=ALL-UNNAMED --add-opens=java.prefs/java.util.prefs=ALL-UNNAMED --add-opens=java.base/java.nio.charset=ALL-UNNAMED --add-opens=java.base/java.net=ALL-UNNAMED --add-opens=java.base/java.util.concurrent.atomic=ALL-UNNAMED --add-opens=java.xml/javax.xml.namespace=ALL-UNNAMED -Xmx2048m -Dfile.encoding=UTF-8 -Duser.country=RU -Duser.language=ru -Duser.variant -javaagent:C:\Users\77012\.gradle\wrapper\dists\gradle-8.11.1-bin\bpt9gzteqjrbo1mjrsomdt32c\gradle-8.11.1\lib\agents\gradle-instrumentation-agent-8.11.1.jar org.gradle.launcher.daemon.bootstrap.GradleDaemon 8.11.1

Host: 11th Gen Intel(R) Core(TM) i5-11300H @ 3.10GHz, 8 cores, 7G,  Windows 10 , 64 bit Build 19041 (10.0.19041.5915)
Time: Fri Jun 20 21:38:01 2025  Windows 10 , 64 bit Build 19041 (10.0.19041.5915) elapsed time: 14.962201 seconds (0d 0h 0m 14s)

---------------  T H R E A D  ---------------

Current thread (0x0000026eaf0dd1b0):  VMThread "VM Thread"          [id=16468, stack(0x0000008135400000,0x0000008135500000) (1024K)]

Stack: [0x0000008135400000,0x0000008135500000]
Native frames: (J=compiled Java code, j=interpreted, Vv=VM code, C=native code)
V  [jvm.dll+0x6cfb29]
V  [jvm.dll+0x85df93]
V  [jvm.dll+0x8604ee]
V  [jvm.dll+0x860bd3]
V  [jvm.dll+0x27e6b6]
V  [jvm.dll+0x6cc385]
V  [jvm.dll+0x6c078a]
V  [jvm.dll+0x35525b]
V  [jvm.dll+0x35ceb6]
V  [jvm.dll+0x3aedd6]
V  [jvm.dll+0x3af0a8]
V  [jvm.dll+0x32792c]
V  [jvm.dll+0x3279b7]
V  [jvm.dll+0x36d80c]
V  [jvm.dll+0x36bfbe]
V  [jvm.dll+0x327081]
V  [jvm.dll+0x36b6d0]
V  [jvm.dll+0x866958]
V  [jvm.dll+0x867cd4]
V  [jvm.dll+0x868210]
V  [jvm.dll+0x8684a3]
V  [jvm.dll+0x806368]
V  [jvm.dll+0x6ce3fd]
C  [ucrtbase.dll+0x21bb2]
C  [KERNEL32.DLL+0x17374]
C  [ntdll.dll+0x4cc91]

VM_Operation (0x000000813a3fbfd0): G1CollectForAllocation, mode: safepoint, requested by thread 0x0000026eb91b0220


---------------  P R O C E S S  ---------------

Threads class SMR info:
_java_thread_list=0x0000026ebe824380, length=155, elements={
0x0000026e95892c30, 0x0000026eaf2a7d30, 0x0000026eaf2a8780, 0x0000026eaf2b1f70,
0x0000026eaf288ad0, 0x0000026eaf289520, 0x0000026eaf2b3160, 0x0000026eaf2c23f0,
0x0000026eaf2b6b00, 0x0000026eaf086660, 0x0000026eaf5b88c0, 0x0000026eb531c080,
0x0000026eb564c8a0, 0x0000026eb4133180, 0x0000026eb53a4070, 0x0000026eb53a46d0,
0x0000026eb53aa0e0, 0x0000026eb5545ef0, 0x0000026eb557e700, 0x0000026eb557fab0,
0x0000026eb557ed90, 0x0000026eb557e070, 0x0000026eb557f420, 0x0000026eb5580140,
0x0000026eb557ccc0, 0x0000026eb557d350, 0x0000026eb557d9e0, 0x0000026eb71c94f0,
0x0000026eb71c4630, 0x0000026eb71c6700, 0x0000026eb71caf30, 0x0000026eb71c87d0,
0x0000026eb71c8e60, 0x0000026eb71c9b80, 0x0000026eb71c5350, 0x0000026eb71ca210,
0x0000026eb71ca8a0, 0x0000026eb71cb5c0, 0x0000026eb8d95de0, 0x0000026eb8d9aca0,
0x0000026eb8d97820, 0x0000026eb8d99260, 0x0000026eb8d95750, 0x0000026eb8d9c050,
0x0000026eb8d96470, 0x0000026eb8d9c6e0, 0x0000026eb8d97eb0, 0x0000026eb8d998f0,
0x0000026eb8d9b330, 0x0000026eb8d97190, 0x0000026eb8d9b9c0, 0x0000026eb8d9a610,
0x0000026eb8d950c0, 0x0000026eb8d98540, 0x0000026eb8d96b00, 0x0000026eb8d98bd0,
0x0000026eb8d99f80, 0x0000026eb71c4cc0, 0x0000026eb91b08b0, 0x0000026eb91acda0,
0x0000026eb91b36a0, 0x0000026eb91b0f40, 0x0000026eb91b1c60, 0x0000026eb91b22f0,
0x0000026eb91afb90, 0x0000026eb91adac0, 0x0000026eb91b15d0, 0x0000026eb91b43c0,
0x0000026eb91b2980, 0x0000026eb91b3010, 0x0000026eb91ad430, 0x0000026eb91b0220,
0x0000026eb91ae7e0, 0x0000026eb91aee70, 0x0000026eb91af500, 0x0000026eb8bcfa30,
0x0000026eb8bd1470, 0x0000026eb8bd2eb0, 0x0000026eb8bd3bd0, 0x0000026eb8bd48f0,
0x0000026eb8bd3540, 0x0000026eb8bd0de0, 0x0000026eb8bd1b00, 0x0000026eb8bce680,
0x0000026eb8bd4260, 0x0000026eb8bd4f80, 0x0000026eb9022200, 0x0000026eb90214e0,
0x0000026eb901b270, 0x0000026eb901e6f0, 0x0000026eb9021b70, 0x0000026eb9022890,
0x0000026eb901d340, 0x0000026eb901b900, 0x0000026eb901d9d0, 0x0000026eb9020130,
0x0000026eb901bf90, 0x0000026eb901c620, 0x0000026eb901e060, 0x0000026eb901ccb0,
0x0000026eb901ed80, 0x0000026eb901f410, 0x0000026eb901faa0, 0x0000026eb90207c0,
0x0000026eb9020e50, 0x0000026eb575f000, 0x0000026eb5760a40, 0x0000026eb575c8a0,
0x0000026eb575f690, 0x0000026eb57603b0, 0x0000026eb575b4f0, 0x0000026eb5759ab0,
0x0000026eb575ae60, 0x0000026eb575e970, 0x0000026eb575c210, 0x0000026eb57610d0,
0x0000026eb575cf30, 0x0000026eb575fd20, 0x0000026eb575e2e0, 0x0000026eb575a140,
0x0000026eb575d5c0, 0x0000026eb575dc50, 0x0000026eb575a7d0, 0x0000026eb8bd5610,
0x0000026eb8bd2190, 0x0000026eb8bd00c0, 0x0000026eb8bd2820, 0x0000026eb8bd5ca0,
0x0000026eb8bced10, 0x0000026eb8bcf3a0, 0x0000026eb41e7140, 0x0000026eb41e7e60,
0x0000026eb41e98a0, 0x0000026eb41eac50, 0x0000026eb41ea5c0, 0x0000026eb41e6420,
0x0000026ebe582410, 0x0000026ebe583130, 0x0000026ebe581060, 0x0000026ebe5865b0,
0x0000026ebe581d80, 0x0000026ebe585f20, 0x0000026ebe5872d0, 0x0000026ebe587960,
0x0000026ebe587ff0, 0x0000026ebe583e50, 0x0000026ebe588680, 0x0000026eb41e77d0,
0x0000026eb41e8b80, 0x0000026eb41e9f30, 0x0000026eb41e5700, 0x0000026eb41ecd20,
0x0000026eb41e9210, 0x0000026eb71c6070, 0x0000026eb91b3d30
}

Java Threads: ( => current thread )
  0x0000026e95892c30 JavaThread "main"                              [_thread_blocked, id=25544, stack(0x0000008134d00000,0x0000008134e00000) (1024K)]
  0x0000026eaf2a7d30 JavaThread "Reference Handler"          daemon [_thread_blocked, id=19600, stack(0x0000008135500000,0x0000008135600000) (1024K)]
  0x0000026eaf2a8780 JavaThread "Finalizer"                  daemon [_thread_blocked, id=26184, stack(0x0000008135600000,0x0000008135700000) (1024K)]
  0x0000026eaf2b1f70 JavaThread "Signal Dispatcher"          daemon [_thread_blocked, id=15924, stack(0x0000008135700000,0x0000008135800000) (1024K)]
  0x0000026eaf288ad0 JavaThread "Attach Listener"            daemon [_thread_blocked, id=7340, stack(0x0000008135800000,0x0000008135900000) (1024K)]
  0x0000026eaf289520 JavaThread "Service Thread"             daemon [_thread_blocked, id=8504, stack(0x0000008135900000,0x0000008135a00000) (1024K)]
  0x0000026eaf2b3160 JavaThread "Monitor Deflation Thread"   daemon [_thread_blocked, id=16332, stack(0x0000008135a00000,0x0000008135b00000) (1024K)]
  0x0000026eaf2c23f0 JavaThread "C2 CompilerThread0"         daemon [_thread_blocked, id=12216, stack(0x0000008135b00000,0x0000008135c00000) (1024K)]
  0x0000026eaf2b6b00 JavaThread "C1 CompilerThread0"         daemon [_thread_blocked, id=22884, stack(0x0000008135c00000,0x0000008135d00000) (1024K)]
  0x0000026eaf086660 JavaThread "Common-Cleaner"             daemon [_thread_blocked, id=3276, stack(0x0000008135d00000,0x0000008135e00000) (1024K)]
  0x0000026eaf5b88c0 JavaThread "Notification Thread"        daemon [_thread_blocked, id=6260, stack(0x0000008135e00000,0x0000008135f00000) (1024K)]
  0x0000026eb531c080 JavaThread "Daemon health stats"               [_thread_blocked, id=15684, stack(0x0000008136400000,0x0000008136500000) (1024K)]
  0x0000026eb564c8a0 JavaThread "Incoming local TCP Connector on port 62340"        [_thread_in_native, id=20744, stack(0x0000008136500000,0x0000008136600000) (1024K)]
  0x0000026eb4133180 JavaThread "Daemon periodic checks"            [_thread_blocked, id=21932, stack(0x0000008136600000,0x0000008136700000) (1024K)]
  0x0000026eb53a4070 JavaThread "Daemon"                            [_thread_blocked, id=24816, stack(0x0000008136700000,0x0000008136800000) (1024K)]
  0x0000026eb53a46d0 JavaThread "Handler for socket connection from /127.0.0.1:62340 to /127.0.0.1:62341"        [_thread_in_native, id=25908, stack(0x0000008136800000,0x0000008136900000) (1024K)]
  0x0000026eb53aa0e0 JavaThread "Cancel handler"                    [_thread_blocked, id=21040, stack(0x0000008136900000,0x0000008136a00000) (1024K)]
  0x0000026eb5545ef0 JavaThread "Daemon worker"                     [_thread_blocked, id=25432, stack(0x0000008136a00000,0x0000008136b00000) (1024K)]
  0x0000026eb557e700 JavaThread "Asynchronous log dispatcher for DefaultDaemonConnection: socket connection from /127.0.0.1:62340 to /127.0.0.1:62341"        [_thread_blocked, id=9704, stack(0x0000008136b00000,0x0000008136c00000) (1024K)]
  0x0000026eb557fab0 JavaThread "Stdin handler"                     [_thread_blocked, id=26784, stack(0x0000008136c00000,0x0000008136d00000) (1024K)]
  0x0000026eb557ed90 JavaThread "Daemon client event forwarder"        [_thread_blocked, id=5196, stack(0x0000008136d00000,0x0000008136e00000) (1024K)]
  0x0000026eb557e070 JavaThread "Cache worker for journal cache (C:\Users\77012\.gradle\caches\journal-1)"        [_thread_blocked, id=1940, stack(0x0000008137100000,0x0000008137200000) (1024K)]
  0x0000026eb557f420 JavaThread "File lock request listener"        [_thread_in_native, id=6956, stack(0x0000008137200000,0x0000008137300000) (1024K)]
  0x0000026eb5580140 JavaThread "Cache worker for file hash cache (C:\Users\77012\.gradle\caches\8.11.1\fileHashes)"        [_thread_blocked, id=19728, stack(0x0000008137300000,0x0000008137400000) (1024K)]
  0x0000026eb557ccc0 JavaThread "Cache worker for file content cache (C:\Users\77012\.gradle\caches\8.11.1\fileContent)"        [_thread_blocked, id=21676, stack(0x0000008137400000,0x0000008137500000) (1024K)]
  0x0000026eb557d350 JavaThread "Cache worker for file hash cache (C:\Users\77012\AndroidStudioProjects\PlaylistMaker\.gradle\8.11.1\fileHashes)"        [_thread_blocked, id=27004, stack(0x0000008137500000,0x0000008137600000) (1024K)]
  0x0000026eb557d9e0 JavaThread "Cache worker for checksums cache (C:\Users\77012\AndroidStudioProjects\PlaylistMaker\.gradle\8.11.1\checksums)"        [_thread_blocked, id=6780, stack(0x0000008137600000,0x0000008137700000) (1024K)]
  0x0000026eb71c94f0 JavaThread "Cache worker for Build Output Cleanup Cache (C:\Users\77012\AndroidStudioProjects\PlaylistMaker\.gradle\buildOutputCleanup)"        [_thread_blocked, id=18408, stack(0x0000008137700000,0x0000008137800000) (1024K)]
  0x0000026eb71c4630 JavaThread "File watcher server"        daemon [_thread_blocked, id=18148, stack(0x0000008137800000,0x0000008137900000) (1024K)]
  0x0000026eb71c6700 JavaThread "File watcher consumer"      daemon [_thread_blocked, id=14936, stack(0x0000008137900000,0x0000008137a00000) (1024K)]
  0x0000026eb71caf30 JavaThread "Cache worker for cache directory md-rule (C:\Users\77012\.gradle\caches\8.11.1\md-rule)"        [_thread_blocked, id=12324, stack(0x0000008137a00000,0x0000008137b00000) (1024K)]
  0x0000026eb71c87d0 JavaThread "Cache worker for cache directory md-supplier (C:\Users\77012\.gradle\caches\8.11.1\md-supplier)"        [_thread_blocked, id=2340, stack(0x0000008137b00000,0x0000008137c00000) (1024K)]
  0x0000026eb71c8e60 JavaThread "build event listener"              [_thread_blocked, id=452, stack(0x0000008137d00000,0x0000008137e00000) (1024K)]
  0x0000026eb71c9b80 JavaThread "build event listener"              [_thread_blocked, id=26796, stack(0x0000008137e00000,0x0000008137f00000) (1024K)]
  0x0000026eb71c5350 JavaThread "build event listener"              [_thread_blocked, id=12412, stack(0x0000008137f00000,0x0000008138000000) (1024K)]
  0x0000026eb71ca210 JavaThread "Build operations"                  [_thread_blocked, id=6272, stack(0x0000008138000000,0x0000008138100000) (1024K)]
  0x0000026eb71ca8a0 JavaThread "Build operations Thread 2"         [_thread_blocked, id=6492, stack(0x0000008138100000,0x0000008138200000) (1024K)]
  0x0000026eb71cb5c0 JavaThread "Memory manager"                    [_thread_blocked, id=14048, stack(0x0000008137c00000,0x0000008137d00000) (1024K)]
  0x0000026eb8d95de0 JavaThread "included builds"                   [_thread_blocked, id=10728, stack(0x0000008138200000,0x0000008138300000) (1024K)]
  0x0000026eb8d9aca0 JavaThread "Execution worker"                  [_thread_blocked, id=26632, stack(0x0000008138300000,0x0000008138400000) (1024K)]
  0x0000026eb8d97820 JavaThread "Execution worker Thread 2"         [_thread_blocked, id=17868, stack(0x0000008138400000,0x0000008138500000) (1024K)]
  0x0000026eb8d99260 JavaThread "Execution worker Thread 3"         [_thread_blocked, id=25652, stack(0x0000008138500000,0x0000008138600000) (1024K)]
  0x0000026eb8d95750 JavaThread "Execution worker Thread 4"         [_thread_blocked, id=24464, stack(0x0000008138600000,0x0000008138700000) (1024K)]
  0x0000026eb8d9c050 JavaThread "Execution worker Thread 5"         [_thread_blocked, id=280, stack(0x0000008138700000,0x0000008138800000) (1024K)]
  0x0000026eb8d96470 JavaThread "Execution worker Thread 6"         [_thread_blocked, id=21888, stack(0x0000008138800000,0x0000008138900000) (1024K)]
  0x0000026eb8d9c6e0 JavaThread "Execution worker Thread 7"         [_thread_blocked, id=788, stack(0x0000008138900000,0x0000008138a00000) (1024K)]
  0x0000026eb8d97eb0 JavaThread "Cache worker for execution history cache (C:\Users\77012\AndroidStudioProjects\PlaylistMaker\.gradle\8.11.1\executionHistory)"        [_thread_blocked, id=1840, stack(0x0000008138a00000,0x0000008138b00000) (1024K)]
  0x0000026eb8d998f0 JavaThread "pool-2-thread-1"                   [_thread_blocked, id=13672, stack(0x0000008138b00000,0x0000008138c00000) (1024K)]
  0x0000026eb8d9b330 JavaThread "Unconstrained build operations"        [_thread_blocked, id=5300, stack(0x0000008138c00000,0x0000008138d00000) (1024K)]
  0x0000026eb8d97190 JavaThread "Unconstrained build operations Thread 2"        [_thread_blocked, id=11852, stack(0x0000008138d00000,0x0000008138e00000) (1024K)]
  0x0000026eb8d9b9c0 JavaThread "Unconstrained build operations Thread 3"        [_thread_blocked, id=26304, stack(0x0000008138e00000,0x0000008138f00000) (1024K)]
  0x0000026eb8d9a610 JavaThread "Unconstrained build operations Thread 4"        [_thread_blocked, id=24232, stack(0x0000008138f00000,0x0000008139000000) (1024K)]
  0x0000026eb8d950c0 JavaThread "Unconstrained build operations Thread 5"        [_thread_blocked, id=14128, stack(0x0000008139000000,0x0000008139100000) (1024K)]
  0x0000026eb8d98540 JavaThread "Unconstrained build operations Thread 6"        [_thread_blocked, id=26320, stack(0x0000008139100000,0x0000008139200000) (1024K)]
  0x0000026eb8d96b00 JavaThread "Unconstrained build operations Thread 7"        [_thread_blocked, id=9292, stack(0x0000008139200000,0x0000008139300000) (1024K)]
  0x0000026eb8d98bd0 JavaThread "Unconstrained build operations Thread 8"        [_thread_blocked, id=8136, stack(0x0000008139300000,0x0000008139400000) (1024K)]
  0x0000026eb8d99f80 JavaThread "Unconstrained build operations Thread 9"        [_thread_blocked, id=7632, stack(0x0000008139400000,0x0000008139500000) (1024K)]
  0x0000026eb71c4cc0 JavaThread "Unconstrained build operations Thread 10"        [_thread_blocked, id=8996, stack(0x0000008139500000,0x0000008139600000) (1024K)]
  0x0000026eb91b08b0 JavaThread "Unconstrained build operations Thread 11"        [_thread_blocked, id=8268, stack(0x0000008139600000,0x0000008139700000) (1024K)]
  0x0000026eb91acda0 JavaThread "Unconstrained build operations Thread 12"        [_thread_blocked, id=22088, stack(0x0000008139700000,0x0000008139800000) (1024K)]
  0x0000026eb91b36a0 JavaThread "Unconstrained build operations Thread 13"        [_thread_blocked, id=15856, stack(0x0000008139800000,0x0000008139900000) (1024K)]
  0x0000026eb91b0f40 JavaThread "Unconstrained build operations Thread 14"        [_thread_blocked, id=18620, stack(0x0000008139900000,0x0000008139a00000) (1024K)]
  0x0000026eb91b1c60 JavaThread "WorkerExecutor Queue"              [_thread_blocked, id=26036, stack(0x0000008139a00000,0x0000008139b00000) (1024K)]
  0x0000026eb91b22f0 JavaThread "WorkerExecutor Queue Thread 2"        [_thread_blocked, id=7152, stack(0x0000008139b00000,0x0000008139c00000) (1024K)]
  0x0000026eb91afb90 JavaThread "Unconstrained build operations Thread 15"        [_thread_blocked, id=21892, stack(0x0000008139c00000,0x0000008139d00000) (1024K)]
  0x0000026eb91adac0 JavaThread "Unconstrained build operations Thread 16"        [_thread_blocked, id=24380, stack(0x0000008139d00000,0x0000008139e00000) (1024K)]
  0x0000026eb91b15d0 JavaThread "Unconstrained build operations Thread 17"        [_thread_blocked, id=11200, stack(0x0000008139e00000,0x0000008139f00000) (1024K)]
  0x0000026eb91b43c0 JavaThread "Unconstrained build operations Thread 18"        [_thread_blocked, id=2132, stack(0x0000008139f00000,0x000000813a000000) (1024K)]
  0x0000026eb91b2980 JavaThread "Unconstrained build operations Thread 19"        [_thread_blocked, id=15456, stack(0x000000813a000000,0x000000813a100000) (1024K)]
  0x0000026eb91b3010 JavaThread "Unconstrained build operations Thread 20"        [_thread_blocked, id=6992, stack(0x000000813a100000,0x000000813a200000) (1024K)]
  0x0000026eb91ad430 JavaThread "Unconstrained build operations Thread 21"        [_thread_blocked, id=24076, stack(0x000000813a200000,0x000000813a300000) (1024K)]
  0x0000026eb91b0220 JavaThread "WorkerExecutor Queue Thread 3"        [_thread_blocked, id=10928, stack(0x000000813a300000,0x000000813a400000) (1024K)]
  0x0000026eb91ae7e0 JavaThread "Unconstrained build operations Thread 22"        [_thread_blocked, id=1808, stack(0x000000813a500000,0x000000813a600000) (1024K)]
  0x0000026eb91aee70 JavaThread "Unconstrained build operations Thread 23"        [_thread_blocked, id=23848, stack(0x000000813a600000,0x000000813a700000) (1024K)]
  0x0000026eb91af500 JavaThread "Unconstrained build operations Thread 24"        [_thread_blocked, id=23324, stack(0x000000813a700000,0x000000813a800000) (1024K)]
  0x0000026eb8bcfa30 JavaThread "Unconstrained build operations Thread 25"        [_thread_blocked, id=15816, stack(0x000000813a800000,0x000000813a900000) (1024K)]
  0x0000026eb8bd1470 JavaThread "Unconstrained build operations Thread 26"        [_thread_blocked, id=15992, stack(0x000000813a900000,0x000000813aa00000) (1024K)]
  0x0000026eb8bd2eb0 JavaThread "Unconstrained build operations Thread 27"        [_thread_blocked, id=9380, stack(0x000000813aa00000,0x000000813ab00000) (1024K)]
  0x0000026eb8bd3bd0 JavaThread "Unconstrained build operations Thread 28"        [_thread_blocked, id=21808, stack(0x000000813ab00000,0x000000813ac00000) (1024K)]
  0x0000026eb8bd48f0 JavaThread "Unconstrained build operations Thread 29"        [_thread_blocked, id=10816, stack(0x000000813ac00000,0x000000813ad00000) (1024K)]
  0x0000026eb8bd3540 JavaThread "Unconstrained build operations Thread 30"        [_thread_blocked, id=4192, stack(0x000000813ad00000,0x000000813ae00000) (1024K)]
  0x0000026eb8bd0de0 JavaThread "Unconstrained build operations Thread 31"        [_thread_blocked, id=13220, stack(0x000000813ae00000,0x000000813af00000) (1024K)]
  0x0000026eb8bd1b00 JavaThread "Unconstrained build operations Thread 32"        [_thread_blocked, id=24512, stack(0x000000813af00000,0x000000813b000000) (1024K)]
  0x0000026eb8bce680 JavaThread "Unconstrained build operations Thread 33"        [_thread_blocked, id=10548, stack(0x000000813b000000,0x000000813b100000) (1024K)]
  0x0000026eb8bd4260 JavaThread "Unconstrained build operations Thread 34"        [_thread_blocked, id=2476, stack(0x000000813b100000,0x000000813b200000) (1024K)]
  0x0000026eb8bd4f80 JavaThread "Unconstrained build operations Thread 35"        [_thread_blocked, id=10560, stack(0x000000813b200000,0x000000813b300000) (1024K)]
  0x0000026eb9022200 JavaThread "Unconstrained build operations Thread 36"        [_thread_blocked, id=10200, stack(0x000000813b300000,0x000000813b400000) (1024K)]
  0x0000026eb90214e0 JavaThread "Unconstrained build operations Thread 37"        [_thread_blocked, id=10624, stack(0x000000813b400000,0x000000813b500000) (1024K)]
  0x0000026eb901b270 JavaThread "Unconstrained build operations Thread 38"        [_thread_blocked, id=18024, stack(0x000000813b500000,0x000000813b600000) (1024K)]
  0x0000026eb901e6f0 JavaThread "Unconstrained build operations Thread 39"        [_thread_blocked, id=15320, stack(0x000000813b600000,0x000000813b700000) (1024K)]
  0x0000026eb9021b70 JavaThread "Unconstrained build operations Thread 40"        [_thread_blocked, id=5428, stack(0x000000813b700000,0x000000813b800000) (1024K)]
  0x0000026eb9022890 JavaThread "Unconstrained build operations Thread 41"        [_thread_blocked, id=22996, stack(0x000000813b800000,0x000000813b900000) (1024K)]
  0x0000026eb901d340 JavaThread "Unconstrained build operations Thread 42"        [_thread_blocked, id=26572, stack(0x000000813b900000,0x000000813ba00000) (1024K)]
  0x0000026eb901b900 JavaThread "Unconstrained build operations Thread 43"        [_thread_blocked, id=27480, stack(0x000000813ba00000,0x000000813bb00000) (1024K)]
  0x0000026eb901d9d0 JavaThread "Unconstrained build operations Thread 44"        [_thread_blocked, id=25584, stack(0x000000813bb00000,0x000000813bc00000) (1024K)]
  0x0000026eb9020130 JavaThread "Unconstrained build operations Thread 45"        [_thread_blocked, id=16772, stack(0x000000813bc00000,0x000000813bd00000) (1024K)]
  0x0000026eb901bf90 JavaThread "Unconstrained build operations Thread 46"        [_thread_blocked, id=11488, stack(0x000000813bd00000,0x000000813be00000) (1024K)]
  0x0000026eb901c620 JavaThread "Unconstrained build operations Thread 47"        [_thread_blocked, id=12408, stack(0x000000813be00000,0x000000813bf00000) (1024K)]
  0x0000026eb901e060 JavaThread "Unconstrained build operations Thread 48"        [_thread_blocked, id=11964, stack(0x000000813bf00000,0x000000813c000000) (1024K)]
  0x0000026eb901ccb0 JavaThread "Unconstrained build operations Thread 49"        [_thread_blocked, id=26376, stack(0x000000813c000000,0x000000813c100000) (1024K)]
  0x0000026eb901ed80 JavaThread "Unconstrained build operations Thread 50"        [_thread_blocked, id=22692, stack(0x000000813c100000,0x000000813c200000) (1024K)]
  0x0000026eb901f410 JavaThread "Unconstrained build operations Thread 51"        [_thread_blocked, id=16472, stack(0x000000813c200000,0x000000813c300000) (1024K)]
  0x0000026eb901faa0 JavaThread "Unconstrained build operations Thread 52"        [_thread_blocked, id=8624, stack(0x000000813c300000,0x000000813c400000) (1024K)]
  0x0000026eb90207c0 JavaThread "Unconstrained build operations Thread 53"        [_thread_blocked, id=25804, stack(0x000000813c400000,0x000000813c500000) (1024K)]
  0x0000026eb9020e50 JavaThread "Unconstrained build operations Thread 54"        [_thread_blocked, id=10168, stack(0x000000813c500000,0x000000813c600000) (1024K)]
  0x0000026eb575f000 JavaThread "Unconstrained build operations Thread 55"        [_thread_blocked, id=13228, stack(0x000000813c600000,0x000000813c700000) (1024K)]
  0x0000026eb5760a40 JavaThread "Unconstrained build operations Thread 56"        [_thread_blocked, id=22148, stack(0x000000813c700000,0x000000813c800000) (1024K)]
  0x0000026eb575c8a0 JavaThread "Unconstrained build operations Thread 57"        [_thread_blocked, id=21508, stack(0x000000813c800000,0x000000813c900000) (1024K)]
  0x0000026eb575f690 JavaThread "Unconstrained build operations Thread 58"        [_thread_blocked, id=12748, stack(0x000000813c900000,0x000000813ca00000) (1024K)]
  0x0000026eb57603b0 JavaThread "Unconstrained build operations Thread 59"        [_thread_blocked, id=18924, stack(0x000000813ca00000,0x000000813cb00000) (1024K)]
  0x0000026eb575b4f0 JavaThread "Unconstrained build operations Thread 60"        [_thread_blocked, id=4084, stack(0x000000813cb00000,0x000000813cc00000) (1024K)]
  0x0000026eb5759ab0 JavaThread "WorkerExecutor Queue Thread 5"        [_thread_blocked, id=12736, stack(0x000000813cc00000,0x000000813cd00000) (1024K)]
  0x0000026eb575ae60 JavaThread "WorkerExecutor Queue Thread 6"        [_thread_blocked, id=18608, stack(0x000000813cd00000,0x000000813ce00000) (1024K)]
  0x0000026eb575e970 JavaThread "WorkerExecutor Queue Thread 7"        [_thread_blocked, id=16856, stack(0x000000813ce00000,0x000000813cf00000) (1024K)]
  0x0000026eb575c210 JavaThread "Unconstrained build operations Thread 61"        [_thread_blocked, id=3712, stack(0x000000813cf00000,0x000000813d000000) (1024K)]
  0x0000026eb57610d0 JavaThread "Unconstrained build operations Thread 62"        [_thread_blocked, id=27204, stack(0x000000813d000000,0x000000813d100000) (1024K)]
  0x0000026eb575cf30 JavaThread "Unconstrained build operations Thread 63"        [_thread_blocked, id=2928, stack(0x000000813d100000,0x000000813d200000) (1024K)]
  0x0000026eb575fd20 JavaThread "Unconstrained build operations Thread 64"        [_thread_blocked, id=15764, stack(0x000000813d200000,0x000000813d300000) (1024K)]
  0x0000026eb575e2e0 JavaThread "Unconstrained build operations Thread 65"        [_thread_blocked, id=25972, stack(0x000000813d300000,0x000000813d400000) (1024K)]
  0x0000026eb575a140 JavaThread "Unconstrained build operations Thread 66"        [_thread_blocked, id=23800, stack(0x000000813d400000,0x000000813d500000) (1024K)]
  0x0000026eb575d5c0 JavaThread "Unconstrained build operations Thread 67"        [_thread_blocked, id=7004, stack(0x000000813d500000,0x000000813d600000) (1024K)]
  0x0000026eb575dc50 JavaThread "WorkerExecutor Queue Thread 8"        [_thread_blocked, id=24524, stack(0x000000813d600000,0x000000813d700000) (1024K)]
  0x0000026eb575a7d0 JavaThread "WorkerExecutor Queue Thread 9"        [_thread_blocked, id=16712, stack(0x000000813d700000,0x000000813d800000) (1024K)]
  0x0000026eb8bd5610 JavaThread "Unconstrained build operations Thread 68"        [_thread_blocked, id=6572, stack(0x000000813d800000,0x000000813d900000) (1024K)]
  0x0000026eb8bd2190 JavaThread "Unconstrained build operations Thread 69"        [_thread_blocked, id=26788, stack(0x000000813d900000,0x000000813da00000) (1024K)]
  0x0000026eb8bd00c0 JavaThread "Unconstrained build operations Thread 70"        [_thread_blocked, id=10500, stack(0x000000813da00000,0x000000813db00000) (1024K)]
  0x0000026eb8bd2820 JavaThread "Unconstrained build operations Thread 71"        [_thread_blocked, id=15272, stack(0x000000813db00000,0x000000813dc00000) (1024K)]
  0x0000026eb8bd5ca0 JavaThread "Unconstrained build operations Thread 72"        [_thread_blocked, id=22060, stack(0x000000813dc00000,0x000000813dd00000) (1024K)]
  0x0000026eb8bced10 JavaThread "Unconstrained build operations Thread 73"        [_thread_blocked, id=27092, stack(0x000000813dd00000,0x000000813de00000) (1024K)]
  0x0000026eb8bcf3a0 JavaThread "Unconstrained build operations Thread 74"        [_thread_blocked, id=24456, stack(0x000000813de00000,0x000000813df00000) (1024K)]
  0x0000026eb41e7140 JavaThread "Unconstrained build operations Thread 75"        [_thread_blocked, id=22952, stack(0x000000813df00000,0x000000813e000000) (1024K)]
  0x0000026eb41e7e60 JavaThread "Unconstrained build operations Thread 76"        [_thread_blocked, id=15288, stack(0x000000813e000000,0x000000813e100000) (1024K)]
  0x0000026eb41e98a0 JavaThread "Unconstrained build operations Thread 77"        [_thread_blocked, id=17960, stack(0x000000813e100000,0x000000813e200000) (1024K)]
  0x0000026eb41eac50 JavaThread "Unconstrained build operations Thread 78"        [_thread_blocked, id=24940, stack(0x000000813e200000,0x000000813e300000) (1024K)]
  0x0000026eb41ea5c0 JavaThread "Unconstrained build operations Thread 79"        [_thread_blocked, id=11668, stack(0x000000813e300000,0x000000813e400000) (1024K)]
  0x0000026eb41e6420 JavaThread "Unconstrained build operations Thread 80"        [_thread_blocked, id=24928, stack(0x000000813e400000,0x000000813e500000) (1024K)]
  0x0000026ebe582410 JavaThread "pool-3-thread-1"                   [_thread_blocked, id=1488, stack(0x000000813e500000,0x000000813e600000) (1024K)]
  0x0000026ebe583130 JavaThread "stderr"                            [_thread_in_native, id=8104, stack(0x000000813e600000,0x000000813e700000) (1024K)]
  0x0000026ebe581060 JavaThread "stdout"                            [_thread_in_native, id=10792, stack(0x000000813e700000,0x000000813e800000) (1024K)]
  0x0000026ebe5865b0 JavaThread "ForkJoinPool-2-worker-1"    daemon [_thread_blocked, id=11268, stack(0x000000813e800000,0x000000813e900000) (1024K)]
  0x0000026ebe581d80 JavaThread "ForkJoinPool-2-worker-2"    daemon [_thread_blocked, id=14576, stack(0x000000813e900000,0x000000813ea00000) (1024K)]
  0x0000026ebe585f20 JavaThread "ForkJoinPool-2-worker-3"    daemon [_thread_blocked, id=20464, stack(0x000000813ea00000,0x000000813eb00000) (1024K)]
  0x0000026ebe5872d0 JavaThread "ForkJoinPool-2-worker-4"    daemon [_thread_blocked, id=27508, stack(0x000000813eb00000,0x000000813ec00000) (1024K)]
  0x0000026ebe587960 JavaThread "ForkJoinPool-2-worker-5"    daemon [_thread_blocked, id=25428, stack(0x000000813ec00000,0x000000813ed00000) (1024K)]
  0x0000026ebe587ff0 JavaThread "ForkJoinPool-2-worker-6"    daemon [_thread_blocked, id=22284, stack(0x000000813ed00000,0x000000813ee00000) (1024K)]
  0x0000026ebe583e50 JavaThread "ForkJoinPool-2-worker-7"    daemon [_thread_blocked, id=20076, stack(0x000000813ee00000,0x000000813ef00000) (1024K)]
  0x0000026ebe588680 JavaThread "ForkJoinPool-2-worker-8"    daemon [_thread_blocked, id=5612, stack(0x000000813ef00000,0x000000813f000000) (1024K)]
  0x0000026eb41e77d0 JavaThread "ForkJoinPool-1-worker-1"    daemon [_thread_blocked, id=25548, stack(0x000000813f000000,0x000000813f100000) (1024K)]
  0x0000026eb41e8b80 JavaThread "ForkJoinPool-1-worker-2"    daemon [_thread_blocked, id=27416, stack(0x000000813f100000,0x000000813f200000) (1024K)]
  0x0000026eb41e9f30 JavaThread "ForkJoinPool-1-worker-4"    daemon [_thread_blocked, id=9636, stack(0x000000813f200000,0x000000813f300000) (1024K)]
  0x0000026eb41e5700 JavaThread "ForkJoinPool-1-worker-3"    daemon [_thread_blocked, id=21692, stack(0x000000813f300000,0x000000813f400000) (1024K)]
  0x0000026eb41ecd20 JavaThread "ForkJoinPool-1-worker-5"    daemon [_thread_blocked, id=25852, stack(0x000000813f400000,0x000000813f500000) (1024K)]
  0x0000026eb41e9210 JavaThread "ForkJoinPool-1-worker-6"    daemon [_thread_blocked, id=11404, stack(0x000000813f500000,0x000000813f600000) (1024K)]
  0x0000026eb71c6070 JavaThread "ForkJoinPool-1-worker-7"    daemon [_thread_blocked, id=24408, stack(0x000000813f600000,0x000000813f700000) (1024K)]
  0x0000026eb91b3d30 JavaThread "ForkJoinPool-1-worker-8"    daemon [_thread_blocked, id=3648, stack(0x000000813f700000,0x000000813f800000) (1024K)]
Total: 155

Other Threads:
=>0x0000026eaf0dd1b0 VMThread "VM Thread"                           [id=16468, stack(0x0000008135400000,0x0000008135500000) (1024K)]
  0x0000026eaf085580 WatcherThread "VM Periodic Task Thread"        [id=24604, stack(0x0000008135300000,0x0000008135400000) (1024K)]
  0x0000026e97a48180 WorkerThread "GC Thread#0"                     [id=12280, stack(0x0000008134e00000,0x0000008134f00000) (1024K)]
  0x0000026eaf7a1030 WorkerThread "GC Thread#1"                     [id=11748, stack(0x0000008135f00000,0x0000008136000000) (1024K)]
  0x0000026eafc20760 WorkerThread "GC Thread#2"                     [id=23448, stack(0x0000008136000000,0x0000008136100000) (1024K)]
  0x0000026eb41840d0 WorkerThread "GC Thread#3"                     [id=15744, stack(0x0000008136100000,0x0000008136200000) (1024K)]
  0x0000026eb43b6380 WorkerThread "GC Thread#4"                     [id=2944, stack(0x0000008136200000,0x0000008136300000) (1024K)]
  0x0000026eb5280ab0 WorkerThread "GC Thread#5"                     [id=12772, stack(0x0000008136300000,0x0000008136400000) (1024K)]
  0x0000026eb5418dc0 WorkerThread "GC Thread#6"                     [id=9164, stack(0x0000008136e00000,0x0000008136f00000) (1024K)]
  0x0000026eb5419c40 WorkerThread "GC Thread#7"                     [id=18920, stack(0x0000008136f00000,0x0000008137000000) (1024K)]
  0x0000026e97a59980 ConcurrentGCThread "G1 Main Marker"            [id=26584, stack(0x0000008134f00000,0x0000008135000000) (1024K)]
  0x0000026e97a5a390 WorkerThread "G1 Conc#0"                       [id=5200, stack(0x0000008135000000,0x0000008135100000) (1024K)]
  0x0000026eb5418680 WorkerThread "G1 Conc#1"                       [id=25468, stack(0x0000008137000000,0x0000008137100000) (1024K)]
  0x0000026eaef57100 ConcurrentGCThread "G1 Refine#0"               [id=10084, stack(0x0000008135100000,0x0000008135200000) (1024K)]
  0x0000026eaef57920 ConcurrentGCThread "G1 Service"                [id=19932, stack(0x0000008135200000,0x0000008135300000) (1024K)]
Total: 15

Threads with active compile tasks:
C2 CompilerThread0  15024 14845       4       com.android.tools.r8.dex.C::a (831 bytes)
C1 CompilerThread0  15024 15277       2       com.android.aaptcompiler.XmlResourceBuilder::startElement (94 bytes)
Total: 2

VM state: at safepoint (normal execution)

VM Mutex/Monitor currently owned by a thread:  ([mutex/lock_event])
[0x00007ffa2f7ed360] Threads_lock - owner thread: 0x0000026eaf0dd1b0
[0x00007ffa2f7ed460] Heap_lock - owner thread: 0x0000026eb91b0220

Heap address: 0x0000000080000000, size: 2048 MB, Compressed Oops mode: 32-bit

CDS archive(s) not mapped
Compressed class space mapped at: 0x0000000100000000-0x0000000140000000, reserved size: 1073741824
Narrow klass base: 0x0000000000000000, Narrow klass shift: 3, Narrow klass range: 0x140000000

GC Precious Log:
 CardTable entry size: 512
 Card Set container configuration: InlinePtr #cards 5 size 8 Array Of Cards #cards 12 size 40 Howl #buckets 4 coarsen threshold 1843 Howl Bitmap #cards 512 size 80 coarsen threshold 460 Card regions per heap region 1 cards per card region 2048
 CPUs: 8 total, 8 available
 Memory: 7871M
 Large Page Support: Disabled
 NUMA Support: Disabled
 Compressed Oops: Enabled (32-bit)
 Heap Region Size: 1M
 Heap Min Capacity: 8M
 Heap Initial Capacity: 124M
 Heap Max Capacity: 2G
 Pre-touch: Disabled
 Parallel Workers: 8
 Concurrent Workers: 2
 Concurrent Refinement Workers: 8
 Periodic GC: Disabled

Heap:
 garbage-first heap   total 480256K, used 303615K [0x0000000080000000, 0x0000000100000000)
  region size 1024K, 10 young (10240K), 10 survivors (10240K)
 Metaspace       used 110889K, committed 112960K, reserved 1179648K
  class space    used 14645K, committed 15744K, reserved 1048576K

Heap Regions: E=young(eden), S=young(survivor), O=old, HS=humongous(starts), HC=humongous(continues), CS=collection set, F=free, TAMS=top-at-mark-start, PB=parsable bottom
|   0|0x0000000080000000, 0x0000000080100000, 0x0000000080100000|100%| O|  |TAMS 0x0000000080100000| PB 0x0000000080000000| Updating 
|   1|0x0000000080100000, 0x0000000080200000, 0x0000000080200000|100%|HS|  |TAMS 0x0000000080200000| PB 0x0000000080100000| Complete 
|   2|0x0000000080200000, 0x0000000080300000, 0x0000000080300000|100%|HC|  |TAMS 0x0000000080300000| PB 0x0000000080200000| Complete 
|   3|0x0000000080300000, 0x0000000080400000, 0x0000000080400000|100%|HC|  |TAMS 0x0000000080400000| PB 0x0000000080300000| Complete 
|   4|0x0000000080400000, 0x0000000080500000, 0x0000000080500000|100%| O|  |TAMS 0x0000000080500000| PB 0x0000000080400000| Untracked 
|   5|0x0000000080500000, 0x0000000080600000, 0x0000000080600000|100%| O|  |TAMS 0x0000000080600000| PB 0x0000000080500000| Untracked 
|   6|0x0000000080600000, 0x0000000080700000, 0x0000000080700000|100%| O|  |TAMS 0x0000000080700000| PB 0x0000000080600000| Updating 
|   7|0x0000000080700000, 0x0000000080800000, 0x0000000080800000|100%|HS|  |TAMS 0x0000000080800000| PB 0x0000000080700000| Complete 
|   8|0x0000000080800000, 0x0000000080900000, 0x0000000080900000|100%| O|  |TAMS 0x0000000080900000| PB 0x0000000080800000| Untracked 
|   9|0x0000000080900000, 0x0000000080a00000, 0x0000000080a00000|100%| O|  |TAMS 0x0000000080a00000| PB 0x0000000080900000| Untracked 
|  10|0x0000000080a00000, 0x0000000080b00000, 0x0000000080b00000|100%| O|  |TAMS 0x0000000080b00000| PB 0x0000000080a00000| Untracked 
|  11|0x0000000080b00000, 0x0000000080c00000, 0x0000000080c00000|100%| O|  |TAMS 0x0000000080c00000| PB 0x0000000080b00000| Untracked 
|  12|0x0000000080c00000, 0x0000000080d00000, 0x0000000080d00000|100%|HS|  |TAMS 0x0000000080d00000| PB 0x0000000080c00000| Complete 
|  13|0x0000000080d00000, 0x0000000080e00000, 0x0000000080e00000|100%| O|  |TAMS 0x0000000080e00000| PB 0x0000000080d00000| Untracked 
|  14|0x0000000080e00000, 0x0000000080f00000, 0x0000000080f00000|100%| O|  |TAMS 0x0000000080f00000| PB 0x0000000080e00000| Untracked 
|  15|0x0000000080f00000, 0x0000000081000000, 0x0000000081000000|100%| O|  |TAMS 0x0000000081000000| PB 0x0000000080f00000| Untracked 
|  16|0x0000000081000000, 0x0000000081100000, 0x0000000081100000|100%|HS|  |TAMS 0x0000000081100000| PB 0x0000000081000000| Complete 
|  17|0x0000000081100000, 0x0000000081200000, 0x0000000081200000|100%| O|  |TAMS 0x0000000081200000| PB 0x0000000081100000| Untracked 
|  18|0x0000000081200000, 0x0000000081300000, 0x0000000081300000|100%| O|  |TAMS 0x0000000081300000| PB 0x0000000081200000| Updating 
|  19|0x0000000081300000, 0x0000000081400000, 0x0000000081400000|100%| O|  |TAMS 0x0000000081400000| PB 0x0000000081300000| Updating 
|  20|0x0000000081400000, 0x0000000081500000, 0x0000000081500000|100%|HS|  |TAMS 0x0000000081500000| PB 0x0000000081400000| Complete 
|  21|0x0000000081500000, 0x0000000081600000, 0x0000000081600000|100%|HS|  |TAMS 0x0000000081600000| PB 0x0000000081500000| Complete 
|  22|0x0000000081600000, 0x0000000081700000, 0x0000000081700000|100%|HC|  |TAMS 0x0000000081700000| PB 0x0000000081600000| Complete 
|  23|0x0000000081700000, 0x0000000081800000, 0x0000000081800000|100%|HS|  |TAMS 0x0000000081800000| PB 0x0000000081700000| Complete 
|  24|0x0000000081800000, 0x0000000081900000, 0x0000000081900000|100%|HS|  |TAMS 0x0000000081900000| PB 0x0000000081800000| Complete 
|  25|0x0000000081900000, 0x0000000081a00000, 0x0000000081a00000|100%|HC|  |TAMS 0x0000000081a00000| PB 0x0000000081900000| Complete 
|  26|0x0000000081a00000, 0x0000000081b00000, 0x0000000081b00000|100%| O|  |TAMS 0x0000000081b00000| PB 0x0000000081a00000| Untracked 
|  27|0x0000000081b00000, 0x0000000081c00000, 0x0000000081c00000|100%| O|  |TAMS 0x0000000081c00000| PB 0x0000000081b00000| Untracked 
|  28|0x0000000081c00000, 0x0000000081d00000, 0x0000000081d00000|100%| O|  |TAMS 0x0000000081d00000| PB 0x0000000081c00000| Untracked 
|  29|0x0000000081d00000, 0x0000000081e00000, 0x0000000081e00000|100%| O|  |TAMS 0x0000000081e00000| PB 0x0000000081d00000| Updating 
|  30|0x0000000081e00000, 0x0000000081f00000, 0x0000000081f00000|100%| O|  |TAMS 0x0000000081f00000| PB 0x0000000081e00000| Untracked 
|  31|0x0000000081f00000, 0x0000000082000000, 0x0000000082000000|100%| O|  |TAMS 0x0000000082000000| PB 0x0000000081f00000| Untracked 
|  32|0x0000000082000000, 0x0000000082100000, 0x0000000082100000|100%|HS|  |TAMS 0x0000000082100000| PB 0x0000000082000000| Complete 
|  33|0x0000000082100000, 0x0000000082200000, 0x0000000082200000|100%|HC|  |TAMS 0x0000000082200000| PB 0x0000000082100000| Complete 
|  34|0x0000000082200000, 0x0000000082300000, 0x0000000082300000|100%|HC|  |TAMS 0x0000000082300000| PB 0x0000000082200000| Complete 
|  35|0x0000000082300000, 0x0000000082400000, 0x0000000082400000|100%|HS|  |TAMS 0x0000000082400000| PB 0x0000000082300000| Complete 
|  36|0x0000000082400000, 0x0000000082500000, 0x0000000082500000|100%|HS|  |TAMS 0x0000000082500000| PB 0x0000000082400000| Complete 
|  37|0x0000000082500000, 0x0000000082600000, 0x0000000082600000|100%| O|  |TAMS 0x0000000082600000| PB 0x0000000082500000| Untracked 
|  38|0x0000000082600000, 0x0000000082700000, 0x0000000082700000|100%| O|  |TAMS 0x0000000082700000| PB 0x0000000082600000| Untracked 
|  39|0x0000000082700000, 0x0000000082800000, 0x0000000082800000|100%| O|  |TAMS 0x0000000082800000| PB 0x0000000082700000| Untracked 
|  40|0x0000000082800000, 0x0000000082900000, 0x0000000082900000|100%| O|  |TAMS 0x0000000082900000| PB 0x0000000082800000| Untracked 
|  41|0x0000000082900000, 0x0000000082a00000, 0x0000000082a00000|100%| O|  |TAMS 0x0000000082a00000| PB 0x0000000082900000| Untracked 
|  42|0x0000000082a00000, 0x0000000082b00000, 0x0000000082b00000|100%| O|  |TAMS 0x0000000082b00000| PB 0x0000000082a00000| Updating 
|  43|0x0000000082b00000, 0x0000000082c00000, 0x0000000082c00000|100%|HS|  |TAMS 0x0000000082c00000| PB 0x0000000082b00000| Complete 
|  44|0x0000000082c00000, 0x0000000082d00000, 0x0000000082d00000|100%|HC|  |TAMS 0x0000000082d00000| PB 0x0000000082c00000| Complete 
|  45|0x0000000082d00000, 0x0000000082e00000, 0x0000000082e00000|100%|HC|  |TAMS 0x0000000082e00000| PB 0x0000000082d00000| Complete 
|  46|0x0000000082e00000, 0x0000000082f00000, 0x0000000082f00000|100%| O|  |TAMS 0x0000000082f00000| PB 0x0000000082e00000| Untracked 
|  47|0x0000000082f00000, 0x0000000083000000, 0x0000000083000000|100%| O|  |TAMS 0x0000000083000000| PB 0x0000000082f00000| Untracked 
|  48|0x0000000083000000, 0x0000000083100000, 0x0000000083100000|100%| O|  |TAMS 0x0000000083100000| PB 0x0000000083000000| Updating 
|  49|0x0000000083100000, 0x0000000083200000, 0x0000000083200000|100%| O|  |TAMS 0x0000000083200000| PB 0x0000000083100000| Untracked 
|  50|0x0000000083200000, 0x0000000083300000, 0x0000000083300000|100%| O|  |TAMS 0x0000000083300000| PB 0x0000000083200000| Updating 
|  51|0x0000000083300000, 0x0000000083400000, 0x0000000083400000|100%| O|  |TAMS 0x0000000083400000| PB 0x0000000083300000| Untracked 
|  52|0x0000000083400000, 0x0000000083500000, 0x0000000083500000|100%| O|  |TAMS 0x0000000083500000| PB 0x0000000083400000| Untracked 
|  53|0x0000000083500000, 0x0000000083600000, 0x0000000083600000|100%| O|  |TAMS 0x0000000083600000| PB 0x0000000083500000| Updating 
|  54|0x0000000083600000, 0x0000000083700000, 0x0000000083700000|100%| O|  |TAMS 0x0000000083700000| PB 0x0000000083600000| Updating 
|  55|0x0000000083700000, 0x0000000083800000, 0x0000000083800000|100%| O|  |TAMS 0x0000000083800000| PB 0x0000000083700000| Updating 
|  56|0x0000000083800000, 0x0000000083900000, 0x0000000083900000|100%| O|  |TAMS 0x0000000083900000| PB 0x0000000083800000| Updating 
|  57|0x0000000083900000, 0x0000000083a00000, 0x0000000083a00000|100%| O|  |TAMS 0x0000000083a00000| PB 0x0000000083900000| Untracked 
|  58|0x0000000083a00000, 0x0000000083affff8, 0x0000000083b00000| 99%| O|  |TAMS 0x0000000083affff8| PB 0x0000000083a00000| Untracked 
|  59|0x0000000083b00000, 0x0000000083c00000, 0x0000000083c00000|100%| O|  |TAMS 0x0000000083c00000| PB 0x0000000083b00000| Untracked 
|  60|0x0000000083c00000, 0x0000000083d00000, 0x0000000083d00000|100%| O|  |TAMS 0x0000000083d00000| PB 0x0000000083c00000| Updating 
|  61|0x0000000083d00000, 0x0000000083e00000, 0x0000000083e00000|100%| O|  |TAMS 0x0000000083e00000| PB 0x0000000083d00000| Updating 
|  62|0x0000000083e00000, 0x0000000083f00000, 0x0000000083f00000|100%| O|  |TAMS 0x0000000083f00000| PB 0x0000000083e00000| Untracked 
|  63|0x0000000083f00000, 0x0000000084000000, 0x0000000084000000|100%| O|  |TAMS 0x0000000084000000| PB 0x0000000083f00000| Updating 
|  64|0x0000000084000000, 0x0000000084100000, 0x0000000084100000|100%| O|  |TAMS 0x0000000084100000| PB 0x0000000084000000| Untracked 
|  65|0x0000000084100000, 0x0000000084200000, 0x0000000084200000|100%| O|  |TAMS 0x0000000084200000| PB 0x0000000084100000| Updating 
|  66|0x0000000084200000, 0x0000000084300000, 0x0000000084300000|100%| O|  |TAMS 0x0000000084300000| PB 0x0000000084200000| Updating 
|  67|0x0000000084300000, 0x0000000084400000, 0x0000000084400000|100%| O|  |TAMS 0x0000000084400000| PB 0x0000000084300000| Updating 
|  68|0x0000000084400000, 0x0000000084500000, 0x0000000084500000|100%| O|  |TAMS 0x0000000084500000| PB 0x0000000084400000| Untracked 
|  69|0x0000000084500000, 0x0000000084600000, 0x0000000084600000|100%| O|  |TAMS 0x0000000084600000| PB 0x0000000084500000| Untracked 
|  70|0x0000000084600000, 0x0000000084700000, 0x0000000084700000|100%| O|  |TAMS 0x0000000084700000| PB 0x0000000084600000| Untracked 
|  71|0x0000000084700000, 0x0000000084800000, 0x0000000084800000|100%| O|  |TAMS 0x0000000084800000| PB 0x0000000084700000| Updating 
|  72|0x0000000084800000, 0x0000000084900000, 0x0000000084900000|100%| O|  |TAMS 0x0000000084900000| PB 0x0000000084800000| Updating 
|  73|0x0000000084900000, 0x0000000084a00000, 0x0000000084a00000|100%| O|  |TAMS 0x0000000084a00000| PB 0x0000000084900000| Updating 
|  74|0x0000000084a00000, 0x0000000084b00000, 0x0000000084b00000|100%| O|  |TAMS 0x0000000084b00000| PB 0x0000000084a00000| Updating 
|  75|0x0000000084b00000, 0x0000000084c00000, 0x0000000084c00000|100%| O|  |TAMS 0x0000000084c00000| PB 0x0000000084b00000| Updating 
|  76|0x0000000084c00000, 0x0000000084d00000, 0x0000000084d00000|100%| O|  |TAMS 0x0000000084d00000| PB 0x0000000084c00000| Updating 
|  77|0x0000000084d00000, 0x0000000084e00000, 0x0000000084e00000|100%| O|  |TAMS 0x0000000084e00000| PB 0x0000000084d00000| Updating 
|  78|0x0000000084e00000, 0x0000000084f00000, 0x0000000084f00000|100%| O|  |TAMS 0x0000000084f00000| PB 0x0000000084e00000| Updating 
|  79|0x0000000084f00000, 0x0000000085000000, 0x0000000085000000|100%| O|  |TAMS 0x0000000084f00000| PB 0x0000000084f00000| Untracked 
|  80|0x0000000085000000, 0x0000000085100000, 0x0000000085100000|100%| O|  |TAMS 0x0000000085000000| PB 0x0000000085000000| Untracked 
|  81|0x0000000085100000, 0x0000000085200000, 0x0000000085200000|100%| O|  |TAMS 0x0000000085200000| PB 0x0000000085100000| Updating 
|  82|0x0000000085200000, 0x0000000085300000, 0x0000000085300000|100%| O|  |TAMS 0x0000000085300000| PB 0x0000000085200000| Updating 
|  83|0x0000000085300000, 0x0000000085400000, 0x0000000085400000|100%| O|  |TAMS 0x0000000085300000| PB 0x0000000085300000| Untracked 
|  84|0x0000000085400000, 0x0000000085500000, 0x0000000085500000|100%| O|  |TAMS 0x0000000085500000| PB 0x0000000085400000| Updating 
|  85|0x0000000085500000, 0x0000000085600000, 0x0000000085600000|100%| O|  |TAMS 0x0000000085600000| PB 0x0000000085500000| Updating 
|  86|0x0000000085600000, 0x0000000085700000, 0x0000000085700000|100%|HS|  |TAMS 0x0000000085700000| PB 0x0000000085600000| Complete 
|  87|0x0000000085700000, 0x0000000085800000, 0x0000000085800000|100%|HC|  |TAMS 0x0000000085800000| PB 0x0000000085700000| Complete 
|  88|0x0000000085800000, 0x0000000085900000, 0x0000000085900000|100%|HS|  |TAMS 0x0000000085900000| PB 0x0000000085800000| Complete 
|  89|0x0000000085900000, 0x0000000085a00000, 0x0000000085a00000|100%| O|  |TAMS 0x0000000085900000| PB 0x0000000085900000| Untracked 
|  90|0x0000000085a00000, 0x0000000085b00000, 0x0000000085b00000|100%| O|  |TAMS 0x0000000085a00000| PB 0x0000000085a00000| Untracked 
|  91|0x0000000085b00000, 0x0000000085c00000, 0x0000000085c00000|100%| O|  |TAMS 0x0000000085c00000| PB 0x0000000085b00000| Updating 
|  92|0x0000000085c00000, 0x0000000085d00000, 0x0000000085d00000|100%| O|  |TAMS 0x0000000085c00000| PB 0x0000000085c00000| Untracked 
|  93|0x0000000085d00000, 0x0000000085e00000, 0x0000000085e00000|100%| O|  |TAMS 0x0000000085e00000| PB 0x0000000085d00000| Updating 
|  94|0x0000000085e00000, 0x0000000085f00000, 0x0000000085f00000|100%| O|  |TAMS 0x0000000085f00000| PB 0x0000000085e00000| Updating 
|  95|0x0000000085f00000, 0x0000000086000000, 0x0000000086000000|100%| O|  |TAMS 0x0000000086000000| PB 0x0000000085f00000| Updating 
|  96|0x0000000086000000, 0x0000000086100000, 0x0000000086100000|100%|HS|  |TAMS 0x0000000086100000| PB 0x0000000086000000| Complete 
|  97|0x0000000086100000, 0x0000000086200000, 0x0000000086200000|100%|HS|  |TAMS 0x0000000086200000| PB 0x0000000086100000| Complete 
|  98|0x0000000086200000, 0x0000000086300000, 0x0000000086300000|100%|HS|  |TAMS 0x0000000086300000| PB 0x0000000086200000| Complete 
|  99|0x0000000086300000, 0x0000000086400000, 0x0000000086400000|100%|HC|  |TAMS 0x0000000086400000| PB 0x0000000086300000| Complete 
| 100|0x0000000086400000, 0x0000000086500000, 0x0000000086500000|100%| O|  |TAMS 0x0000000086500000| PB 0x0000000086400000| Updating 
| 101|0x0000000086500000, 0x0000000086600000, 0x0000000086600000|100%| O|  |TAMS 0x0000000086600000| PB 0x0000000086500000| Updating 
| 102|0x0000000086600000, 0x0000000086700000, 0x0000000086700000|100%| O|  |TAMS 0x0000000086700000| PB 0x0000000086600000| Updating 
| 103|0x0000000086700000, 0x0000000086800000, 0x0000000086800000|100%| O|  |TAMS 0x0000000086800000| PB 0x0000000086700000| Updating 
| 104|0x0000000086800000, 0x0000000086900000, 0x0000000086900000|100%|HS|  |TAMS 0x0000000086900000| PB 0x0000000086800000| Complete 
| 105|0x0000000086900000, 0x0000000086a00000, 0x0000000086a00000|100%|HC|  |TAMS 0x0000000086a00000| PB 0x0000000086900000| Complete 
| 106|0x0000000086a00000, 0x0000000086b00000, 0x0000000086b00000|100%|HS|  |TAMS 0x0000000086b00000| PB 0x0000000086a00000| Complete 
| 107|0x0000000086b00000, 0x0000000086c00000, 0x0000000086c00000|100%| O|  |TAMS 0x0000000086c00000| PB 0x0000000086b00000| Updating 
| 108|0x0000000086c00000, 0x0000000086d00000, 0x0000000086d00000|100%|HS|  |TAMS 0x0000000086d00000| PB 0x0000000086c00000| Complete 
| 109|0x0000000086d00000, 0x0000000086e00000, 0x0000000086e00000|100%|HC|  |TAMS 0x0000000086e00000| PB 0x0000000086d00000| Complete 
| 110|0x0000000086e00000, 0x0000000086f00000, 0x0000000086f00000|100%|HS|  |TAMS 0x0000000086f00000| PB 0x0000000086e00000| Complete 
| 111|0x0000000086f00000, 0x0000000087000000, 0x0000000087000000|100%|HC|  |TAMS 0x0000000087000000| PB 0x0000000086f00000| Complete 
| 112|0x0000000087000000, 0x0000000087100000, 0x0000000087100000|100%|HC|  |TAMS 0x0000000087100000| PB 0x0000000087000000| Complete 
| 113|0x0000000087100000, 0x0000000087200000, 0x0000000087200000|100%| O|  |TAMS 0x0000000087200000| PB 0x0000000087100000| Updating 
| 114|0x0000000087200000, 0x0000000087300000, 0x0000000087300000|100%| O|  |TAMS 0x0000000087300000| PB 0x0000000087200000| Untracked 
| 115|0x0000000087300000, 0x0000000087400000, 0x0000000087400000|100%| O|  |TAMS 0x0000000087400000| PB 0x0000000087300000| Updating 
| 116|0x0000000087400000, 0x0000000087500000, 0x0000000087500000|100%| O|  |TAMS 0x0000000087400000| PB 0x0000000087400000| Untracked 
| 117|0x0000000087500000, 0x0000000087600000, 0x0000000087600000|100%| O|  |TAMS 0x0000000087500000| PB 0x0000000087500000| Untracked 
| 118|0x0000000087600000, 0x0000000087700000, 0x0000000087700000|100%| O|  |TAMS 0x0000000087600000| PB 0x0000000087600000| Untracked 
| 119|0x0000000087700000, 0x0000000087800000, 0x0000000087800000|100%| O|  |TAMS 0x0000000087800000| PB 0x0000000087700000| Updating 
| 120|0x0000000087800000, 0x0000000087900000, 0x0000000087900000|100%| O|  |TAMS 0x0000000087900000| PB 0x0000000087800000| Updating 
| 121|0x0000000087900000, 0x0000000087a00000, 0x0000000087a00000|100%| O|  |TAMS 0x0000000087a00000| PB 0x0000000087900000| Untracked 
| 122|0x0000000087a00000, 0x0000000087b00000, 0x0000000087b00000|100%| O|  |TAMS 0x0000000087b00000| PB 0x0000000087a00000| Updating 
| 123|0x0000000087b00000, 0x0000000087c00000, 0x0000000087c00000|100%| O|  |TAMS 0x0000000087c00000| PB 0x0000000087b00000| Updating 
| 124|0x0000000087c00000, 0x0000000087d00000, 0x0000000087d00000|100%|HS|  |TAMS 0x0000000087d00000| PB 0x0000000087c00000| Complete 
| 125|0x0000000087d00000, 0x0000000087e00000, 0x0000000087e00000|100%|HC|  |TAMS 0x0000000087e00000| PB 0x0000000087d00000| Complete 
| 126|0x0000000087e00000, 0x0000000087f00000, 0x0000000087f00000|100%| O|  |TAMS 0x0000000087f00000| PB 0x0000000087e00000| Updating 
| 127|0x0000000087f00000, 0x0000000088000000, 0x0000000088000000|100%| O|  |TAMS 0x0000000088000000| PB 0x0000000087f00000| Updating 
| 128|0x0000000088000000, 0x0000000088100000, 0x0000000088100000|100%| O|  |TAMS 0x0000000088100000| PB 0x0000000088000000| Updating 
| 129|0x0000000088100000, 0x0000000088200000, 0x0000000088200000|100%| O|  |TAMS 0x0000000088200000| PB 0x0000000088100000| Updating 
| 130|0x0000000088200000, 0x0000000088300000, 0x0000000088300000|100%| O|  |TAMS 0x0000000088300000| PB 0x0000000088200000| Untracked 
| 131|0x0000000088300000, 0x0000000088400000, 0x0000000088400000|100%| O|  |TAMS 0x0000000088400000| PB 0x0000000088300000| Untracked 
| 132|0x0000000088400000, 0x0000000088500000, 0x0000000088500000|100%| O|  |TAMS 0x0000000088500000| PB 0x0000000088400000| Untracked 
| 133|0x0000000088500000, 0x0000000088600000, 0x0000000088600000|100%| O|  |TAMS 0x0000000088600000| PB 0x0000000088500000| Updating 
| 134|0x0000000088600000, 0x0000000088700000, 0x0000000088700000|100%| O|  |TAMS 0x0000000088700000| PB 0x0000000088600000| Updating 
| 135|0x0000000088700000, 0x0000000088800000, 0x0000000088800000|100%| O|  |TAMS 0x0000000088800000| PB 0x0000000088700000| Updating 
| 136|0x0000000088800000, 0x0000000088900000, 0x0000000088900000|100%| O|  |TAMS 0x0000000088900000| PB 0x0000000088800000| Updating 
| 137|0x0000000088900000, 0x0000000088a00000, 0x0000000088a00000|100%| O|  |TAMS 0x0000000088a00000| PB 0x0000000088900000| Updating 
| 138|0x0000000088a00000, 0x0000000088b00000, 0x0000000088b00000|100%| O|  |TAMS 0x0000000088a00000| PB 0x0000000088a00000| Untracked 
| 139|0x0000000088b00000, 0x0000000088c00000, 0x0000000088c00000|100%| O|  |TAMS 0x0000000088c00000| PB 0x0000000088b00000| Updating 
| 140|0x0000000088c00000, 0x0000000088d00000, 0x0000000088d00000|100%|HS|  |TAMS 0x0000000088d00000| PB 0x0000000088c00000| Complete 
| 141|0x0000000088d00000, 0x0000000088e00000, 0x0000000088e00000|100%| O|  |TAMS 0x0000000088e00000| PB 0x0000000088d00000| Updating 
| 142|0x0000000088e00000, 0x0000000088f00000, 0x0000000088f00000|100%|HS|  |TAMS 0x0000000088f00000| PB 0x0000000088e00000| Complete 
| 143|0x0000000088f00000, 0x0000000089000000, 0x0000000089000000|100%| O|  |TAMS 0x0000000089000000| PB 0x0000000088f00000| Updating 
| 144|0x0000000089000000, 0x0000000089100000, 0x0000000089100000|100%|HS|  |TAMS 0x0000000089100000| PB 0x0000000089000000| Complete 
| 145|0x0000000089100000, 0x0000000089200000, 0x0000000089200000|100%| O|  |TAMS 0x0000000089200000| PB 0x0000000089100000| Updating 
| 146|0x0000000089200000, 0x0000000089300000, 0x0000000089300000|100%| O|  |TAMS 0x0000000089300000| PB 0x0000000089200000| Updating 
| 147|0x0000000089300000, 0x0000000089400000, 0x0000000089400000|100%|HS|  |TAMS 0x0000000089400000| PB 0x0000000089300000| Complete 
| 148|0x0000000089400000, 0x0000000089500000, 0x0000000089500000|100%|HS|  |TAMS 0x0000000089500000| PB 0x0000000089400000| Complete 
| 149|0x0000000089500000, 0x0000000089600000, 0x0000000089600000|100%|HC|  |TAMS 0x0000000089600000| PB 0x0000000089500000| Complete 
| 150|0x0000000089600000, 0x0000000089700000, 0x0000000089700000|100%| O|  |TAMS 0x0000000089700000| PB 0x0000000089600000| Updating 
| 151|0x0000000089700000, 0x0000000089800000, 0x0000000089800000|100%| O|  |TAMS 0x0000000089800000| PB 0x0000000089700000| Untracked 
| 152|0x0000000089800000, 0x0000000089900000, 0x0000000089900000|100%|HS|  |TAMS 0x0000000089900000| PB 0x0000000089800000| Complete 
| 153|0x0000000089900000, 0x0000000089a00000, 0x0000000089a00000|100%|HS|  |TAMS 0x0000000089a00000| PB 0x0000000089900000| Complete 
| 154|0x0000000089a00000, 0x0000000089b00000, 0x0000000089b00000|100%|HC|  |TAMS 0x0000000089b00000| PB 0x0000000089a00000| Complete 
| 155|0x0000000089b00000, 0x0000000089c00000, 0x0000000089c00000|100%| O|  |TAMS 0x0000000089c00000| PB 0x0000000089b00000| Updating 
| 156|0x0000000089c00000, 0x0000000089d00000, 0x0000000089d00000|100%|HS|  |TAMS 0x0000000089d00000| PB 0x0000000089c00000| Complete 
| 157|0x0000000089d00000, 0x0000000089e00000, 0x0000000089e00000|100%| O|  |TAMS 0x0000000089e00000| PB 0x0000000089d00000| Untracked 
| 158|0x0000000089e00000, 0x0000000089f00000, 0x0000000089f00000|100%| O|  |TAMS 0x0000000089f00000| PB 0x0000000089e00000| Untracked 
| 159|0x0000000089f00000, 0x000000008a000000, 0x000000008a000000|100%| O|  |TAMS 0x000000008a000000| PB 0x0000000089f00000| Updating 
| 160|0x000000008a000000, 0x000000008a100000, 0x000000008a100000|100%|HS|  |TAMS 0x000000008a100000| PB 0x000000008a000000| Complete 
| 161|0x000000008a100000, 0x000000008a200000, 0x000000008a200000|100%|HC|  |TAMS 0x000000008a200000| PB 0x000000008a100000| Complete 
| 162|0x000000008a200000, 0x000000008a300000, 0x000000008a300000|100%| O|  |TAMS 0x000000008a200000| PB 0x000000008a200000| Untracked 
| 163|0x000000008a300000, 0x000000008a400000, 0x000000008a400000|100%| O|  |TAMS 0x000000008a300000| PB 0x000000008a300000| Untracked 
| 164|0x000000008a400000, 0x000000008a500000, 0x000000008a500000|100%| O|  |TAMS 0x000000008a400000| PB 0x000000008a400000| Untracked 
| 165|0x000000008a500000, 0x000000008a600000, 0x000000008a600000|100%| O|  |TAMS 0x000000008a500000| PB 0x000000008a500000| Untracked 
| 166|0x000000008a600000, 0x000000008a700000, 0x000000008a700000|100%| O|  |TAMS 0x000000008a700000| PB 0x000000008a600000| Untracked 
| 167|0x000000008a700000, 0x000000008a800000, 0x000000008a800000|100%| O|  |TAMS 0x000000008a800000| PB 0x000000008a700000| Updating 
| 168|0x000000008a800000, 0x000000008a900000, 0x000000008a900000|100%|HS|  |TAMS 0x000000008a900000| PB 0x000000008a800000| Complete 
| 169|0x000000008a900000, 0x000000008aa00000, 0x000000008aa00000|100%|HC|  |TAMS 0x000000008aa00000| PB 0x000000008a900000| Complete 
| 170|0x000000008aa00000, 0x000000008ab00000, 0x000000008ab00000|100%|HC|  |TAMS 0x000000008ab00000| PB 0x000000008aa00000| Complete 
| 171|0x000000008ab00000, 0x000000008ac00000, 0x000000008ac00000|100%| O|  |TAMS 0x000000008ac00000| PB 0x000000008ab00000| Updating 
| 172|0x000000008ac00000, 0x000000008ad00000, 0x000000008ad00000|100%| O|  |TAMS 0x000000008ad00000| PB 0x000000008ac00000| Untracked 
| 173|0x000000008ad00000, 0x000000008ae00000, 0x000000008ae00000|100%| O|  |TAMS 0x000000008ae00000| PB 0x000000008ad00000| Untracked 
| 174|0x000000008ae00000, 0x000000008af00000, 0x000000008af00000|100%| O|  |TAMS 0x000000008af00000| PB 0x000000008ae00000| Untracked 
| 175|0x000000008af00000, 0x000000008b000000, 0x000000008b000000|100%| O|  |TAMS 0x000000008b000000| PB 0x000000008af00000| Untracked 
| 176|0x000000008b000000, 0x000000008b100000, 0x000000008b100000|100%| O|  |TAMS 0x000000008b100000| PB 0x000000008b000000| Untracked 
| 177|0x000000008b100000, 0x000000008b200000, 0x000000008b200000|100%| O|  |TAMS 0x000000008b200000| PB 0x000000008b100000| Untracked 
| 178|0x000000008b200000, 0x000000008b300000, 0x000000008b300000|100%| O|  |TAMS 0x000000008b300000| PB 0x000000008b200000| Untracked 
| 179|0x000000008b300000, 0x000000008b400000, 0x000000008b400000|100%| O|  |TAMS 0x000000008b400000| PB 0x000000008b300000| Updating 
| 180|0x000000008b400000, 0x000000008b500000, 0x000000008b500000|100%| O|  |TAMS 0x000000008b500000| PB 0x000000008b400000| Updating 
| 181|0x000000008b500000, 0x000000008b600000, 0x000000008b600000|100%| O|  |TAMS 0x000000008b600000| PB 0x000000008b500000| Untracked 
| 182|0x000000008b600000, 0x000000008b700000, 0x000000008b700000|100%| O|  |TAMS 0x000000008b700000| PB 0x000000008b600000| Untracked 
| 183|0x000000008b700000, 0x000000008b800000, 0x000000008b800000|100%| O|  |TAMS 0x000000008b800000| PB 0x000000008b700000| Updating 
| 184|0x000000008b800000, 0x000000008b900000, 0x000000008b900000|100%| O|  |TAMS 0x000000008b900000| PB 0x000000008b800000| Untracked 
| 185|0x000000008b900000, 0x000000008ba00000, 0x000000008ba00000|100%| O|  |TAMS 0x000000008ba00000| PB 0x000000008b900000| Untracked 
| 186|0x000000008ba00000, 0x000000008bb00000, 0x000000008bb00000|100%| O|  |TAMS 0x000000008bb00000| PB 0x000000008ba00000| Untracked 
| 187|0x000000008bb00000, 0x000000008bc00000, 0x000000008bc00000|100%| O|  |TAMS 0x000000008bc00000| PB 0x000000008bc00000| Untracked 
| 188|0x000000008bc00000, 0x000000008bd00000, 0x000000008bd00000|100%| O|  |TAMS 0x000000008bd00000| PB 0x000000008bd00000| Untracked 
| 189|0x000000008bd00000, 0x000000008be00000, 0x000000008be00000|100%| O|  |TAMS 0x000000008be00000| PB 0x000000008be00000| Untracked 
| 190|0x000000008be00000, 0x000000008bf00000, 0x000000008bf00000|100%| O|  |TAMS 0x000000008bf00000| PB 0x000000008bf00000| Untracked 
| 191|0x000000008bf00000, 0x000000008c000000, 0x000000008c000000|100%| O|  |TAMS 0x000000008c000000| PB 0x000000008c000000| Untracked 
| 192|0x000000008c000000, 0x000000008c100000, 0x000000008c100000|100%| O|  |TAMS 0x000000008c100000| PB 0x000000008c100000| Untracked 
| 193|0x000000008c100000, 0x000000008c200000, 0x000000008c200000|100%| O|  |TAMS 0x000000008c200000| PB 0x000000008c200000| Updating 
| 194|0x000000008c200000, 0x000000008c300000, 0x000000008c300000|100%| O|  |TAMS 0x000000008c300000| PB 0x000000008c300000| Untracked 
| 195|0x000000008c300000, 0x000000008c400000, 0x000000008c400000|100%| O|  |TAMS 0x000000008c400000| PB 0x000000008c400000| Untracked 
| 196|0x000000008c400000, 0x000000008c500000, 0x000000008c500000|100%| O|  |TAMS 0x000000008c500000| PB 0x000000008c500000| Untracked 
| 197|0x000000008c500000, 0x000000008c600000, 0x000000008c600000|100%| O|  |TAMS 0x000000008c600000| PB 0x000000008c600000| Untracked 
| 198|0x000000008c600000, 0x000000008c700000, 0x000000008c700000|100%| O|  |TAMS 0x000000008c700000| PB 0x000000008c700000| Untracked 
| 199|0x000000008c700000, 0x000000008c800000, 0x000000008c800000|100%| O|  |TAMS 0x000000008c800000| PB 0x000000008c800000| Untracked 
| 200|0x000000008c800000, 0x000000008c900000, 0x000000008c900000|100%| O|  |TAMS 0x000000008c900000| PB 0x000000008c900000| Untracked 
| 201|0x000000008c900000, 0x000000008ca00000, 0x000000008ca00000|100%| O|  |TAMS 0x000000008ca00000| PB 0x000000008ca00000| Untracked 
| 202|0x000000008ca00000, 0x000000008cb00000, 0x000000008cb00000|100%| O|  |TAMS 0x000000008cb00000| PB 0x000000008cb00000| Untracked 
| 203|0x000000008cb00000, 0x000000008cc00000, 0x000000008cc00000|100%| O|  |TAMS 0x000000008cc00000| PB 0x000000008cc00000| Untracked 
| 204|0x000000008cc00000, 0x000000008cd00000, 0x000000008cd00000|100%| O|  |TAMS 0x000000008cd00000| PB 0x000000008cd00000| Untracked 
| 205|0x000000008cd00000, 0x000000008ce00000, 0x000000008ce00000|100%| O|  |TAMS 0x000000008ce00000| PB 0x000000008ce00000| Untracked 
| 206|0x000000008ce00000, 0x000000008cf00000, 0x000000008cf00000|100%| O|  |TAMS 0x000000008cf00000| PB 0x000000008cf00000| Untracked 
| 207|0x000000008cf00000, 0x000000008d000000, 0x000000008d000000|100%| O|  |TAMS 0x000000008d000000| PB 0x000000008d000000| Untracked 
| 208|0x000000008d000000, 0x000000008d100000, 0x000000008d100000|100%| O|  |TAMS 0x000000008d100000| PB 0x000000008d100000| Untracked 
| 209|0x000000008d100000, 0x000000008d200000, 0x000000008d200000|100%| O|  |TAMS 0x000000008d200000| PB 0x000000008d200000| Untracked 
| 210|0x000000008d200000, 0x000000008d300000, 0x000000008d300000|100%| O|  |TAMS 0x000000008d300000| PB 0x000000008d300000| Untracked 
| 211|0x000000008d300000, 0x000000008d400000, 0x000000008d400000|100%| O|  |TAMS 0x000000008d400000| PB 0x000000008d400000| Untracked 
| 212|0x000000008d400000, 0x000000008d500000, 0x000000008d500000|100%| O|  |TAMS 0x000000008d500000| PB 0x000000008d500000| Untracked 
| 213|0x000000008d500000, 0x000000008d600000, 0x000000008d600000|100%| O|  |TAMS 0x000000008d600000| PB 0x000000008d600000| Untracked 
| 214|0x000000008d600000, 0x000000008d700000, 0x000000008d700000|100%| O|  |TAMS 0x000000008d700000| PB 0x000000008d700000| Untracked 
| 215|0x000000008d700000, 0x000000008d800000, 0x000000008d800000|100%| O|  |TAMS 0x000000008d800000| PB 0x000000008d800000| Untracked 
| 216|0x000000008d800000, 0x000000008d900000, 0x000000008d900000|100%| O|  |TAMS 0x000000008d900000| PB 0x000000008d900000| Updating 
| 217|0x000000008d900000, 0x000000008da00000, 0x000000008da00000|100%| O|  |TAMS 0x000000008da00000| PB 0x000000008da00000| Updating 
| 218|0x000000008da00000, 0x000000008db00000, 0x000000008db00000|100%| O|  |TAMS 0x000000008db00000| PB 0x000000008db00000| Updating 
| 219|0x000000008db00000, 0x000000008dc00000, 0x000000008dc00000|100%| O|  |TAMS 0x000000008db00000| PB 0x000000008db00000| Untracked 
| 220|0x000000008dc00000, 0x000000008dd00000, 0x000000008dd00000|100%| O|  |TAMS 0x000000008dc00000| PB 0x000000008dc00000| Untracked 
| 221|0x000000008dd00000, 0x000000008de00000, 0x000000008de00000|100%| O|  |TAMS 0x000000008dd00000| PB 0x000000008dd00000| Untracked 
| 222|0x000000008de00000, 0x000000008df00000, 0x000000008df00000|100%| O|  |TAMS 0x000000008de00000| PB 0x000000008de00000| Untracked 
| 223|0x000000008df00000, 0x000000008e000000, 0x000000008e000000|100%| O|  |TAMS 0x000000008df00000| PB 0x000000008df00000| Untracked 
| 224|0x000000008e000000, 0x000000008e100000, 0x000000008e100000|100%| O|  |TAMS 0x000000008e000000| PB 0x000000008e000000| Untracked 
| 225|0x000000008e100000, 0x000000008e200000, 0x000000008e200000|100%| O|  |TAMS 0x000000008e100000| PB 0x000000008e100000| Untracked 
| 226|0x000000008e200000, 0x000000008e300000, 0x000000008e300000|100%| O|  |TAMS 0x000000008e200000| PB 0x000000008e200000| Untracked 
| 227|0x000000008e300000, 0x000000008e400000, 0x000000008e400000|100%| O|  |TAMS 0x000000008e300000| PB 0x000000008e300000| Untracked 
| 228|0x000000008e400000, 0x000000008e500000, 0x000000008e500000|100%| O|  |TAMS 0x000000008e400000| PB 0x000000008e400000| Untracked 
| 229|0x000000008e500000, 0x000000008e600000, 0x000000008e600000|100%| O|  |TAMS 0x000000008e500000| PB 0x000000008e500000| Untracked 
| 230|0x000000008e600000, 0x000000008e700000, 0x000000008e700000|100%| O|  |TAMS 0x000000008e600000| PB 0x000000008e600000| Untracked 
| 231|0x000000008e700000, 0x000000008e800000, 0x000000008e800000|100%| O|  |TAMS 0x000000008e700000| PB 0x000000008e700000| Untracked 
| 232|0x000000008e800000, 0x000000008e900000, 0x000000008e900000|100%| O|  |TAMS 0x000000008e800000| PB 0x000000008e800000| Untracked 
| 233|0x000000008e900000, 0x000000008ea00000, 0x000000008ea00000|100%| O|  |TAMS 0x000000008e900000| PB 0x000000008e900000| Untracked 
| 234|0x000000008ea00000, 0x000000008eb00000, 0x000000008eb00000|100%| O|  |TAMS 0x000000008ea00000| PB 0x000000008ea00000| Untracked 
| 235|0x000000008eb00000, 0x000000008ec00000, 0x000000008ec00000|100%| O|  |TAMS 0x000000008eb00000| PB 0x000000008eb00000| Untracked 
| 236|0x000000008ec00000, 0x000000008ed00000, 0x000000008ed00000|100%| O|  |TAMS 0x000000008ec00000| PB 0x000000008ec00000| Untracked 
| 237|0x000000008ed00000, 0x000000008ee00000, 0x000000008ee00000|100%| O|  |TAMS 0x000000008ed00000| PB 0x000000008ed00000| Untracked 
| 238|0x000000008ee00000, 0x000000008ef00000, 0x000000008ef00000|100%| O|  |TAMS 0x000000008ee00000| PB 0x000000008ee00000| Untracked 
| 239|0x000000008ef00000, 0x000000008f000000, 0x000000008f000000|100%| O|  |TAMS 0x000000008ef00000| PB 0x000000008ef00000| Untracked 
| 240|0x000000008f000000, 0x000000008f100000, 0x000000008f100000|100%| O|  |TAMS 0x000000008f000000| PB 0x000000008f000000| Untracked 
| 241|0x000000008f100000, 0x000000008f200000, 0x000000008f200000|100%| O|  |TAMS 0x000000008f100000| PB 0x000000008f100000| Untracked 
| 242|0x000000008f200000, 0x000000008f300000, 0x000000008f300000|100%| O|  |TAMS 0x000000008f200000| PB 0x000000008f200000| Untracked 
| 243|0x000000008f300000, 0x000000008f400000, 0x000000008f400000|100%| O|  |TAMS 0x000000008f300000| PB 0x000000008f300000| Untracked 
| 244|0x000000008f400000, 0x000000008f500000, 0x000000008f500000|100%| O|  |TAMS 0x000000008f400000| PB 0x000000008f400000| Untracked 
| 245|0x000000008f500000, 0x000000008f600000, 0x000000008f600000|100%| O|  |TAMS 0x000000008f500000| PB 0x000000008f500000| Untracked 
| 246|0x000000008f600000, 0x000000008f700000, 0x000000008f700000|100%| O|  |TAMS 0x000000008f600000| PB 0x000000008f600000| Untracked 
| 247|0x000000008f700000, 0x000000008f800000, 0x000000008f800000|100%| O|  |TAMS 0x000000008f700000| PB 0x000000008f700000| Untracked 
| 248|0x000000008f800000, 0x000000008f900000, 0x000000008f900000|100%| O|  |TAMS 0x000000008f800000| PB 0x000000008f800000| Untracked 
| 249|0x000000008f900000, 0x000000008fa00000, 0x000000008fa00000|100%| O|  |TAMS 0x000000008f900000| PB 0x000000008f900000| Untracked 
| 250|0x000000008fa00000, 0x000000008fb00000, 0x000000008fb00000|100%| O|  |TAMS 0x000000008fa00000| PB 0x000000008fa00000| Untracked 
| 251|0x000000008fb00000, 0x000000008fc00000, 0x000000008fc00000|100%| O|  |TAMS 0x000000008fb00000| PB 0x000000008fb00000| Untracked 
| 252|0x000000008fc00000, 0x000000008fd00000, 0x000000008fd00000|100%| O|  |TAMS 0x000000008fc00000| PB 0x000000008fc00000| Untracked 
| 253|0x000000008fd00000, 0x000000008fe00000, 0x000000008fe00000|100%| O|  |TAMS 0x000000008fd00000| PB 0x000000008fd00000| Untracked 
| 254|0x000000008fe00000, 0x000000008ff00000, 0x000000008ff00000|100%| O|  |TAMS 0x000000008fe00000| PB 0x000000008fe00000| Untracked 
| 255|0x000000008ff00000, 0x0000000090000000, 0x0000000090000000|100%| O|  |TAMS 0x000000008ff00000| PB 0x000000008ff00000| Untracked 
| 256|0x0000000090000000, 0x0000000090080000, 0x0000000090100000| 50%| O|  |TAMS 0x0000000090000000| PB 0x0000000090000000| Untracked 
| 257|0x0000000090100000, 0x0000000090100000, 0x0000000090200000|  0%| F|  |TAMS 0x0000000090100000| PB 0x0000000090100000| Untracked 
| 258|0x0000000090200000, 0x0000000090200000, 0x0000000090300000|  0%| F|  |TAMS 0x0000000090200000| PB 0x0000000090200000| Untracked 
| 259|0x0000000090300000, 0x0000000090300000, 0x0000000090400000|  0%| F|  |TAMS 0x0000000090300000| PB 0x0000000090300000| Untracked 
| 260|0x0000000090400000, 0x0000000090400000, 0x0000000090500000|  0%| F|  |TAMS 0x0000000090400000| PB 0x0000000090400000| Untracked 
| 261|0x0000000090500000, 0x0000000090500000, 0x0000000090600000|  0%| F|  |TAMS 0x0000000090500000| PB 0x0000000090500000| Untracked 
| 262|0x0000000090600000, 0x0000000090600000, 0x0000000090700000|  0%| F|  |TAMS 0x0000000090600000| PB 0x0000000090600000| Untracked 
| 263|0x0000000090700000, 0x0000000090700000, 0x0000000090800000|  0%| F|  |TAMS 0x0000000090700000| PB 0x0000000090700000| Untracked 
| 264|0x0000000090800000, 0x0000000090800000, 0x0000000090900000|  0%| F|  |TAMS 0x0000000090800000| PB 0x0000000090800000| Untracked 
| 265|0x0000000090900000, 0x0000000090900000, 0x0000000090a00000|  0%| F|  |TAMS 0x0000000090900000| PB 0x0000000090900000| Untracked 
| 266|0x0000000090a00000, 0x0000000090a00000, 0x0000000090b00000|  0%| F|  |TAMS 0x0000000090a00000| PB 0x0000000090a00000| Untracked 
| 267|0x0000000090b00000, 0x0000000090b00000, 0x0000000090c00000|  0%| F|  |TAMS 0x0000000090b00000| PB 0x0000000090b00000| Untracked 
| 268|0x0000000090c00000, 0x0000000090c00000, 0x0000000090d00000|  0%| F|  |TAMS 0x0000000090c00000| PB 0x0000000090c00000| Untracked 
| 269|0x0000000090d00000, 0x0000000090d00000, 0x0000000090e00000|  0%| F|  |TAMS 0x0000000090d00000| PB 0x0000000090d00000| Untracked 
| 270|0x0000000090e00000, 0x0000000090e00000, 0x0000000090f00000|  0%| F|  |TAMS 0x0000000090e00000| PB 0x0000000090e00000| Untracked 
| 271|0x0000000090f00000, 0x0000000090f00000, 0x0000000091000000|  0%| F|  |TAMS 0x0000000090f00000| PB 0x0000000090f00000| Untracked 
| 272|0x0000000091000000, 0x0000000091000000, 0x0000000091100000|  0%| F|  |TAMS 0x0000000091000000| PB 0x0000000091000000| Untracked 
| 273|0x0000000091100000, 0x0000000091100000, 0x0000000091200000|  0%| F|  |TAMS 0x0000000091100000| PB 0x0000000091100000| Untracked 
| 274|0x0000000091200000, 0x0000000091200000, 0x0000000091300000|  0%| F|  |TAMS 0x0000000091200000| PB 0x0000000091200000| Untracked 
| 275|0x0000000091300000, 0x0000000091300000, 0x0000000091400000|  0%| F|  |TAMS 0x0000000091300000| PB 0x0000000091300000| Untracked 
| 276|0x0000000091400000, 0x0000000091400000, 0x0000000091500000|  0%| F|  |TAMS 0x0000000091400000| PB 0x0000000091400000| Untracked 
| 277|0x0000000091500000, 0x0000000091500000, 0x0000000091600000|  0%| F|  |TAMS 0x0000000091500000| PB 0x0000000091500000| Untracked 
| 278|0x0000000091600000, 0x0000000091600000, 0x0000000091700000|  0%| F|  |TAMS 0x0000000091600000| PB 0x0000000091600000| Untracked 
| 279|0x0000000091700000, 0x0000000091700000, 0x0000000091800000|  0%| F|  |TAMS 0x0000000091700000| PB 0x0000000091700000| Untracked 
| 280|0x0000000091800000, 0x0000000091800000, 0x0000000091900000|  0%| F|  |TAMS 0x0000000091800000| PB 0x0000000091800000| Untracked 
| 281|0x0000000091900000, 0x0000000091900000, 0x0000000091a00000|  0%| F|  |TAMS 0x0000000091900000| PB 0x0000000091900000| Untracked 
| 282|0x0000000091a00000, 0x0000000091a00000, 0x0000000091b00000|  0%| F|  |TAMS 0x0000000091a00000| PB 0x0000000091a00000| Untracked 
| 283|0x0000000091b00000, 0x0000000091b00000, 0x0000000091c00000|  0%| F|  |TAMS 0x0000000091b00000| PB 0x0000000091b00000| Untracked 
| 284|0x0000000091c00000, 0x0000000091c00000, 0x0000000091d00000|  0%| F|  |TAMS 0x0000000091c00000| PB 0x0000000091c00000| Untracked 
| 285|0x0000000091d00000, 0x0000000091d00000, 0x0000000091e00000|  0%| F|  |TAMS 0x0000000091d00000| PB 0x0000000091d00000| Untracked 
| 286|0x0000000091e00000, 0x0000000091e00000, 0x0000000091f00000|  0%| F|  |TAMS 0x0000000091e00000| PB 0x0000000091e00000| Untracked 
| 287|0x0000000091f00000, 0x0000000091f00000, 0x0000000092000000|  0%| F|  |TAMS 0x0000000091f00000| PB 0x0000000091f00000| Untracked 
| 288|0x0000000092000000, 0x0000000092000000, 0x0000000092100000|  0%| F|  |TAMS 0x0000000092000000| PB 0x0000000092000000| Untracked 
| 289|0x0000000092100000, 0x0000000092100000, 0x0000000092200000|  0%| F|  |TAMS 0x0000000092100000| PB 0x0000000092100000| Untracked 
| 290|0x0000000092200000, 0x0000000092200000, 0x0000000092300000|  0%| F|  |TAMS 0x0000000092200000| PB 0x0000000092200000| Untracked 
| 291|0x0000000092300000, 0x0000000092300000, 0x0000000092400000|  0%| F|  |TAMS 0x0000000092300000| PB 0x0000000092300000| Untracked 
| 292|0x0000000092400000, 0x0000000092400000, 0x0000000092500000|  0%| F|  |TAMS 0x0000000092400000| PB 0x0000000092400000| Untracked 
| 293|0x0000000092500000, 0x0000000092500000, 0x0000000092600000|  0%| F|  |TAMS 0x0000000092500000| PB 0x0000000092500000| Untracked 
| 294|0x0000000092600000, 0x0000000092600000, 0x0000000092700000|  0%| F|  |TAMS 0x0000000092600000| PB 0x0000000092600000| Untracked 
| 295|0x0000000092700000, 0x0000000092700000, 0x0000000092800000|  0%| F|  |TAMS 0x0000000092700000| PB 0x0000000092700000| Untracked 
| 296|0x0000000092800000, 0x0000000092800000, 0x0000000092900000|  0%| F|  |TAMS 0x0000000092800000| PB 0x0000000092800000| Untracked 
| 297|0x0000000092900000, 0x0000000092900000, 0x0000000092a00000|  0%| F|  |TAMS 0x0000000092900000| PB 0x0000000092900000| Untracked 
| 298|0x0000000092a00000, 0x0000000092a00000, 0x0000000092b00000|  0%| F|  |TAMS 0x0000000092a00000| PB 0x0000000092a00000| Untracked 
| 299|0x0000000092b00000, 0x0000000092b00000, 0x0000000092c00000|  0%| F|  |TAMS 0x0000000092b00000| PB 0x0000000092b00000| Untracked 
| 300|0x0000000092c00000, 0x0000000092c00000, 0x0000000092d00000|  0%| F|  |TAMS 0x0000000092c00000| PB 0x0000000092c00000| Untracked 
| 301|0x0000000092d00000, 0x0000000092d00000, 0x0000000092e00000|  0%| F|  |TAMS 0x0000000092d00000| PB 0x0000000092d00000| Untracked 
| 302|0x0000000092e00000, 0x0000000092e00000, 0x0000000092f00000|  0%| F|  |TAMS 0x0000000092e00000| PB 0x0000000092e00000| Untracked 
| 303|0x0000000092f00000, 0x0000000092f00000, 0x0000000093000000|  0%| F|  |TAMS 0x0000000092f00000| PB 0x0000000092f00000| Untracked 
| 304|0x0000000093000000, 0x0000000093000000, 0x0000000093100000|  0%| F|  |TAMS 0x0000000093000000| PB 0x0000000093000000| Untracked 
| 305|0x0000000093100000, 0x0000000093100000, 0x0000000093200000|  0%| F|  |TAMS 0x0000000093100000| PB 0x0000000093100000| Untracked 
| 306|0x0000000093200000, 0x0000000093200000, 0x0000000093300000|  0%| F|  |TAMS 0x0000000093200000| PB 0x0000000093200000| Untracked 
| 307|0x0000000093300000, 0x0000000093300000, 0x0000000093400000|  0%| F|  |TAMS 0x0000000093300000| PB 0x0000000093300000| Untracked 
| 308|0x0000000093400000, 0x0000000093400000, 0x0000000093500000|  0%| F|  |TAMS 0x0000000093400000| PB 0x0000000093400000| Untracked 
| 309|0x0000000093500000, 0x0000000093500000, 0x0000000093600000|  0%| F|  |TAMS 0x0000000093500000| PB 0x0000000093500000| Untracked 
| 310|0x0000000093600000, 0x0000000093600000, 0x0000000093700000|  0%| F|  |TAMS 0x0000000093600000| PB 0x0000000093600000| Untracked 
| 311|0x0000000093700000, 0x0000000093700000, 0x0000000093800000|  0%| F|  |TAMS 0x0000000093700000| PB 0x0000000093700000| Untracked 
| 312|0x0000000093800000, 0x0000000093800000, 0x0000000093900000|  0%| F|  |TAMS 0x0000000093800000| PB 0x0000000093800000| Untracked 
| 313|0x0000000093900000, 0x0000000093900000, 0x0000000093a00000|  0%| F|  |TAMS 0x0000000093900000| PB 0x0000000093900000| Untracked 
| 314|0x0000000093a00000, 0x0000000093a00000, 0x0000000093b00000|  0%| F|  |TAMS 0x0000000093a00000| PB 0x0000000093a00000| Untracked 
| 315|0x0000000093b00000, 0x0000000093b00000, 0x0000000093c00000|  0%| F|  |TAMS 0x0000000093b00000| PB 0x0000000093b00000| Untracked 
| 316|0x0000000093c00000, 0x0000000093c00000, 0x0000000093d00000|  0%| F|  |TAMS 0x0000000093c00000| PB 0x0000000093c00000| Untracked 
| 317|0x0000000093d00000, 0x0000000093d00000, 0x0000000093e00000|  0%| F|  |TAMS 0x0000000093d00000| PB 0x0000000093d00000| Untracked 
| 318|0x0000000093e00000, 0x0000000093e00000, 0x0000000093f00000|  0%| F|  |TAMS 0x0000000093e00000| PB 0x0000000093e00000| Untracked 
| 319|0x0000000093f00000, 0x0000000093f00000, 0x0000000094000000|  0%| F|  |TAMS 0x0000000093f00000| PB 0x0000000093f00000| Untracked 
| 320|0x0000000094000000, 0x0000000094000000, 0x0000000094100000|  0%| F|  |TAMS 0x0000000094000000| PB 0x0000000094000000| Untracked 
| 321|0x0000000094100000, 0x0000000094100000, 0x0000000094200000|  0%| F|  |TAMS 0x0000000094100000| PB 0x0000000094100000| Untracked 
| 322|0x0000000094200000, 0x0000000094200000, 0x0000000094300000|  0%| F|  |TAMS 0x0000000094200000| PB 0x0000000094200000| Untracked 
| 323|0x0000000094300000, 0x0000000094300000, 0x0000000094400000|  0%| F|  |TAMS 0x0000000094300000| PB 0x0000000094300000| Untracked 
| 324|0x0000000094400000, 0x0000000094400000, 0x0000000094500000|  0%| F|  |TAMS 0x0000000094400000| PB 0x0000000094400000| Untracked 
| 325|0x0000000094500000, 0x0000000094500000, 0x0000000094600000|  0%| F|  |TAMS 0x0000000094500000| PB 0x0000000094500000| Untracked 
| 326|0x0000000094600000, 0x0000000094600000, 0x0000000094700000|  0%| F|  |TAMS 0x0000000094600000| PB 0x0000000094600000| Untracked 
| 327|0x0000000094700000, 0x0000000094700000, 0x0000000094800000|  0%| F|  |TAMS 0x0000000094700000| PB 0x0000000094700000| Untracked 
| 328|0x0000000094800000, 0x0000000094800000, 0x0000000094900000|  0%| F|  |TAMS 0x0000000094800000| PB 0x0000000094800000| Untracked 
| 329|0x0000000094900000, 0x0000000094900000, 0x0000000094a00000|  0%| F|  |TAMS 0x0000000094900000| PB 0x0000000094900000| Untracked 
| 330|0x0000000094a00000, 0x0000000094a00000, 0x0000000094b00000|  0%| F|  |TAMS 0x0000000094a00000| PB 0x0000000094a00000| Untracked 
| 331|0x0000000094b00000, 0x0000000094b00000, 0x0000000094c00000|  0%| F|  |TAMS 0x0000000094b00000| PB 0x0000000094b00000| Untracked 
| 332|0x0000000094c00000, 0x0000000094c00000, 0x0000000094d00000|  0%| F|  |TAMS 0x0000000094c00000| PB 0x0000000094c00000| Untracked 
| 333|0x0000000094d00000, 0x0000000094d00000, 0x0000000094e00000|  0%| F|  |TAMS 0x0000000094d00000| PB 0x0000000094d00000| Untracked 
| 334|0x0000000094e00000, 0x0000000094e00000, 0x0000000094f00000|  0%| F|  |TAMS 0x0000000094e00000| PB 0x0000000094e00000| Untracked 
| 335|0x0000000094f00000, 0x0000000094f00000, 0x0000000095000000|  0%| F|  |TAMS 0x0000000094f00000| PB 0x0000000094f00000| Untracked 
| 336|0x0000000095000000, 0x0000000095000000, 0x0000000095100000|  0%| F|  |TAMS 0x0000000095000000| PB 0x0000000095000000| Untracked 
| 337|0x0000000095100000, 0x0000000095100000, 0x0000000095200000|  0%| F|  |TAMS 0x0000000095100000| PB 0x0000000095100000| Untracked 
| 338|0x0000000095200000, 0x0000000095200000, 0x0000000095300000|  0%| F|  |TAMS 0x0000000095200000| PB 0x0000000095200000| Untracked 
| 339|0x0000000095300000, 0x0000000095300000, 0x0000000095400000|  0%| F|  |TAMS 0x0000000095300000| PB 0x0000000095300000| Untracked 
| 340|0x0000000095400000, 0x0000000095400000, 0x0000000095500000|  0%| F|  |TAMS 0x0000000095400000| PB 0x0000000095400000| Untracked 
| 341|0x0000000095500000, 0x0000000095500000, 0x0000000095600000|  0%| F|  |TAMS 0x0000000095500000| PB 0x0000000095500000| Untracked 
| 342|0x0000000095600000, 0x0000000095600000, 0x0000000095700000|  0%| F|  |TAMS 0x0000000095600000| PB 0x0000000095600000| Untracked 
| 343|0x0000000095700000, 0x0000000095700000, 0x0000000095800000|  0%| F|  |TAMS 0x0000000095700000| PB 0x0000000095700000| Untracked 
| 344|0x0000000095800000, 0x0000000095800000, 0x0000000095900000|  0%| F|  |TAMS 0x0000000095800000| PB 0x0000000095800000| Untracked 
| 345|0x0000000095900000, 0x0000000095900000, 0x0000000095a00000|  0%| F|  |TAMS 0x0000000095900000| PB 0x0000000095900000| Untracked 
| 346|0x0000000095a00000, 0x0000000095a00000, 0x0000000095b00000|  0%| F|  |TAMS 0x0000000095a00000| PB 0x0000000095a00000| Untracked 
| 347|0x0000000095b00000, 0x0000000095b00000, 0x0000000095c00000|  0%| F|  |TAMS 0x0000000095b00000| PB 0x0000000095b00000| Untracked 
| 348|0x0000000095c00000, 0x0000000095c00000, 0x0000000095d00000|  0%| F|  |TAMS 0x0000000095c00000| PB 0x0000000095c00000| Untracked 
| 349|0x0000000095d00000, 0x0000000095d00000, 0x0000000095e00000|  0%| F|  |TAMS 0x0000000095d00000| PB 0x0000000095d00000| Untracked 
| 350|0x0000000095e00000, 0x0000000095e00000, 0x0000000095f00000|  0%| F|  |TAMS 0x0000000095e00000| PB 0x0000000095e00000| Untracked 
| 351|0x0000000095f00000, 0x0000000095f00000, 0x0000000096000000|  0%| F|  |TAMS 0x0000000095f00000| PB 0x0000000095f00000| Untracked 
| 352|0x0000000096000000, 0x0000000096000000, 0x0000000096100000|  0%| F|  |TAMS 0x0000000096000000| PB 0x0000000096000000| Untracked 
| 353|0x0000000096100000, 0x0000000096100000, 0x0000000096200000|  0%| F|  |TAMS 0x0000000096100000| PB 0x0000000096100000| Untracked 
| 354|0x0000000096200000, 0x0000000096200000, 0x0000000096300000|  0%| F|  |TAMS 0x0000000096200000| PB 0x0000000096200000| Untracked 
| 355|0x0000000096300000, 0x0000000096300000, 0x0000000096400000|  0%| F|  |TAMS 0x0000000096300000| PB 0x0000000096300000| Untracked 
| 356|0x0000000096400000, 0x0000000096400000, 0x0000000096500000|  0%| F|  |TAMS 0x0000000096400000| PB 0x0000000096400000| Untracked 
| 357|0x0000000096500000, 0x0000000096500000, 0x0000000096600000|  0%| F|  |TAMS 0x0000000096500000| PB 0x0000000096500000| Untracked 
| 358|0x0000000096600000, 0x0000000096600000, 0x0000000096700000|  0%| F|  |TAMS 0x0000000096600000| PB 0x0000000096600000| Untracked 
| 359|0x0000000096700000, 0x0000000096700000, 0x0000000096800000|  0%| F|  |TAMS 0x0000000096700000| PB 0x0000000096700000| Untracked 
| 360|0x0000000096800000, 0x0000000096800000, 0x0000000096900000|  0%| F|  |TAMS 0x0000000096800000| PB 0x0000000096800000| Untracked 
| 361|0x0000000096900000, 0x0000000096900000, 0x0000000096a00000|  0%| F|  |TAMS 0x0000000096900000| PB 0x0000000096900000| Untracked 
| 362|0x0000000096a00000, 0x0000000096a00000, 0x0000000096b00000|  0%| F|  |TAMS 0x0000000096a00000| PB 0x0000000096a00000| Untracked 
| 363|0x0000000096b00000, 0x0000000096b00000, 0x0000000096c00000|  0%| F|  |TAMS 0x0000000096b00000| PB 0x0000000096b00000| Untracked 
| 364|0x0000000096c00000, 0x0000000096c00000, 0x0000000096d00000|  0%| F|  |TAMS 0x0000000096c00000| PB 0x0000000096c00000| Untracked 
| 365|0x0000000096d00000, 0x0000000096d00000, 0x0000000096e00000|  0%| F|  |TAMS 0x0000000096d00000| PB 0x0000000096d00000| Untracked 
| 366|0x0000000096e00000, 0x0000000096e00000, 0x0000000096f00000|  0%| F|  |TAMS 0x0000000096e00000| PB 0x0000000096e00000| Untracked 
| 367|0x0000000096f00000, 0x0000000096f00000, 0x0000000097000000|  0%| F|  |TAMS 0x0000000096f00000| PB 0x0000000096f00000| Untracked 
| 368|0x0000000097000000, 0x0000000097000000, 0x0000000097100000|  0%| F|  |TAMS 0x0000000097000000| PB 0x0000000097000000| Untracked 
| 369|0x0000000097100000, 0x0000000097100000, 0x0000000097200000|  0%| F|  |TAMS 0x0000000097100000| PB 0x0000000097100000| Untracked 
| 370|0x0000000097200000, 0x0000000097200000, 0x0000000097300000|  0%| F|  |TAMS 0x0000000097200000| PB 0x0000000097200000| Untracked 
| 371|0x0000000097300000, 0x0000000097300000, 0x0000000097400000|  0%| F|  |TAMS 0x0000000097300000| PB 0x0000000097300000| Untracked 
| 372|0x0000000097400000, 0x0000000097400000, 0x0000000097500000|  0%| F|  |TAMS 0x0000000097400000| PB 0x0000000097400000| Untracked 
| 373|0x0000000097500000, 0x0000000097500000, 0x0000000097600000|  0%| F|  |TAMS 0x0000000097500000| PB 0x0000000097500000| Untracked 
| 374|0x0000000097600000, 0x0000000097600000, 0x0000000097700000|  0%| F|  |TAMS 0x0000000097600000| PB 0x0000000097600000| Untracked 
| 375|0x0000000097700000, 0x0000000097700000, 0x0000000097800000|  0%| F|  |TAMS 0x0000000097700000| PB 0x0000000097700000| Untracked 
| 376|0x0000000097800000, 0x0000000097800000, 0x0000000097900000|  0%| F|  |TAMS 0x0000000097800000| PB 0x0000000097800000| Untracked 
| 377|0x0000000097900000, 0x0000000097900000, 0x0000000097a00000|  0%| F|  |TAMS 0x0000000097900000| PB 0x0000000097900000| Untracked 
| 378|0x0000000097a00000, 0x0000000097a00000, 0x0000000097b00000|  0%| F|  |TAMS 0x0000000097a00000| PB 0x0000000097a00000| Untracked 
| 379|0x0000000097b00000, 0x0000000097b00000, 0x0000000097c00000|  0%| F|  |TAMS 0x0000000097b00000| PB 0x0000000097b00000| Untracked 
| 380|0x0000000097c00000, 0x0000000097c00000, 0x0000000097d00000|  0%| F|  |TAMS 0x0000000097c00000| PB 0x0000000097c00000| Untracked 
| 381|0x0000000097d00000, 0x0000000097d00000, 0x0000000097e00000|  0%| F|  |TAMS 0x0000000097d00000| PB 0x0000000097d00000| Untracked 
| 382|0x0000000097e00000, 0x0000000097e00000, 0x0000000097f00000|  0%| F|  |TAMS 0x0000000097e00000| PB 0x0000000097e00000| Untracked 
| 383|0x0000000097f00000, 0x0000000097f00000, 0x0000000098000000|  0%| F|  |TAMS 0x0000000097f00000| PB 0x0000000097f00000| Untracked 
| 384|0x0000000098000000, 0x0000000098000000, 0x0000000098100000|  0%| F|  |TAMS 0x0000000098000000| PB 0x0000000098000000| Untracked 
| 385|0x0000000098100000, 0x0000000098100000, 0x0000000098200000|  0%| F|  |TAMS 0x0000000098100000| PB 0x0000000098100000| Untracked 
| 386|0x0000000098200000, 0x0000000098200000, 0x0000000098300000|  0%| F|  |TAMS 0x0000000098200000| PB 0x0000000098200000| Untracked 
| 387|0x0000000098300000, 0x0000000098300000, 0x0000000098400000|  0%| F|  |TAMS 0x0000000098300000| PB 0x0000000098300000| Untracked 
| 388|0x0000000098400000, 0x0000000098400000, 0x0000000098500000|  0%| F|  |TAMS 0x0000000098400000| PB 0x0000000098400000| Untracked 
| 389|0x0000000098500000, 0x0000000098500000, 0x0000000098600000|  0%| F|  |TAMS 0x0000000098500000| PB 0x0000000098500000| Untracked 
| 390|0x0000000098600000, 0x0000000098600000, 0x0000000098700000|  0%| F|  |TAMS 0x0000000098600000| PB 0x0000000098600000| Untracked 
| 391|0x0000000098700000, 0x0000000098700000, 0x0000000098800000|  0%| F|  |TAMS 0x0000000098700000| PB 0x0000000098700000| Untracked 
| 392|0x0000000098800000, 0x0000000098800000, 0x0000000098900000|  0%| F|  |TAMS 0x0000000098800000| PB 0x0000000098800000| Untracked 
| 393|0x0000000098900000, 0x0000000098900000, 0x0000000098a00000|  0%| F|  |TAMS 0x0000000098900000| PB 0x0000000098900000| Untracked 
| 394|0x0000000098a00000, 0x0000000098a00000, 0x0000000098b00000|  0%| F|  |TAMS 0x0000000098a00000| PB 0x0000000098a00000| Untracked 
| 395|0x0000000098b00000, 0x0000000098b00000, 0x0000000098c00000|  0%| F|  |TAMS 0x0000000098b00000| PB 0x0000000098b00000| Untracked 
| 396|0x0000000098c00000, 0x0000000098c00000, 0x0000000098d00000|  0%| F|  |TAMS 0x0000000098c00000| PB 0x0000000098c00000| Untracked 
| 397|0x0000000098d00000, 0x0000000098d00000, 0x0000000098e00000|  0%| F|  |TAMS 0x0000000098d00000| PB 0x0000000098d00000| Untracked 
| 398|0x0000000098e00000, 0x0000000098e00000, 0x0000000098f00000|  0%| F|  |TAMS 0x0000000098e00000| PB 0x0000000098e00000| Untracked 
| 399|0x0000000098f00000, 0x0000000098f00000, 0x0000000099000000|  0%| F|  |TAMS 0x0000000098f00000| PB 0x0000000098f00000| Untracked 
| 400|0x0000000099000000, 0x0000000099000000, 0x0000000099100000|  0%| F|  |TAMS 0x0000000099000000| PB 0x0000000099000000| Untracked 
| 401|0x0000000099100000, 0x0000000099100000, 0x0000000099200000|  0%| F|  |TAMS 0x0000000099100000| PB 0x0000000099100000| Untracked 
| 402|0x0000000099200000, 0x0000000099200000, 0x0000000099300000|  0%| F|  |TAMS 0x0000000099200000| PB 0x0000000099200000| Untracked 
| 403|0x0000000099300000, 0x0000000099300000, 0x0000000099400000|  0%| F|  |TAMS 0x0000000099300000| PB 0x0000000099300000| Untracked 
| 404|0x0000000099400000, 0x0000000099400000, 0x0000000099500000|  0%| F|  |TAMS 0x0000000099400000| PB 0x0000000099400000| Untracked 
| 405|0x0000000099500000, 0x0000000099500000, 0x0000000099600000|  0%| F|  |TAMS 0x0000000099500000| PB 0x0000000099500000| Untracked 
| 406|0x0000000099600000, 0x0000000099600000, 0x0000000099700000|  0%| F|  |TAMS 0x0000000099600000| PB 0x0000000099600000| Untracked 
| 407|0x0000000099700000, 0x0000000099800000, 0x0000000099800000|100%| S|CS|TAMS 0x0000000099700000| PB 0x0000000099700000| Complete 
| 408|0x0000000099800000, 0x0000000099900000, 0x0000000099900000|100%| S|CS|TAMS 0x0000000099800000| PB 0x0000000099800000| Complete 
| 409|0x0000000099900000, 0x0000000099a00000, 0x0000000099a00000|100%| S|CS|TAMS 0x0000000099900000| PB 0x0000000099900000| Complete 
| 410|0x0000000099a00000, 0x0000000099b00000, 0x0000000099b00000|100%| S|CS|TAMS 0x0000000099a00000| PB 0x0000000099a00000| Complete 
| 411|0x0000000099b00000, 0x0000000099c00000, 0x0000000099c00000|100%| S|CS|TAMS 0x0000000099b00000| PB 0x0000000099b00000| Complete 
| 412|0x0000000099c00000, 0x0000000099d00000, 0x0000000099d00000|100%| S|CS|TAMS 0x0000000099c00000| PB 0x0000000099c00000| Complete 
| 413|0x0000000099d00000, 0x0000000099e00000, 0x0000000099e00000|100%| S|CS|TAMS 0x0000000099d00000| PB 0x0000000099d00000| Complete 
| 414|0x0000000099e00000, 0x0000000099f00000, 0x0000000099f00000|100%| S|CS|TAMS 0x0000000099e00000| PB 0x0000000099e00000| Complete 
| 415|0x0000000099f00000, 0x000000009a000000, 0x000000009a000000|100%| S|CS|TAMS 0x0000000099f00000| PB 0x0000000099f00000| Complete 
| 416|0x000000009a000000, 0x000000009a100000, 0x000000009a100000|100%| S|CS|TAMS 0x000000009a000000| PB 0x000000009a000000| Complete 
| 417|0x000000009a100000, 0x000000009a100000, 0x000000009a200000|  0%| F|  |TAMS 0x000000009a100000| PB 0x000000009a100000| Untracked 
| 418|0x000000009a200000, 0x000000009a200000, 0x000000009a300000|  0%| F|  |TAMS 0x000000009a200000| PB 0x000000009a200000| Untracked 
| 419|0x000000009a300000, 0x000000009a300000, 0x000000009a400000|  0%| F|  |TAMS 0x000000009a300000| PB 0x000000009a300000| Untracked 
| 420|0x000000009a400000, 0x000000009a400000, 0x000000009a500000|  0%| F|  |TAMS 0x000000009a400000| PB 0x000000009a400000| Untracked 
| 421|0x000000009a500000, 0x000000009a500000, 0x000000009a600000|  0%| F|  |TAMS 0x000000009a500000| PB 0x000000009a500000| Untracked 
| 422|0x000000009a600000, 0x000000009a600000, 0x000000009a700000|  0%| F|  |TAMS 0x000000009a600000| PB 0x000000009a600000| Untracked 
| 423|0x000000009a700000, 0x000000009a700000, 0x000000009a800000|  0%| F|  |TAMS 0x000000009a700000| PB 0x000000009a700000| Untracked 
| 424|0x000000009a800000, 0x000000009a800000, 0x000000009a900000|  0%| F|  |TAMS 0x000000009a800000| PB 0x000000009a800000| Untracked 
| 425|0x000000009a900000, 0x000000009a900000, 0x000000009aa00000|  0%| F|  |TAMS 0x000000009a900000| PB 0x000000009a900000| Untracked 
| 426|0x000000009aa00000, 0x000000009aa00000, 0x000000009ab00000|  0%| F|  |TAMS 0x000000009aa00000| PB 0x000000009aa00000| Untracked 
| 427|0x000000009ab00000, 0x000000009ab00000, 0x000000009ac00000|  0%| F|  |TAMS 0x000000009ab00000| PB 0x000000009ab00000| Untracked 
| 428|0x000000009ac00000, 0x000000009ac00000, 0x000000009ad00000|  0%| F|  |TAMS 0x000000009ac00000| PB 0x000000009ac00000| Untracked 
|2008|0x00000000fd800000, 0x00000000fd800000, 0x00000000fd900000|  0%| F|  |TAMS 0x00000000fd800000| PB 0x00000000fd800000| Untracked 
|2009|0x00000000fd900000, 0x00000000fda00000, 0x00000000fda00000|100%| O|  |TAMS 0x00000000fda00000| PB 0x00000000fd900000| Updating 
|2010|0x00000000fda00000, 0x00000000fdb00000, 0x00000000fdb00000|100%| O|  |TAMS 0x00000000fdb00000| PB 0x00000000fda00000| Updating 
|2011|0x00000000fdb00000, 0x00000000fdc00000, 0x00000000fdc00000|100%| O|  |TAMS 0x00000000fdc00000| PB 0x00000000fdb00000| Updating 
|2012|0x00000000fdc00000, 0x00000000fdd00000, 0x00000000fdd00000|100%| O|  |TAMS 0x00000000fdd00000| PB 0x00000000fdc00000| Updating 
|2013|0x00000000fdd00000, 0x00000000fde00000, 0x00000000fde00000|100%| O|  |TAMS 0x00000000fde00000| PB 0x00000000fdd00000| Updating 
|2014|0x00000000fde00000, 0x00000000fdf00000, 0x00000000fdf00000|100%| O|  |TAMS 0x00000000fdf00000| PB 0x00000000fde00000| Updating 
|2015|0x00000000fdf00000, 0x00000000fe000000, 0x00000000fe000000|100%| O|  |TAMS 0x00000000fe000000| PB 0x00000000fdf00000| Updating 
|2016|0x00000000fe000000, 0x00000000fe100000, 0x00000000fe100000|100%| O|  |TAMS 0x00000000fe100000| PB 0x00000000fe000000| Updating 
|2017|0x00000000fe100000, 0x00000000fe100000, 0x00000000fe200000|  0%| F|  |TAMS 0x00000000fe100000| PB 0x00000000fe100000| Untracked 
|2018|0x00000000fe200000, 0x00000000fe300000, 0x00000000fe300000|100%| O|  |TAMS 0x00000000fe300000| PB 0x00000000fe200000| Updating 
|2019|0x00000000fe300000, 0x00000000fe400000, 0x00000000fe400000|100%| O|  |TAMS 0x00000000fe400000| PB 0x00000000fe300000| Updating 
|2020|0x00000000fe400000, 0x00000000fe500000, 0x00000000fe500000|100%| O|  |TAMS 0x00000000fe500000| PB 0x00000000fe400000| Updating 
|2021|0x00000000fe500000, 0x00000000fe600000, 0x00000000fe600000|100%| O|  |TAMS 0x00000000fe600000| PB 0x00000000fe500000| Updating 
|2022|0x00000000fe600000, 0x00000000fe700000, 0x00000000fe700000|100%| O|  |TAMS 0x00000000fe700000| PB 0x00000000fe600000| Updating 
|2023|0x00000000fe700000, 0x00000000fe800000, 0x00000000fe800000|100%| O|  |TAMS 0x00000000fe800000| PB 0x00000000fe700000| Untracked 
|2024|0x00000000fe800000, 0x00000000fe900000, 0x00000000fe900000|100%| O|  |TAMS 0x00000000fe900000| PB 0x00000000fe800000| Untracked 
|2025|0x00000000fe900000, 0x00000000fea00000, 0x00000000fea00000|100%| O|  |TAMS 0x00000000fea00000| PB 0x00000000fe900000| Updating 
|2026|0x00000000fea00000, 0x00000000feb00000, 0x00000000feb00000|100%| O|  |TAMS 0x00000000feb00000| PB 0x00000000fea00000| Updating 
|2027|0x00000000feb00000, 0x00000000feb00000, 0x00000000fec00000|  0%| F|  |TAMS 0x00000000feb00000| PB 0x00000000feb00000| Untracked 
|2028|0x00000000fec00000, 0x00000000fed00000, 0x00000000fed00000|100%| O|  |TAMS 0x00000000fed00000| PB 0x00000000fec00000| Updating 
|2029|0x00000000fed00000, 0x00000000fee00000, 0x00000000fee00000|100%| O|  |TAMS 0x00000000fee00000| PB 0x00000000fed00000| Updating 
|2030|0x00000000fee00000, 0x00000000fee00000, 0x00000000fef00000|  0%| F|  |TAMS 0x00000000fee00000| PB 0x00000000fee00000| Untracked 
|2031|0x00000000fef00000, 0x00000000fef00000, 0x00000000ff000000|  0%| F|  |TAMS 0x00000000fef00000| PB 0x00000000fef00000| Untracked 
|2032|0x00000000ff000000, 0x00000000ff000000, 0x00000000ff100000|  0%| F|  |TAMS 0x00000000ff000000| PB 0x00000000ff000000| Untracked 
|2033|0x00000000ff100000, 0x00000000ff100000, 0x00000000ff200000|  0%| F|  |TAMS 0x00000000ff100000| PB 0x00000000ff100000| Untracked 
|2034|0x00000000ff200000, 0x00000000ff300000, 0x00000000ff300000|100%| O|  |TAMS 0x00000000ff300000| PB 0x00000000ff200000| Updating 
|2035|0x00000000ff300000, 0x00000000ff400000, 0x00000000ff400000|100%| O|  |TAMS 0x00000000ff400000| PB 0x00000000ff300000| Updating 
|2036|0x00000000ff400000, 0x00000000ff400000, 0x00000000ff500000|  0%| F|  |TAMS 0x00000000ff400000| PB 0x00000000ff400000| Untracked 
|2037|0x00000000ff500000, 0x00000000ff500000, 0x00000000ff600000|  0%| F|  |TAMS 0x00000000ff500000| PB 0x00000000ff500000| Untracked 
|2038|0x00000000ff600000, 0x00000000ff600000, 0x00000000ff700000|  0%| F|  |TAMS 0x00000000ff600000| PB 0x00000000ff600000| Untracked 
|2039|0x00000000ff700000, 0x00000000ff800000, 0x00000000ff800000|100%| O|  |TAMS 0x00000000ff800000| PB 0x00000000ff700000| Untracked 
|2040|0x00000000ff800000, 0x00000000ff900000, 0x00000000ff900000|100%| O|  |TAMS 0x00000000ff900000| PB 0x00000000ff800000| Untracked 
|2041|0x00000000ff900000, 0x00000000ffa00000, 0x00000000ffa00000|100%| O|  |TAMS 0x00000000ffa00000| PB 0x00000000ff900000| Untracked 
|2042|0x00000000ffa00000, 0x00000000ffb00000, 0x00000000ffb00000|100%| O|  |TAMS 0x00000000ffb00000| PB 0x00000000ffa00000| Untracked 
|2043|0x00000000ffb00000, 0x00000000ffc00000, 0x00000000ffc00000|100%| O|  |TAMS 0x00000000ffc00000| PB 0x00000000ffb00000| Untracked 
|2044|0x00000000ffc00000, 0x00000000ffd00000, 0x00000000ffd00000|100%| O|  |TAMS 0x00000000ffd00000| PB 0x00000000ffc00000| Untracked 
|2045|0x00000000ffd00000, 0x00000000ffe00000, 0x00000000ffe00000|100%| O|  |TAMS 0x00000000ffe00000| PB 0x00000000ffd00000| Untracked 
|2046|0x00000000ffe00000, 0x00000000fff00000, 0x00000000fff00000|100%| O|  |TAMS 0x00000000fff00000| PB 0x00000000ffe00000| Untracked 
|2047|0x00000000fff00000, 0x0000000100000000, 0x0000000100000000|100%| O|  |TAMS 0x0000000100000000| PB 0x00000000fff00000| Untracked 

Card table byte_map: [0x0000026eaa280000,0x0000026eaa680000] _byte_map_base: 0x0000026ea9e80000

Marking Bits: (CMBitMap*) 0x0000026e97a48790
 Bits: [0x0000026eaa680000, 0x0000026eac680000)

Polling page: 0x0000026e95840000

Metaspace:

Usage:
  Non-class:     93.99 MB used.
      Class:     14.30 MB used.
       Both:    108.29 MB used.

Virtual space:
  Non-class space:      128.00 MB reserved,      94.94 MB ( 74%) committed,  2 nodes.
      Class space:        1.00 GB reserved,      15.38 MB (  2%) committed,  1 nodes.
             Both:        1.12 GB reserved,     110.31 MB ( 10%) committed. 

Chunk freelists:
   Non-Class:  528.00 KB
       Class:  672.00 KB
        Both:  1.17 MB

MaxMetaspaceSize: unlimited
CompressedClassSpaceSize: 1.00 GB
Initial GC threshold: 21.00 MB
Current GC threshold: 183.38 MB
CDS: off
 - commit_granule_bytes: 65536.
 - commit_granule_words: 8192.
 - virtual_space_node_default_size: 8388608.
 - enlarge_chunks_in_place: 1.
 - use_allocation_guard: 0.


Internal statistics:

num_allocs_failed_limit: 9.
num_arena_births: 4222.
num_arena_deaths: 20.
num_vsnodes_births: 3.
num_vsnodes_deaths: 0.
num_space_committed: 1763.
num_space_uncommitted: 0.
num_chunks_returned_to_freelist: 38.
num_chunks_taken_from_freelist: 9543.
num_chunk_merges: 10.
num_chunk_splits: 5720.
num_chunks_enlarged: 3077.
num_inconsistent_stats: 0.

CodeHeap 'non-profiled nmethods': size=120000Kb used=4997Kb max_used=4997Kb free=115003Kb
 bounds [0x0000026ea2620000, 0x0000026ea2b10000, 0x0000026ea9b50000]
CodeHeap 'profiled nmethods': size=120000Kb used=25810Kb max_used=26125Kb free=94189Kb
 bounds [0x0000026e9ab50000, 0x0000026e9c4e0000, 0x0000026ea2080000]
CodeHeap 'non-nmethods': size=5760Kb used=2330Kb max_used=2386Kb free=3429Kb
 bounds [0x0000026ea2080000, 0x0000026ea22f0000, 0x0000026ea2620000]
 total_blobs=13674 nmethods=12834 adapters=743
 compilation: enabled
              stopped_count=0, restarted_count=0
 full_count=0

Compilation events (20 events):
Event: 14.927 Thread 0x0000026eaf2b6b00 nmethod 15270 0x0000026e9c04b890 code [0x0000026e9c04ba40, 0x0000026e9c04bb40]
Event: 14.927 Thread 0x0000026eaf2b6b00 15269       2       com.android.tools.r8.synthesis.I$$Lambda/0x0000000100e98000::accept (20 bytes)
Event: 14.927 Thread 0x0000026eaf2b6b00 nmethod 15269 0x0000026e9bcc5e90 code [0x0000026e9bcc6040, 0x0000026e9bcc61b0]
Event: 14.927 Thread 0x0000026eaf2b6b00 15272       2       kotlin.text.StringsKt__StringsKt::contains (69 bytes)
Event: 14.927 Thread 0x0000026eaf2b6b00 nmethod 15272 0x0000026e9b3fd510 code [0x0000026e9b3fd760, 0x0000026e9b3fdcb0]
Event: 14.928 Thread 0x0000026eaf2b6b00 15274       2       com.sun.xml.internal.stream.events.AttributeImpl::<init> (55 bytes)
Event: 14.928 Thread 0x0000026eaf2b6b00 nmethod 15274 0x0000026e9b2edf10 code [0x0000026e9b2ee0e0, 0x0000026e9b2ee4c8]
Event: 14.935 Thread 0x0000026eaf2b6b00 15275       2       com.android.aapt.Resources$XmlNode::newBuilder (7 bytes)
Event: 14.936 Thread 0x0000026eaf2b6b00 nmethod 15275 0x0000026e9be26190 code [0x0000026e9be26340, 0x0000026e9be264f0]
Event: 14.936 Thread 0x0000026eaf2b6b00 15278       3       kotlin.collections.CollectionsKt___CollectionsKt::last (36 bytes)
Event: 14.936 Thread 0x0000026eaf2b6b00 nmethod 15278 0x0000026e9af42790 code [0x0000026e9af42a80, 0x0000026e9af437e0]
Event: 14.936 Thread 0x0000026eaf2b6b00 15280       3       com.android.aapt.Resources$XmlAttribute::getSerializedSize (149 bytes)
Event: 14.938 Thread 0x0000026eaf2b6b00 nmethod 15280 0x0000026e9c08aa90 code [0x0000026e9c08b040, 0x0000026e9c08e5d0]
Event: 14.938 Thread 0x0000026eaf2b6b00 15281       3       java.io.ObjectStreamClass::getVariantFor (51 bytes)
Event: 14.938 Thread 0x0000026eaf2b6b00 nmethod 15281 0x0000026e9b5fda10 code [0x0000026e9b5fdc00, 0x0000026e9b5fdf78]
Event: 14.938 Thread 0x0000026eaf2b6b00 15279       1       com.android.tools.r8.synthesis.S::g (2 bytes)
Event: 14.938 Thread 0x0000026eaf2b6b00 nmethod 15279 0x0000026ea288ca10 code [0x0000026ea288cba0, 0x0000026ea288cc68]
Event: 14.938 Thread 0x0000026eaf2b6b00 15276       2       com.android.aapt.Resources$XmlNode::toBuilder (29 bytes)
Event: 14.939 Thread 0x0000026eaf2b6b00 nmethod 15276 0x0000026e9bd4e110 code [0x0000026e9bd4e2e0, 0x0000026e9bd4e5f0]
Event: 14.939 Thread 0x0000026eaf2b6b00 15277       2       com.android.aaptcompiler.XmlResourceBuilder::startElement (94 bytes)

GC Heap History (20 events):
Event: 11.947 GC heap after
{Heap after GC invocations=36 (full 0):
 garbage-first heap   total 229376K, used 132566K [0x0000000080000000, 0x0000000100000000)
  region size 1024K, 11 young (11264K), 11 survivors (11264K)
 Metaspace       used 94982K, committed 97024K, reserved 1179648K
  class space    used 12396K, committed 13440K, reserved 1048576K
}
Event: 12.313 GC heap before
{Heap before GC invocations=36 (full 0):
 garbage-first heap   total 229376K, used 213462K [0x0000000080000000, 0x0000000100000000)
  region size 1024K, 76 young (77824K), 11 survivors (11264K)
 Metaspace       used 98729K, committed 100736K, reserved 1179648K
  class space    used 12898K, committed 13952K, reserved 1048576K
}
Event: 12.325 GC heap after
{Heap after GC invocations=37 (full 0):
 garbage-first heap   total 235520K, used 147455K [0x0000000080000000, 0x0000000100000000)
  region size 1024K, 10 young (10240K), 10 survivors (10240K)
 Metaspace       used 98729K, committed 100736K, reserved 1179648K
  class space    used 12898K, committed 13952K, reserved 1048576K
}
Event: 12.655 GC heap before
{Heap before GC invocations=37 (full 0):
 garbage-first heap   total 235520K, used 206847K [0x0000000080000000, 0x0000000100000000)
  region size 1024K, 69 young (70656K), 10 survivors (10240K)
 Metaspace       used 102327K, committed 104384K, reserved 1179648K
  class space    used 13424K, committed 14464K, reserved 1048576K
}
Event: 12.665 GC heap after
{Heap after GC invocations=38 (full 0):
 garbage-first heap   total 235520K, used 153187K [0x0000000080000000, 0x0000000100000000)
  region size 1024K, 6 young (6144K), 6 survivors (6144K)
 Metaspace       used 102327K, committed 104384K, reserved 1179648K
  class space    used 13424K, committed 14464K, reserved 1048576K
}
Event: 13.051 GC heap before
{Heap before GC invocations=39 (full 0):
 garbage-first heap   total 256000K, used 215651K [0x0000000080000000, 0x0000000100000000)
  region size 1024K, 63 young (64512K), 6 survivors (6144K)
 Metaspace       used 104457K, committed 106496K, reserved 1179648K
  class space    used 13698K, committed 14720K, reserved 1048576K
}
Event: 13.058 GC heap after
{Heap after GC invocations=40 (full 0):
 garbage-first heap   total 256000K, used 164455K [0x0000000080000000, 0x0000000100000000)
  region size 1024K, 6 young (6144K), 6 survivors (6144K)
 Metaspace       used 104457K, committed 106496K, reserved 1179648K
  class space    used 13698K, committed 14720K, reserved 1048576K
}
Event: 13.277 GC heap before
{Heap before GC invocations=40 (full 0):
 garbage-first heap   total 256000K, used 254567K [0x0000000080000000, 0x0000000100000000)
  region size 1024K, 63 young (64512K), 6 survivors (6144K)
 Metaspace       used 105409K, committed 107456K, reserved 1179648K
  class space    used 13843K, committed 14912K, reserved 1048576K
}
Event: 13.315 GC heap after
{Heap after GC invocations=41 (full 0):
 garbage-first heap   total 284672K, used 194446K [0x0000000080000000, 0x0000000100000000)
  region size 1024K, 9 young (9216K), 9 survivors (9216K)
 Metaspace       used 105409K, committed 107456K, reserved 1179648K
  class space    used 13843K, committed 14912K, reserved 1048576K
}
Event: 13.317 GC heap before
{Heap before GC invocations=41 (full 0):
 garbage-first heap   total 284672K, used 195470K [0x0000000080000000, 0x0000000100000000)
  region size 1024K, 11 young (11264K), 9 survivors (9216K)
 Metaspace       used 105425K, committed 107456K, reserved 1179648K
  class space    used 13843K, committed 14912K, reserved 1048576K
}
Event: 13.343 GC heap after
{Heap after GC invocations=42 (full 0):
 garbage-first heap   total 421888K, used 196793K [0x0000000080000000, 0x0000000100000000)
  region size 1024K, 2 young (2048K), 2 survivors (2048K)
 Metaspace       used 105425K, committed 107456K, reserved 1179648K
  class space    used 13843K, committed 14912K, reserved 1048576K
}
Event: 13.353 GC heap before
{Heap before GC invocations=42 (full 0):
 garbage-first heap   total 421888K, used 202937K [0x0000000080000000, 0x0000000100000000)
  region size 1024K, 6 young (6144K), 2 survivors (2048K)
 Metaspace       used 105525K, committed 107648K, reserved 1179648K
  class space    used 13865K, committed 14976K, reserved 1048576K
}
Event: 13.361 GC heap after
{Heap after GC invocations=43 (full 0):
 garbage-first heap   total 421888K, used 198063K [0x0000000080000000, 0x0000000100000000)
  region size 1024K, 1 young (1024K), 1 survivors (1024K)
 Metaspace       used 105525K, committed 107648K, reserved 1179648K
  class space    used 13865K, committed 14976K, reserved 1048576K
}
Event: 13.896 GC heap before
{Heap before GC invocations=44 (full 0):
 garbage-first heap   total 421888K, used 335279K [0x0000000080000000, 0x0000000100000000)
  region size 1024K, 122 young (124928K), 1 survivors (1024K)
 Metaspace       used 107715K, committed 109760K, reserved 1179648K
  class space    used 14272K, committed 15360K, reserved 1048576K
}
Event: 14.029 GC heap after
{Heap after GC invocations=45 (full 0):
 garbage-first heap   total 421888K, used 229014K [0x0000000080000000, 0x0000000100000000)
  region size 1024K, 16 young (16384K), 16 survivors (16384K)
 Metaspace       used 107715K, committed 109760K, reserved 1179648K
  class space    used 14272K, committed 15360K, reserved 1048576K
}
Event: 14.432 GC heap before
{Heap before GC invocations=45 (full 0):
 garbage-first heap   total 421888K, used 334486K [0x0000000080000000, 0x0000000100000000)
  region size 1024K, 119 young (121856K), 16 survivors (16384K)
 Metaspace       used 109298K, committed 111424K, reserved 1179648K
  class space    used 14433K, committed 15552K, reserved 1048576K
}
Event: 14.486 GC heap after
{Heap after GC invocations=46 (full 0):
 garbage-first heap   total 421888K, used 269311K [0x0000000080000000, 0x0000000100000000)
  region size 1024K, 15 young (15360K), 15 survivors (15360K)
 Metaspace       used 109298K, committed 111424K, reserved 1179648K
  class space    used 14433K, committed 15552K, reserved 1048576K
}
Event: 14.631 GC heap before
{Heap before GC invocations=46 (full 0):
 garbage-first heap   total 421888K, used 349183K [0x0000000080000000, 0x0000000100000000)
  region size 1024K, 94 young (96256K), 15 survivors (15360K)
 Metaspace       used 109934K, committed 112064K, reserved 1179648K
  class space    used 14503K, committed 15616K, reserved 1048576K
}
Event: 14.661 GC heap after
{Heap after GC invocations=47 (full 0):
 garbage-first heap   total 421888K, used 301055K [0x0000000080000000, 0x0000000100000000)
  region size 1024K, 12 young (12288K), 12 survivors (12288K)
 Metaspace       used 109934K, committed 112064K, reserved 1179648K
  class space    used 14503K, committed 15616K, reserved 1048576K
}
Event: 14.940 GC heap before
{Heap before GC invocations=47 (full 0):
 garbage-first heap   total 480256K, used 350207K [0x0000000080000000, 0x0000000100000000)
  region size 1024K, 74 young (75776K), 12 survivors (12288K)
 Metaspace       used 110889K, committed 112960K, reserved 1179648K
  class space    used 14645K, committed 15744K, reserved 1048576K
}

Dll operation events (3 events):
Event: 0.017 Loaded shared library C:\Program Files\Android\Android Studio1\jbr\bin\java.dll
Event: 0.022 Loaded shared library C:\Program Files\Android\Android Studio1\jbr\bin\zip.dll
Event: 0.517 Loaded shared library C:\Program Files\Android\Android Studio1\jbr\bin\verify.dll

Deoptimization events (20 events):
Event: 14.694 Thread 0x0000026eb91b1c60 DEOPT PACKING pc=0x0000026ea28b8104 sp=0x0000008139afd430
Event: 14.694 Thread 0x0000026eb91b1c60 DEOPT UNPACKING pc=0x0000026ea20d7da2 sp=0x0000008139afd370 mode 2
Event: 14.796 Thread 0x0000026eb91b1c60 DEOPT PACKING pc=0x0000026e9c4a0670 sp=0x0000008139afcf10
Event: 14.796 Thread 0x0000026eb91b1c60 DEOPT UNPACKING pc=0x0000026ea20d88e2 sp=0x0000008139afc3b0 mode 0
Event: 14.819 Thread 0x0000026eb91b1c60 DEOPT PACKING pc=0x0000026e9c4a0670 sp=0x0000008139afd400
Event: 14.819 Thread 0x0000026eb91b1c60 DEOPT UNPACKING pc=0x0000026ea20d88e2 sp=0x0000008139afc8a0 mode 0
Event: 14.821 Thread 0x0000026eb575ae60 DEOPT PACKING pc=0x0000026e9c4a0670 sp=0x000000813cdfd990
Event: 14.821 Thread 0x0000026eb575ae60 DEOPT UNPACKING pc=0x0000026ea20d88e2 sp=0x000000813cdfce30 mode 0
Event: 14.822 Thread 0x0000026eb91b0220 DEOPT PACKING pc=0x0000026e9c4a0670 sp=0x000000813a3fd290
Event: 14.822 Thread 0x0000026eb91b0220 DEOPT UNPACKING pc=0x0000026ea20d88e2 sp=0x000000813a3fc730 mode 0
Event: 14.824 Thread 0x0000026eb575ae60 DEOPT PACKING pc=0x0000026e9c4a0670 sp=0x000000813cdfd560
Event: 14.824 Thread 0x0000026eb575ae60 DEOPT UNPACKING pc=0x0000026ea20d88e2 sp=0x000000813cdfca00 mode 0
Event: 14.826 Thread 0x0000026eb575ae60 DEOPT PACKING pc=0x0000026e9c4a0670 sp=0x000000813cdfd220
Event: 14.826 Thread 0x0000026eb575ae60 DEOPT UNPACKING pc=0x0000026ea20d88e2 sp=0x000000813cdfc6c0 mode 0
Event: 14.828 Thread 0x0000026eb575ae60 DEOPT PACKING pc=0x0000026e9c4a0670 sp=0x000000813cdfcde0
Event: 14.828 Thread 0x0000026eb575ae60 DEOPT UNPACKING pc=0x0000026ea20d88e2 sp=0x000000813cdfc280 mode 0
Event: 14.829 Thread 0x0000026eb575ae60 DEOPT PACKING pc=0x0000026e9c4a0670 sp=0x000000813cdfcf70
Event: 14.829 Thread 0x0000026eb575ae60 DEOPT UNPACKING pc=0x0000026ea20d88e2 sp=0x000000813cdfc410 mode 0
Event: 14.886 Thread 0x0000026eb91b1c60 DEOPT PACKING pc=0x0000026e9c4a0670 sp=0x0000008139afd3d0
Event: 14.886 Thread 0x0000026eb91b1c60 DEOPT UNPACKING pc=0x0000026ea20d88e2 sp=0x0000008139afc870 mode 0

Classes loaded (20 events):
Event: 13.607 Loading class javax/xml/stream/events/Namespace done
Event: 13.608 Loading class com/sun/xml/internal/stream/events/NamespaceImpl done
Event: 13.616 Loading class java/lang/StringUTF16$CodePointsSpliterator
Event: 13.617 Loading class java/lang/StringUTF16$CodePointsSpliterator done
Event: 13.738 Loading class java/lang/CharacterData01
Event: 13.744 Loading class java/lang/CharacterData01 done
Event: 13.869 Loading class java/nio/ShortBuffer
Event: 13.881 Loading class java/nio/ShortBuffer done
Event: 13.882 Loading class java/nio/HeapShortBuffer
Event: 13.883 Loading class java/nio/HeapShortBuffer done
Event: 13.888 Loading class com/sun/xml/internal/stream/util/ReadOnlyIterator
Event: 14.034 Loading class com/sun/xml/internal/stream/util/ReadOnlyIterator done
Event: 14.057 Loading class com/sun/xml/internal/stream/events/CommentEvent
Event: 14.066 Loading class javax/xml/stream/events/Comment
Event: 14.069 Loading class javax/xml/stream/events/Comment done
Event: 14.070 Loading class com/sun/xml/internal/stream/events/CommentEvent done
Event: 14.269 Loading class java/util/concurrent/ConcurrentLinkedQueue$Itr
Event: 14.291 Loading class java/util/concurrent/ConcurrentLinkedQueue$Itr done
Event: 14.936 Loading class java/util/IdentityHashMap$EntrySet
Event: 14.938 Loading class java/util/IdentityHashMap$EntrySet done

Classes unloaded (10 events):
Event: 10.216 Thread 0x0000026eaf0dd1b0 Unloading class 0x0000000100ad9000 'java/lang/invoke/LambdaForm$MH+0x0000000100ad9000'
Event: 10.216 Thread 0x0000026eaf0dd1b0 Unloading class 0x0000000100ad8800 'java/lang/invoke/LambdaForm$MH+0x0000000100ad8800'
Event: 10.216 Thread 0x0000026eaf0dd1b0 Unloading class 0x0000000100ad3800 'java/lang/invoke/LambdaForm$MH+0x0000000100ad3800'
Event: 10.216 Thread 0x0000026eaf0dd1b0 Unloading class 0x0000000100ad3000 'java/lang/invoke/LambdaForm$MH+0x0000000100ad3000'
Event: 10.216 Thread 0x0000026eaf0dd1b0 Unloading class 0x0000000100ad2800 'java/lang/invoke/LambdaForm$MH+0x0000000100ad2800'
Event: 10.216 Thread 0x0000026eaf0dd1b0 Unloading class 0x0000000100ad1000 'java/lang/invoke/LambdaForm$MH+0x0000000100ad1000'
Event: 10.216 Thread 0x0000026eaf0dd1b0 Unloading class 0x0000000100ad0800 'java/lang/invoke/LambdaForm$MH+0x0000000100ad0800'
Event: 10.216 Thread 0x0000026eaf0dd1b0 Unloading class 0x0000000100ad0400 'java/lang/invoke/LambdaForm$MH+0x0000000100ad0400'
Event: 10.216 Thread 0x0000026eaf0dd1b0 Unloading class 0x0000000100ac0000 'java/lang/invoke/LambdaForm$DMH+0x0000000100ac0000'
Event: 14.848 Thread 0x0000026eaf0dd1b0 Unloading class 0x0000000100e98000 'java/lang/invoke/LambdaForm$DMH+0x0000000100e98000'

Classes redefined (0 events):
No events

Internal exceptions (20 events):
Event: 13.208 Thread 0x0000026eb8d97820 Exception <a 'sun/nio/fs/WindowsException'{0x000000008c9c1d48}> (0x000000008c9c1d48) 
thrown [s\src\hotspot\share\prims\jni.cpp, line 535]
Event: 13.210 Thread 0x0000026eb8d97820 Exception <a 'sun/nio/fs/WindowsException'{0x000000008c9cf548}> (0x000000008c9cf548) 
thrown [s\src\hotspot\share\prims\jni.cpp, line 535]
Event: 13.212 Thread 0x0000026eb8d97820 Exception <a 'sun/nio/fs/WindowsException'{0x000000008c9d9b90}> (0x000000008c9d9b90) 
thrown [s\src\hotspot\share\prims\jni.cpp, line 535]
Event: 13.213 Thread 0x0000026eb8d97820 Exception <a 'sun/nio/fs/WindowsException'{0x000000008c9dd838}> (0x000000008c9dd838) 
thrown [s\src\hotspot\share\prims\jni.cpp, line 535]
Event: 13.214 Thread 0x0000026eb8d97820 Exception <a 'sun/nio/fs/WindowsException'{0x000000008c565d90}> (0x000000008c565d90) 
thrown [s\src\hotspot\share\prims\jni.cpp, line 535]
Event: 13.215 Thread 0x0000026eb8d97820 Exception <a 'sun/nio/fs/WindowsException'{0x000000008c56e2d8}> (0x000000008c56e2d8) 
thrown [s\src\hotspot\share\prims\jni.cpp, line 535]
Event: 13.217 Thread 0x0000026eb8d97820 Exception <a 'sun/nio/fs/WindowsException'{0x000000008c575e58}> (0x000000008c575e58) 
thrown [s\src\hotspot\share\prims\jni.cpp, line 535]
Event: 13.218 Thread 0x0000026ebe5865b0 Exception <a 'java/lang/IncompatibleClassChangeError'{0x000000008c407458}: Found class java.lang.Object, but interface was expected> (0x000000008c407458) 
thrown [s\src\hotspot\share\interpreter\linkResolver.cpp, line 851]
Event: 13.218 Thread 0x0000026eb8d97820 Exception <a 'sun/nio/fs/WindowsException'{0x000000008c57ee90}> (0x000000008c57ee90) 
thrown [s\src\hotspot\share\prims\jni.cpp, line 535]
Event: 13.219 Thread 0x0000026eb8d97820 Exception <a 'sun/nio/fs/WindowsException'{0x000000008c587de0}> (0x000000008c587de0) 
thrown [s\src\hotspot\share\prims\jni.cpp, line 535]
Event: 13.221 Thread 0x0000026eb8d97820 Exception <a 'sun/nio/fs/WindowsException'{0x000000008c58faa8}> (0x000000008c58faa8) 
thrown [s\src\hotspot\share\prims\jni.cpp, line 535]
Event: 13.222 Thread 0x0000026eb8d97820 Exception <a 'sun/nio/fs/WindowsException'{0x000000008c5986d8}> (0x000000008c5986d8) 
thrown [s\src\hotspot\share\prims\jni.cpp, line 535]
Event: 13.223 Thread 0x0000026eb8d97820 Exception <a 'sun/nio/fs/WindowsException'{0x000000008c5a1180}> (0x000000008c5a1180) 
thrown [s\src\hotspot\share\prims\jni.cpp, line 535]
Event: 13.225 Thread 0x0000026eb8d97820 Exception <a 'sun/nio/fs/WindowsException'{0x000000008c5a9000}> (0x000000008c5a9000) 
thrown [s\src\hotspot\share\prims\jni.cpp, line 535]
Event: 13.226 Thread 0x0000026eb8d97820 Exception <a 'sun/nio/fs/WindowsException'{0x000000008c5b0bb0}> (0x000000008c5b0bb0) 
thrown [s\src\hotspot\share\prims\jni.cpp, line 535]
Event: 13.227 Thread 0x0000026eb8d97820 Exception <a 'sun/nio/fs/WindowsException'{0x000000008c29cd88}> (0x000000008c29cd88) 
thrown [s\src\hotspot\share\prims\jni.cpp, line 535]
Event: 13.366 Thread 0x0000026ebe581d80 Exception <a 'java/lang/NoSuchMethodError'{0x00000000ff610e50}: 'long java.lang.invoke.DirectMethodHandle$Holder.invokeStatic(java.lang.Object, java.lang.Object, java.lang.Object)'> (0x00000000ff610e50) 
thrown [s\src\hotspot\share\interpreter\linkResolver.cpp, line 784]
Event: 13.366 Thread 0x0000026ebe5865b0 Exception <a 'java/lang/NoSuchMethodError'{0x00000000ff524138}: 'long java.lang.invoke.DirectMethodHandle$Holder.invokeStatic(java.lang.Object, java.lang.Object, java.lang.Object)'> (0x00000000ff524138) 
thrown [s\src\hotspot\share\interpreter\linkResolver.cpp, line 784]
Event: 13.386 Thread 0x0000026ebe581d80 Exception <a 'java/lang/IncompatibleClassChangeError'{0x00000000febdc628}: Found class java.lang.Object, but interface was expected> (0x00000000febdc628) 
thrown [s\src\hotspot\share\interpreter\linkResolver.cpp, line 851]
Event: 13.386 Thread 0x0000026ebe581d80 Exception <a 'java/lang/IncompatibleClassChangeError'{0x0000000097110fe0}: Found class java.lang.Object, but interface was expected> (0x0000000097110fe0) 
thrown [s\src\hotspot\share\interpreter\linkResolver.cpp, line 851]

ZGC Phase Switch (0 events):
No events

VM Operations (20 events):
Event: 13.672 Executing VM operation: G1PauseCleanup done
Event: 13.890 Executing VM operation: G1CollectForAllocation (G1 Evacuation Pause)
Event: 14.030 Executing VM operation: G1CollectForAllocation (G1 Evacuation Pause) done
Event: 14.088 Executing VM operation: HandshakeAllThreads (Deoptimize)
Event: 14.088 Executing VM operation: HandshakeAllThreads (Deoptimize) done
Event: 14.307 Executing VM operation: ICBufferFull
Event: 14.307 Executing VM operation: ICBufferFull done
Event: 14.353 Executing VM operation: HandshakeAllThreads (Deoptimize)
Event: 14.353 Executing VM operation: HandshakeAllThreads (Deoptimize) done
Event: 14.388 Executing VM operation: HandshakeAllThreads (Deoptimize)
Event: 14.405 Executing VM operation: HandshakeAllThreads (Deoptimize) done
Event: 14.428 Executing VM operation: G1CollectForAllocation (G1 Evacuation Pause)
Event: 14.486 Executing VM operation: G1CollectForAllocation (G1 Evacuation Pause) done
Event: 14.631 Executing VM operation: G1CollectForAllocation (G1 Evacuation Pause)
Event: 14.661 Executing VM operation: G1CollectForAllocation (G1 Evacuation Pause) done
Event: 14.847 Executing VM operation: G1PauseRemark
Event: 14.868 Executing VM operation: G1PauseRemark done
Event: 14.928 Executing VM operation: HandshakeAllThreads (Deoptimize)
Event: 14.928 Executing VM operation: HandshakeAllThreads (Deoptimize) done
Event: 14.940 Executing VM operation: G1CollectForAllocation (G1 Evacuation Pause)

Memory protections (0 events):
No events

Nmethod flushes (20 events):
Event: 14.865 Thread 0x0000026eaf0dd1b0 flushing  nmethod 0x0000026e9bafd910
Event: 14.865 Thread 0x0000026eaf0dd1b0 flushing  nmethod 0x0000026e9baff310
Event: 14.865 Thread 0x0000026eaf0dd1b0 flushing  nmethod 0x0000026e9baffa90
Event: 14.865 Thread 0x0000026eaf0dd1b0 flushing  nmethod 0x0000026e9bc78610
Event: 14.865 Thread 0x0000026eaf0dd1b0 flushing  nmethod 0x0000026e9bc78c10
Event: 14.865 Thread 0x0000026eaf0dd1b0 flushing  nmethod 0x0000026e9bc79510
Event: 14.865 Thread 0x0000026eaf0dd1b0 flushing  nmethod 0x0000026e9bc7a390
Event: 14.865 Thread 0x0000026eaf0dd1b0 flushing  nmethod 0x0000026e9bc7c010
Event: 14.865 Thread 0x0000026eaf0dd1b0 flushing  nmethod 0x0000026e9bc7cc90
Event: 14.865 Thread 0x0000026eaf0dd1b0 flushing  nmethod 0x0000026e9bc7d090
Event: 14.865 Thread 0x0000026eaf0dd1b0 flushing  nmethod 0x0000026e9bc7de90
Event: 14.865 Thread 0x0000026eaf0dd1b0 flushing  nmethod 0x0000026e9bd2fe10
Event: 14.865 Thread 0x0000026eaf0dd1b0 flushing  nmethod 0x0000026e9be2cd10
Event: 14.865 Thread 0x0000026eaf0dd1b0 flushing  nmethod 0x0000026e9be34690
Event: 14.865 Thread 0x0000026eaf0dd1b0 flushing  nmethod 0x0000026e9be34d90
Event: 14.865 Thread 0x0000026eaf0dd1b0 flushing  nmethod 0x0000026e9bf75e90
Event: 14.865 Thread 0x0000026eaf0dd1b0 flushing  nmethod 0x0000026e9bf76210
Event: 14.865 Thread 0x0000026eaf0dd1b0 flushing  nmethod 0x0000026e9bfac090
Event: 14.865 Thread 0x0000026eaf0dd1b0 flushing osr nmethod 0x0000026e9c052510
Event: 14.865 Thread 0x0000026eaf0dd1b0 flushing  nmethod 0x0000026e9c071290

Events (20 events):
Event: 12.911 Thread 0x0000026eb575a7d0 Thread added: 0x0000026ebe582410
Event: 13.021 Thread 0x0000026eb575a7d0 Thread added: 0x0000026ebe583130
Event: 13.021 Thread 0x0000026eb575a7d0 Thread added: 0x0000026ebe581060
Event: 13.215 Thread 0x0000026eb5759ab0 Thread added: 0x0000026ebe5865b0
Event: 13.216 Thread 0x0000026ebe5865b0 Thread added: 0x0000026ebe581d80
Event: 13.216 Thread 0x0000026ebe581d80 Thread added: 0x0000026ebe585f20
Event: 13.217 Thread 0x0000026ebe585f20 Thread added: 0x0000026ebe5872d0
Event: 13.217 Thread 0x0000026ebe5872d0 Thread added: 0x0000026ebe587960
Event: 13.217 Thread 0x0000026ebe587960 Thread added: 0x0000026ebe587ff0
Event: 13.218 Thread 0x0000026ebe587ff0 Thread added: 0x0000026ebe583e50
Event: 13.219 Thread 0x0000026ebe583e50 Thread added: 0x0000026ebe588680
Event: 13.815 Thread 0x0000026eb575e970 Thread added: 0x0000026eb41e77d0
Event: 13.815 Thread 0x0000026eb575e970 Thread added: 0x0000026eb41e8b80
Event: 13.826 Thread 0x0000026eb41e8b80 Thread added: 0x0000026eb41e9f30
Event: 13.826 Thread 0x0000026eb41e77d0 Thread added: 0x0000026eb41e5700
Event: 13.829 Thread 0x0000026eb41e5700 Thread added: 0x0000026eb41ecd20
Event: 13.831 Thread 0x0000026eb41e9f30 Thread added: 0x0000026eb41e9210
Event: 13.831 Thread 0x0000026eb41ecd20 Thread added: 0x0000026eb71c6070
Event: 13.833 Thread 0x0000026eb41e9210 Thread added: 0x0000026eb91b3d30
Event: 14.039 Thread 0x0000026eb91ae150 Thread exited: 0x0000026eb91ae150


Dynamic libraries:
0x00007ff70da70000 - 0x00007ff70da7a000 	C:\Program Files\Android\Android Studio1\jbr\bin\java.exe
0x00007ffa76570000 - 0x00007ffa76768000 	C:\Windows\SYSTEM32\ntdll.dll
0x00007ffa76430000 - 0x00007ffa764f2000 	C:\Windows\System32\KERNEL32.DLL
0x00007ffa73e60000 - 0x00007ffa74156000 	C:\Windows\System32\KERNELBASE.dll
0x00007ffa74460000 - 0x00007ffa74560000 	C:\Windows\System32\ucrtbase.dll
0x00007ffa58080000 - 0x00007ffa5809b000 	C:\Program Files\Android\Android Studio1\jbr\bin\VCRUNTIME140.dll
0x00007ffa6eb60000 - 0x00007ffa6eb78000 	C:\Program Files\Android\Android Studio1\jbr\bin\jli.dll
0x00007ffa761d0000 - 0x00007ffa7636d000 	C:\Windows\System32\USER32.dll
0x00007ffa620a0000 - 0x00007ffa6233a000 	C:\Windows\WinSxS\amd64_microsoft.windows.common-controls_6595b64144ccf1df_6.0.19041.5915_none_60b4b9d171f9c7c7\COMCTL32.dll
0x00007ffa73bd0000 - 0x00007ffa73bf2000 	C:\Windows\System32\win32u.dll
0x00007ffa74a70000 - 0x00007ffa74b0e000 	C:\Windows\System32\msvcrt.dll
0x00007ffa761a0000 - 0x00007ffa761cb000 	C:\Windows\System32\GDI32.dll
0x00007ffa74210000 - 0x00007ffa74329000 	C:\Windows\System32\gdi32full.dll
0x00007ffa74330000 - 0x00007ffa743cd000 	C:\Windows\System32\msvcp_win.dll
0x00007ffa74bf0000 - 0x00007ffa74c1f000 	C:\Windows\System32\IMM32.DLL
0x00007ffa628a0000 - 0x00007ffa628ac000 	C:\Program Files\Android\Android Studio1\jbr\bin\vcruntime140_1.dll
0x00007ffa42330000 - 0x00007ffa423bd000 	C:\Program Files\Android\Android Studio1\jbr\bin\msvcp140.dll
0x00007ffa2ec40000 - 0x00007ffa2f8ca000 	C:\Program Files\Android\Android Studio1\jbr\bin\server\jvm.dll
0x00007ffa76370000 - 0x00007ffa76421000 	C:\Windows\System32\ADVAPI32.dll
0x00007ffa75690000 - 0x00007ffa7572f000 	C:\Windows\System32\sechost.dll
0x00007ffa76010000 - 0x00007ffa76133000 	C:\Windows\System32\RPCRT4.dll
0x00007ffa74160000 - 0x00007ffa74187000 	C:\Windows\System32\bcrypt.dll
0x00007ffa75620000 - 0x00007ffa7568b000 	C:\Windows\System32\WS2_32.dll
0x00007ffa73160000 - 0x00007ffa731ab000 	C:\Windows\SYSTEM32\POWRPROF.dll
0x00007ffa6ded0000 - 0x00007ffa6deda000 	C:\Windows\SYSTEM32\VERSION.dll
0x00007ffa68da0000 - 0x00007ffa68dc7000 	C:\Windows\SYSTEM32\WINMM.dll
0x00007ffa72fd0000 - 0x00007ffa72fe2000 	C:\Windows\SYSTEM32\UMPDC.dll
0x00007ffa723f0000 - 0x00007ffa72402000 	C:\Windows\SYSTEM32\kernel.appcore.dll
0x00007ffa58030000 - 0x00007ffa5803a000 	C:\Program Files\Android\Android Studio1\jbr\bin\jimage.dll
0x00007ffa720d0000 - 0x00007ffa722d1000 	C:\Windows\SYSTEM32\DBGHELP.DLL
0x00007ffa58150000 - 0x00007ffa58184000 	C:\Windows\SYSTEM32\dbgcore.DLL
0x00007ffa743d0000 - 0x00007ffa74452000 	C:\Windows\System32\bcryptPrimitives.dll
0x00007ffa4a790000 - 0x00007ffa4a79e000 	C:\Program Files\Android\Android Studio1\jbr\bin\instrument.dll
0x00007ffa51960000 - 0x00007ffa51980000 	C:\Program Files\Android\Android Studio1\jbr\bin\java.dll
0x00007ffa4b010000 - 0x00007ffa4b028000 	C:\Program Files\Android\Android Studio1\jbr\bin\zip.dll
0x00007ffa74c20000 - 0x00007ffa7538e000 	C:\Windows\System32\SHELL32.dll
0x00007ffa71850000 - 0x00007ffa71ff4000 	C:\Windows\SYSTEM32\windows.storage.dll
0x00007ffa74690000 - 0x00007ffa749e3000 	C:\Windows\System32\combase.dll
0x00007ffa73600000 - 0x00007ffa7362b000 	C:\Windows\SYSTEM32\Wldp.dll
0x00007ffa74b20000 - 0x00007ffa74bed000 	C:\Windows\System32\OLEAUT32.dll
0x00007ffa75e20000 - 0x00007ffa75ecd000 	C:\Windows\System32\SHCORE.dll
0x00007ffa75dc0000 - 0x00007ffa75e1b000 	C:\Windows\System32\shlwapi.dll
0x00007ffa73b00000 - 0x00007ffa73b25000 	C:\Windows\SYSTEM32\profapi.dll
0x00007ffa57f70000 - 0x00007ffa57f80000 	C:\Program Files\Android\Android Studio1\jbr\bin\net.dll
0x00007ffa6fe40000 - 0x00007ffa6ff4a000 	C:\Windows\SYSTEM32\WINHTTP.dll
0x00007ffa73360000 - 0x00007ffa733ca000 	C:\Windows\system32\mswsock.dll
0x00007ffa4aff0000 - 0x00007ffa4b006000 	C:\Program Files\Android\Android Studio1\jbr\bin\nio.dll
0x00007ffa51950000 - 0x00007ffa51960000 	C:\Program Files\Android\Android Studio1\jbr\bin\verify.dll
0x00007ffa54270000 - 0x00007ffa54297000 	C:\Users\77012\.gradle\native\c067742578af261105cb4f569cf0c3c89f3d7b1fecec35dd04571415982c5e48\windows-amd64\native-platform.dll
0x00007ffa34270000 - 0x00007ffa343b4000 	C:\Users\77012\.gradle\native\100fb08df4bc3b14c8652ba06237920a3bd2aa13389f12d3474272988ae205f9\windows-amd64\native-platform-file-events.dll
0x00007ffa54250000 - 0x00007ffa54259000 	C:\Program Files\Android\Android Studio1\jbr\bin\management.dll
0x00007ffa51e90000 - 0x00007ffa51e9b000 	C:\Program Files\Android\Android Studio1\jbr\bin\management_ext.dll
0x00007ffa75ff0000 - 0x00007ffa75ff8000 	C:\Windows\System32\PSAPI.DLL
0x00007ffa73550000 - 0x00007ffa73568000 	C:\Windows\SYSTEM32\CRYPTSP.dll
0x00007ffa72c10000 - 0x00007ffa72c48000 	C:\Windows\system32\rsaenh.dll
0x00007ffa73a80000 - 0x00007ffa73aae000 	C:\Windows\SYSTEM32\USERENV.dll
0x00007ffa73570000 - 0x00007ffa7357c000 	C:\Windows\SYSTEM32\CRYPTBASE.dll
0x00007ffa72ff0000 - 0x00007ffa7302b000 	C:\Windows\SYSTEM32\IPHLPAPI.DLL
0x00007ffa76000000 - 0x00007ffa76008000 	C:\Windows\System32\NSI.dll
0x00007ffa56cb0000 - 0x00007ffa56cb9000 	C:\Program Files\Android\Android Studio1\jbr\bin\extnet.dll
0x00007ff9f87d0000 - 0x00007ff9f87d7000 	C:\Windows\system32\wshunix.dll
0x00007ffa72e60000 - 0x00007ffa72e93000 	C:\Windows\SYSTEM32\ntmarta.dll

dbghelp: loaded successfully - version: 4.0.5 - missing functions: none
symbol engine: initialized successfully - sym options: 0x614 - pdb path: .;C:\Program Files\Android\Android Studio1\jbr\bin;C:\Windows\SYSTEM32;C:\Windows\WinSxS\amd64_microsoft.windows.common-controls_6595b64144ccf1df_6.0.19041.5915_none_60b4b9d171f9c7c7;C:\Program Files\Android\Android Studio1\jbr\bin\server;C:\Users\77012\.gradle\native\c067742578af261105cb4f569cf0c3c89f3d7b1fecec35dd04571415982c5e48\windows-amd64;C:\Users\77012\.gradle\native\100fb08df4bc3b14c8652ba06237920a3bd2aa13389f12d3474272988ae205f9\windows-amd64

VM Arguments:
jvm_args: --add-opens=java.base/java.lang=ALL-UNNAMED --add-opens=java.base/java.lang.invoke=ALL-UNNAMED --add-opens=java.base/java.util=ALL-UNNAMED --add-opens=java.prefs/java.util.prefs=ALL-UNNAMED --add-exports=jdk.compiler/com.sun.tools.javac.api=ALL-UNNAMED --add-exports=jdk.compiler/com.sun.tools.javac.util=ALL-UNNAMED --add-opens=java.base/java.util=ALL-UNNAMED --add-opens=java.prefs/java.util.prefs=ALL-UNNAMED --add-opens=java.base/java.nio.charset=ALL-UNNAMED --add-opens=java.base/java.net=ALL-UNNAMED --add-opens=java.base/java.util.concurrent.atomic=ALL-UNNAMED --add-opens=java.xml/javax.xml.namespace=ALL-UNNAMED -Xmx2048m -Dfile.encoding=UTF-8 -Duser.country=RU -Duser.language=ru -Duser.variant -javaagent:C:\Users\77012\.gradle\wrapper\dists\gradle-8.11.1-bin\bpt9gzteqjrbo1mjrsomdt32c\gradle-8.11.1\lib\agents\gradle-instrumentation-agent-8.11.1.jar 
java_command: org.gradle.launcher.daemon.bootstrap.GradleDaemon 8.11.1
java_class_path (initial): C:\Users\77012\.gradle\wrapper\dists\gradle-8.11.1-bin\bpt9gzteqjrbo1mjrsomdt32c\gradle-8.11.1\lib\gradle-daemon-main-8.11.1.jar
Launcher Type: SUN_STANDARD

[Global flags]
     intx CICompilerCount                          = 4                                         {product} {ergonomic}
     uint ConcGCThreads                            = 2                                         {product} {ergonomic}
     uint G1ConcRefinementThreads                  = 8                                         {product} {ergonomic}
   size_t G1HeapRegionSize                         = 1048576                                   {product} {ergonomic}
    uintx GCDrainStackTargetSize                   = 64                                        {product} {ergonomic}
   size_t InitialHeapSize                          = 130023424                                 {product} {ergonomic}
   size_t MarkStackSize                            = 4194304                                   {product} {ergonomic}
   size_t MaxHeapSize                              = 2147483648                                {product} {command line}
   size_t MaxNewSize                               = 1287651328                                {product} {ergonomic}
   size_t MinHeapDeltaBytes                        = 1048576                                   {product} {ergonomic}
   size_t MinHeapSize                              = 8388608                                   {product} {ergonomic}
    uintx NonNMethodCodeHeapSize                   = 5839372                                {pd product} {ergonomic}
    uintx NonProfiledCodeHeapSize                  = 122909434                              {pd product} {ergonomic}
    uintx ProfiledCodeHeapSize                     = 122909434                              {pd product} {ergonomic}
    uintx ReservedCodeCacheSize                    = 251658240                              {pd product} {ergonomic}
     bool SegmentedCodeCache                       = true                                      {product} {ergonomic}
   size_t SoftMaxHeapSize                          = 2147483648                             {manageable} {ergonomic}
     bool UseCompressedOops                        = true                           {product lp64_product} {ergonomic}
     bool UseG1GC                                  = true                                      {product} {ergonomic}
     bool UseLargePagesIndividualAllocation        = false                                  {pd product} {ergonomic}

Logging:
Log output configuration:
 #0: stdout all=warning uptime,level,tags foldmultilines=false
 #1: stderr all=off uptime,level,tags foldmultilines=false

Environment Variables:
JAVA_HOME=C:\Program Files\Java\jdk-21
PATH=C:\Program Files\Eclipse Adoptium\jdk-11.0.20.8-hotspot\bin;C:\Program Files\Common Files\Oracle\Java\javapath;C:\Windows\system32;C:\Windows;C:\Windows\System32\Wbem;C:\Windows\System32\WindowsPowerShell\v1.0\;C:\Windows\System32\OpenSSH\;C:\Program Files\Gemalto\Classic Client\BIN;C:\Program Files (x86)\Gemalto\Classic Client\BIN;C:\Program Files (x86)\IDEMIA\AWP\Dlls;C:\Program Files\IDEMIA\AWP\Dlls;C:\Program Files (x86)\eParaksts Token Signing\;C:\Program Files\Java\jdk-21\bin;C:\Program Files\Git\cmd;C:\Users\77012\AppData\Local\Microsoft\WindowsApps;C:\Users\77012\AppData\Local\JetBrains\Toolbox\scripts;
USERNAME=77012
OS=Windows_NT
PROCESSOR_IDENTIFIER=Intel64 Family 6 Model 140 Stepping 1, GenuineIntel
TMP=C:\Users\77012\AppData\Local\Temp
TEMP=C:\Users\77012\AppData\Local\Temp




Periodic native trim disabled

JNI global refs:
JNI global refs: 30, weak refs: 132

JNI global refs memory usage: 835, weak refs: 2097

Process memory usage:
Resident Set Size: 592888K (7% of 8060060K total physical memory with 136172K free physical memory)

OOME stack traces (most recent first):
Classloader memory used:
Loader org.gradle.internal.classloader.VisitableURLClassLoader                         : 35777K
Loader org.gradle.internal.classloader.VisitableURLClassLoader$InstrumentingVisitableURLClassLoader: 33363K
Loader bootstrap                                                                       : 30378K
Loader org.gradle.initialization.MixInLegacyTypesClassLoader                           : 9182K
Loader jdk.internal.reflect.DelegatingClassLoader                                      : 1395K
Loader jdk.internal.loader.ClassLoaders$PlatformClassLoader                            : 556K
Loader jdk.internal.loader.ClassLoaders$AppClassLoader                                 : 232K
Loader sun.reflect.misc.MethodUtil                                                     : 2952B

Classes loaded by more than one classloader:
Class com.google.common.io.LineReader                                                 : loaded 2 times (x 68B)
Class com.google.common.base.PairwiseEquivalence                                      : loaded 2 times (x 79B)
Class com.google.common.base.Equivalence$Identity                                     : loaded 2 times (x 78B)
Class com.google.common.collect.RegularImmutableMap$KeySet                            : loaded 2 times (x 146B)
Class org.gradle.internal.classloader.FilteringClassLoader                            : loaded 2 times (x 101B)
Class [Lcom.google.common.collect.MapMakerInternalMap$Segment;                        : loaded 2 times (x 65B)
Class com.google.common.io.FileWriteMode                                              : loaded 2 times (x 75B)
Class [Lcom.google.common.base.AbstractIterator$State;                                : loaded 2 times (x 65B)
Class com.google.common.base.CharMatcher$IsEither                                     : loaded 2 times (x 107B)
Class org.gradle.internal.classloader.ClassLoaderHierarchy                            : loaded 2 times (x 66B)
Class com.google.common.collect.ImmutableEnumSet                                      : loaded 2 times (x 142B)
Class com.google.common.util.concurrent.ExecutionError                                : loaded 2 times (x 78B)
Class com.google.common.collect.ImmutableList$1                                       : loaded 2 times (x 93B)
Class com.google.common.collect.AbstractMapBasedMultimap$WrappedCollection            : loaded 2 times (x 120B)
Class org.gradle.api.internal.classpath.ManifestUtil                                  : loaded 2 times (x 67B)
Class com.google.common.collect.RegularImmutableMap                                   : loaded 2 times (x 117B)
Class com.google.common.collect.ImmutableMap$MapViewOfValuesAsSingletonSets           : loaded 2 times (x 121B)
Class com.google.common.reflect.TypeCapture                                           : loaded 2 times (x 67B)
Class com.google.common.collect.TransformedListIterator                               : loaded 2 times (x 89B)
Class com.google.common.collect.UnmodifiableListIterator                              : loaded 2 times (x 91B)
Class com.google.common.collect.MapMakerInternalMap$StrongKeyDummyValueEntry$LinkedStrongKeyDummyValueEntry: loaded 2 times (x 78B)
Class com.google.common.collect.MapMakerInternalMap$Strength                          : loaded 2 times (x 76B)
Class com.google.common.base.Platform$JdkPatternCompiler                              : loaded 2 times (x 71B)
Class [Lcom.google.common.cache.CacheBuilder$OneWeigher;                              : loaded 2 times (x 65B)
Class com.google.common.base.Suppliers                                                : loaded 2 times (x 67B)
Class org.gradle.internal.classloader.DefaultClassLoaderFactory                       : loaded 2 times (x 78B)
Class [Lcom.google.common.collect.AbstractIterator$State;                             : loaded 2 times (x 65B)
Class com.google.common.base.CharMatcher$None                                         : loaded 2 times (x 108B)
Class org.gradle.internal.classloader.ClassLoaderVisitor                              : loaded 2 times (x 72B)
Class [Lcom.google.common.collect.ImmutableMapEntry;                                  : loaded 2 times (x 65B)
Class org.gradle.api.internal.classpath.EffectiveClassPath                            : loaded 2 times (x 86B)
Class com.google.common.collect.AbstractIterator$1                                    : loaded 2 times (x 67B)
Class com.google.common.collect.ImmutableRangeSet                                     : loaded 2 times (x 111B)
Class com.google.common.collect.ImmutableEnumMap                                      : loaded 2 times (x 121B)
Class com.google.common.collect.ListMultimap                                          : loaded 2 times (x 66B)
Class com.google.common.collect.Iterators$EmptyModifiableIterator                     : loaded 2 times (x 82B)
Class com.google.common.collect.Sets$1                                                : loaded 2 times (x 135B)
Class com.google.common.base.Splitter                                                 : loaded 2 times (x 68B)
Class org.gradle.api.internal.DefaultClassPathProvider                                : loaded 2 times (x 72B)
Class com.google.common.collect.MapMakerInternalMap$Strength$1                        : loaded 2 times (x 76B)
Class org.apache.commons.io.FilenameUtils                                             : loaded 2 times (x 67B)
Class com.google.common.collect.Sets$2                                                : loaded 2 times (x 135B)
Class com.google.common.collect.Maps$ViewCachingAbstractMap                           : loaded 2 times (x 121B)
Class [Lorg.gradle.api.internal.ClassPathProvider;                                    : loaded 2 times (x 65B)
Class org.gradle.api.internal.ClassPathProvider                                       : loaded 2 times (x 66B)
Class com.google.common.collect.MapMakerInternalMap$Strength$2                        : loaded 2 times (x 76B)
Class com.google.common.reflect.Types$ClassOwnership$1                                : loaded 2 times (x 76B)
Class com.google.common.collect.Sets$3                                                : loaded 2 times (x 135B)
Class com.google.common.base.AbstractIterator$State                                   : loaded 2 times (x 75B)
Class com.google.common.util.concurrent.AbstractFuture$SafeAtomicHelper               : loaded 2 times (x 75B)
Class com.google.common.cache.LocalCache$LocalLoadingCache                            : loaded 2 times (x 130B)
Class org.gradle.internal.service.UnknownServiceException                             : loaded 2 times (x 79B)
Class com.google.common.collect.MapMakerInternalMap$StrongValueEntry                  : loaded 2 times (x 66B)
Class com.google.common.reflect.Types$ClassOwnership$2                                : loaded 2 times (x 76B)
Class com.google.common.reflect.TypeResolver                                          : loaded 2 times (x 68B)
Class com.google.common.collect.Sets$4                                                : loaded 2 times (x 135B)
Class com.google.common.cache.LocalCache$Strength$1                                   : loaded 2 times (x 77B)
Class com.google.common.reflect.Types$ClassOwnership$3                                : loaded 2 times (x 67B)
Class com.google.common.util.concurrent.SettableFuture                                : loaded 2 times (x 110B)
Class com.google.common.cache.LocalCache$Strength$2                                   : loaded 2 times (x 77B)
Class com.google.common.collect.Interners$InternerImpl                                : loaded 2 times (x 71B)
Class com.google.common.collect.Interner                                              : loaded 2 times (x 66B)
Class com.google.common.collect.TransformedIterator                                   : loaded 2 times (x 76B)
Class com.google.common.base.Splitter$1                                               : loaded 2 times (x 73B)
Class com.google.common.cache.LocalCache$Strength$3                                   : loaded 2 times (x 77B)
Class com.google.common.collect.MapDifference                                         : loaded 2 times (x 66B)
Class com.google.common.collect.MapMaker$Dummy                                        : loaded 2 times (x 75B)
Class com.google.common.reflect.Invokable                                             : loaded 2 times (x 99B)
Class com.google.common.cache.CacheBuilder$NullListener                               : loaded 2 times (x 78B)
Class org.gradle.internal.classpath.TransformedClassPath                              : loaded 2 times (x 92B)
Class org.gradle.internal.classloader.InstrumentingClassLoader                        : loaded 2 times (x 66B)
Class com.google.common.collect.ImmutableListMultimap                                 : loaded 2 times (x 172B)
Class com.google.common.reflect.Types$ParameterizedTypeImpl                           : loaded 2 times (x 77B)
Class com.google.common.collect.ImmutableRangeSet$AsSet                               : loaded 2 times (x 295B)
Class com.google.common.collect.ImmutableCollection$Builder                           : loaded 2 times (x 72B)
Class com.google.common.collect.Iterators$ArrayItr                                    : loaded 2 times (x 93B)
Class com.google.common.cache.CacheLoader$FunctionToCacheLoader                       : loaded 2 times (x 71B)
Class com.google.common.collect.EmptyImmutableListMultimap                            : loaded 2 times (x 172B)
Class com.google.common.collect.BaseImmutableMultimap                                 : loaded 2 times (x 119B)
Class com.google.common.reflect.TypeResolver$TypeVariableKey                          : loaded 2 times (x 68B)
Class com.google.common.base.Joiner                                                   : loaded 2 times (x 75B)
Class com.google.common.base.MoreObjects                                              : loaded 2 times (x 67B)
Class com.google.common.collect.Platform                                              : loaded 2 times (x 67B)
Class com.google.common.collect.UnmodifiableIterator                                  : loaded 2 times (x 76B)
Class org.gradle.internal.service.ServiceLocator                                      : loaded 2 times (x 66B)
Class com.google.common.base.Ascii                                                    : loaded 2 times (x 67B)
Class com.google.common.collect.SingletonImmutableBiMap                               : loaded 2 times (x 139B)
Class org.apache.commons.io.FileExistsException                                       : loaded 2 times (x 78B)
Class com.google.common.cache.LocalCache$1                                            : loaded 2 times (x 85B)
Class com.google.common.collect.AbstractMapEntry                                      : loaded 2 times (x 77B)
Class com.google.common.collect.MapMakerInternalMap$AbstractStrongKeyEntry            : loaded 2 times (x 76B)
Class com.google.common.reflect.TypeToken$SimpleTypeToken                             : loaded 2 times (x 69B)
Class com.google.common.collect.ImmutableList$Builder                                 : loaded 2 times (x 73B)
Class com.google.common.collect.Sets$ImprovedAbstractSet                              : loaded 2 times (x 131B)
Class com.google.common.cache.LocalCache$2                                            : loaded 2 times (x 138B)
Class com.google.common.collect.AbstractMultimap                                      : loaded 2 times (x 119B)
Class com.google.common.collect.ImmutableRangeSet$1                                   : loaded 2 times (x 205B)
Class com.google.common.util.concurrent.AbstractFuture$UnsafeAtomicHelper$1           : loaded 2 times (x 72B)
Class com.google.common.collect.RegularImmutableAsList                                : loaded 2 times (x 212B)
Class com.google.common.base.Optional                                                 : loaded 2 times (x 76B)
Class com.google.common.collect.Range                                                 : loaded 2 times (x 83B)
Class com.google.common.collect.Iterators                                             : loaded 2 times (x 67B)
Class com.google.common.base.CharMatcher$RangesMatcher                                : loaded 2 times (x 108B)
Class com.google.common.util.concurrent.AbstractFuture$Trusted                        : loaded 2 times (x 66B)
Class com.google.common.collect.Lists$StringAsImmutableList                           : loaded 2 times (x 203B)
Class com.google.common.io.ByteSink$AsCharSink                                        : loaded 2 times (x 76B)
Class com.google.common.util.concurrent.UncheckedExecutionException                   : loaded 2 times (x 78B)
Class com.google.common.collect.ImmutableSortedSetFauxverideShim                      : loaded 2 times (x 143B)
Class com.google.common.base.CharMatcher$JavaLetterOrDigit                            : loaded 2 times (x 107B)
Class org.gradle.internal.InternalTransformer                                         : loaded 2 times (x 66B)
Class com.google.common.collect.AbstractMapBasedMultimap$KeySet$1                     : loaded 2 times (x 78B)
Class com.google.common.base.CharMatcher$And                                          : loaded 2 times (x 108B)
Class com.google.common.cache.CacheLoader$UnsupportedLoadingOperationException        : loaded 2 times (x 78B)
Class org.gradle.internal.classloader.ClasspathUtil$1                                 : loaded 2 times (x 72B)
Class com.google.common.collect.FluentIterable$1                                      : loaded 2 times (x 77B)
Class com.google.common.base.Objects                                                  : loaded 2 times (x 67B)
Class com.google.common.collect.IndexedImmutableSet                                   : loaded 2 times (x 146B)
Class com.google.common.collect.ImmutableMap$1                                        : loaded 2 times (x 77B)
Class com.google.common.collect.BiMap                                                 : loaded 2 times (x 66B)
Class org.gradle.api.internal.classpath.DefaultModuleRegistry$DefaultModule           : loaded 2 times (x 82B)
Class com.google.common.base.Absent                                                   : loaded 2 times (x 76B)
Class com.google.common.collect.FluentIterable$2                                      : loaded 2 times (x 77B)
Class com.google.common.reflect.Reflection                                            : loaded 2 times (x 67B)
Class com.google.common.primitives.Ints                                               : loaded 2 times (x 67B)
Class com.google.common.collect.AbstractIterator                                      : loaded 2 times (x 78B)
Class com.google.common.collect.FluentIterable$3                                      : loaded 2 times (x 77B)
Class com.google.common.math.MathPreconditions                                        : loaded 2 times (x 67B)
Class com.google.common.collect.ObjectArrays                                          : loaded 2 times (x 67B)
Class com.google.common.collect.AbstractIndexedListIterator                           : loaded 2 times (x 92B)
Class com.google.common.collect.ArrayListMultimapGwtSerializationDependencies         : loaded 2 times (x 168B)
Class com.google.common.collect.Multiset                                              : loaded 2 times (x 66B)
Class com.google.common.collect.ImmutableMapEntrySet                                  : loaded 2 times (x 147B)
Class org.gradle.api.internal.classpath.Module                                        : loaded 2 times (x 66B)
Class com.google.common.cache.Weigher                                                 : loaded 2 times (x 66B)
Class org.gradle.api.internal.classpath.UnknownModuleException                        : loaded 2 times (x 78B)
Class com.google.common.base.Stopwatch                                                : loaded 2 times (x 68B)
Class com.google.common.cache.LocalCache$Strength                                     : loaded 2 times (x 77B)
Class com.google.common.cache.Cache                                                   : loaded 2 times (x 66B)
Class com.google.common.io.AppendableWriter                                           : loaded 2 times (x 96B)
Class org.apache.commons.io.filefilter.IOFileFilter                                   : loaded 2 times (x 66B)
Class com.google.common.io.Files$2                                                    : loaded 2 times (x 72B)
Class com.google.common.base.NullnessCasts                                            : loaded 2 times (x 67B)
Class com.google.common.util.concurrent.AbstractFuture$Cancellation                   : loaded 2 times (x 68B)
Class com.google.common.collect.ImmutableMap$Builder                                  : loaded 2 times (x 78B)
Class com.google.common.base.Present                                                  : loaded 2 times (x 77B)
Class com.google.common.collect.AbstractMapBasedMultimap$WrappedCollection$WrappedIterator: loaded 2 times (x 80B)
Class com.google.common.cache.RemovalListener                                         : loaded 2 times (x 66B)
Class org.gradle.api.internal.DefaultClassPathRegistry                                : loaded 2 times (x 72B)
Class com.google.common.collect.ImmutableMultimap$Keys                                : loaded 2 times (x 162B)
Class com.google.common.primitives.IntsMethodsForWeb                                  : loaded 2 times (x 67B)
Class com.google.common.reflect.Invokable$ConstructorInvokable                        : loaded 2 times (x 103B)
Class com.google.common.collect.Multimap                                              : loaded 2 times (x 66B)
Class org.gradle.api.internal.ClassPathRegistry                                       : loaded 2 times (x 66B)
Class org.gradle.internal.classpath.DefaultClassPath$ImmutableUniqueList              : loaded 2 times (x 195B)
Class com.google.common.collect.MapMakerInternalMap$Segment                           : loaded 2 times (x 138B)
Class com.google.common.base.ExtraObjectsMethodsForWeb                                : loaded 2 times (x 67B)
Class com.google.common.reflect.TypeToken                                             : loaded 2 times (x 69B)
Class com.google.common.io.ByteSink                                                   : loaded 2 times (x 72B)
Class com.google.common.cache.CacheBuilder                                            : loaded 2 times (x 68B)
Class com.google.common.collect.SingletonImmutableList                                : loaded 2 times (x 203B)
Class org.gradle.internal.classpath.ClassPath                                         : loaded 2 times (x 66B)
Class org.gradle.api.UncheckedIOException                                             : loaded 2 times (x 78B)
Class com.google.common.collect.Interners$InternerBuilder                             : loaded 2 times (x 72B)
Class [Lcom.google.common.reflect.Types$JavaVersion;                                  : loaded 2 times (x 65B)
Class com.google.common.io.Files$FileByteSource                                       : loaded 2 times (x 81B)
Class com.google.common.base.JdkPattern                                               : loaded 2 times (x 71B)
Class com.google.common.collect.ImmutableList$ReverseImmutableList                    : loaded 2 times (x 204B)
Class com.google.common.io.CharStreams$NullWriter                                     : loaded 2 times (x 95B)
Class com.google.common.util.concurrent.AbstractFuture$AtomicHelper                   : loaded 2 times (x 74B)
Class com.google.common.collect.Iterators$1                                           : loaded 2 times (x 77B)
Class com.google.common.base.Suppliers$SupplierOfInstance                             : loaded 2 times (x 75B)
Class com.google.common.reflect.TypeToken$1                                           : loaded 2 times (x 106B)
Class com.google.common.cache.LocalCache$ComputingValueReference                      : loaded 2 times (x 92B)
Class com.google.common.collect.ImmutableMap$IteratorBasedImmutableMap                : loaded 2 times (x 121B)
Class com.google.common.collect.SingletonImmutableSet                                 : loaded 2 times (x 142B)
Class com.google.common.reflect.TypeToken$2                                           : loaded 2 times (x 106B)
Class com.google.common.cache.LocalCache$Segment                                      : loaded 2 times (x 150B)
Class com.google.common.collect.SortedIterable                                        : loaded 2 times (x 66B)
Class com.google.common.collect.Iterators$4                                           : loaded 2 times (x 78B)
Class com.google.common.cache.CacheLoader                                             : loaded 2 times (x 70B)
Class com.google.common.collect.ImmutableBiMap                                        : loaded 2 times (x 139B)
Class com.google.common.collect.AbstractListMultimap                                  : loaded 2 times (x 168B)
Class org.gradle.internal.installation.GradleInstallation$1                           : loaded 2 times (x 71B)
Class org.gradle.api.internal.classpath.ModuleRegistry                                : loaded 2 times (x 66B)
Class com.google.common.collect.ImmutableSet$JdkBackedSetBuilderImpl                  : loaded 2 times (x 72B)
Class com.google.common.collect.Iterators$5                                           : loaded 2 times (x 78B)
Class com.google.common.base.Splitter$SplittingIterator                               : loaded 2 times (x 80B)
Class com.google.common.util.concurrent.internal.InternalFutureFailureAccess          : loaded 2 times (x 68B)
Class com.google.common.collect.ImmutableMultimap$Values                              : loaded 2 times (x 122B)
Class com.google.common.io.Closer$SuppressingSuppressor                               : loaded 2 times (x 71B)
Class com.google.common.base.CharMatcher$ForPredicate                                 : loaded 2 times (x 108B)
Class com.google.common.util.concurrent.AbstractFuture$UnsafeAtomicHelper             : loaded 2 times (x 74B)
Class com.google.common.cache.LocalCache$LocalManualCache$1                           : loaded 2 times (x 71B)
Class com.google.common.base.CharMatcher$AnyOf                                        : loaded 2 times (x 108B)
Class com.google.common.collect.ImmutableCollection                                   : loaded 2 times (x 121B)
Class org.gradle.api.internal.classpath.DefaultModuleRegistry                         : loaded 2 times (x 82B)
Class com.google.common.collect.Lists                                                 : loaded 2 times (x 67B)
Class com.google.common.base.CharMatcher$Any                                          : loaded 2 times (x 108B)
Class com.google.common.util.concurrent.ListenableFuture                              : loaded 2 times (x 66B)
Class com.google.common.cache.ReferenceEntry                                          : loaded 2 times (x 66B)
Class com.google.common.base.Converter                                                : loaded 2 times (x 86B)
Class com.google.common.collect.ImmutableSet$CachingAsList                            : loaded 2 times (x 143B)
Class com.google.common.collect.Iterators$9                                           : loaded 2 times (x 77B)
Class com.google.common.util.concurrent.AbstractFuture                                : loaded 2 times (x 102B)
Class com.google.common.base.FunctionalEquivalence                                    : loaded 2 times (x 79B)
Class com.google.common.collect.AbstractMapBasedMultimap                              : loaded 2 times (x 135B)
Class com.google.common.collect.ImmutableAsList                                       : loaded 2 times (x 205B)
Class com.google.common.io.CharStreams                                                : loaded 2 times (x 67B)
Class com.google.common.collect.ImmutableMultiset                                     : loaded 2 times (x 159B)
Class com.google.common.reflect.TypeResolver$TypeTable                                : loaded 2 times (x 69B)
Class com.google.common.cache.CacheLoader$SupplierToCacheLoader                       : loaded 2 times (x 71B)
Class com.google.common.reflect.TypeResolver$TypeTable$1                              : loaded 2 times (x 69B)
Class com.google.common.collect.Maps$EntryTransformer                                 : loaded 2 times (x 66B)
Class org.gradle.internal.service.ServiceLookupException                              : loaded 2 times (x 78B)
Class com.google.common.collect.ImmutableSortedSet                                    : loaded 2 times (x 295B)
Class com.google.common.base.CharMatcher$JavaLetter                                   : loaded 2 times (x 107B)
Class [Lcom.google.common.cache.LocalCache$EntryFactory;                              : loaded 2 times (x 65B)
Class org.gradle.internal.classloader.ClassLoaderFactory                              : loaded 2 times (x 66B)
Class com.google.common.base.CharMatcher$IsNot                                        : loaded 2 times (x 107B)
Class com.google.common.base.CommonPattern                                            : loaded 2 times (x 70B)
Class com.google.common.cache.LocalCache$LocalManualCache                             : loaded 2 times (x 95B)
Class org.gradle.internal.service.CachingServiceLocator                               : loaded 2 times (x 78B)
Class com.google.common.math.IntMath                                                  : loaded 2 times (x 67B)
Class com.google.common.collect.AbstractMapBasedMultimap$KeySet                       : loaded 2 times (x 133B)
Class com.google.common.collect.RegularImmutableSortedSet                             : loaded 2 times (x 295B)
Class com.google.common.collect.MapMakerInternalMap$InternalEntry                     : loaded 2 times (x 66B)
Class com.google.common.reflect.Types$TypeVariableInvocationHandler                   : loaded 2 times (x 71B)
Class com.google.common.collect.Iterators$10                                          : loaded 2 times (x 77B)
Class com.google.common.base.CharMatcher$JavaDigit                                    : loaded 2 times (x 107B)
Class com.google.common.collect.ImmutableMapEntry                                     : loaded 2 times (x 81B)
Class com.google.common.collect.ImmutableMultimap                                     : loaded 2 times (x 143B)
Class com.google.common.base.Equivalence                                              : loaded 2 times (x 78B)
Class com.google.common.collect.ImmutableMapEntry$NonTerminalImmutableMapEntry        : loaded 2 times (x 81B)
Class com.google.common.base.Function                                                 : loaded 2 times (x 66B)
Class com.google.common.cache.CacheBuilder$OneWeigher                                 : loaded 2 times (x 78B)
Class com.google.common.collect.RegularImmutableList                                  : loaded 2 times (x 208B)
Class com.google.common.reflect.Types$ClassOwnership$1LocalClass                      : loaded 2 times (x 67B)
Class com.google.common.collect.ImmutableBiMapFauxverideShim                          : loaded 2 times (x 116B)
Class org.gradle.internal.classloader.ClasspathUtil                                   : loaded 2 times (x 67B)
Class com.google.common.base.Charsets                                                 : loaded 2 times (x 67B)
Class com.google.common.util.concurrent.Uninterruptibles                              : loaded 2 times (x 67B)
Class com.google.common.base.CharMatcher$JavaUpperCase                                : loaded 2 times (x 107B)
Class com.google.common.collect.Maps                                                  : loaded 2 times (x 67B)
Class org.gradle.api.specs.Spec                                                       : loaded 2 times (x 66B)
Class com.google.common.collect.MapMaker                                              : loaded 2 times (x 68B)
Class com.google.common.reflect.Types$JavaVersion                                     : loaded 2 times (x 79B)
Class [Lcom.google.common.collect.ImmutableEntry;                                     : loaded 2 times (x 65B)
Class org.apache.commons.io.file.PathFilter                                           : loaded 2 times (x 66B)
Class com.google.common.cache.LocalCache$LoadingValueReference                        : loaded 2 times (x 92B)
Class com.google.common.collect.MapMakerInternalMap$StrongKeyDummyValueEntry          : loaded 2 times (x 78B)
Class com.google.common.io.LineReader$1                                               : loaded 2 times (x 71B)
Class com.google.common.collect.CollectSpliterators                                   : loaded 2 times (x 67B)
Class com.google.common.reflect.Invokable$MethodInvokable                             : loaded 2 times (x 103B)
Class com.google.common.base.Platform                                                 : loaded 2 times (x 67B)
Class com.google.common.primitives.Ints$IntConverter                                  : loaded 2 times (x 86B)
Class com.google.common.collect.AbstractMapBasedMultimap$WrappedList                  : loaded 2 times (x 201B)
Class com.google.common.collect.Maps$8                                                : loaded 2 times (x 78B)
Class [Lcom.google.common.collect.Iterators$EmptyModifiableIterator;                  : loaded 2 times (x 65B)
Class com.google.common.collect.ImmutableRangeSet$Builder                             : loaded 2 times (x 73B)
Class com.google.common.collect.Sets$SetView                                          : loaded 2 times (x 134B)
Class com.google.common.base.CharMatcher$Invisible                                    : loaded 2 times (x 108B)
Class com.google.common.cache.LocalCache$StrongValueReference                         : loaded 2 times (x 86B)
Class com.google.common.util.concurrent.AbstractFuture$SynchronizedHelper             : loaded 2 times (x 74B)
Class com.google.common.graph.SuccessorsFunction                                      : loaded 2 times (x 66B)
Class org.gradle.internal.classloader.VisitableURLClassLoader$InstrumentingVisitableURLClassLoader: loaded 2 times (x 119B)
Class com.google.common.collect.MapMakerInternalMap$StrongKeyDummyValueEntry$Helper   : loaded 2 times (x 75B)
Class com.google.common.math.IntMath$1                                                : loaded 2 times (x 67B)
Class org.apache.commons.io.FileUtils                                                 : loaded 2 times (x 67B)
Class com.google.common.io.Files$FileByteSink                                         : loaded 2 times (x 73B)
Class [Lcom.google.common.cache.CacheBuilder$NullListener;                            : loaded 2 times (x 65B)
Class org.gradle.internal.classloader.VisitableURLClassLoader$Spec                    : loaded 2 times (x 70B)
Class org.gradle.internal.classpath.DefaultClassPath                                  : loaded 2 times (x 86B)
Class com.google.common.reflect.Types$ClassOwnership                                  : loaded 2 times (x 76B)
Class com.google.common.base.AbstractIterator                                         : loaded 2 times (x 76B)
Class com.google.common.io.Java8Compatibility                                         : loaded 2 times (x 67B)
Class com.google.common.io.Closer                                                     : loaded 2 times (x 74B)
Class com.google.common.base.CharMatcher$BitSetMatcher                                : loaded 2 times (x 108B)
Class com.google.common.base.CharMatcher$Ascii                                        : loaded 2 times (x 108B)
Class com.google.common.collect.RegularImmutableMap$Values                            : loaded 2 times (x 203B)
Class com.google.common.collect.ImmutableSet                                          : loaded 2 times (x 141B)
Class org.gradle.internal.classloader.ClassLoaderSpec                                 : loaded 2 times (x 67B)
Class com.google.common.cache.CacheStats                                              : loaded 2 times (x 67B)
Class com.google.common.collect.Interners                                             : loaded 2 times (x 67B)
Class com.google.common.collect.ImmutableMultisetGwtSerializationDependencies         : loaded 2 times (x 121B)
Class com.google.common.io.Closer$Suppressor                                          : loaded 2 times (x 66B)
Class com.google.common.io.LineProcessor                                              : loaded 2 times (x 66B)
Class com.google.common.base.CharMatcher$Or                                           : loaded 2 times (x 108B)
Class com.google.common.util.concurrent.AbstractFuture$Listener                       : loaded 2 times (x 68B)
Class com.google.common.base.Supplier                                                 : loaded 2 times (x 66B)
Class org.gradle.internal.classloader.VisitableURLClassLoader                         : loaded 2 times (x 113B)
Class com.google.common.util.concurrent.AbstractFuture$Waiter                         : loaded 2 times (x 68B)
Class com.google.common.collect.ImmutableList$SerializedForm                          : loaded 2 times (x 69B)
Class org.gradle.internal.Cast                                                        : loaded 2 times (x 67B)
Class org.gradle.api.Action                                                           : loaded 2 times (x 66B)
Class com.google.common.collect.MapMakerInternalMap                                   : loaded 2 times (x 157B)
Class com.google.common.base.Strings                                                  : loaded 2 times (x 67B)
Class com.google.common.collect.Sets                                                  : loaded 2 times (x 67B)
Class com.google.common.base.CharMatcher$FastMatcher                                  : loaded 2 times (x 107B)
Class com.google.common.base.Ticker                                                   : loaded 2 times (x 68B)
Class [Lcom.google.common.cache.LocalCache$Segment;                                   : loaded 2 times (x 65B)
Class com.google.common.base.Predicate                                                : loaded 2 times (x 66B)
Class [Lcom.google.common.cache.LocalCache$Strength;                                  : loaded 2 times (x 65B)
Class com.google.common.cache.CacheBuilder$1                                          : loaded 2 times (x 81B)
Class com.google.common.collect.ImmutableMap                                          : loaded 2 times (x 116B)
Class org.gradle.internal.classpath.DefaultClassPath$ImmutableUniqueList$Builder      : loaded 2 times (x 71B)
Class com.google.common.collect.MapMakerInternalMap$WeakValueReference                : loaded 2 times (x 66B)
Class com.google.common.collect.AbstractRangeSet                                      : loaded 2 times (x 110B)
Class com.google.common.base.CharMatcher$NegatedFastMatcher                           : loaded 2 times (x 109B)
Class com.google.common.cache.LocalCache                                              : loaded 2 times (x 183B)
Class com.google.common.cache.CacheBuilder$2                                          : loaded 2 times (x 68B)
Class [Lcom.google.common.collect.AbstractMapEntry;                                   : loaded 2 times (x 65B)
Class com.google.common.base.AbstractIterator$1                                       : loaded 2 times (x 67B)
Class com.google.common.base.CharMatcher$Digit                                        : loaded 2 times (x 108B)
Class com.google.common.collect.ImmutableEntry                                        : loaded 2 times (x 78B)
Class com.google.common.collect.ArrayListMultimap                                     : loaded 2 times (x 168B)
Class org.gradle.api.GradleException                                                  : loaded 2 times (x 78B)
Class com.google.common.base.Suppliers$MemoizingSupplier                              : loaded 2 times (x 75B)
Class com.google.common.base.CharMatcher$JavaIsoControl                               : loaded 2 times (x 108B)
Class com.google.common.collect.CollectPreconditions                                  : loaded 2 times (x 67B)
Class [Lcom.google.common.collect.MapMakerInternalMap$Strength;                       : loaded 2 times (x 65B)
Class [Lcom.google.common.io.FileWriteMode;                                           : loaded 2 times (x 65B)
Class com.google.common.base.CharMatcher$JavaLowerCase                                : loaded 2 times (x 107B)
Class com.google.common.collect.SortedMapDifference                                   : loaded 2 times (x 66B)
Class com.google.common.collect.MapMakerInternalMap$StrongKeyDummyValueSegment        : loaded 2 times (x 138B)
Class com.google.common.io.Files                                                      : loaded 2 times (x 67B)
Class com.google.common.cache.LocalCache$EntryFactory                                 : loaded 2 times (x 79B)
Class [Lcom.google.common.collect.MapMaker$Dummy;                                     : loaded 2 times (x 65B)
Class com.google.common.reflect.Types$NativeTypeVariableEquals                        : loaded 2 times (x 67B)
Class com.google.common.reflect.TypeParameter                                         : loaded 2 times (x 68B)
Class com.google.common.base.Splitter$1$1                                             : loaded 2 times (x 82B)
Class com.google.common.base.CharMatcher$Whitespace                                   : loaded 2 times (x 108B)
Class com.google.common.cache.LocalCache$AbstractReferenceEntry                       : loaded 2 times (x 103B)
Class org.gradle.internal.IoActions                                                   : loaded 2 times (x 67B)
Class com.google.common.collect.ImmutableMapKeySet                                    : loaded 2 times (x 146B)
Class com.google.common.collect.ImmutableRangeSet$ComplementRanges                    : loaded 2 times (x 203B)
Class com.google.common.base.CharMatcher$SingleWidth                                  : loaded 2 times (x 108B)
Class com.google.common.cache.CacheLoader$InvalidCacheLoadException                   : loaded 2 times (x 78B)
Class com.google.common.collect.ImmutableSet$RegularSetBuilderImpl                    : loaded 2 times (x 73B)
Class org.gradle.internal.classloader.SystemClassLoaderSpec                           : loaded 2 times (x 67B)
Class com.google.common.collect.FluentIterable                                        : loaded 2 times (x 77B)
Class com.google.common.cache.LocalCache$StrongEntry                                  : loaded 2 times (x 104B)
Class com.google.common.util.concurrent.AbstractFuture$TrustedFuture                  : loaded 2 times (x 110B)
Class com.google.common.cache.LoadingCache                                            : loaded 2 times (x 66B)
Class com.google.common.base.Suppliers$NonSerializableMemoizingSupplier               : loaded 2 times (x 75B)
Class [Lcom.google.common.cache.Weigher;                                              : loaded 2 times (x 65B)
Class com.google.common.collect.RegularImmutableMap$BucketOverflowException           : loaded 2 times (x 78B)
Class com.google.common.collect.ImmutableMultimap$1                                   : loaded 2 times (x 78B)
Class com.google.common.collect.AbstractMapBasedMultimap$RandomAccessWrappedList      : loaded 2 times (x 201B)
Class com.google.common.collect.AbstractIterator$State                                : loaded 2 times (x 75B)
Class com.google.common.collect.ImmutableMultimap$2                                   : loaded 2 times (x 77B)
Class com.google.common.reflect.Types$JavaVersion$1                                   : loaded 2 times (x 79B)
Class com.google.common.collect.RegularImmutableBiMap                                 : loaded 2 times (x 144B)
Class com.google.common.base.CharMatcher$Negated                                      : loaded 2 times (x 109B)
Class com.google.common.base.CharMatcher$Is                                           : loaded 2 times (x 107B)
Class com.google.common.cache.LocalCache$ValueReference                               : loaded 2 times (x 66B)
Class com.google.common.reflect.Types$JavaVersion$2                                   : loaded 2 times (x 79B)
Class com.google.common.reflect.Types                                                 : loaded 2 times (x 67B)
Class com.google.common.base.PatternCompiler                                          : loaded 2 times (x 66B)
Class com.google.common.collect.Hashing                                               : loaded 2 times (x 67B)
Class com.google.common.util.concurrent.AbstractFuture$Failure                        : loaded 2 times (x 68B)
Class com.google.common.base.Equivalence$Equals                                       : loaded 2 times (x 78B)
Class com.google.common.base.Preconditions                                            : loaded 2 times (x 67B)
Class com.google.common.collect.ImmutableSetMultimap                                  : loaded 2 times (x 176B)
Class com.google.common.reflect.Types$JavaVersion$3                                   : loaded 2 times (x 79B)
Class com.google.common.io.CharSink                                                   : loaded 2 times (x 75B)
Class com.google.common.collect.PeekingIterator                                       : loaded 2 times (x 66B)
Class com.google.common.base.CharMatcher                                              : loaded 2 times (x 107B)
Class com.google.common.base.Joiner$1                                                 : loaded 2 times (x 76B)
Class com.google.common.collect.MapMakerInternalMap$InternalEntryHelper               : loaded 2 times (x 66B)
Class com.google.common.reflect.Types$JavaVersion$4                                   : loaded 2 times (x 79B)
Class com.google.common.collect.Maps$IteratorBasedAbstractMap                         : loaded 2 times (x 121B)
Class com.google.common.collect.RangeGwtSerializationDependencies                     : loaded 2 times (x 67B)
Class com.google.common.collect.Table                                                 : loaded 2 times (x 66B)
Class com.google.common.base.CharMatcher$1                                            : loaded 2 times (x 109B)
Class com.google.common.base.CharMatcher$NamedFastMatcher                             : loaded 2 times (x 108B)
Class com.google.common.base.Joiner$2                                                 : loaded 2 times (x 75B)
Class com.google.common.cache.LocalCache$EntryFactory$1                               : loaded 2 times (x 79B)
Class [Lcom.google.common.cache.RemovalListener;                                      : loaded 2 times (x 65B)
Class com.google.common.reflect.Types$JavaVersion$5                                   : loaded 2 times (x 67B)
Class [Lcom.google.common.reflect.Types$ClassOwnership;                               : loaded 2 times (x 65B)
Class com.google.common.collect.RangeSet                                              : loaded 2 times (x 66B)
Class com.google.common.cache.LocalCache$EntryFactory$2                               : loaded 2 times (x 79B)
Class org.gradle.api.internal.classpath.GlobalCacheRootsProvider                      : loaded 2 times (x 66B)
Class com.google.common.collect.CollectCollectors                                     : loaded 2 times (x 67B)
Class com.google.common.cache.LocalCache$EntryFactory$3                               : loaded 2 times (x 79B)
Class com.google.common.base.Ticker$1                                                 : loaded 2 times (x 68B)
Class com.google.common.collect.ImmutableMapEntrySet$RegularEntrySet                  : loaded 2 times (x 147B)
Class com.google.common.collect.Maps$BiMapConverter                                   : loaded 2 times (x 86B)
Class com.google.common.collect.SetMultimap                                           : loaded 2 times (x 66B)
Class com.google.common.collect.ImmutableSet$Builder                                  : loaded 2 times (x 81B)
Class com.google.common.base.CharMatcher$InRange                                      : loaded 2 times (x 107B)
Class com.google.common.cache.LocalCache$EntryFactory$4                               : loaded 2 times (x 79B)
Class com.google.common.cache.LocalCache$EntryFactory$5                               : loaded 2 times (x 79B)
Class com.google.common.cache.LocalCache$EntryFactory$6                               : loaded 2 times (x 79B)
Class org.gradle.internal.installation.CurrentGradleInstallationLocator               : loaded 2 times (x 67B)
Class com.google.common.collect.ImmutableMultimap$Builder                             : loaded 2 times (x 79B)
Class com.google.common.collect.ImmutableSet$EmptySetBuilderImpl                      : loaded 2 times (x 72B)
Class com.google.common.collect.Maps$KeySet                                           : loaded 2 times (x 133B)
Class com.google.common.cache.LocalCache$EntryFactory$7                               : loaded 2 times (x 79B)
Class com.google.common.collect.ImmutableList                                         : loaded 2 times (x 202B)
Class org.gradle.internal.service.DefaultServiceLocator                               : loaded 2 times (x 79B)
Class com.google.common.collect.ImmutableMultimap$EntryCollection                     : loaded 2 times (x 123B)
Class com.google.common.collect.Maps$EntrySet                                         : loaded 2 times (x 132B)
Class com.google.common.cache.LocalCache$EntryFactory$8                               : loaded 2 times (x 79B)
Class com.google.common.collect.ImmutableSet$SetBuilderImpl                           : loaded 2 times (x 72B)
Class org.gradle.internal.installation.CurrentGradleInstallation                      : loaded 2 times (x 69B)
Class com.google.common.collect.ForwardingObject                                      : loaded 2 times (x 68B)
Class com.google.common.cache.CacheLoader$1                                           : loaded 2 times (x 71B)
Class com.google.common.collect.ImmutableList$SubList                                 : loaded 2 times (x 204B)
Class org.gradle.util.internal.GUtil                                                  : loaded 2 times (x 67B)
Class com.google.common.io.ByteSource                                                 : loaded 2 times (x 80B)
Class com.google.common.util.concurrent.AbstractFuture$SetFuture                      : loaded 2 times (x 71B)
Class com.google.common.cache.AbstractCache$StatsCounter                              : loaded 2 times (x 66B)
Class com.google.common.collect.MapMakerInternalMap$1                                 : loaded 2 times (x 79B)
Class com.google.common.io.LineBuffer                                                 : loaded 2 times (x 71B)
Class com.google.common.reflect.Types$TypeVariableImpl                                : loaded 2 times (x 68B)
Class com.google.common.collect.Iterators$MergingIterator                             : loaded 2 times (x 77B)
Class com.google.common.collect.RegularImmutableSet                                   : loaded 2 times (x 144B)
Class org.gradle.internal.installation.GradleInstallation                             : loaded 2 times (x 71B)
Class com.google.common.collect.Iterables                                             : loaded 2 times (x 67B)
Class com.google.common.base.Splitter$Strategy                                        : loaded 2 times (x 66B)

---------------  S Y S T E M  ---------------

OS:
 Windows 10 , 64 bit Build 19041 (10.0.19041.5915)
OS uptime: 1 days 17:12 hours

CPU: total 8 (initial active 8) (4 cores per cpu, 2 threads per core) family 6 model 140 stepping 1 microcode 0x86, cx8, cmov, fxsr, ht, mmx, 3dnowpref, sse, sse2, sse3, ssse3, sse4.1, sse4.2, popcnt, lzcnt, tsc, tscinvbit, avx, avx2, aes, erms, clmul, bmi1, bmi2, adx, avx512f, avx512dq, avx512cd, avx512bw, avx512vl, sha, fma, vzeroupper, avx512_vpopcntdq, avx512_vpclmulqdq, avx512_vaes, avx512_vnni, clflush, clflushopt, clwb, avx512_vbmi2, avx512_vbmi, rdtscp, rdpid, fsrm, gfni, avx512_bitalg, f16c, pku, cet_ibt, cet_ss, avx512_ifma
Processor Information for all 8 processors :
  Max Mhz: 3110, Current Mhz: 3110, Mhz Limit: 3110

Memory: 4k page, system-wide physical 7871M (128M free)
TotalPageFile size 32447M (AvailPageFile size 348M)
current process WorkingSet (physical memory assigned to process): 579M, peak: 579M
current process commit charge ("private bytes"): 808M, peak: 1441M

vm_info: OpenJDK 64-Bit Server VM (21.0.5+-13047016-b750.29) for windows-amd64 JRE (21.0.5+-13047016-b750.29), built on 2025-02-11T21:12:39Z by "builder" with MS VC++ 16.10 / 16.11 (VS2019)

END.
