#
# There is insufficient memory for the Java Runtime Environment to continue.
# Native memory allocation (mmap) failed to map 1048576 bytes. Error detail: G1 virtual space
# Possible reasons:
#   The system is out of physical RAM or swap space
#   This process is running with CompressedOops enabled, and the Java Heap may be blocking the growth of the native heap
# Possible solutions:
#   Reduce memory load on the system
#   Increase physical memory or swap space
#   Check if swap backing store is full
#   Decrease Java heap size (-Xmx/-Xms)
#   Decrease number of Java threads
#   Decrease Java thread stack sizes (-Xss)
#   Set larger code cache with -XX:ReservedCodeCacheSize=
#   JVM is running with Unscaled Compressed Oops mode in which the Java heap is
#     placed in the first 4GB address space. The Java Heap base address is the
#     maximum limit for the native heap growth. Please use -XX:HeapBaseMinAddress
#     to set the Java Heap base and to place the Java Heap above 4GB virtual address.
# This output file may be truncated or incomplete.
#
#  Out of Memory Error (os_windows.cpp:3828), pid=6684, tid=9292
#
# JRE version: OpenJDK Runtime Environment (21.0.5) (build 21.0.5+-13047016-b750.29)
# Java VM: OpenJDK 64-Bit Server VM (21.0.5+-13047016-b750.29, mixed mode, tiered, compressed oops, compressed class ptrs, g1 gc, windows-amd64)
# No core dump will be written. Minidumps are not enabled by default on client versions of Windows
#

---------------  S U M M A R Y ------------

Command Line: --add-opens=java.base/java.lang=ALL-UNNAMED --add-opens=java.base/java.lang.invoke=ALL-UNNAMED --add-opens=java.base/java.util=ALL-UNNAMED --add-opens=java.prefs/java.util.prefs=ALL-UNNAMED --add-exports=jdk.compiler/com.sun.tools.javac.api=ALL-UNNAMED --add-exports=jdk.compiler/com.sun.tools.javac.util=ALL-UNNAMED --add-opens=java.base/java.util=ALL-UNNAMED --add-opens=java.prefs/java.util.prefs=ALL-UNNAMED --add-opens=java.base/java.nio.charset=ALL-UNNAMED --add-opens=java.base/java.net=ALL-UNNAMED --add-opens=java.base/java.util.concurrent.atomic=ALL-UNNAMED --add-opens=java.xml/javax.xml.namespace=ALL-UNNAMED -Xmx2048m -Dfile.encoding=UTF-8 -Duser.country=RU -Duser.language=ru -Duser.variant -javaagent:C:\Users\77012\.gradle\wrapper\dists\gradle-8.11.1-bin\bpt9gzteqjrbo1mjrsomdt32c\gradle-8.11.1\lib\agents\gradle-instrumentation-agent-8.11.1.jar org.gradle.launcher.daemon.bootstrap.GradleDaemon 8.11.1

Host: 11th Gen Intel(R) Core(TM) i5-11300H @ 3.10GHz, 8 cores, 7G,  Windows 10 , 64 bit Build 19041 (10.0.19041.5915)
Time: Mon Sep  1 21:40:43 2025  Windows 10 , 64 bit Build 19041 (10.0.19041.5915) elapsed time: 17132.661364 seconds (0d 4h 45m 32s)

---------------  T H R E A D  ---------------

Current thread (0x000001af77af3c10):  WorkerThread "GC Thread#6"    [id=9292, stack(0x0000007b56100000,0x0000007b56200000) (1024K)]

Stack: [0x0000007b56100000,0x0000007b56200000]
Native frames: (J=compiled Java code, j=interpreted, Vv=VM code, C=native code)
V  [jvm.dll+0x6cfb29]
V  [jvm.dll+0x85df93]
V  [jvm.dll+0x8604ee]
V  [jvm.dll+0x860bd3]
V  [jvm.dll+0x27e6b6]
V  [jvm.dll+0x6cc385]
V  [jvm.dll+0x6c078a]
V  [jvm.dll+0x35525b]
V  [jvm.dll+0x35ceb6]
V  [jvm.dll+0x3aeadb]
V  [jvm.dll+0x3af194]
V  [jvm.dll+0x3af25d]
V  [jvm.dll+0x3290ec]
V  [jvm.dll+0x328e48]
V  [jvm.dll+0x317a26]
V  [jvm.dll+0x3188ba]
V  [jvm.dll+0x318de8]
V  [jvm.dll+0x31871e]
V  [jvm.dll+0x3570ea]
V  [jvm.dll+0x357466]
V  [jvm.dll+0x3585aa]
V  [jvm.dll+0x354c6e]
V  [jvm.dll+0x365dd2]
V  [jvm.dll+0x6bdb49]
V  [jvm.dll+0x3125a5]
V  [jvm.dll+0x311f05]
V  [jvm.dll+0x3ef8a5]
V  [jvm.dll+0x8066a6]
V  [jvm.dll+0x8105ff]
V  [jvm.dll+0x36636a]
V  [jvm.dll+0x366204]
V  [jvm.dll+0x36dcc4]
V  [jvm.dll+0x36de3b]
V  [jvm.dll+0x88bc74]
V  [jvm.dll+0x806368]
V  [jvm.dll+0x6ce3fd]
C  [ucrtbase.dll+0x21bb2]
C  [KERNEL32.DLL+0x17374]
C  [ntdll.dll+0x4cc91]

JavaThread 0x000001af7c5a7370 (nid = 11312) was being processed
Java frames: (J=compiled Java code, j=interpreted, Vv=VM code)
v  ~RuntimeStub::new_type_array Runtime1 stub 0x000001af649cca71
J 74994 c1 com.sun.org.apache.xpath.internal.XPathContext.<init>(Z)V java.xml@21.0.5 (185 bytes) @ 0x000001af5da29ddd [0x000001af5da283a0+0x0000000000001a3d]
J 74992 c1 com.sun.org.apache.xpath.internal.jaxp.XPathImplUtil.eval(Ljava/lang/Object;Lcom/sun/org/apache/xpath/internal/XPath;)Lcom/sun/org/apache/xpath/internal/objects/XObject; java.xml@21.0.5 (137 bytes) @ 0x000001af5dd7b534 [0x000001af5dd7b160+0x00000000000003d4]
J 74989 c1 com.sun.org.apache.xpath.internal.jaxp.XPathExpressionImpl.evaluate(Ljava/lang/Object;Ljavax/xml/namespace/QName;)Ljava/lang/Object; java.xml@21.0.5 (74 bytes) @ 0x000001af5df15724 [0x000001af5df15520+0x0000000000000204]
J 57172 c1 android.databinding.tool.store.LayoutFileParser.stripFile(Ljava/io/File;Ljava/io/File;Ljava/lang/String;Landroid/databinding/tool/LayoutXmlProcessor$OriginalFileLookup;)V (123 bytes) @ 0x000001af5e2d4a3c [0x000001af5e2d2860+0x00000000000021dc]
J 57193 c1 android.databinding.tool.store.LayoutFileParser.parseXml(Landroid/databinding/tool/util/RelativizableFile;Ljava/io/File;Ljava/lang/String;Landroid/databinding/tool/LayoutXmlProcessor$OriginalFileLookup;ZZ)Landroid/databinding/tool/store/ResourceBundle$LayoutFileBundle; (95 bytes) @ 0x000001af5fdd1484 [0x000001af5fdd1120+0x0000000000000364]
J 49634 c1 android.databinding.tool.LayoutXmlProcessor.processSingleFile(Landroid/databinding/tool/util/RelativizableFile;Ljava/io/File;ZZ)Z (56 bytes) @ 0x000001af6059e3bc [0x000001af6059e300+0x00000000000000bc]
J 74979 c1 com.android.build.gradle.tasks.MergeResources$maybeCreateLayoutProcessor$1.processSingleFile(Ljava/io/File;Ljava/io/File;Ljava/lang/Boolean;)Z (425 bytes) @ 0x000001af5fed8674 [0x000001af5fed6940+0x0000000000001d34]
j  com.android.ide.common.resources.MergedResourceWriter.end()V+195
J 49018 c2 com.android.ide.common.resources.DataMerger.mergeData(Lcom/android/ide/common/resources/MergeConsumer;Z)V (611 bytes) @ 0x000001af66dc4d60 [0x000001af66dc1860+0x0000000000003500]
j  com.android.ide.common.resources.ResourceMerger.mergeData(Lcom/android/ide/common/resources/MergeConsumer;Z)V+7
j  com.android.build.gradle.tasks.MergeResources$doFullTaskAction$1$1$2.invoke()V+12
J 64787 c1 com.android.build.gradle.internal.tasks.Blocks.recordSpan(Ljava/lang/String;Lcom/google/wireless/android/sdk/stats/GradleBuildProfileSpan$ExecutionType;Lcom/android/build/gradle/internal/profile/AnalyticsService;Lcom/android/build/gradle/internal/tasks/Blocks$ThrowingBlock;)V (75 bytes) @ 0x000001af5dc9f42c [0x000001af5dc9f220+0x000000000000020c]
j  com.android.build.gradle.tasks.MergeResources.doFullTaskAction()V+458
j  com.android.build.gradle.tasks.MergeResources.doTaskAction(Lorg/gradle/work/InputChanges;)V+30
J 74748 c1 com.android.build.gradle.internal.tasks.NewIncrementalTask$taskAction$$inlined$recordTaskAction$1.invoke()V (37 bytes) @ 0x000001af5f454c2c [0x000001af5f454a60+0x00000000000001cc]
J 64787 c1 com.android.build.gradle.internal.tasks.Blocks.recordSpan(Ljava/lang/String;Lcom/google/wireless/android/sdk/stats/GradleBuildProfileSpan$ExecutionType;Lcom/android/build/gradle/internal/profile/AnalyticsService;Lcom/android/build/gradle/internal/tasks/Blocks$ThrowingBlock;)V (75 bytes) @ 0x000001af5dc9f42c [0x000001af5dc9f220+0x000000000000020c]
J 74746 c1 com.android.build.gradle.internal.tasks.NewIncrementalTask.taskAction(Lorg/gradle/work/InputChanges;)V (49 bytes) @ 0x000001af5f4582d4 [0x000001af5f4578e0+0x00000000000009f4]
J 84742 c1 java.lang.invoke.LambdaForm$MH+0x0000000101746000.invoke(Ljava/lang/Object;Ljava/lang/Object;Ljava/lang/Object;)Ljava/lang/Object; java.base@21.0.5 (64 bytes) @ 0x000001af5f10db3c [0x000001af5f10d1c0+0x000000000000097c]
J 68929 c2 org.gradle.internal.reflect.JavaMethod.invoke(Ljava/lang/Object;[Ljava/lang/Object;)Ljava/lang/Object; (74 bytes) @ 0x000001af668f1048 [0x000001af668f0a20+0x0000000000000628]
J 62510 c1 org.gradle.api.internal.project.taskfactory.IncrementalTaskAction.doExecute(Lorg/gradle/api/Task;Ljava/lang/String;)V (33 bytes) @ 0x000001af5d7077cc [0x000001af5d707380+0x000000000000044c]
J 66905 c1 org.gradle.api.internal.project.taskfactory.StandardTaskAction.execute(Lorg/gradle/api/Task;)V (56 bytes) @ 0x000001af60439844 [0x000001af60439440+0x0000000000000404]
J 62509 c1 org.gradle.api.internal.project.taskfactory.IncrementalTaskAction.execute(Lorg/gradle/api/Task;)V (6 bytes) @ 0x000001af5d465abc [0x000001af5d465a40+0x000000000000007c]
J 64364 c1 org.gradle.api.internal.project.taskfactory.StandardTaskAction.execute(Ljava/lang/Object;)V (9 bytes) @ 0x000001af5d80e634 [0x000001af5d80e440+0x00000000000001f4]
J 53095 c1 org.gradle.api.internal.tasks.execution.TaskExecution$3.run(Lorg/gradle/internal/operations/BuildOperationContext;)V (247 bytes) @ 0x000001af5defedb4 [0x000001af5defe9e0+0x00000000000003d4]
J 94891 c2 org.gradle.internal.operations.DefaultBuildOperationRunner$1.execute(Lorg/gradle/internal/operations/BuildOperation;Lorg/gradle/internal/operations/BuildOperationContext;)V (10 bytes) @ 0x000001af659fa010 [0x000001af659f9fa0+0x0000000000000070]
J 47999 c2 org.gradle.internal.operations.DefaultBuildOperationRunner$2.execute(Lorg/gradle/internal/operations/BuildOperationDescriptor;Lorg/gradle/internal/operations/BuildOperationState;Lorg/gradle/internal/operations/BuildOperationState;Lorg/gradle/internal/operations/DefaultBuildOperationRunner$ReadableBuildOperationContext;Lorg/gradle/internal/operations/DefaultBuildOperationRunner$BuildOperationExecutionListener;)Lorg/gradle/internal/operations/BuildOperation; (110 bytes) @ 0x000001af65124b18 [0x000001af65124a60+0x00000000000000b8]
J 52704 c2 org.gradle.internal.operations.DefaultBuildOperationRunner.execute(Lorg/gradle/internal/operations/BuildOperationDescriptor$Builder;Lorg/gradle/internal/operations/BuildOperationState;Lorg/gradle/internal/operations/DefaultBuildOperationRunner$BuildOperationExecution;)Ljava/lang/Object; (147 bytes) @ 0x000001af6541d8a4 [0x000001af6541d0e0+0x00000000000007c4]
J 55809 c2 org.gradle.internal.operations.DefaultBuildOperationRunner.execute(Lorg/gradle/internal/operations/BuildOperation;Lorg/gradle/internal/operations/BuildOperationWorker;Lorg/gradle/internal/operations/BuildOperationState;)V (23 bytes) @ 0x000001af6711cb10 [0x000001af6711ca40+0x00000000000000d0]
J 53080 c1 org.gradle.api.internal.tasks.execution.TaskExecution.executeAction(Ljava/lang/String;Lorg/gradle/api/internal/TaskInternal;Lorg/gradle/api/internal/tasks/InputChangesAwareTaskAction;Lorg/gradle/internal/execution/history/changes/InputChangesInternal;Z)V (36 bytes) @ 0x000001af5e58c60c [0x000001af5e58bf40+0x00000000000006cc]
J 64307 c1 org.gradle.api.internal.tasks.execution.TaskExecution.executeActions(Lorg/gradle/api/internal/TaskInternal;Lorg/gradle/internal/execution/history/changes/InputChangesInternal;)V (234 bytes) @ 0x000001af5e4060ac [0x000001af5e405000+0x00000000000010ac]
J 66921 c1 org.gradle.api.internal.tasks.execution.TaskExecution.executeWithPreviousOutputFiles(Lorg/gradle/internal/execution/history/changes/InputChangesInternal;)Lorg/gradle/internal/execution/UnitOfWork$WorkResult; (131 bytes) @ 0x000001af5dd19d94 [0x000001af5dd19b00+0x0000000000000294]
J 64305 c1 org.gradle.api.internal.tasks.execution.TaskExecution.execute(Lorg/gradle/internal/execution/UnitOfWork$ExecutionRequest;)Lorg/gradle/internal/execution/UnitOfWork$WorkOutput; (110 bytes) @ 0x000001af5db26cfc [0x000001af5db25280+0x0000000000001a7c]
J 59830 c1 org.gradle.internal.execution.steps.ExecuteStep.executeInternal(Lorg/gradle/internal/execution/UnitOfWork;Lorg/gradle/internal/execution/steps/InputChangesContext;)Lorg/gradle/internal/execution/steps/Result; (78 bytes) @ 0x000001af6060db74 [0x000001af6060d720+0x0000000000000454]
J 59828 c1 org.gradle.internal.execution.steps.ExecuteStep$1.call(Lorg/gradle/internal/operations/BuildOperationContext;)Ljava/lang/Object; (6 bytes) @ 0x000001af60e617f4 [0x000001af60e616e0+0x0000000000000114]
J 48264 c2 org.gradle.internal.operations.DefaultBuildOperationRunner$CallableBuildOperationWorker.execute(Lorg/gradle/internal/operations/BuildOperation;Lorg/gradle/internal/operations/BuildOperationContext;)V (10 bytes) @ 0x000001af65c72984 [0x000001af65c72840+0x0000000000000144]
J 47999 c2 org.gradle.internal.operations.DefaultBuildOperationRunner$2.execute(Lorg/gradle/internal/operations/BuildOperationDescriptor;Lorg/gradle/internal/operations/BuildOperationState;Lorg/gradle/internal/operations/BuildOperationState;Lorg/gradle/internal/operations/DefaultBuildOperationRunner$ReadableBuildOperationContext;Lorg/gradle/internal/operations/DefaultBuildOperationRunner$BuildOperationExecutionListener;)Lorg/gradle/internal/operations/BuildOperation; (110 bytes) @ 0x000001af65124b18 [0x000001af65124a60+0x00000000000000b8]
J 48785 c2 org.gradle.internal.operations.DefaultBuildOperationRunner.call(Lorg/gradle/internal/operations/CallableBuildOperation;)Ljava/lang/Object; (24 bytes) @ 0x000001af65e2cdc0 [0x000001af65e2c4a0+0x0000000000000920]
J 62533 c1 org.gradle.internal.execution.steps.ExecuteStep.execute(Lorg/gradle/internal/execution/UnitOfWork;Lorg/gradle/internal/execution/steps/ChangingOutputsContext;)Lorg/gradle/internal/execution/steps/Result; (37 bytes) @ 0x000001af5d542704 [0x000001af5d542400+0x0000000000000304]
J 62532 c1 org.gradle.internal.execution.steps.ExecuteStep.execute(Lorg/gradle/internal/execution/UnitOfWork;Lorg/gradle/internal/execution/steps/Context;)Lorg/gradle/internal/execution/steps/Result; (10 bytes) @ 0x000001af5d415214 [0x000001af5d4150c0+0x0000000000000154]
J 62530 c1 org.gradle.internal.execution.steps.CancelExecutionStep.execute(Lorg/gradle/internal/execution/UnitOfWork;Lorg/gradle/internal/execution/steps/Context;)Lorg/gradle/internal/execution/steps/Result; (168 bytes) @ 0x000001af5d6e954c [0x000001af5d6e8f80+0x00000000000005cc]
J 59683 c1 org.gradle.internal.execution.steps.TimeoutStep.execute(Lorg/gradle/internal/execution/UnitOfWork;Lorg/gradle/internal/execution/steps/Context;)Lorg/gradle/internal/execution/steps/Result; (96 bytes) @ 0x000001af5d8fb134 [0x000001af5d8fa760+0x00000000000009d4]
J 59682 c1 org.gradle.internal.execution.steps.PreCreateOutputParentsStep.execute(Lorg/gradle/internal/execution/UnitOfWork;Lorg/gradle/internal/execution/steps/ChangingOutputsContext;)Lorg/gradle/internal/execution/steps/Result; (30 bytes) @ 0x000001af5e9db22c [0x000001af5e9daee0+0x000000000000034c]
J 59681 c1 org.gradle.internal.execution.steps.PreCreateOutputParentsStep.execute(Lorg/gradle/internal/execution/UnitOfWork;Lorg/gradle/internal/execution/steps/Context;)Lorg/gradle/internal/execution/steps/Result; (10 bytes) @ 0x000001af5f3f8424 [0x000001af5f3f82c0+0x0000000000000164]
J 64302 c1 org.gradle.internal.execution.steps.RemovePreviousOutputsStep.execute(Lorg/gradle/internal/execution/UnitOfWork;Lorg/gradle/internal/execution/steps/ChangingOutputsContext;)Lorg/gradle/internal/execution/steps/Result; (63 bytes) @ 0x000001af5d4a048c [0x000001af5d49f860+0x0000000000000c2c]
J 64301 c1 org.gradle.internal.execution.steps.RemovePreviousOutputsStep.execute(Lorg/gradle/internal/execution/UnitOfWork;Lorg/gradle/internal/execution/steps/Context;)Lorg/gradle/internal/execution/steps/Result; (10 bytes) @ 0x000001af5d585014 [0x000001af5d584ec0+0x0000000000000154]
J 64027 c1 org.gradle.internal.execution.steps.BroadcastChangingOutputsStep.execute(Lorg/gradle/internal/execution/UnitOfWork;Lorg/gradle/internal/execution/steps/InputChangesContext;)Lorg/gradle/internal/execution/steps/Result; (90 bytes) @ 0x000001af5f3812c4 [0x000001af5f380160+0x0000000000001164]
J 64282 c1 org.gradle.internal.execution.steps.BroadcastChangingOutputsStep.execute(Lorg/gradle/internal/execution/UnitOfWork;Lorg/gradle/internal/execution/steps/Context;)Lorg/gradle/internal/execution/steps/Result; (10 bytes) @ 0x000001af5d449694 [0x000001af5d449540+0x0000000000000154]
J 59678 c1 org.gradle.internal.execution.steps.CaptureOutputsAfterExecutionStep.execute(Lorg/gradle/internal/execution/UnitOfWork;Lorg/gradle/internal/execution/steps/WorkspaceContext;)Lorg/gradle/internal/execution/steps/AfterExecutionResult; (56 bytes) @ 0x000001af5d68cdec [0x000001af5d68ccc0+0x000000000000012c]
J 64028 c1 org.gradle.internal.execution.steps.CaptureOutputsAfterExecutionStep.execute(Lorg/gradle/internal/execution/UnitOfWork;Lorg/gradle/internal/execution/steps/Context;)Lorg/gradle/internal/execution/steps/Result; (10 bytes) @ 0x000001af5e1d5f94 [0x000001af5e1d5e40+0x0000000000000154]
J 64608 c1 org.gradle.internal.execution.steps.ResolveInputChangesStep.execute(Lorg/gradle/internal/execution/UnitOfWork;Lorg/gradle/internal/execution/steps/IncrementalCachingContext;)Lorg/gradle/internal/execution/steps/Result; (28 bytes) @ 0x000001af5d58f474 [0x000001af5d58ea20+0x0000000000000a54]
J 64616 c1 org.gradle.internal.execution.steps.ResolveInputChangesStep.execute(Lorg/gradle/internal/execution/UnitOfWork;Lorg/gradle/internal/execution/steps/Context;)Lorg/gradle/internal/execution/steps/Result; (10 bytes) @ 0x000001af5e06f194 [0x000001af5e06f040+0x0000000000000154]
J 66941 c1 org.gradle.internal.execution.steps.BuildCacheStep$$Lambda+0x00000001008e8000.apply(Ljava/lang/Object;)Ljava/lang/Object; (20 bytes) @ 0x000001af5ea48654 [0x000001af5ea483e0+0x0000000000000274]
J 64415 c1 org.gradle.internal.execution.steps.BuildCacheStep.execute(Lorg/gradle/internal/execution/UnitOfWork;Lorg/gradle/internal/execution/steps/WorkspaceContext;)Lorg/gradle/internal/execution/steps/AfterExecutionResult; (32 bytes) @ 0x000001af5e1db104 [0x000001af5e1da640+0x0000000000000ac4]
J 64486 c1 org.gradle.internal.execution.steps.BuildCacheStep.execute(Lorg/gradle/internal/execution/UnitOfWork;Lorg/gradle/internal/execution/steps/Context;)Lorg/gradle/internal/execution/steps/Result; (10 bytes) @ 0x000001af5da5f514 [0x000001af5da5f3c0+0x0000000000000154]
J 67212 c1 org.gradle.internal.execution.steps.StoreExecutionStateStep.execute(Lorg/gradle/internal/execution/UnitOfWork;Lorg/gradle/internal/execution/steps/Context;)Lorg/gradle/internal/execution/steps/Result; (10 bytes) @ 0x000001af5f3a982c [0x000001af5f3a9600+0x000000000000022c]
J 66946 c1 org.gradle.internal.execution.steps.SkipUpToDateStep.executeBecause(Lorg/gradle/internal/execution/UnitOfWork;Lcom/google/common/collect/ImmutableList;Lorg/gradle/internal/execution/steps/IncrementalChangesContext;)Lorg/gradle/internal/execution/steps/UpToDateResult; (32 bytes) @ 0x000001af5ee29134 [0x000001af5ee28fe0+0x0000000000000154]
J 64615 c1 org.gradle.internal.execution.steps.SkipUpToDateStep$$Lambda+0x00000001008e0a58.get()Ljava/lang/Object; (20 bytes) @ 0x000001af5e05c914 [0x000001af5e05c840+0x00000000000000d4]
J 64363 c1 org.gradle.internal.execution.steps.SkipUpToDateStep.execute(Lorg/gradle/internal/execution/UnitOfWork;Lorg/gradle/internal/execution/steps/IncrementalChangesContext;)Lorg/gradle/internal/execution/steps/UpToDateResult; (72 bytes) @ 0x000001af5fd7df44 [0x000001af5fd7c500+0x0000000000001a44]
J 64487 c1 org.gradle.internal.execution.steps.SkipUpToDateStep.execute(Lorg/gradle/internal/execution/UnitOfWork;Lorg/gradle/internal/execution/steps/Context;)Lorg/gradle/internal/execution/steps/Result; (10 bytes) @ 0x000001af5daa9314 [0x000001af5daa91c0+0x0000000000000154]
J 64286 c1 org.gradle.internal.execution.steps.legacy.MarkSnapshottingInputsFinishedStep.execute(Lorg/gradle/internal/execution/UnitOfWork;Lorg/gradle/internal/execution/steps/Context;)Lorg/gradle/internal/execution/steps/Result; (10 bytes) @ 0x000001af5d3ca5b4 [0x000001af5d3ca200+0x00000000000003b4]
J 68533 c1 org.gradle.internal.execution.steps.ResolveIncrementalCachingStateStep.executeDelegate(Lorg/gradle/internal/execution/UnitOfWork;Lorg/gradle/internal/execution/steps/IncrementalChangesContext;Lorg/gradle/internal/execution/caching/CachingState;)Lorg/gradle/internal/execution/steps/UpToDateResult; (23 bytes) @ 0x000001af5fc56af4 [0x000001af5fc568e0+0x0000000000000214]
J 64648 c1 org.gradle.internal.execution.steps.ResolveIncrementalCachingStateStep.executeDelegate(Lorg/gradle/internal/execution/UnitOfWork;Lorg/gradle/internal/execution/steps/ValidationFinishedContext;Lorg/gradle/internal/execution/caching/CachingState;)Lorg/gradle/internal/execution/steps/UpToDateResult; (11 bytes) @ 0x000001af5e581c94 [0x000001af5e581b40+0x0000000000000154]
J 64278 c1 org.gradle.internal.execution.steps.AbstractResolveCachingStateStep.execute(Lorg/gradle/internal/execution/UnitOfWork;Lorg/gradle/internal/execution/steps/ValidationFinishedContext;)Lorg/gradle/internal/execution/steps/CachingResult; (67 bytes) @ 0x000001af5ea33b9c [0x000001af5ea32340+0x000000000000185c]
J 59853 c1 org.gradle.internal.execution.steps.AbstractResolveCachingStateStep.execute(Lorg/gradle/internal/execution/UnitOfWork;Lorg/gradle/internal/execution/steps/Context;)Lorg/gradle/internal/execution/steps/Result; (10 bytes) @ 0x000001af5fdbbe8c [0x000001af5fdbbcc0+0x00000000000001cc]
J 64604 c1 org.gradle.internal.execution.steps.ResolveChangesStep.execute(Lorg/gradle/internal/execution/UnitOfWork;Lorg/gradle/internal/execution/steps/ValidationFinishedContext;)Lorg/gradle/internal/execution/steps/Result; (49 bytes) @ 0x000001af5eaefd64 [0x000001af5eaee5c0+0x00000000000017a4]
J 59898 c1 org.gradle.internal.execution.steps.ResolveChangesStep.execute(Lorg/gradle/internal/execution/UnitOfWork;Lorg/gradle/internal/execution/steps/Context;)Lorg/gradle/internal/execution/steps/Result; (10 bytes) @ 0x000001af6044122c [0x000001af604410c0+0x000000000000016c]
J 59825 c1 org.gradle.internal.execution.steps.ValidateStep.execute(Lorg/gradle/internal/execution/UnitOfWork;Lorg/gradle/internal/execution/steps/BeforeExecutionContext;)Lorg/gradle/internal/execution/steps/Result; (261 bytes) @ 0x000001af5d7930c4 [0x000001af5d78f960+0x0000000000003764]
J 59824 c1 org.gradle.internal.execution.steps.ValidateStep.execute(Lorg/gradle/internal/execution/UnitOfWork;Lorg/gradle/internal/execution/steps/Context;)Lorg/gradle/internal/execution/steps/Result; (10 bytes) @ 0x000001af5fbbc0ac [0x000001af5fbbbf40+0x000000000000016c]
J 59823 c1 org.gradle.internal.execution.steps.AbstractCaptureStateBeforeExecutionStep.execute(Lorg/gradle/internal/execution/UnitOfWork;Lorg/gradle/internal/execution/steps/PreviousExecutionContext;)Lorg/gradle/internal/execution/steps/CachingResult; (41 bytes) @ 0x000001af5eac3e4c [0x000001af5eac3660+0x00000000000007ec]
J 59822 c1 org.gradle.internal.execution.steps.AbstractCaptureStateBeforeExecutionStep.execute(Lorg/gradle/internal/execution/UnitOfWork;Lorg/gradle/internal/execution/steps/Context;)Lorg/gradle/internal/execution/steps/Result; (10 bytes) @ 0x000001af5fafc68c [0x000001af5fafc4c0+0x00000000000001cc]
J 62092 c1 org.gradle.internal.execution.steps.AbstractSkipEmptyWorkStep.execute(Lorg/gradle/internal/execution/UnitOfWork;Lorg/gradle/internal/execution/steps/WorkspaceContext;)Lorg/gradle/internal/execution/steps/CachingResult; (87 bytes) @ 0x000001af5ff861ac [0x000001af5ff84880+0x000000000000192c]
J 62091 c1 org.gradle.internal.execution.steps.AbstractSkipEmptyWorkStep.execute(Lorg/gradle/internal/execution/UnitOfWork;Lorg/gradle/internal/execution/steps/Context;)Lorg/gradle/internal/execution/steps/Result; (10 bytes) @ 0x000001af5e63f20c [0x000001af5e63f040+0x00000000000001cc]
J 62088 c1 org.gradle.internal.execution.steps.legacy.MarkSnapshottingInputsStartedStep.execute(Lorg/gradle/internal/execution/UnitOfWork;Lorg/gradle/internal/execution/steps/Context;)Lorg/gradle/internal/execution/steps/Result; (37 bytes) @ 0x000001af5e1a144c [0x000001af5e1a1280+0x00000000000001cc]
J 57102 c1 org.gradle.internal.execution.steps.LoadPreviousExecutionStateStep.execute(Lorg/gradle/internal/execution/UnitOfWork;Lorg/gradle/internal/execution/steps/WorkspaceContext;)Lorg/gradle/internal/execution/steps/AfterExecutionResult; (70 bytes) @ 0x000001af5f5d060c [0x000001af5f5cfb60+0x0000000000000aac]
J 62089 c1 org.gradle.internal.execution.steps.LoadPreviousExecutionStateStep.execute(Lorg/gradle/internal/execution/UnitOfWork;Lorg/gradle/internal/execution/steps/Context;)Lorg/gradle/internal/execution/steps/Result; (10 bytes) @ 0x000001af5e411f94 [0x000001af5e411e40+0x0000000000000154]
J 65994 c1 org.gradle.internal.execution.steps.HandleStaleOutputsStep.execute(Lorg/gradle/internal/execution/UnitOfWork;Lorg/gradle/internal/execution/steps/WorkspaceContext;)Lorg/gradle/internal/execution/steps/AfterExecutionResult; (45 bytes) @ 0x000001af5fcc9364 [0x000001af5fcc9120+0x0000000000000244]
J 57472 c1 org.gradle.internal.execution.steps.HandleStaleOutputsStep.execute(Lorg/gradle/internal/execution/UnitOfWork;Lorg/gradle/internal/execution/steps/Context;)Lorg/gradle/internal/execution/steps/Result; (10 bytes) @ 0x000001af5d391cac [0x000001af5d391b40+0x000000000000016c]
J 62087 c1 org.gradle.internal.execution.steps.AssignMutableWorkspaceStep.lambda$execute$0(Lorg/gradle/internal/execution/steps/IdentityContext;Lorg/gradle/internal/execution/UnitOfWork;Ljava/io/File;Lorg/gradle/internal/execution/history/ExecutionHistoryStore;)Lorg/gradle/internal/execution/steps/WorkspaceResult; (51 bytes) @ 0x000001af5d749af4 [0x000001af5d749820+0x00000000000002d4]
J 62096 c1 org.gradle.internal.execution.steps.AssignMutableWorkspaceStep$$Lambda+0x00000001008e5178.executeInWorkspace(Ljava/io/File;Lorg/gradle/internal/execution/history/ExecutionHistoryStore;)Ljava/lang/Object; (18 bytes) @ 0x000001af5ea3a65c [0x000001af5ea3a5c0+0x000000000000009c]
J 62102 c1 org.gradle.api.internal.tasks.execution.TaskExecution$4.withWorkspace(Ljava/lang/String;Lorg/gradle/internal/execution/workspace/MutableWorkspaceProvider$WorkspaceAction;)Ljava/lang/Object; (39 bytes) @ 0x000001af5de1e0bc [0x000001af5de1dee0+0x00000000000001dc]
J 62100 c1 org.gradle.internal.execution.steps.AssignMutableWorkspaceStep.execute(Lorg/gradle/internal/execution/UnitOfWork;Lorg/gradle/internal/execution/steps/IdentityContext;)Lorg/gradle/internal/execution/steps/WorkspaceResult; (35 bytes) @ 0x000001af5d81916c [0x000001af5d818980+0x00000000000007ec]
J 65070 c1 org.gradle.internal.execution.steps.AssignMutableWorkspaceStep.execute(Lorg/gradle/internal/execution/UnitOfWork;Lorg/gradle/internal/execution/steps/Context;)Lorg/gradle/internal/execution/steps/Result; (10 bytes) @ 0x000001af5eb2dc14 [0x000001af5eb2dac0+0x0000000000000154]
J 10123 c1 org.gradle.internal.execution.steps.ChoosePipelineStep.execute(Lorg/gradle/internal/execution/UnitOfWork;Lorg/gradle/internal/execution/steps/IdentityContext;)Lorg/gradle/internal/execution/steps/Result; (71 bytes) @ 0x000001af5da2c1fc [0x000001af5da2bc20+0x00000000000005dc]
J 10136 c1 org.gradle.internal.execution.steps.ChoosePipelineStep.execute(Lorg/gradle/internal/execution/UnitOfWork;Lorg/gradle/internal/execution/steps/Context;)Lorg/gradle/internal/execution/steps/Result; (10 bytes) @ 0x000001af5da27e2c [0x000001af5da27cc0+0x000000000000016c]
J 62095 c1 org.gradle.internal.execution.steps.ExecuteWorkBuildOperationFiringStep$$Lambda+0x00000001008e48e0.get()Ljava/lang/Object; (16 bytes) @ 0x000001af5dd0603c [0x000001af5dd05ee0+0x000000000000015c]
J 10320 c1 org.gradle.internal.execution.steps.ExecuteWorkBuildOperationFiringStep.execute(Lorg/gradle/internal/execution/UnitOfWork;Lorg/gradle/internal/execution/steps/Context;)Lorg/gradle/internal/execution/steps/Result; (10 bytes) @ 0x000001af5e3db89c [0x000001af5e3da940+0x0000000000000f5c]
J 57108 c1 org.gradle.internal.execution.steps.IdentityCacheStep.execute(Lorg/gradle/internal/execution/UnitOfWork;Lorg/gradle/internal/execution/steps/Context;)Lorg/gradle/internal/execution/steps/Result; (10 bytes) @ 0x000001af5e79528c [0x000001af5e795060+0x000000000000022c]
J 62098 c1 org.gradle.internal.execution.steps.IdentifyStep.execute(Lorg/gradle/internal/execution/UnitOfWork;Lorg/gradle/internal/execution/steps/ExecutionRequestContext;)Lorg/gradle/internal/execution/steps/Result; (17 bytes) @ 0x000001af5e6db58c [0x000001af5e6db440+0x000000000000014c]
J 62115 c1 org.gradle.internal.execution.steps.IdentifyStep.execute(Lorg/gradle/internal/execution/UnitOfWork;Lorg/gradle/internal/execution/steps/Context;)Lorg/gradle/internal/execution/steps/Result; (10 bytes) @ 0x000001af5e46fb94 [0x000001af5e46fa40+0x0000000000000154]
J 74392 c1 org.gradle.api.internal.tasks.execution.ExecuteActionsTaskExecuter.executeIfValid(Lorg/gradle/api/internal/TaskInternal;Lorg/gradle/api/internal/tasks/TaskStateInternal;Lorg/gradle/api/internal/tasks/TaskExecutionContext;Lorg/gradle/api/internal/tasks/execution/TaskExecution;)Lorg/gradle/api/internal/tasks/TaskExecuterResult; (95 bytes) @ 0x000001af60d58644 [0x000001af60d57d20+0x0000000000000924]
J 76768 c2 org.gradle.api.internal.tasks.execution.FinalizePropertiesTaskExecuter.execute(Lorg/gradle/api/internal/TaskInternal;Lorg/gradle/api/internal/tasks/TaskStateInternal;Lorg/gradle/api/internal/tasks/TaskExecutionContext;)Lorg/gradle/api/internal/tasks/TaskExecuterResult; (168 bytes) @ 0x000001af66e14a58 [0x000001af66e14660+0x00000000000003f8]
J 53022 c1 org.gradle.api.internal.tasks.execution.ResolveTaskExecutionModeExecuter.execute(Lorg/gradle/api/internal/TaskInternal;Lorg/gradle/api/internal/tasks/TaskStateInternal;Lorg/gradle/api/internal/tasks/TaskExecutionContext;)Lorg/gradle/api/internal/tasks/TaskExecuterResult; (107 bytes) @ 0x000001af5da54adc [0x000001af5da543c0+0x000000000000071c]
J 52259 c1 org.gradle.api.internal.tasks.execution.SkipTaskWithNoActionsExecuter.execute(Lorg/gradle/api/internal/TaskInternal;Lorg/gradle/api/internal/tasks/TaskStateInternal;Lorg/gradle/api/internal/tasks/TaskExecutionContext;)Lorg/gradle/api/internal/tasks/TaskExecuterResult; (126 bytes) @ 0x000001af5fa41be4 [0x000001af5fa40fc0+0x0000000000000c24]
J 64408 c1 org.gradle.api.internal.tasks.execution.SkipOnlyIfTaskExecuter.execute(Lorg/gradle/api/internal/TaskInternal;Lorg/gradle/api/internal/tasks/TaskStateInternal;Lorg/gradle/api/internal/tasks/TaskExecutionContext;)Lorg/gradle/api/internal/tasks/TaskExecuterResult; (205 bytes) @ 0x000001af5d66bd3c [0x000001af5d66a660+0x00000000000016dc]
J 56913 c1 org.gradle.api.internal.tasks.execution.CatchExceptionTaskExecuter.execute(Lorg/gradle/api/internal/TaskInternal;Lorg/gradle/api/internal/tasks/TaskStateInternal;Lorg/gradle/api/internal/tasks/TaskExecutionContext;)Lorg/gradle/api/internal/tasks/TaskExecuterResult; (33 bytes) @ 0x000001af6028821c [0x000001af60288100+0x000000000000011c]
J 56911 c1 org.gradle.api.internal.tasks.execution.EventFiringTaskExecuter$1.executeTask(Lorg/gradle/internal/operations/BuildOperationContext;)Lorg/gradle/api/internal/tasks/TaskExecuterResult; (279 bytes) @ 0x000001af5dd69024 [0x000001af5dd68600+0x0000000000000a24]
J 51300 c1 org.gradle.api.internal.tasks.execution.EventFiringTaskExecuter$1.call(Lorg/gradle/internal/operations/BuildOperationContext;)Lorg/gradle/api/internal/tasks/TaskExecuterResult; (49 bytes) @ 0x000001af5eae8e94 [0x000001af5eae8e00+0x0000000000000094]
J 51339 c1 org.gradle.api.internal.tasks.execution.EventFiringTaskExecuter$1.call(Lorg/gradle/internal/operations/BuildOperationContext;)Ljava/lang/Object; (6 bytes) @ 0x000001af5e63b554 [0x000001af5e63b4c0+0x0000000000000094]
J 48264 c2 org.gradle.internal.operations.DefaultBuildOperationRunner$CallableBuildOperationWorker.execute(Lorg/gradle/internal/operations/BuildOperation;Lorg/gradle/internal/operations/BuildOperationContext;)V (10 bytes) @ 0x000001af65c72984 [0x000001af65c72840+0x0000000000000144]
J 47999 c2 org.gradle.internal.operations.DefaultBuildOperationRunner$2.execute(Lorg/gradle/internal/operations/BuildOperationDescriptor;Lorg/gradle/internal/operations/BuildOperationState;Lorg/gradle/internal/operations/BuildOperationState;Lorg/gradle/internal/operations/DefaultBuildOperationRunner$ReadableBuildOperationContext;Lorg/gradle/internal/operations/DefaultBuildOperationRunner$BuildOperationExecutionListener;)Lorg/gradle/internal/operations/BuildOperation; (110 bytes) @ 0x000001af65124b18 [0x000001af65124a60+0x00000000000000b8]
J 48785 c2 org.gradle.internal.operations.DefaultBuildOperationRunner.call(Lorg/gradle/internal/operations/CallableBuildOperation;)Ljava/lang/Object; (24 bytes) @ 0x000001af65e2cdc0 [0x000001af65e2c4a0+0x0000000000000920]
J 105250 c2 org.gradle.execution.plan.DefaultPlanExecutor$ExecutorWorker.execute(Ljava/lang/Object;Lorg/gradle/execution/plan/WorkSource;Lorg/gradle/api/Action;)V (88 bytes) @ 0x000001af68392e98 [0x000001af68391980+0x0000000000001518]
J 81575 c1 org.gradle.execution.plan.DefaultPlanExecutor$ExecutorWorker.run()V (127 bytes) @ 0x000001af5dd795e4 [0x000001af5dd79200+0x00000000000003e4]
j  org.gradle.execution.plan.DefaultPlanExecutor.process(Lorg/gradle/execution/plan/WorkSource;Lorg/gradle/api/Action;)Lorg/gradle/internal/build/ExecutionResult;+101
j  org.gradle.execution.taskgraph.DefaultTaskExecutionGraph.executeWithServices(Lorg/gradle/execution/ProjectExecutionServiceRegistry;)Lorg/gradle/internal/build/ExecutionResult;+41
j  org.gradle.execution.taskgraph.DefaultTaskExecutionGraph.execute(Lorg/gradle/execution/plan/FinalizedExecutionPlan;)Lorg/gradle/internal/build/ExecutionResult;+36
j  org.gradle.execution.SelectedTaskExecutionAction.execute(Lorg/gradle/api/internal/GradleInternal;Lorg/gradle/execution/plan/FinalizedExecutionPlan;)Lorg/gradle/internal/build/ExecutionResult;+14
j  org.gradle.execution.DryRunBuildExecutionAction.execute(Lorg/gradle/api/internal/GradleInternal;Lorg/gradle/execution/plan/FinalizedExecutionPlan;)Lorg/gradle/internal/build/ExecutionResult;+119
j  org.gradle.execution.BuildOperationFiringBuildWorkerExecutor$ExecuteTasks.call(Lorg/gradle/internal/operations/BuildOperationContext;)Lorg/gradle/internal/build/ExecutionResult;+15
j  org.gradle.execution.BuildOperationFiringBuildWorkerExecutor$ExecuteTasks.call(Lorg/gradle/internal/operations/BuildOperationContext;)Ljava/lang/Object;+2
J 48264 c2 org.gradle.internal.operations.DefaultBuildOperationRunner$CallableBuildOperationWorker.execute(Lorg/gradle/internal/operations/BuildOperation;Lorg/gradle/internal/operations/BuildOperationContext;)V (10 bytes) @ 0x000001af65c72984 [0x000001af65c72840+0x0000000000000144]
J 47999 c2 org.gradle.internal.operations.DefaultBuildOperationRunner$2.execute(Lorg/gradle/internal/operations/BuildOperationDescriptor;Lorg/gradle/internal/operations/BuildOperationState;Lorg/gradle/internal/operations/BuildOperationState;Lorg/gradle/internal/operations/DefaultBuildOperationRunner$ReadableBuildOperationContext;Lorg/gradle/internal/operations/DefaultBuildOperationRunner$BuildOperationExecutionListener;)Lorg/gradle/internal/operations/BuildOperation; (110 bytes) @ 0x000001af65124b18 [0x000001af65124a60+0x00000000000000b8]
J 48785 c2 org.gradle.internal.operations.DefaultBuildOperationRunner.call(Lorg/gradle/internal/operations/CallableBuildOperation;)Ljava/lang/Object; (24 bytes) @ 0x000001af65e2cdc0 [0x000001af65e2c4a0+0x0000000000000920]
j  org.gradle.execution.BuildOperationFiringBuildWorkerExecutor.execute(Lorg/gradle/api/internal/GradleInternal;Lorg/gradle/execution/plan/FinalizedExecutionPlan;)Lorg/gradle/internal/build/ExecutionResult;+14
j  org.gradle.internal.build.DefaultBuildLifecycleController.lambda$executeTasks$10(Lorg/gradle/internal/build/DefaultBuildLifecycleController$DefaultBuildWorkPlan;)Lorg/gradle/internal/build/ExecutionResult;+95
j  org.gradle.internal.build.DefaultBuildLifecycleController$$Lambda+0x00000001008a1b98.get()Ljava/lang/Object;+8
j  org.gradle.internal.model.StateTransitionController.doTransition(Lorg/gradle/internal/model/StateTransitionController$State;Lorg/gradle/internal/model/StateTransitionController$State;Ljava/util/function/Supplier;)Lorg/gradle/internal/build/ExecutionResult;+24
j  org.gradle.internal.model.StateTransitionController.lambda$tryTransition$8(Lorg/gradle/internal/model/StateTransitionController$State;Lorg/gradle/internal/model/StateTransitionController$State;Ljava/util/function/Supplier;)Lorg/gradle/internal/build/ExecutionResult;+4
j  org.gradle.internal.model.StateTransitionController$$Lambda+0x00000001008a1dd0.create()Ljava/lang/Object;+16
j  org.gradle.internal.work.DefaultSynchronizer.withLock(Lorg/gradle/internal/Factory;)Ljava/lang/Object;+6
j  org.gradle.internal.model.StateTransitionController.tryTransition(Lorg/gradle/internal/model/StateTransitionController$State;Lorg/gradle/internal/model/StateTransitionController$State;Ljava/util/function/Supplier;)Lorg/gradle/internal/build/ExecutionResult;+13
j  org.gradle.internal.build.DefaultBuildLifecycleController.executeTasks(Lorg/gradle/execution/plan/BuildWorkPlan;)Lorg/gradle/internal/build/ExecutionResult;+34
j  org.gradle.internal.build.DefaultBuildWorkGraphController$DefaultBuildWorkGraph.runWork()Lorg/gradle/internal/build/ExecutionResult;+95
j  org.gradle.composite.internal.DefaultBuildController$$Lambda+0x00000001008a46b0.create()Ljava/lang/Object;+4
J 48369 c1 org.gradle.internal.work.DefaultWorkerLeaseService.withLocks(Ljava/util/Collection;Lorg/gradle/internal/Factory;)Ljava/lang/Object; (53 bytes) @ 0x000001af5f7a2944 [0x000001af5f7a24e0+0x0000000000000464]
J 37851 c1 org.gradle.internal.work.DefaultWorkerLeaseService.runAsWorkerThread(Lorg/gradle/internal/Factory;)Ljava/lang/Object; (37 bytes) @ 0x000001af5e54a5d4 [0x000001af5e54a060+0x0000000000000574]
j  org.gradle.composite.internal.DefaultBuildController.doRun()Lorg/gradle/internal/build/ExecutionResult;+18
j  org.gradle.composite.internal.DefaultBuildController.access$000(Lorg/gradle/composite/internal/DefaultBuildController;)Lorg/gradle/internal/build/ExecutionResult;+1
j  org.gradle.composite.internal.DefaultBuildController$BuildOpRunnable.lambda$run$0()V+8
j  org.gradle.composite.internal.DefaultBuildController$BuildOpRunnable$$Lambda+0x00000001008a4478.run()V+4
J 78258 c1 org.gradle.internal.operations.CurrentBuildOperationRef.with(Lorg/gradle/internal/operations/BuildOperationRef;Ljava/lang/Runnable;)V (35 bytes) @ 0x000001af5ecff4dc [0x000001af5ecfefa0+0x000000000000053c]
j  org.gradle.composite.internal.DefaultBuildController$BuildOpRunnable.run()V+13
J 56755 c2 java.util.concurrent.Executors$RunnableAdapter.call()Ljava/lang/Object; java.base@21.0.5 (14 bytes) @ 0x000001af673678d0 [0x000001af67367500+0x00000000000003d0]
J 72629 c2 java.util.concurrent.FutureTask.run()V java.base@21.0.5 (123 bytes) @ 0x000001af67910c14 [0x000001af679109a0+0x0000000000000274]
J 11389 c2 org.gradle.internal.concurrent.ExecutorPolicy$CatchAndRecordFailures.onExecute(Ljava/lang/Runnable;)V (29 bytes) @ 0x000001af652e0014 [0x000001af652dffc0+0x0000000000000054]
J 38687 c1 org.gradle.internal.concurrent.AbstractManagedExecutor$1.run()V (57 bytes) @ 0x000001af60636054 [0x000001af60635ea0+0x00000000000001b4]
J 86049 c2 java.util.concurrent.ThreadPoolExecutor.runWorker(Ljava/util/concurrent/ThreadPoolExecutor$Worker;)V java.base@21.0.5 (187 bytes) @ 0x000001af67886db8 [0x000001af67886ca0+0x0000000000000118]
J 48807 c1 java.util.concurrent.ThreadPoolExecutor$Worker.run()V java.base@21.0.5 (9 bytes) @ 0x000001af5e01994c [0x000001af5e0198c0+0x000000000000008c]
J 48515 c1 java.lang.Thread.run()V java.base@21.0.5 (23 bytes) @ 0x000001af5dec62dc [0x000001af5dec60e0+0x00000000000001fc]
v  ~StubRoutines::call_stub 0x000001af648b10e7

---------------  P R O C E S S  ---------------

Threads class SMR info:
_java_thread_list=0x000001af7aa7d170, length=109, elements={
0x000001af580921e0, 0x000001af71ab95a0, 0x000001af71abab90, 0x000001af71a9fe00,
0x000001af71aa2860, 0x000001af71aa3a50, 0x000001af71abbea0, 0x000001af71accfe0,
0x000001af71abd830, 0x000001af71899a80, 0x000001af71dbd230, 0x000001af77a88f10,
0x000001af77a2bda0, 0x000001af77c1e6b0, 0x000001af77965e90, 0x000001af77965800,
0x000001af77966520, 0x000001af77966bb0, 0x000001af796998d0, 0x000001af796a01d0,
0x000001af7bc192e0, 0x000001af7bc1c760, 0x000001af77964450, 0x000001af7e978350,
0x000001af7e9789e0, 0x000001af7e979700, 0x000001af7e979070, 0x000001af7dfb4270,
0x000001af06427b10, 0x000001af06ef4370, 0x000001af04798dc0, 0x000001af7e9c0cc0,
0x000001af7e5f58e0, 0x000001af7e974ed0, 0x000001af077258c0, 0x000001af7e0a2c70,
0x000001af05530fb0, 0x000001af05531cd0, 0x000001af06922f90, 0x000001af06582950,
0x000001af0657c050, 0x000001af07058c90, 0x000001af055329f0, 0x000001af054ebd70,
0x000001af070599b0, 0x000001af7e983b10, 0x000001af06582fe0, 0x000001af06766540,
0x000001af06929890, 0x000001af07724ba0, 0x000001af04f60b90, 0x000001af7c5a3860,
0x000001af7b5d7b00, 0x000001af06eb4fc0, 0x000001af7b5d7470, 0x000001af06324830,
0x000001af10e1bd40, 0x000001af7d472130, 0x000001af7e09b650, 0x000001af7e09e440,
0x000001af7d8e61d0, 0x000001af7e09d090, 0x000001af06767f80, 0x000001af05f08940,
0x000001af7d476960, 0x000001af7d471410, 0x000001af7d475c40, 0x000001af7e0a1f50,
0x000001af7e0a25e0, 0x000001af7e09bce0, 0x000001af7e0a1230, 0x000001af7e09c370,
0x000001af7e09d720, 0x000001af7e09ddb0, 0x000001af7e0a18c0, 0x000001af7e09f160,
0x000001af7e09fe80, 0x000001af7e0a0510, 0x000001af7e0a0ba0, 0x000001af7c5a1e20,
0x000001af7c5a7370, 0x000001af7d476ff0, 0x000001af7d474890, 0x000001af7c5a2b40,
0x000001af7c5a31d0, 0x000001af7c5a52a0, 0x000001af7c5a1100, 0x000001af7c5a7a00,
0x000001af7d8e7c10, 0x000001af7d4727c0, 0x000001af7a16cf50, 0x000001af7a171e10,
0x000001af7d8e7580, 0x000001af7e97aab0, 0x000001af7e976280, 0x000001af7e97c4f0,
0x000001af7d471aa0, 0x000001af7c5a3ef0, 0x000001af7d8e4100, 0x000001af7d8e33e0,
0x000001af7d8e5b40, 0x000001af05f0f8d0, 0x000001af06764470, 0x000001af7d8e8930,
0x000001af7a1710f0, 0x000001af7e97b7d0, 0x000001af06768610, 0x000001af05f0bdc0,
0x000001af05f0f240
}

Java Threads: ( => current thread )
  0x000001af580921e0 JavaThread "main"                              [_thread_blocked, id=18992, stack(0x0000007b53f00000,0x0000007b54000000) (1024K)]
  0x000001af71ab95a0 JavaThread "Reference Handler"          daemon [_thread_blocked, id=19132, stack(0x0000007b54700000,0x0000007b54800000) (1024K)]
  0x000001af71abab90 JavaThread "Finalizer"                  daemon [_thread_blocked, id=14516, stack(0x0000007b54800000,0x0000007b54900000) (1024K)]
  0x000001af71a9fe00 JavaThread "Signal Dispatcher"          daemon [_thread_blocked, id=1368, stack(0x0000007b54900000,0x0000007b54a00000) (1024K)]
  0x000001af71aa2860 JavaThread "Attach Listener"            daemon [_thread_blocked, id=4768, stack(0x0000007b54a00000,0x0000007b54b00000) (1024K)]
  0x000001af71aa3a50 JavaThread "Service Thread"             daemon [_thread_blocked, id=3404, stack(0x0000007b54b00000,0x0000007b54c00000) (1024K)]
  0x000001af71abbea0 JavaThread "Monitor Deflation Thread"   daemon [_thread_blocked, id=12084, stack(0x0000007b54c00000,0x0000007b54d00000) (1024K)]
  0x000001af71accfe0 JavaThread "C2 CompilerThread0"         daemon [_thread_blocked, id=1720, stack(0x0000007b54d00000,0x0000007b54e00000) (1024K)]
  0x000001af71abd830 JavaThread "C1 CompilerThread0"         daemon [_thread_blocked, id=1036, stack(0x0000007b54e00000,0x0000007b54f00000) (1024K)]
  0x000001af71899a80 JavaThread "Common-Cleaner"             daemon [_thread_blocked, id=19252, stack(0x0000007b54f00000,0x0000007b55000000) (1024K)]
  0x000001af71dbd230 JavaThread "Notification Thread"        daemon [_thread_blocked, id=18132, stack(0x0000007b55000000,0x0000007b55100000) (1024K)]
  0x000001af77a88f10 JavaThread "Daemon health stats"               [_thread_blocked, id=5720, stack(0x0000007b55600000,0x0000007b55700000) (1024K)]
  0x000001af77a2bda0 JavaThread "Incoming local TCP Connector on port 65015"        [_thread_in_native, id=1104, stack(0x0000007b55700000,0x0000007b55800000) (1024K)]
  0x000001af77c1e6b0 JavaThread "Daemon periodic checks"            [_thread_blocked, id=18328, stack(0x0000007b55900000,0x0000007b55a00000) (1024K)]
  0x000001af77965e90 JavaThread "Cache worker for journal cache (C:\Users\77012\.gradle\caches\journal-1)"        [_thread_blocked, id=18612, stack(0x0000007b56400000,0x0000007b56500000) (1024K)]
  0x000001af77965800 JavaThread "File lock request listener"        [_thread_in_native, id=18548, stack(0x0000007b56500000,0x0000007b56600000) (1024K)]
  0x000001af77966520 JavaThread "Cache worker for file hash cache (C:\Users\77012\.gradle\caches\8.11.1\fileHashes)"        [_thread_blocked, id=18024, stack(0x0000007b56600000,0x0000007b56700000) (1024K)]
  0x000001af77966bb0 JavaThread "Cache worker for file content cache (C:\Users\77012\.gradle\caches\8.11.1\fileContent)"        [_thread_blocked, id=6620, stack(0x0000007b56800000,0x0000007b56900000) (1024K)]
  0x000001af796998d0 JavaThread "File watcher server"        daemon [_thread_blocked, id=14844, stack(0x0000007b56c00000,0x0000007b56d00000) (1024K)]
  0x000001af796a01d0 JavaThread "File watcher consumer"      daemon [_thread_blocked, id=3464, stack(0x0000007b56d00000,0x0000007b56e00000) (1024K)]
  0x000001af7bc192e0 JavaThread "pool-2-thread-1"                   [_thread_blocked, id=7016, stack(0x0000007b55800000,0x0000007b55900000) (1024K)]
  0x000001af7bc1c760 JavaThread "Memory manager"                    [_thread_blocked, id=18628, stack(0x0000007b57200000,0x0000007b57300000) (1024K)]
  0x000001af77964450 JavaThread "pool-4-thread-1"                   [_thread_blocked, id=19180, stack(0x0000007b58200000,0x0000007b58300000) (1024K)]
  0x000001af7e978350 JavaThread "RMI Scheduler(0)"           daemon [_thread_blocked, id=17824, stack(0x0000007b56f00000,0x0000007b57000000) (1024K)]
  0x000001af7e9789e0 JavaThread "RMI GC Daemon"              daemon [_thread_blocked, id=18888, stack(0x0000007b5dc00000,0x0000007b5dd00000) (1024K)]
  0x000001af7e979700 JavaThread "RMI TCP Accept-0"           daemon [_thread_in_native, id=13024, stack(0x0000007b5dd00000,0x0000007b5de00000) (1024K)]
  0x000001af7e979070 JavaThread "RMI Reaper"                        [_thread_blocked, id=288, stack(0x0000007b5de00000,0x0000007b5df00000) (1024K)]
  0x000001af7dfb4270 JavaThread "Cache worker for Java compile cache (C:\Users\77012\.gradle\caches\8.11.1\javaCompile)"        [_thread_blocked, id=2860, stack(0x0000007b53c00000,0x0000007b53d00000) (1024K)]
  0x000001af06427b10 JavaThread "pool-9-thread-1"                   [_thread_blocked, id=17436, stack(0x0000007b57f00000,0x0000007b58000000) (1024K)]
  0x000001af06ef4370 JavaThread "pool-14-thread-1"                  [_thread_blocked, id=17612, stack(0x0000007b57e00000,0x0000007b57f00000) (1024K)]
  0x000001af04798dc0 JavaThread "pool-19-thread-1"                  [_thread_blocked, id=16988, stack(0x0000007b58100000,0x0000007b58200000) (1024K)]
  0x000001af7e9c0cc0 JavaThread "pool-24-thread-1"                  [_thread_blocked, id=18680, stack(0x0000007b58000000,0x0000007b58100000) (1024K)]
  0x000001af7e5f58e0 JavaThread "pool-29-thread-1"                  [_thread_blocked, id=3440, stack(0x0000007b57d00000,0x0000007b57e00000) (1024K)]
  0x000001af7e974ed0 JavaThread "pool-34-thread-1"                  [_thread_blocked, id=16360, stack(0x0000007b58300000,0x0000007b58400000) (1024K)]
  0x000001af077258c0 JavaThread "pool-39-thread-1"                  [_thread_blocked, id=18108, stack(0x0000007b58600000,0x0000007b58700000) (1024K)]
  0x000001af7e0a2c70 JavaThread "pool-44-thread-1"                  [_thread_blocked, id=2636, stack(0x0000007b57100000,0x0000007b57200000) (1024K)]
  0x000001af05530fb0 JavaThread "pool-46-thread-1"                  [_thread_blocked, id=5888, stack(0x0000007b58b00000,0x0000007b58c00000) (1024K)]
  0x000001af05531cd0 JavaThread "pool-52-thread-1"                  [_thread_blocked, id=1512, stack(0x0000007b5ab00000,0x0000007b5ac00000) (1024K)]
  0x000001af06922f90 JavaThread "pool-54-thread-1"                  [_thread_blocked, id=9932, stack(0x0000007b58a00000,0x0000007b58b00000) (1024K)]
  0x000001af06582950 JavaThread "pool-59-thread-1"                  [_thread_blocked, id=18868, stack(0x0000007b58700000,0x0000007b58800000) (1024K)]
  0x000001af0657c050 JavaThread "pool-64-thread-1"                  [_thread_blocked, id=6460, stack(0x0000007b58e00000,0x0000007b58f00000) (1024K)]
  0x000001af07058c90 JavaThread "pool-69-thread-1"                  [_thread_blocked, id=18276, stack(0x0000007b58800000,0x0000007b58900000) (1024K)]
  0x000001af055329f0 JavaThread "pool-74-thread-1"                  [_thread_blocked, id=18524, stack(0x0000007b58f00000,0x0000007b59000000) (1024K)]
  0x000001af054ebd70 JavaThread "pool-79-thread-1"                  [_thread_blocked, id=6492, stack(0x0000007b58d00000,0x0000007b58e00000) (1024K)]
  0x000001af070599b0 JavaThread "pool-84-thread-1"                  [_thread_blocked, id=11852, stack(0x0000007b58500000,0x0000007b58600000) (1024K)]
  0x000001af7e983b10 JavaThread "pool-89-thread-1"                  [_thread_blocked, id=17760, stack(0x0000007b59300000,0x0000007b59400000) (1024K)]
  0x000001af06582fe0 JavaThread "pool-94-thread-1"                  [_thread_blocked, id=6244, stack(0x0000007b59100000,0x0000007b59200000) (1024K)]
  0x000001af06766540 JavaThread "pool-99-thread-1"                  [_thread_blocked, id=7856, stack(0x0000007b58c00000,0x0000007b58d00000) (1024K)]
  0x000001af06929890 JavaThread "pool-104-thread-1"                 [_thread_blocked, id=15800, stack(0x0000007b56e00000,0x0000007b56f00000) (1024K)]
  0x000001af07724ba0 JavaThread "pool-106-thread-1"                 [_thread_blocked, id=12620, stack(0x0000007b59900000,0x0000007b59a00000) (1024K)]
  0x000001af04f60b90 JavaThread "pool-111-thread-1"                 [_thread_blocked, id=16604, stack(0x0000007b59500000,0x0000007b59600000) (1024K)]
  0x000001af7c5a3860 JavaThread "pool-116-thread-1"                 [_thread_blocked, id=11964, stack(0x0000007b59c00000,0x0000007b59d00000) (1024K)]
  0x000001af7b5d7b00 JavaThread "pool-121-thread-1"                 [_thread_blocked, id=3712, stack(0x0000007b59800000,0x0000007b59900000) (1024K)]
  0x000001af06eb4fc0 JavaThread "pool-126-thread-1"                 [_thread_blocked, id=3472, stack(0x0000007b59a00000,0x0000007b59b00000) (1024K)]
  0x000001af7b5d7470 JavaThread "pool-131-thread-1"                 [_thread_blocked, id=14368, stack(0x0000007b59d00000,0x0000007b59e00000) (1024K)]
  0x000001af06324830 JavaThread "pool-136-thread-1"                 [_thread_blocked, id=12148, stack(0x0000007b59e00000,0x0000007b59f00000) (1024K)]
  0x000001af10e1bd40 JavaThread "pool-141-thread-1"                 [_thread_blocked, id=19224, stack(0x0000007b59600000,0x0000007b59700000) (1024K)]
  0x000001af7d472130 JavaThread "pool-146-thread-1"                 [_thread_blocked, id=17212, stack(0x0000007b59f00000,0x0000007b5a000000) (1024K)]
  0x000001af7e09b650 JavaThread "pool-151-thread-1"                 [_thread_blocked, id=16932, stack(0x0000007b5a000000,0x0000007b5a100000) (1024K)]
  0x000001af7e09e440 JavaThread "RMI RenewClean-[127.0.0.1:17592,org.jetbrains.kotlin.daemon.common.LoopbackNetworkInterface$ClientLoopbackSocketFactory@4145c30b]" daemon [_thread_blocked, id=17968, stack(0x0000007b55a00000,0x0000007b55b00000) (1024K)]
  0x000001af7d8e61d0 JavaThread "RMI RenewClean-[127.0.0.1:17592,org.jetbrains.kotlin.daemon.common.LoopbackNetworkInterface$ClientLoopbackSocketFactory@513985de]" daemon [_thread_blocked, id=17532, stack(0x0000007b5b400000,0x0000007b5b500000) (1024K)]
  0x000001af7e09d090 JavaThread "RMI TCP Connection(idle)"   daemon [_thread_blocked, id=3428, stack(0x0000007b5b600000,0x0000007b5b700000) (1024K)]
  0x000001af06767f80 JavaThread "RMI TCP Connection(idle)"   daemon [_thread_blocked, id=2524, stack(0x0000007b53e00000,0x0000007b53f00000) (1024K)]
  0x000001af05f08940 JavaThread "Daemon Thread 30"                  [_thread_blocked, id=3516, stack(0x0000007b53d00000,0x0000007b53e00000) (1024K)]
  0x000001af7d476960 JavaThread "Handler for socket connection from /127.0.0.1:65015 to /127.0.0.1:55137"        [_thread_in_native, id=16376, stack(0x0000007b55b00000,0x0000007b55c00000) (1024K)]
  0x000001af7d471410 JavaThread "Cancel handler"                    [_thread_blocked, id=18336, stack(0x0000007b55c00000,0x0000007b55d00000) (1024K)]
  0x000001af7d475c40 JavaThread "Daemon worker Thread 30"           [_thread_blocked, id=1848, stack(0x0000007b55d00000,0x0000007b55e00000) (1024K)]
  0x000001af7e0a1f50 JavaThread "Asynchronous log dispatcher for DefaultDaemonConnection: socket connection from /127.0.0.1:65015 to /127.0.0.1:55137"        [_thread_blocked, id=14100, stack(0x0000007b55e00000,0x0000007b55f00000) (1024K)]
  0x000001af7e0a25e0 JavaThread "Stdin handler"                     [_thread_blocked, id=9124, stack(0x0000007b55f00000,0x0000007b56000000) (1024K)]
  0x000001af7e09bce0 JavaThread "Daemon client event forwarder"        [_thread_blocked, id=6908, stack(0x0000007b56000000,0x0000007b56100000) (1024K)]
  0x000001af7e0a1230 JavaThread "Cache worker for file hash cache (C:\Users\77012\AndroidStudioProjects\PlaylistMaker_db6_album\.gradle\8.11.1\fileHashes)"        [_thread_blocked, id=5992, stack(0x0000007b56700000,0x0000007b56800000) (1024K)]
  0x000001af7e09c370 JavaThread "Cache worker for checksums cache (C:\Users\77012\AndroidStudioProjects\PlaylistMaker_db6_album\.gradle\8.11.1\checksums)"        [_thread_blocked, id=18004, stack(0x0000007b56900000,0x0000007b56a00000) (1024K)]
  0x000001af7e09d720 JavaThread "Cache worker for Build Output Cleanup Cache (C:\Users\77012\AndroidStudioProjects\PlaylistMaker_db6_album\.gradle\buildOutputCleanup)"        [_thread_blocked, id=11552, stack(0x0000007b56a00000,0x0000007b56b00000) (1024K)]
  0x000001af7e09ddb0 JavaThread "Cache worker for cache directory md-rule (C:\Users\77012\.gradle\caches\8.11.1\md-rule)"        [_thread_blocked, id=17780, stack(0x0000007b56b00000,0x0000007b56c00000) (1024K)]
  0x000001af7e0a18c0 JavaThread "Cache worker for cache directory md-supplier (C:\Users\77012\.gradle\caches\8.11.1\md-supplier)"        [_thread_blocked, id=17424, stack(0x0000007b57000000,0x0000007b57100000) (1024K)]
  0x000001af7e09f160 JavaThread "build event listener"              [_thread_blocked, id=13032, stack(0x0000007b57400000,0x0000007b57500000) (1024K)]
  0x000001af7e09fe80 JavaThread "build event listener"              [_thread_blocked, id=2668, stack(0x0000007b57500000,0x0000007b57600000) (1024K)]
  0x000001af7e0a0510 JavaThread "build event listener"              [_thread_blocked, id=16620, stack(0x0000007b57600000,0x0000007b57700000) (1024K)]
  0x000001af7e0a0ba0 JavaThread "Build operations"                  [_thread_blocked, id=13440, stack(0x0000007b57700000,0x0000007b57800000) (1024K)]
  0x000001af7c5a1e20 JavaThread "Build operations Thread 2"         [_thread_blocked, id=5420, stack(0x0000007b57800000,0x0000007b57900000) (1024K)]
  0x000001af7c5a7370 JavaThread "included builds"                   [_thread_blocked, id=11312, stack(0x0000007b57300000,0x0000007b57400000) (1024K)]
  0x000001af7d476ff0 JavaThread "Execution worker"                  [_thread_blocked, id=14692, stack(0x0000007b57900000,0x0000007b57a00000) (1024K)]
  0x000001af7d474890 JavaThread "Execution worker Thread 2"         [_thread_blocked, id=11188, stack(0x0000007b57a00000,0x0000007b57b00000) (1024K)]
  0x000001af7c5a2b40 JavaThread "Execution worker Thread 3"         [_thread_blocked, id=5108, stack(0x0000007b57b00000,0x0000007b57c00000) (1024K)]
  0x000001af7c5a31d0 JavaThread "Execution worker Thread 4"         [_thread_blocked, id=11808, stack(0x0000007b57c00000,0x0000007b57d00000) (1024K)]
  0x000001af7c5a52a0 JavaThread "Execution worker Thread 5"         [_thread_blocked, id=18668, stack(0x0000007b58400000,0x0000007b58500000) (1024K)]
  0x000001af7c5a1100 JavaThread "Execution worker Thread 6"         [_thread_blocked, id=19088, stack(0x0000007b59200000,0x0000007b59300000) (1024K)]
  0x000001af7c5a7a00 JavaThread "Execution worker Thread 7"         [_thread_blocked, id=10820, stack(0x0000007b59700000,0x0000007b59800000) (1024K)]
  0x000001af7d8e7c10 JavaThread "Cache worker for execution history cache (C:\Users\77012\AndroidStudioProjects\PlaylistMaker_db6_album\.gradle\8.11.1\executionHistory)"        [_thread_blocked, id=5088, stack(0x0000007b59b00000,0x0000007b59c00000) (1024K)]
  0x000001af7d4727c0 JavaThread "pool-156-thread-1"                 [_thread_blocked, id=13656, stack(0x0000007b5a100000,0x0000007b5a200000) (1024K)]
  0x000001af7a16cf50 JavaThread "WorkerExecutor Queue"              [_thread_blocked, id=15016, stack(0x0000007b5a200000,0x0000007b5a300000) (1024K)]
  0x000001af7a171e10 JavaThread "WorkerExecutor Queue Thread 2"        [_thread_blocked, id=6784, stack(0x0000007b5a300000,0x0000007b5a400000) (1024K)]
  0x000001af7d8e7580 JavaThread "WorkerExecutor Queue Thread 3"        [_thread_blocked, id=11260, stack(0x0000007b5a400000,0x0000007b5a500000) (1024K)]
  0x000001af7e97aab0 JavaThread "WorkerExecutor Queue Thread 4"        [_thread_blocked, id=6072, stack(0x0000007b5a500000,0x0000007b5a600000) (1024K)]
  0x000001af7e976280 JavaThread "WorkerExecutor Queue Thread 5"        [_thread_blocked, id=14928, stack(0x0000007b5a600000,0x0000007b5a700000) (1024K)]
  0x000001af7e97c4f0 JavaThread "WorkerExecutor Queue Thread 6"        [_thread_blocked, id=8940, stack(0x0000007b5a700000,0x0000007b5a800000) (1024K)]
  0x000001af7d471aa0 JavaThread "WorkerExecutor Queue Thread 7"        [_thread_blocked, id=18748, stack(0x0000007b5a800000,0x0000007b5a900000) (1024K)]
  0x000001af7c5a3ef0 JavaThread "WorkerExecutor Queue Thread 9"        [_thread_blocked, id=19344, stack(0x0000007b5aa00000,0x0000007b5ab00000) (1024K)]
  0x000001af7d8e4100 JavaThread "ForkJoinPool-60-worker-1"   daemon [_thread_blocked, id=13080, stack(0x0000007b5a900000,0x0000007b5aa00000) (1024K)]
  0x000001af7d8e33e0 JavaThread "ForkJoinPool-60-worker-2"   daemon [_thread_blocked, id=19404, stack(0x0000007b5ac00000,0x0000007b5ad00000) (1024K)]
  0x000001af7d8e5b40 JavaThread "ForkJoinPool-60-worker-3"   daemon [_thread_blocked, id=16936, stack(0x0000007b5ad00000,0x0000007b5ae00000) (1024K)]
  0x000001af05f0f8d0 JavaThread "ForkJoinPool-60-worker-4"   daemon [_thread_blocked, id=10024, stack(0x0000007b5ae00000,0x0000007b5af00000) (1024K)]
  0x000001af06764470 JavaThread "ForkJoinPool-60-worker-6"   daemon [_thread_blocked, id=6552, stack(0x0000007b5af00000,0x0000007b5b000000) (1024K)]
  0x000001af7d8e8930 JavaThread "ForkJoinPool-60-worker-5"   daemon [_thread_blocked, id=5416, stack(0x0000007b5b000000,0x0000007b5b100000) (1024K)]
  0x000001af7a1710f0 JavaThread "ForkJoinPool-60-worker-7"   daemon [_thread_blocked, id=19352, stack(0x0000007b5b100000,0x0000007b5b200000) (1024K)]
  0x000001af7e97b7d0 JavaThread "ForkJoinPool-60-worker-8"   daemon [_thread_blocked, id=17688, stack(0x0000007b5b200000,0x0000007b5b300000) (1024K)]
  0x000001af06768610 JavaThread "pool-157-thread-1"                 [_thread_blocked, id=12540, stack(0x0000007b5b300000,0x0000007b5b400000) (1024K)]
  0x000001af05f0bdc0 JavaThread "stderr"                            [_thread_blocked, id=13824, stack(0x0000007b5b500000,0x0000007b5b600000) (1024K)]
  0x000001af05f0f240 JavaThread "stdout"                            [_thread_blocked, id=4376, stack(0x0000007b5b700000,0x0000007b5b800000) (1024K)]
Total: 109

Other Threads:
  0x000001af7192b030 VMThread "VM Thread"                           [id=7316, stack(0x0000007b54600000,0x0000007b54700000) (1024K)]
  0x000001af718989b0 WatcherThread "VM Periodic Task Thread"        [id=18516, stack(0x0000007b54500000,0x0000007b54600000) (1024K)]
  0x000001af5a2793f0 WorkerThread "GC Thread#0"                     [id=13144, stack(0x0000007b54000000,0x0000007b54100000) (1024K)]
  0x000001af764ae070 WorkerThread "GC Thread#1"                     [id=5296, stack(0x0000007b55200000,0x0000007b55300000) (1024K)]
  0x000001af76566000 WorkerThread "GC Thread#2"                     [id=10752, stack(0x0000007b55300000,0x0000007b55400000) (1024K)]
  0x000001af76f7f900 WorkerThread "GC Thread#3"                     [id=5248, stack(0x0000007b55400000,0x0000007b55500000) (1024K)]
  0x000001af76d7ef30 WorkerThread "GC Thread#4"                     [id=18424, stack(0x0000007b55500000,0x0000007b55600000) (1024K)]
  0x000001af7775be60 WorkerThread "GC Thread#5"                     [id=18608, stack(0x0000007b55100000,0x0000007b55200000) (1024K)]
=>0x000001af77af3c10 WorkerThread "GC Thread#6"                     [id=9292, stack(0x0000007b56100000,0x0000007b56200000) (1024K)]
  0x000001af77aba260 WorkerThread "GC Thread#7"                     [id=2236, stack(0x0000007b56200000,0x0000007b56300000) (1024K)]
  0x000001af5815bfe0 ConcurrentGCThread "G1 Main Marker"            [id=19264, stack(0x0000007b54100000,0x0000007b54200000) (1024K)]
  0x000001af5815df70 WorkerThread "G1 Conc#0"                       [id=6616, stack(0x0000007b54200000,0x0000007b54300000) (1024K)]
  0x000001af77abd5b0 WorkerThread "G1 Conc#1"                       [id=17700, stack(0x0000007b56300000,0x0000007b56400000) (1024K)]
  0x000001af7176c530 ConcurrentGCThread "G1 Refine#0"               [id=10080, stack(0x0000007b54300000,0x0000007b54400000) (1024K)]
  0x000001af0f583b40 ConcurrentGCThread "G1 Refine#1"               [id=5980, stack(0x0000007b59400000,0x0000007b59500000) (1024K)]
  0x000001af7d4562c0 ConcurrentGCThread "G1 Refine#2"               [id=13756, stack(0x0000007b58900000,0x0000007b58a00000) (1024K)]
  0x000001af0644fa70 ConcurrentGCThread "G1 Refine#3"               [id=10228, stack(0x0000007b59000000,0x0000007b59100000) (1024K)]
  0x000001af7176e030 ConcurrentGCThread "G1 Service"                [id=9072, stack(0x0000007b54400000,0x0000007b54500000) (1024K)]
Total: 18

Threads with active compile tasks:
C2 CompilerThread0  17132847 106510       4       com.sun.org.apache.xml.internal.dtm.ref.ExpandedNameTable::<init> (57 bytes)
Total: 1

VM state: at safepoint (normal execution)

VM Mutex/Monitor currently owned by a thread:  ([mutex/lock_event])
[0x00007ffc8a0aac60] FreeList_lock - owner thread: 0x000001af77af3c10
[0x00007ffc8a0ad360] Threads_lock - owner thread: 0x000001af7192b030
[0x00007ffc8a0ad460] Heap_lock - owner thread: 0x000001af7c5a7370

Heap address: 0x0000000080000000, size: 2048 MB, Compressed Oops mode: 32-bit

CDS archive(s) not mapped
Compressed class space mapped at: 0x0000000100000000-0x0000000140000000, reserved size: 1073741824
Narrow klass base: 0x0000000000000000, Narrow klass shift: 3, Narrow klass range: 0x140000000

GC Precious Log:
 CardTable entry size: 512
 Card Set container configuration: InlinePtr #cards 5 size 8 Array Of Cards #cards 12 size 40 Howl #buckets 4 coarsen threshold 1843 Howl Bitmap #cards 512 size 80 coarsen threshold 460 Card regions per heap region 1 cards per card region 2048
 CPUs: 8 total, 8 available
 Memory: 7871M
 Large Page Support: Disabled
 NUMA Support: Disabled
 Compressed Oops: Enabled (32-bit)
 Heap Region Size: 1M
 Heap Min Capacity: 8M
 Heap Initial Capacity: 124M
 Heap Max Capacity: 2G
 Pre-touch: Disabled
 Parallel Workers: 8
 Concurrent Workers: 2
 Concurrent Refinement Workers: 8
 Periodic GC: Disabled

Heap:
 garbage-first heap   total 1922048K, used 1890658K [0x0000000080000000, 0x0000000100000000)
  region size 1024K, 1026 young (1050624K), 26 survivors (26624K)
 Metaspace       used 300627K, committed 303296K, reserved 1376256K
  class space    used 34317K, committed 35712K, reserved 1048576K

Heap Regions: E=young(eden), S=young(survivor), O=old, HS=humongous(starts), HC=humongous(continues), CS=collection set, F=free, TAMS=top-at-mark-start, PB=parsable bottom
|   0|0x0000000080000000, 0x0000000080100000, 0x0000000080100000|100%| O|  |TAMS 0x0000000080000000| PB 0x0000000080000000| Untracked 
|   1|0x0000000080100000, 0x0000000080200000, 0x0000000080200000|100%|HS|  |TAMS 0x0000000080100000| PB 0x0000000080100000| Complete 
|   2|0x0000000080200000, 0x0000000080300000, 0x0000000080300000|100%|HC|  |TAMS 0x0000000080200000| PB 0x0000000080200000| Complete 
|   3|0x0000000080300000, 0x0000000080400000, 0x0000000080400000|100%|HC|  |TAMS 0x0000000080300000| PB 0x0000000080300000| Complete 
|   4|0x0000000080400000, 0x0000000080500000, 0x0000000080500000|100%| O|  |TAMS 0x0000000080400000| PB 0x0000000080400000| Untracked 
|   5|0x0000000080500000, 0x0000000080600000, 0x0000000080600000|100%| O|  |TAMS 0x0000000080500000| PB 0x0000000080500000| Untracked 
|   6|0x0000000080600000, 0x0000000080700000, 0x0000000080700000|100%| O|  |TAMS 0x0000000080600000| PB 0x0000000080600000| Untracked 
|   7|0x0000000080700000, 0x0000000080800000, 0x0000000080800000|100%|HS|  |TAMS 0x0000000080700000| PB 0x0000000080700000| Complete 
|   8|0x0000000080800000, 0x0000000080900000, 0x0000000080900000|100%|HS|  |TAMS 0x0000000080800000| PB 0x0000000080800000| Complete 
|   9|0x0000000080900000, 0x0000000080a00000, 0x0000000080a00000|100%| O|  |TAMS 0x0000000080900000| PB 0x0000000080900000| Untracked 
|  10|0x0000000080a00000, 0x0000000080b00000, 0x0000000080b00000|100%| O|Cm|TAMS 0x0000000080a00000| PB 0x0000000080a00000| Complete 
|  11|0x0000000080b00000, 0x0000000080c00000, 0x0000000080c00000|100%| O|  |TAMS 0x0000000080b00000| PB 0x0000000080b00000| Untracked 
|  12|0x0000000080c00000, 0x0000000080d00000, 0x0000000080d00000|100%| O|  |TAMS 0x0000000080c00000| PB 0x0000000080c00000| Untracked 
|  13|0x0000000080d00000, 0x0000000080e00000, 0x0000000080e00000|100%| O|  |TAMS 0x0000000080d00000| PB 0x0000000080d00000| Untracked 
|  14|0x0000000080e00000, 0x0000000080f00000, 0x0000000080f00000|100%| O|  |TAMS 0x0000000080e00000| PB 0x0000000080e00000| Untracked 
|  15|0x0000000080f00000, 0x0000000081000000, 0x0000000081000000|100%| O|  |TAMS 0x0000000080f00000| PB 0x0000000080f00000| Untracked 
|  16|0x0000000081000000, 0x0000000081100000, 0x0000000081100000|100%| O|  |TAMS 0x0000000081000000| PB 0x0000000081000000| Untracked 
|  17|0x0000000081100000, 0x0000000081200000, 0x0000000081200000|100%| O|  |TAMS 0x0000000081100000| PB 0x0000000081100000| Untracked 
|  18|0x0000000081200000, 0x0000000081300000, 0x0000000081300000|100%| O|  |TAMS 0x0000000081200000| PB 0x0000000081200000| Untracked 
|  19|0x0000000081300000, 0x0000000081400000, 0x0000000081400000|100%| O|  |TAMS 0x0000000081300000| PB 0x0000000081300000| Untracked 
|  20|0x0000000081400000, 0x0000000081500000, 0x0000000081500000|100%|HS|  |TAMS 0x0000000081400000| PB 0x0000000081400000| Complete 
|  21|0x0000000081500000, 0x0000000081600000, 0x0000000081600000|100%|HS|  |TAMS 0x0000000081500000| PB 0x0000000081500000| Complete 
|  22|0x0000000081600000, 0x0000000081700000, 0x0000000081700000|100%|HS|  |TAMS 0x0000000081600000| PB 0x0000000081600000| Complete 
|  23|0x0000000081700000, 0x0000000081800000, 0x0000000081800000|100%|HC|  |TAMS 0x0000000081700000| PB 0x0000000081700000| Complete 
|  24|0x0000000081800000, 0x0000000081900000, 0x0000000081900000|100%| O|  |TAMS 0x0000000081800000| PB 0x0000000081800000| Untracked 
|  25|0x0000000081900000, 0x0000000081a00000, 0x0000000081a00000|100%| O|  |TAMS 0x0000000081900000| PB 0x0000000081900000| Untracked 
|  26|0x0000000081a00000, 0x0000000081b00000, 0x0000000081b00000|100%| O|  |TAMS 0x0000000081a00000| PB 0x0000000081a00000| Untracked 
|  27|0x0000000081b00000, 0x0000000081c00000, 0x0000000081c00000|100%| O|  |TAMS 0x0000000081b00000| PB 0x0000000081b00000| Untracked 
|  28|0x0000000081c00000, 0x0000000081d00000, 0x0000000081d00000|100%| O|  |TAMS 0x0000000081c00000| PB 0x0000000081c00000| Untracked 
|  29|0x0000000081d00000, 0x0000000081e00000, 0x0000000081e00000|100%| O|  |TAMS 0x0000000081d00000| PB 0x0000000081d00000| Untracked 
|  30|0x0000000081e00000, 0x0000000081f00000, 0x0000000081f00000|100%|HS|  |TAMS 0x0000000081e00000| PB 0x0000000081e00000| Complete 
|  31|0x0000000081f00000, 0x0000000082000000, 0x0000000082000000|100%|HS|  |TAMS 0x0000000081f00000| PB 0x0000000081f00000| Complete 
|  32|0x0000000082000000, 0x0000000082100000, 0x0000000082100000|100%|HC|  |TAMS 0x0000000082000000| PB 0x0000000082000000| Complete 
|  33|0x0000000082100000, 0x0000000082200000, 0x0000000082200000|100%| O|  |TAMS 0x0000000082100000| PB 0x0000000082100000| Untracked 
|  34|0x0000000082200000, 0x0000000082300000, 0x0000000082300000|100%| O|  |TAMS 0x0000000082200000| PB 0x0000000082200000| Untracked 
|  35|0x0000000082300000, 0x0000000082400000, 0x0000000082400000|100%| O|  |TAMS 0x0000000082300000| PB 0x0000000082300000| Untracked 
|  36|0x0000000082400000, 0x0000000082500000, 0x0000000082500000|100%| O|  |TAMS 0x0000000082400000| PB 0x0000000082400000| Untracked 
|  37|0x0000000082500000, 0x0000000082600000, 0x0000000082600000|100%| O|  |TAMS 0x0000000082500000| PB 0x0000000082500000| Untracked 
|  38|0x0000000082600000, 0x0000000082700000, 0x0000000082700000|100%| O|  |TAMS 0x0000000082600000| PB 0x0000000082600000| Untracked 
|  39|0x0000000082700000, 0x0000000082800000, 0x0000000082800000|100%| O|  |TAMS 0x0000000082700000| PB 0x0000000082700000| Untracked 
|  40|0x0000000082800000, 0x0000000082900000, 0x0000000082900000|100%|HS|  |TAMS 0x0000000082800000| PB 0x0000000082800000| Complete 
|  41|0x0000000082900000, 0x0000000082a00000, 0x0000000082a00000|100%| O|  |TAMS 0x0000000082900000| PB 0x0000000082900000| Untracked 
|  42|0x0000000082a00000, 0x0000000082b00000, 0x0000000082b00000|100%| O|  |TAMS 0x0000000082a00000| PB 0x0000000082a00000| Untracked 
|  43|0x0000000082b00000, 0x0000000082c00000, 0x0000000082c00000|100%|HS|  |TAMS 0x0000000082b00000| PB 0x0000000082b00000| Complete 
|  44|0x0000000082c00000, 0x0000000082d00000, 0x0000000082d00000|100%|HC|  |TAMS 0x0000000082c00000| PB 0x0000000082c00000| Complete 
|  45|0x0000000082d00000, 0x0000000082e00000, 0x0000000082e00000|100%|HC|  |TAMS 0x0000000082d00000| PB 0x0000000082d00000| Complete 
|  46|0x0000000082e00000, 0x0000000082f00000, 0x0000000082f00000|100%| O|  |TAMS 0x0000000082e00000| PB 0x0000000082e00000| Untracked 
|  47|0x0000000082f00000, 0x0000000083000000, 0x0000000083000000|100%| O|  |TAMS 0x0000000082f00000| PB 0x0000000082f00000| Untracked 
|  48|0x0000000083000000, 0x0000000083100000, 0x0000000083100000|100%| O|  |TAMS 0x0000000083000000| PB 0x0000000083000000| Untracked 
|  49|0x0000000083100000, 0x0000000083200000, 0x0000000083200000|100%| O|  |TAMS 0x0000000083100000| PB 0x0000000083100000| Untracked 
|  50|0x0000000083200000, 0x0000000083300000, 0x0000000083300000|100%| O|  |TAMS 0x0000000083200000| PB 0x0000000083200000| Untracked 
|  51|0x0000000083300000, 0x0000000083400000, 0x0000000083400000|100%|HS|  |TAMS 0x0000000083300000| PB 0x0000000083300000| Complete 
|  52|0x0000000083400000, 0x0000000083500000, 0x0000000083500000|100%|HC|  |TAMS 0x0000000083400000| PB 0x0000000083400000| Complete 
|  53|0x0000000083500000, 0x0000000083600000, 0x0000000083600000|100%|HC|  |TAMS 0x0000000083500000| PB 0x0000000083500000| Complete 
|  54|0x0000000083600000, 0x0000000083700000, 0x0000000083700000|100%| O|  |TAMS 0x0000000083600000| PB 0x0000000083600000| Untracked 
|  55|0x0000000083700000, 0x0000000083800000, 0x0000000083800000|100%| O|  |TAMS 0x0000000083700000| PB 0x0000000083700000| Untracked 
|  56|0x0000000083800000, 0x0000000083900000, 0x0000000083900000|100%| O|  |TAMS 0x0000000083800000| PB 0x0000000083800000| Untracked 
|  57|0x0000000083900000, 0x0000000083a00000, 0x0000000083a00000|100%|HS|  |TAMS 0x0000000083900000| PB 0x0000000083900000| Complete 
|  58|0x0000000083a00000, 0x0000000083b00000, 0x0000000083b00000|100%| O|  |TAMS 0x0000000083a00000| PB 0x0000000083a00000| Untracked 
|  59|0x0000000083b00000, 0x0000000083c00000, 0x0000000083c00000|100%| O|  |TAMS 0x0000000083b00000| PB 0x0000000083b00000| Untracked 
|  60|0x0000000083c00000, 0x0000000083d00000, 0x0000000083d00000|100%| O|  |TAMS 0x0000000083c00000| PB 0x0000000083c00000| Untracked 
|  61|0x0000000083d00000, 0x0000000083e00000, 0x0000000083e00000|100%| O|  |TAMS 0x0000000083d00000| PB 0x0000000083d00000| Untracked 
|  62|0x0000000083e00000, 0x0000000083f00000, 0x0000000083f00000|100%| O|  |TAMS 0x0000000083e00000| PB 0x0000000083e00000| Untracked 
|  63|0x0000000083f00000, 0x0000000084000000, 0x0000000084000000|100%| O|  |TAMS 0x0000000083f00000| PB 0x0000000083f00000| Untracked 
|  64|0x0000000084000000, 0x0000000084100000, 0x0000000084100000|100%|HS|  |TAMS 0x0000000084000000| PB 0x0000000084000000| Complete 
|  65|0x0000000084100000, 0x0000000084200000, 0x0000000084200000|100%| O|  |TAMS 0x0000000084100000| PB 0x0000000084100000| Untracked 
|  66|0x0000000084200000, 0x0000000084300000, 0x0000000084300000|100%| O|  |TAMS 0x0000000084200000| PB 0x0000000084200000| Untracked 
|  67|0x0000000084300000, 0x0000000084400000, 0x0000000084400000|100%| O|  |TAMS 0x0000000084300000| PB 0x0000000084300000| Untracked 
|  68|0x0000000084400000, 0x0000000084500000, 0x0000000084500000|100%| O|  |TAMS 0x0000000084400000| PB 0x0000000084400000| Untracked 
|  69|0x0000000084500000, 0x0000000084600000, 0x0000000084600000|100%| O|  |TAMS 0x0000000084500000| PB 0x0000000084500000| Untracked 
|  70|0x0000000084600000, 0x0000000084700000, 0x0000000084700000|100%| O|  |TAMS 0x0000000084600000| PB 0x0000000084600000| Untracked 
|  71|0x0000000084700000, 0x0000000084800000, 0x0000000084800000|100%| O|  |TAMS 0x0000000084700000| PB 0x0000000084700000| Untracked 
|  72|0x0000000084800000, 0x0000000084900000, 0x0000000084900000|100%| O|  |TAMS 0x0000000084800000| PB 0x0000000084800000| Untracked 
|  73|0x0000000084900000, 0x0000000084a00000, 0x0000000084a00000|100%| O|  |TAMS 0x0000000084900000| PB 0x0000000084900000| Untracked 
|  74|0x0000000084a00000, 0x0000000084b00000, 0x0000000084b00000|100%| O|  |TAMS 0x0000000084a00000| PB 0x0000000084a00000| Untracked 
|  75|0x0000000084b00000, 0x0000000084c00000, 0x0000000084c00000|100%| O|  |TAMS 0x0000000084b00000| PB 0x0000000084b00000| Untracked 
|  76|0x0000000084c00000, 0x0000000084d00000, 0x0000000084d00000|100%| O|  |TAMS 0x0000000084c00000| PB 0x0000000084c00000| Untracked 
|  77|0x0000000084d00000, 0x0000000084e00000, 0x0000000084e00000|100%| O|  |TAMS 0x0000000084d00000| PB 0x0000000084d00000| Untracked 
|  78|0x0000000084e00000, 0x0000000084f00000, 0x0000000084f00000|100%| O|  |TAMS 0x0000000084e00000| PB 0x0000000084e00000| Untracked 
|  79|0x0000000084f00000, 0x0000000085000000, 0x0000000085000000|100%| O|  |TAMS 0x0000000084f00000| PB 0x0000000084f00000| Untracked 
|  80|0x0000000085000000, 0x0000000085100000, 0x0000000085100000|100%| O|  |TAMS 0x0000000085000000| PB 0x0000000085000000| Untracked 
|  81|0x0000000085100000, 0x0000000085200000, 0x0000000085200000|100%| O|  |TAMS 0x0000000085100000| PB 0x0000000085100000| Untracked 
|  82|0x0000000085200000, 0x0000000085300000, 0x0000000085300000|100%| O|  |TAMS 0x0000000085200000| PB 0x0000000085200000| Untracked 
|  83|0x0000000085300000, 0x0000000085400000, 0x0000000085400000|100%| O|CS|TAMS 0x0000000085300000| PB 0x0000000085300000| Complete 
|  84|0x0000000085400000, 0x0000000085500000, 0x0000000085500000|100%| O|  |TAMS 0x0000000085400000| PB 0x0000000085400000| Untracked 
|  85|0x0000000085500000, 0x0000000085600000, 0x0000000085600000|100%| O|  |TAMS 0x0000000085500000| PB 0x0000000085500000| Untracked 
|  86|0x0000000085600000, 0x0000000085700000, 0x0000000085700000|100%| O|  |TAMS 0x0000000085600000| PB 0x0000000085600000| Untracked 
|  87|0x0000000085700000, 0x0000000085800000, 0x0000000085800000|100%|HS|  |TAMS 0x0000000085700000| PB 0x0000000085700000| Complete 
|  88|0x0000000085800000, 0x0000000085900000, 0x0000000085900000|100%| O|  |TAMS 0x0000000085800000| PB 0x0000000085800000| Untracked 
|  89|0x0000000085900000, 0x0000000085a00000, 0x0000000085a00000|100%| O|  |TAMS 0x0000000085900000| PB 0x0000000085900000| Untracked 
|  90|0x0000000085a00000, 0x0000000085b00000, 0x0000000085b00000|100%| O|  |TAMS 0x0000000085a00000| PB 0x0000000085a00000| Untracked 
|  91|0x0000000085b00000, 0x0000000085c00000, 0x0000000085c00000|100%| O|  |TAMS 0x0000000085b00000| PB 0x0000000085b00000| Untracked 
|  92|0x0000000085c00000, 0x0000000085d00000, 0x0000000085d00000|100%| O|  |TAMS 0x0000000085c00000| PB 0x0000000085c00000| Untracked 
|  93|0x0000000085d00000, 0x0000000085e00000, 0x0000000085e00000|100%| O|  |TAMS 0x0000000085d00000| PB 0x0000000085d00000| Untracked 
|  94|0x0000000085e00000, 0x0000000085f00000, 0x0000000085f00000|100%| O|  |TAMS 0x0000000085e00000| PB 0x0000000085e00000| Untracked 
|  95|0x0000000085f00000, 0x0000000086000000, 0x0000000086000000|100%| O|CS|TAMS 0x0000000085f00000| PB 0x0000000085f00000| Complete 
|  96|0x0000000086000000, 0x0000000086100000, 0x0000000086100000|100%| O|  |TAMS 0x0000000086000000| PB 0x0000000086000000| Untracked 
|  97|0x0000000086100000, 0x0000000086200000, 0x0000000086200000|100%|HS|  |TAMS 0x0000000086100000| PB 0x0000000086100000| Complete 
|  98|0x0000000086200000, 0x0000000086300000, 0x0000000086300000|100%| O|  |TAMS 0x0000000086200000| PB 0x0000000086200000| Untracked 
|  99|0x0000000086300000, 0x0000000086400000, 0x0000000086400000|100%| O|  |TAMS 0x0000000086300000| PB 0x0000000086300000| Untracked 
| 100|0x0000000086400000, 0x0000000086500000, 0x0000000086500000|100%| O|  |TAMS 0x0000000086400000| PB 0x0000000086400000| Untracked 
| 101|0x0000000086500000, 0x0000000086600000, 0x0000000086600000|100%| O|  |TAMS 0x0000000086500000| PB 0x0000000086500000| Untracked 
| 102|0x0000000086600000, 0x0000000086700000, 0x0000000086700000|100%| O|CS|TAMS 0x0000000086600000| PB 0x0000000086600000| Complete 
| 103|0x0000000086700000, 0x0000000086800000, 0x0000000086800000|100%| O|  |TAMS 0x0000000086700000| PB 0x0000000086700000| Untracked 
| 104|0x0000000086800000, 0x0000000086900000, 0x0000000086900000|100%| O|  |TAMS 0x0000000086800000| PB 0x0000000086800000| Untracked 
| 105|0x0000000086900000, 0x0000000086a00000, 0x0000000086a00000|100%| O|  |TAMS 0x0000000086900000| PB 0x0000000086900000| Untracked 
| 106|0x0000000086a00000, 0x0000000086b00000, 0x0000000086b00000|100%| O|  |TAMS 0x0000000086a00000| PB 0x0000000086a00000| Untracked 
| 107|0x0000000086b00000, 0x0000000086c00000, 0x0000000086c00000|100%| O|  |TAMS 0x0000000086b00000| PB 0x0000000086b00000| Untracked 
| 108|0x0000000086c00000, 0x0000000086d00000, 0x0000000086d00000|100%| O|  |TAMS 0x0000000086c00000| PB 0x0000000086c00000| Untracked 
| 109|0x0000000086d00000, 0x0000000086e00000, 0x0000000086e00000|100%| O|  |TAMS 0x0000000086d00000| PB 0x0000000086d00000| Untracked 
| 110|0x0000000086e00000, 0x0000000086f00000, 0x0000000086f00000|100%| O|  |TAMS 0x0000000086e00000| PB 0x0000000086e00000| Untracked 
| 111|0x0000000086f00000, 0x0000000087000000, 0x0000000087000000|100%| O|  |TAMS 0x0000000086f00000| PB 0x0000000086f00000| Untracked 
| 112|0x0000000087000000, 0x0000000087100000, 0x0000000087100000|100%| O|  |TAMS 0x0000000087000000| PB 0x0000000087000000| Untracked 
| 113|0x0000000087100000, 0x0000000087200000, 0x0000000087200000|100%| O|  |TAMS 0x0000000087100000| PB 0x0000000087100000| Untracked 
| 114|0x0000000087200000, 0x0000000087300000, 0x0000000087300000|100%| O|  |TAMS 0x0000000087200000| PB 0x0000000087200000| Untracked 
| 115|0x0000000087300000, 0x0000000087400000, 0x0000000087400000|100%| O|  |TAMS 0x0000000087300000| PB 0x0000000087300000| Untracked 
| 116|0x0000000087400000, 0x0000000087500000, 0x0000000087500000|100%|HS|  |TAMS 0x0000000087400000| PB 0x0000000087400000| Complete 
| 117|0x0000000087500000, 0x0000000087600000, 0x0000000087600000|100%| O|  |TAMS 0x0000000087500000| PB 0x0000000087500000| Untracked 
| 118|0x0000000087600000, 0x0000000087700000, 0x0000000087700000|100%| O|  |TAMS 0x0000000087600000| PB 0x0000000087600000| Untracked 
| 119|0x0000000087700000, 0x0000000087800000, 0x0000000087800000|100%| O|  |TAMS 0x0000000087700000| PB 0x0000000087700000| Untracked 
| 120|0x0000000087800000, 0x0000000087900000, 0x0000000087900000|100%| O|  |TAMS 0x0000000087800000| PB 0x0000000087800000| Untracked 
| 121|0x0000000087900000, 0x0000000087a00000, 0x0000000087a00000|100%| O|  |TAMS 0x0000000087900000| PB 0x0000000087900000| Untracked 
| 122|0x0000000087a00000, 0x0000000087b00000, 0x0000000087b00000|100%| O|CS|TAMS 0x0000000087a00000| PB 0x0000000087a00000| Complete 
| 123|0x0000000087b00000, 0x0000000087c00000, 0x0000000087c00000|100%|HS|  |TAMS 0x0000000087b00000| PB 0x0000000087b00000| Complete 
| 124|0x0000000087c00000, 0x0000000087d00000, 0x0000000087d00000|100%|HC|  |TAMS 0x0000000087c00000| PB 0x0000000087c00000| Complete 
| 125|0x0000000087d00000, 0x0000000087e00000, 0x0000000087e00000|100%| O|  |TAMS 0x0000000087d00000| PB 0x0000000087d00000| Untracked 
| 126|0x0000000087e00000, 0x0000000087f00000, 0x0000000087f00000|100%| O|  |TAMS 0x0000000087e00000| PB 0x0000000087e00000| Untracked 
| 127|0x0000000087f00000, 0x0000000088000000, 0x0000000088000000|100%| O|  |TAMS 0x0000000087f00000| PB 0x0000000087f00000| Untracked 
| 128|0x0000000088000000, 0x0000000088100000, 0x0000000088100000|100%| O|  |TAMS 0x0000000088000000| PB 0x0000000088000000| Untracked 
| 129|0x0000000088100000, 0x0000000088200000, 0x0000000088200000|100%| O|  |TAMS 0x0000000088100000| PB 0x0000000088100000| Untracked 
| 130|0x0000000088200000, 0x0000000088300000, 0x0000000088300000|100%| O|Cm|TAMS 0x0000000088200000| PB 0x0000000088200000| Complete 
| 131|0x0000000088300000, 0x0000000088400000, 0x0000000088400000|100%| O|  |TAMS 0x0000000088300000| PB 0x0000000088300000| Untracked 
| 132|0x0000000088400000, 0x0000000088500000, 0x0000000088500000|100%| O|CS|TAMS 0x0000000088400000| PB 0x0000000088400000| Complete 
| 133|0x0000000088500000, 0x0000000088600000, 0x0000000088600000|100%|HS|  |TAMS 0x0000000088500000| PB 0x0000000088500000| Complete 
| 134|0x0000000088600000, 0x0000000088700000, 0x0000000088700000|100%| O|CS|TAMS 0x0000000088600000| PB 0x0000000088600000| Complete 
| 135|0x0000000088700000, 0x0000000088800000, 0x0000000088800000|100%| O|Cm|TAMS 0x0000000088700000| PB 0x0000000088700000| Complete 
| 136|0x0000000088800000, 0x0000000088900000, 0x0000000088900000|100%| O|CS|TAMS 0x0000000088800000| PB 0x0000000088800000| Complete 
| 137|0x0000000088900000, 0x0000000088a00000, 0x0000000088a00000|100%| O|  |TAMS 0x0000000088900000| PB 0x0000000088900000| Untracked 
| 138|0x0000000088a00000, 0x0000000088b00000, 0x0000000088b00000|100%| O|  |TAMS 0x0000000088a00000| PB 0x0000000088a00000| Untracked 
| 139|0x0000000088b00000, 0x0000000088c00000, 0x0000000088c00000|100%| O|  |TAMS 0x0000000088b00000| PB 0x0000000088b00000| Untracked 
| 140|0x0000000088c00000, 0x0000000088d00000, 0x0000000088d00000|100%|HS|  |TAMS 0x0000000088c00000| PB 0x0000000088c00000| Complete 
| 141|0x0000000088d00000, 0x0000000088e00000, 0x0000000088e00000|100%|HC|  |TAMS 0x0000000088d00000| PB 0x0000000088d00000| Complete 
| 142|0x0000000088e00000, 0x0000000088f00000, 0x0000000088f00000|100%| O|  |TAMS 0x0000000088e00000| PB 0x0000000088e00000| Untracked 
| 143|0x0000000088f00000, 0x0000000089000000, 0x0000000089000000|100%| O|  |TAMS 0x0000000088f00000| PB 0x0000000088f00000| Untracked 
| 144|0x0000000089000000, 0x0000000089100000, 0x0000000089100000|100%| O|CS|TAMS 0x0000000089000000| PB 0x0000000089000000| Complete 
| 145|0x0000000089100000, 0x0000000089200000, 0x0000000089200000|100%| O|  |TAMS 0x0000000089100000| PB 0x0000000089100000| Untracked 
| 146|0x0000000089200000, 0x0000000089300000, 0x0000000089300000|100%| O|Cm|TAMS 0x0000000089200000| PB 0x0000000089200000| Complete 
| 147|0x0000000089300000, 0x0000000089400000, 0x0000000089400000|100%| O|CS|TAMS 0x0000000089300000| PB 0x0000000089300000| Complete 
| 148|0x0000000089400000, 0x0000000089500000, 0x0000000089500000|100%| O|  |TAMS 0x0000000089400000| PB 0x0000000089400000| Untracked 
| 149|0x0000000089500000, 0x0000000089600000, 0x0000000089600000|100%| O|  |TAMS 0x0000000089500000| PB 0x0000000089500000| Untracked 
| 150|0x0000000089600000, 0x0000000089700000, 0x0000000089700000|100%| O|  |TAMS 0x0000000089600000| PB 0x0000000089600000| Untracked 
| 151|0x0000000089700000, 0x0000000089800000, 0x0000000089800000|100%| O|  |TAMS 0x0000000089700000| PB 0x0000000089700000| Untracked 
| 152|0x0000000089800000, 0x0000000089900000, 0x0000000089900000|100%| O|  |TAMS 0x0000000089800000| PB 0x0000000089800000| Untracked 
| 153|0x0000000089900000, 0x0000000089a00000, 0x0000000089a00000|100%| O|  |TAMS 0x0000000089900000| PB 0x0000000089900000| Untracked 
| 154|0x0000000089a00000, 0x0000000089b00000, 0x0000000089b00000|100%| O|  |TAMS 0x0000000089a00000| PB 0x0000000089a00000| Untracked 
| 155|0x0000000089b00000, 0x0000000089c00000, 0x0000000089c00000|100%| O|  |TAMS 0x0000000089b00000| PB 0x0000000089b00000| Untracked 
| 156|0x0000000089c00000, 0x0000000089d00000, 0x0000000089d00000|100%| O|  |TAMS 0x0000000089c00000| PB 0x0000000089c00000| Untracked 
| 157|0x0000000089d00000, 0x0000000089e00000, 0x0000000089e00000|100%| O|CS|TAMS 0x0000000089d00000| PB 0x0000000089d00000| Complete 
| 158|0x0000000089e00000, 0x0000000089f00000, 0x0000000089f00000|100%| O|  |TAMS 0x0000000089e00000| PB 0x0000000089e00000| Untracked 
| 159|0x0000000089f00000, 0x000000008a000000, 0x000000008a000000|100%| O|  |TAMS 0x0000000089f00000| PB 0x0000000089f00000| Untracked 
| 160|0x000000008a000000, 0x000000008a100000, 0x000000008a100000|100%| O|  |TAMS 0x000000008a000000| PB 0x000000008a000000| Untracked 
| 161|0x000000008a100000, 0x000000008a200000, 0x000000008a200000|100%| O|  |TAMS 0x000000008a100000| PB 0x000000008a100000| Untracked 
| 162|0x000000008a200000, 0x000000008a300000, 0x000000008a300000|100%| O|  |TAMS 0x000000008a200000| PB 0x000000008a200000| Untracked 
| 163|0x000000008a300000, 0x000000008a400000, 0x000000008a400000|100%| O|CS|TAMS 0x000000008a300000| PB 0x000000008a300000| Complete 
| 164|0x000000008a400000, 0x000000008a500000, 0x000000008a500000|100%| O|  |TAMS 0x000000008a400000| PB 0x000000008a400000| Untracked 
| 165|0x000000008a500000, 0x000000008a600000, 0x000000008a600000|100%| O|Cm|TAMS 0x000000008a500000| PB 0x000000008a500000| Complete 
| 166|0x000000008a600000, 0x000000008a700000, 0x000000008a700000|100%| O|  |TAMS 0x000000008a600000| PB 0x000000008a600000| Untracked 
| 167|0x000000008a700000, 0x000000008a800000, 0x000000008a800000|100%| O|CS|TAMS 0x000000008a700000| PB 0x000000008a700000| Complete 
| 168|0x000000008a800000, 0x000000008a900000, 0x000000008a900000|100%| O|  |TAMS 0x000000008a800000| PB 0x000000008a800000| Untracked 
| 169|0x000000008a900000, 0x000000008aa00000, 0x000000008aa00000|100%| O|  |TAMS 0x000000008a900000| PB 0x000000008a900000| Untracked 
| 170|0x000000008aa00000, 0x000000008ab00000, 0x000000008ab00000|100%| O|  |TAMS 0x000000008aa00000| PB 0x000000008aa00000| Untracked 
| 171|0x000000008ab00000, 0x000000008ac00000, 0x000000008ac00000|100%| O|CS|TAMS 0x000000008ab00000| PB 0x000000008ab00000| Complete 
| 172|0x000000008ac00000, 0x000000008ad00000, 0x000000008ad00000|100%| O|  |TAMS 0x000000008ac00000| PB 0x000000008ac00000| Untracked 
| 173|0x000000008ad00000, 0x000000008ae00000, 0x000000008ae00000|100%| O|  |TAMS 0x000000008ad00000| PB 0x000000008ad00000| Untracked 
| 174|0x000000008ae00000, 0x000000008af00000, 0x000000008af00000|100%| O|  |TAMS 0x000000008ae00000| PB 0x000000008ae00000| Untracked 
| 175|0x000000008af00000, 0x000000008b000000, 0x000000008b000000|100%|HS|  |TAMS 0x000000008af00000| PB 0x000000008af00000| Complete 
| 176|0x000000008b000000, 0x000000008b100000, 0x000000008b100000|100%|HC|  |TAMS 0x000000008b000000| PB 0x000000008b000000| Complete 
| 177|0x000000008b100000, 0x000000008b200000, 0x000000008b200000|100%| O|  |TAMS 0x000000008b100000| PB 0x000000008b100000| Untracked 
| 178|0x000000008b200000, 0x000000008b300000, 0x000000008b300000|100%| O|  |TAMS 0x000000008b200000| PB 0x000000008b200000| Untracked 
| 179|0x000000008b300000, 0x000000008b400000, 0x000000008b400000|100%| O|Cm|TAMS 0x000000008b300000| PB 0x000000008b300000| Complete 
| 180|0x000000008b400000, 0x000000008b500000, 0x000000008b500000|100%| O|  |TAMS 0x000000008b400000| PB 0x000000008b400000| Untracked 
| 181|0x000000008b500000, 0x000000008b600000, 0x000000008b600000|100%| O|  |TAMS 0x000000008b500000| PB 0x000000008b500000| Untracked 
| 182|0x000000008b600000, 0x000000008b700000, 0x000000008b700000|100%| O|  |TAMS 0x000000008b600000| PB 0x000000008b600000| Untracked 
| 183|0x000000008b700000, 0x000000008b800000, 0x000000008b800000|100%| O|  |TAMS 0x000000008b700000| PB 0x000000008b700000| Untracked 
| 184|0x000000008b800000, 0x000000008b900000, 0x000000008b900000|100%| O|  |TAMS 0x000000008b800000| PB 0x000000008b800000| Untracked 
| 185|0x000000008b900000, 0x000000008ba00000, 0x000000008ba00000|100%|HS|  |TAMS 0x000000008b900000| PB 0x000000008b900000| Complete 
| 186|0x000000008ba00000, 0x000000008bb00000, 0x000000008bb00000|100%|HC|  |TAMS 0x000000008ba00000| PB 0x000000008ba00000| Complete 
| 187|0x000000008bb00000, 0x000000008bc00000, 0x000000008bc00000|100%| O|  |TAMS 0x000000008bb00000| PB 0x000000008bb00000| Untracked 
| 188|0x000000008bc00000, 0x000000008bd00000, 0x000000008bd00000|100%| O|CS|TAMS 0x000000008bc00000| PB 0x000000008bc00000| Complete 
| 189|0x000000008bd00000, 0x000000008be00000, 0x000000008be00000|100%|HS|  |TAMS 0x000000008bd00000| PB 0x000000008bd00000| Complete 
| 190|0x000000008be00000, 0x000000008bf00000, 0x000000008bf00000|100%|HC|  |TAMS 0x000000008be00000| PB 0x000000008be00000| Complete 
| 191|0x000000008bf00000, 0x000000008c000000, 0x000000008c000000|100%| O|  |TAMS 0x000000008bf00000| PB 0x000000008bf00000| Untracked 
| 192|0x000000008c000000, 0x000000008c100000, 0x000000008c100000|100%| O|CS|TAMS 0x000000008c000000| PB 0x000000008c000000| Complete 
| 193|0x000000008c100000, 0x000000008c200000, 0x000000008c200000|100%| O|  |TAMS 0x000000008c100000| PB 0x000000008c100000| Untracked 
| 194|0x000000008c200000, 0x000000008c300000, 0x000000008c300000|100%| O|CS|TAMS 0x000000008c200000| PB 0x000000008c200000| Complete 
| 195|0x000000008c300000, 0x000000008c400000, 0x000000008c400000|100%| O|  |TAMS 0x000000008c300000| PB 0x000000008c300000| Untracked 
| 196|0x000000008c400000, 0x000000008c500000, 0x000000008c500000|100%| O|Cm|TAMS 0x000000008c400000| PB 0x000000008c400000| Complete 
| 197|0x000000008c500000, 0x000000008c600000, 0x000000008c600000|100%| O|  |TAMS 0x000000008c500000| PB 0x000000008c500000| Untracked 
| 198|0x000000008c600000, 0x000000008c700000, 0x000000008c700000|100%| O|  |TAMS 0x000000008c600000| PB 0x000000008c600000| Untracked 
| 199|0x000000008c700000, 0x000000008c800000, 0x000000008c800000|100%| O|  |TAMS 0x000000008c700000| PB 0x000000008c700000| Untracked 
| 200|0x000000008c800000, 0x000000008c900000, 0x000000008c900000|100%| O|  |TAMS 0x000000008c800000| PB 0x000000008c800000| Untracked 
| 201|0x000000008c900000, 0x000000008ca00000, 0x000000008ca00000|100%| O|  |TAMS 0x000000008c900000| PB 0x000000008c900000| Untracked 
| 202|0x000000008ca00000, 0x000000008cb00000, 0x000000008cb00000|100%| O|  |TAMS 0x000000008ca00000| PB 0x000000008ca00000| Untracked 
| 203|0x000000008cb00000, 0x000000008cc00000, 0x000000008cc00000|100%| O|Cm|TAMS 0x000000008cb00000| PB 0x000000008cb00000| Complete 
| 204|0x000000008cc00000, 0x000000008cd00000, 0x000000008cd00000|100%| O|  |TAMS 0x000000008cc00000| PB 0x000000008cc00000| Untracked 
| 205|0x000000008cd00000, 0x000000008ce00000, 0x000000008ce00000|100%| O|  |TAMS 0x000000008cd00000| PB 0x000000008cd00000| Untracked 
| 206|0x000000008ce00000, 0x000000008cf00000, 0x000000008cf00000|100%| O|  |TAMS 0x000000008ce00000| PB 0x000000008ce00000| Untracked 
| 207|0x000000008cf00000, 0x000000008d000000, 0x000000008d000000|100%|HS|  |TAMS 0x000000008cf00000| PB 0x000000008cf00000| Complete 
| 208|0x000000008d000000, 0x000000008d100000, 0x000000008d100000|100%|HC|  |TAMS 0x000000008d000000| PB 0x000000008d000000| Complete 
| 209|0x000000008d100000, 0x000000008d200000, 0x000000008d200000|100%|HC|  |TAMS 0x000000008d100000| PB 0x000000008d100000| Complete 
| 210|0x000000008d200000, 0x000000008d300000, 0x000000008d300000|100%| O|  |TAMS 0x000000008d200000| PB 0x000000008d200000| Untracked 
| 211|0x000000008d300000, 0x000000008d400000, 0x000000008d400000|100%| O|  |TAMS 0x000000008d300000| PB 0x000000008d300000| Untracked 
| 212|0x000000008d400000, 0x000000008d500000, 0x000000008d500000|100%| O|  |TAMS 0x000000008d400000| PB 0x000000008d400000| Untracked 
| 213|0x000000008d500000, 0x000000008d600000, 0x000000008d600000|100%| O|  |TAMS 0x000000008d500000| PB 0x000000008d500000| Untracked 
| 214|0x000000008d600000, 0x000000008d700000, 0x000000008d700000|100%|HS|  |TAMS 0x000000008d600000| PB 0x000000008d600000| Complete 
| 215|0x000000008d700000, 0x000000008d800000, 0x000000008d800000|100%| O|  |TAMS 0x000000008d700000| PB 0x000000008d700000| Untracked 
| 216|0x000000008d800000, 0x000000008d900000, 0x000000008d900000|100%|HS|  |TAMS 0x000000008d800000| PB 0x000000008d800000| Complete 
| 217|0x000000008d900000, 0x000000008da00000, 0x000000008da00000|100%| O|  |TAMS 0x000000008d900000| PB 0x000000008d900000| Untracked 
| 218|0x000000008da00000, 0x000000008db00000, 0x000000008db00000|100%| O|  |TAMS 0x000000008da00000| PB 0x000000008da00000| Untracked 
| 219|0x000000008db00000, 0x000000008dc00000, 0x000000008dc00000|100%| O|  |TAMS 0x000000008db00000| PB 0x000000008db00000| Untracked 
| 220|0x000000008dc00000, 0x000000008dd00000, 0x000000008dd00000|100%| O|  |TAMS 0x000000008dc00000| PB 0x000000008dc00000| Untracked 
| 221|0x000000008dd00000, 0x000000008de00000, 0x000000008de00000|100%| O|CS|TAMS 0x000000008dd00000| PB 0x000000008dd00000| Complete 
| 222|0x000000008de00000, 0x000000008de80000, 0x000000008df00000| 50%| O|Cm|TAMS 0x000000008de00000| PB 0x000000008de00000| Complete 
| 223|0x000000008df00000, 0x000000008e000000, 0x000000008e000000|100%| O|  |TAMS 0x000000008df00000| PB 0x000000008df00000| Untracked 
| 224|0x000000008e000000, 0x000000008e100000, 0x000000008e100000|100%|HS|  |TAMS 0x000000008e000000| PB 0x000000008e000000| Complete 
| 225|0x000000008e100000, 0x000000008e200000, 0x000000008e200000|100%|HC|  |TAMS 0x000000008e100000| PB 0x000000008e100000| Complete 
| 226|0x000000008e200000, 0x000000008e300000, 0x000000008e300000|100%|HS|  |TAMS 0x000000008e200000| PB 0x000000008e200000| Complete 
| 227|0x000000008e300000, 0x000000008e400000, 0x000000008e400000|100%| O|Cm|TAMS 0x000000008e300000| PB 0x000000008e300000| Complete 
| 228|0x000000008e400000, 0x000000008e500000, 0x000000008e500000|100%|HS|  |TAMS 0x000000008e400000| PB 0x000000008e400000| Complete 
| 229|0x000000008e500000, 0x000000008e600000, 0x000000008e600000|100%| O|  |TAMS 0x000000008e500000| PB 0x000000008e500000| Untracked 
| 230|0x000000008e600000, 0x000000008e700000, 0x000000008e700000|100%| O|  |TAMS 0x000000008e600000| PB 0x000000008e600000| Untracked 
| 231|0x000000008e700000, 0x000000008e800000, 0x000000008e800000|100%| O|CS|TAMS 0x000000008e700000| PB 0x000000008e700000| Complete 
| 232|0x000000008e800000, 0x000000008e900000, 0x000000008e900000|100%| O|  |TAMS 0x000000008e800000| PB 0x000000008e800000| Untracked 
| 233|0x000000008e900000, 0x000000008ea00000, 0x000000008ea00000|100%| O|  |TAMS 0x000000008e900000| PB 0x000000008e900000| Untracked 
| 234|0x000000008ea00000, 0x000000008eb00000, 0x000000008eb00000|100%| O|  |TAMS 0x000000008ea00000| PB 0x000000008ea00000| Untracked 
| 235|0x000000008eb00000, 0x000000008ec00000, 0x000000008ec00000|100%|HS|  |TAMS 0x000000008eb00000| PB 0x000000008eb00000| Complete 
| 236|0x000000008ec00000, 0x000000008ed00000, 0x000000008ed00000|100%| O|  |TAMS 0x000000008ec00000| PB 0x000000008ec00000| Untracked 
| 237|0x000000008ed00000, 0x000000008ee00000, 0x000000008ee00000|100%| O|  |TAMS 0x000000008ed00000| PB 0x000000008ed00000| Untracked 
| 238|0x000000008ee00000, 0x000000008ef00000, 0x000000008ef00000|100%| O|  |TAMS 0x000000008ee00000| PB 0x000000008ee00000| Untracked 
| 239|0x000000008ef00000, 0x000000008f000000, 0x000000008f000000|100%|HS|  |TAMS 0x000000008ef00000| PB 0x000000008ef00000| Complete 
| 240|0x000000008f000000, 0x000000008f100000, 0x000000008f100000|100%| O|  |TAMS 0x000000008f000000| PB 0x000000008f000000| Untracked 
| 241|0x000000008f100000, 0x000000008f200000, 0x000000008f200000|100%| O|  |TAMS 0x000000008f100000| PB 0x000000008f100000| Untracked 
| 242|0x000000008f200000, 0x000000008f300000, 0x000000008f300000|100%| O|  |TAMS 0x000000008f200000| PB 0x000000008f200000| Untracked 
| 243|0x000000008f300000, 0x000000008f400000, 0x000000008f400000|100%|HS|  |TAMS 0x000000008f300000| PB 0x000000008f300000| Complete 
| 244|0x000000008f400000, 0x000000008f500000, 0x000000008f500000|100%|HS|  |TAMS 0x000000008f400000| PB 0x000000008f400000| Complete 
| 245|0x000000008f500000, 0x000000008f600000, 0x000000008f600000|100%|HC|  |TAMS 0x000000008f500000| PB 0x000000008f500000| Complete 
| 246|0x000000008f600000, 0x000000008f700000, 0x000000008f700000|100%|HS|  |TAMS 0x000000008f600000| PB 0x000000008f600000| Complete 
| 247|0x000000008f700000, 0x000000008f800000, 0x000000008f800000|100%| O|  |TAMS 0x000000008f700000| PB 0x000000008f700000| Untracked 
| 248|0x000000008f800000, 0x000000008f900000, 0x000000008f900000|100%|HS|  |TAMS 0x000000008f800000| PB 0x000000008f800000| Complete 
| 249|0x000000008f900000, 0x000000008fa00000, 0x000000008fa00000|100%|HC|  |TAMS 0x000000008f900000| PB 0x000000008f900000| Complete 
| 250|0x000000008fa00000, 0x000000008fb00000, 0x000000008fb00000|100%|HS|  |TAMS 0x000000008fa00000| PB 0x000000008fa00000| Complete 
| 251|0x000000008fb00000, 0x000000008fc00000, 0x000000008fc00000|100%|HC|  |TAMS 0x000000008fb00000| PB 0x000000008fb00000| Complete 
| 252|0x000000008fc00000, 0x000000008fd00000, 0x000000008fd00000|100%|HC|  |TAMS 0x000000008fc00000| PB 0x000000008fc00000| Complete 
| 253|0x000000008fd00000, 0x000000008fe00000, 0x000000008fe00000|100%|HS|  |TAMS 0x000000008fd00000| PB 0x000000008fd00000| Complete 
| 254|0x000000008fe00000, 0x000000008ff00000, 0x000000008ff00000|100%| O|Cm|TAMS 0x000000008fe00000| PB 0x000000008fe00000| Complete 
| 255|0x000000008ff00000, 0x0000000090000000, 0x0000000090000000|100%| O|  |TAMS 0x000000008ff00000| PB 0x000000008ff00000| Untracked 
| 256|0x0000000090000000, 0x0000000090100000, 0x0000000090100000|100%| O|Cm|TAMS 0x0000000090000000| PB 0x0000000090000000| Complete 
| 257|0x0000000090100000, 0x0000000090200000, 0x0000000090200000|100%|HS|  |TAMS 0x0000000090100000| PB 0x0000000090100000| Complete 
| 258|0x0000000090200000, 0x0000000090300000, 0x0000000090300000|100%| O|  |TAMS 0x0000000090200000| PB 0x0000000090200000| Untracked 
| 259|0x0000000090300000, 0x0000000090400000, 0x0000000090400000|100%|HS|  |TAMS 0x0000000090300000| PB 0x0000000090300000| Complete 
| 260|0x0000000090400000, 0x0000000090500000, 0x0000000090500000|100%|HC|  |TAMS 0x0000000090400000| PB 0x0000000090400000| Complete 
| 261|0x0000000090500000, 0x0000000090600000, 0x0000000090600000|100%|HC|  |TAMS 0x0000000090500000| PB 0x0000000090500000| Complete 
| 262|0x0000000090600000, 0x0000000090700000, 0x0000000090700000|100%|HC|  |TAMS 0x0000000090600000| PB 0x0000000090600000| Complete 
| 263|0x0000000090700000, 0x0000000090800000, 0x0000000090800000|100%|HC|  |TAMS 0x0000000090700000| PB 0x0000000090700000| Complete 
| 264|0x0000000090800000, 0x0000000090900000, 0x0000000090900000|100%|HS|  |TAMS 0x0000000090800000| PB 0x0000000090800000| Complete 
| 265|0x0000000090900000, 0x0000000090a00000, 0x0000000090a00000|100%|HC|  |TAMS 0x0000000090900000| PB 0x0000000090900000| Complete 
| 266|0x0000000090a00000, 0x0000000090b00000, 0x0000000090b00000|100%|HC|  |TAMS 0x0000000090a00000| PB 0x0000000090a00000| Complete 
| 267|0x0000000090b00000, 0x0000000090c00000, 0x0000000090c00000|100%|HC|  |TAMS 0x0000000090b00000| PB 0x0000000090b00000| Complete 
| 268|0x0000000090c00000, 0x0000000090d00000, 0x0000000090d00000|100%|HC|  |TAMS 0x0000000090c00000| PB 0x0000000090c00000| Complete 
| 269|0x0000000090d00000, 0x0000000090e00000, 0x0000000090e00000|100%|HC|  |TAMS 0x0000000090d00000| PB 0x0000000090d00000| Complete 
| 270|0x0000000090e00000, 0x0000000090f00000, 0x0000000090f00000|100%| O|  |TAMS 0x0000000090e00000| PB 0x0000000090e00000| Untracked 
| 271|0x0000000090f00000, 0x0000000091000000, 0x0000000091000000|100%| O|  |TAMS 0x0000000090f00000| PB 0x0000000090f00000| Untracked 
| 272|0x0000000091000000, 0x0000000091100000, 0x0000000091100000|100%|HS|  |TAMS 0x0000000091000000| PB 0x0000000091000000| Complete 
| 273|0x0000000091100000, 0x0000000091200000, 0x0000000091200000|100%| O|  |TAMS 0x0000000091100000| PB 0x0000000091100000| Untracked 
| 274|0x0000000091200000, 0x0000000091300000, 0x0000000091300000|100%| O|CS|TAMS 0x0000000091200000| PB 0x0000000091200000| Complete 
| 275|0x0000000091300000, 0x0000000091400000, 0x0000000091400000|100%| O|  |TAMS 0x0000000091300000| PB 0x0000000091300000| Untracked 
| 276|0x0000000091400000, 0x0000000091500000, 0x0000000091500000|100%| O|  |TAMS 0x0000000091400000| PB 0x0000000091400000| Untracked 
| 277|0x0000000091500000, 0x0000000091600000, 0x0000000091600000|100%| O|  |TAMS 0x0000000091500000| PB 0x0000000091500000| Untracked 
| 278|0x0000000091600000, 0x0000000091700000, 0x0000000091700000|100%| O|  |TAMS 0x0000000091600000| PB 0x0000000091600000| Untracked 
| 279|0x0000000091700000, 0x0000000091800000, 0x0000000091800000|100%|HS|  |TAMS 0x0000000091700000| PB 0x0000000091700000| Complete 
| 280|0x0000000091800000, 0x0000000091900000, 0x0000000091900000|100%|HS|  |TAMS 0x0000000091800000| PB 0x0000000091800000| Complete 
| 281|0x0000000091900000, 0x0000000091a00000, 0x0000000091a00000|100%| O|CS|TAMS 0x0000000091900000| PB 0x0000000091900000| Complete 
| 282|0x0000000091a00000, 0x0000000091b00000, 0x0000000091b00000|100%|HS|  |TAMS 0x0000000091a00000| PB 0x0000000091a00000| Complete 
| 283|0x0000000091b00000, 0x0000000091c00000, 0x0000000091c00000|100%|HC|  |TAMS 0x0000000091b00000| PB 0x0000000091b00000| Complete 
| 284|0x0000000091c00000, 0x0000000091d00000, 0x0000000091d00000|100%|HS|  |TAMS 0x0000000091c00000| PB 0x0000000091c00000| Complete 
| 285|0x0000000091d00000, 0x0000000091e00000, 0x0000000091e00000|100%| O|  |TAMS 0x0000000091d00000| PB 0x0000000091d00000| Untracked 
| 286|0x0000000091e00000, 0x0000000091f00000, 0x0000000091f00000|100%|HS|  |TAMS 0x0000000091e00000| PB 0x0000000091e00000| Complete 
| 287|0x0000000091f00000, 0x0000000092000000, 0x0000000092000000|100%|HC|  |TAMS 0x0000000091f00000| PB 0x0000000091f00000| Complete 
| 288|0x0000000092000000, 0x0000000092100000, 0x0000000092100000|100%|HS|  |TAMS 0x0000000092000000| PB 0x0000000092000000| Complete 
| 289|0x0000000092100000, 0x0000000092200000, 0x0000000092200000|100%|HS|  |TAMS 0x0000000092100000| PB 0x0000000092100000| Complete 
| 290|0x0000000092200000, 0x0000000092300000, 0x0000000092300000|100%| O|CS|TAMS 0x0000000092200000| PB 0x0000000092200000| Complete 
| 291|0x0000000092300000, 0x0000000092400000, 0x0000000092400000|100%|HS|  |TAMS 0x0000000092300000| PB 0x0000000092300000| Complete 
| 292|0x0000000092400000, 0x0000000092500000, 0x0000000092500000|100%|HC|  |TAMS 0x0000000092400000| PB 0x0000000092400000| Complete 
| 293|0x0000000092500000, 0x0000000092600000, 0x0000000092600000|100%|HS|  |TAMS 0x0000000092500000| PB 0x0000000092500000| Complete 
| 294|0x0000000092600000, 0x0000000092700000, 0x0000000092700000|100%|HC|  |TAMS 0x0000000092600000| PB 0x0000000092600000| Complete 
| 295|0x0000000092700000, 0x0000000092800000, 0x0000000092800000|100%|HC|  |TAMS 0x0000000092700000| PB 0x0000000092700000| Complete 
| 296|0x0000000092800000, 0x0000000092900000, 0x0000000092900000|100%|HS|  |TAMS 0x0000000092800000| PB 0x0000000092800000| Complete 
| 297|0x0000000092900000, 0x0000000092a00000, 0x0000000092a00000|100%|HC|  |TAMS 0x0000000092900000| PB 0x0000000092900000| Complete 
| 298|0x0000000092a00000, 0x0000000092b00000, 0x0000000092b00000|100%|HS|  |TAMS 0x0000000092a00000| PB 0x0000000092a00000| Complete 
| 299|0x0000000092b00000, 0x0000000092c00000, 0x0000000092c00000|100%|HS|  |TAMS 0x0000000092b00000| PB 0x0000000092b00000| Complete 
| 300|0x0000000092c00000, 0x0000000092d00000, 0x0000000092d00000|100%| O|CS|TAMS 0x0000000092c00000| PB 0x0000000092c00000| Complete 
| 301|0x0000000092d00000, 0x0000000092e00000, 0x0000000092e00000|100%|HS|  |TAMS 0x0000000092d00000| PB 0x0000000092d00000| Complete 
| 302|0x0000000092e00000, 0x0000000092f00000, 0x0000000092f00000|100%|HC|  |TAMS 0x0000000092e00000| PB 0x0000000092e00000| Complete 
| 303|0x0000000092f00000, 0x0000000093000000, 0x0000000093000000|100%|HS|  |TAMS 0x0000000092f00000| PB 0x0000000092f00000| Complete 
| 304|0x0000000093000000, 0x0000000093100000, 0x0000000093100000|100%|HC|  |TAMS 0x0000000093000000| PB 0x0000000093000000| Complete 
| 305|0x0000000093100000, 0x0000000093200000, 0x0000000093200000|100%| O|CS|TAMS 0x0000000093100000| PB 0x0000000093100000| Complete 
| 306|0x0000000093200000, 0x0000000093300000, 0x0000000093300000|100%| O|  |TAMS 0x0000000093200000| PB 0x0000000093200000| Untracked 
| 307|0x0000000093300000, 0x0000000093400000, 0x0000000093400000|100%|HS|  |TAMS 0x0000000093300000| PB 0x0000000093300000| Complete 
| 308|0x0000000093400000, 0x0000000093500000, 0x0000000093500000|100%|HC|  |TAMS 0x0000000093400000| PB 0x0000000093400000| Complete 
| 309|0x0000000093500000, 0x0000000093600000, 0x0000000093600000|100%|HC|  |TAMS 0x0000000093500000| PB 0x0000000093500000| Complete 
| 310|0x0000000093600000, 0x0000000093700000, 0x0000000093700000|100%|HS|  |TAMS 0x0000000093600000| PB 0x0000000093600000| Complete 
| 311|0x0000000093700000, 0x0000000093800000, 0x0000000093800000|100%|HC|  |TAMS 0x0000000093700000| PB 0x0000000093700000| Complete 
| 312|0x0000000093800000, 0x0000000093900000, 0x0000000093900000|100%|HS|  |TAMS 0x0000000093800000| PB 0x0000000093800000| Complete 
| 313|0x0000000093900000, 0x0000000093a00000, 0x0000000093a00000|100%| O|  |TAMS 0x0000000093900000| PB 0x0000000093900000| Untracked 
| 314|0x0000000093a00000, 0x0000000093b00000, 0x0000000093b00000|100%|HS|  |TAMS 0x0000000093a00000| PB 0x0000000093a00000| Complete 
| 315|0x0000000093b00000, 0x0000000093c00000, 0x0000000093c00000|100%|HC|  |TAMS 0x0000000093b00000| PB 0x0000000093b00000| Complete 
| 316|0x0000000093c00000, 0x0000000093d00000, 0x0000000093d00000|100%| O|CS|TAMS 0x0000000093c00000| PB 0x0000000093c00000| Complete 
| 317|0x0000000093d00000, 0x0000000093e00000, 0x0000000093e00000|100%| O|CS|TAMS 0x0000000093d00000| PB 0x0000000093d00000| Complete 
| 318|0x0000000093e00000, 0x0000000093f00000, 0x0000000093f00000|100%| O|  |TAMS 0x0000000093e00000| PB 0x0000000093e00000| Untracked 
| 319|0x0000000093f00000, 0x0000000094000000, 0x0000000094000000|100%| O|  |TAMS 0x0000000093f00000| PB 0x0000000093f00000| Untracked 
| 320|0x0000000094000000, 0x0000000094100000, 0x0000000094100000|100%|HS|  |TAMS 0x0000000094000000| PB 0x0000000094000000| Complete 
| 321|0x0000000094100000, 0x0000000094200000, 0x0000000094200000|100%| O|CS|TAMS 0x0000000094100000| PB 0x0000000094100000| Complete 
| 322|0x0000000094200000, 0x0000000094300000, 0x0000000094300000|100%| O|  |TAMS 0x0000000094200000| PB 0x0000000094200000| Untracked 
| 323|0x0000000094300000, 0x0000000094400000, 0x0000000094400000|100%| O|CS|TAMS 0x0000000094300000| PB 0x0000000094300000| Complete 
| 324|0x0000000094400000, 0x0000000094500000, 0x0000000094500000|100%| O|  |TAMS 0x0000000094400000| PB 0x0000000094400000| Untracked 
| 325|0x0000000094500000, 0x0000000094600000, 0x0000000094600000|100%|HS|  |TAMS 0x0000000094500000| PB 0x0000000094500000| Complete 
| 326|0x0000000094600000, 0x0000000094700000, 0x0000000094700000|100%|HC|  |TAMS 0x0000000094600000| PB 0x0000000094600000| Complete 
| 327|0x0000000094700000, 0x0000000094800000, 0x0000000094800000|100%|HC|  |TAMS 0x0000000094700000| PB 0x0000000094700000| Complete 
| 328|0x0000000094800000, 0x0000000094900000, 0x0000000094900000|100%|HC|  |TAMS 0x0000000094800000| PB 0x0000000094800000| Complete 
| 329|0x0000000094900000, 0x0000000094a00000, 0x0000000094a00000|100%|HC|  |TAMS 0x0000000094900000| PB 0x0000000094900000| Complete 
| 330|0x0000000094a00000, 0x0000000094b00000, 0x0000000094b00000|100%|HS|  |TAMS 0x0000000094a00000| PB 0x0000000094a00000| Complete 
| 331|0x0000000094b00000, 0x0000000094c00000, 0x0000000094c00000|100%| O|CS|TAMS 0x0000000094b00000| PB 0x0000000094b00000| Complete 
| 332|0x0000000094c00000, 0x0000000094d00000, 0x0000000094d00000|100%|HS|  |TAMS 0x0000000094c00000| PB 0x0000000094c00000| Complete 
| 333|0x0000000094d00000, 0x0000000094e00000, 0x0000000094e00000|100%|HC|  |TAMS 0x0000000094d00000| PB 0x0000000094d00000| Complete 
| 334|0x0000000094e00000, 0x0000000094f00000, 0x0000000094f00000|100%| O|  |TAMS 0x0000000094e00000| PB 0x0000000094e00000| Untracked 
| 335|0x0000000094f00000, 0x0000000095000000, 0x0000000095000000|100%| O|  |TAMS 0x0000000094f00000| PB 0x0000000094f00000| Untracked 
| 336|0x0000000095000000, 0x0000000095100000, 0x0000000095100000|100%| O|  |TAMS 0x0000000095000000| PB 0x0000000095000000| Untracked 
| 337|0x0000000095100000, 0x0000000095200000, 0x0000000095200000|100%| O|  |TAMS 0x0000000095100000| PB 0x0000000095100000| Untracked 
| 338|0x0000000095200000, 0x0000000095300000, 0x0000000095300000|100%|HS|  |TAMS 0x0000000095200000| PB 0x0000000095200000| Complete 
| 339|0x0000000095300000, 0x0000000095400000, 0x0000000095400000|100%|HC|  |TAMS 0x0000000095300000| PB 0x0000000095300000| Complete 
| 340|0x0000000095400000, 0x0000000095500000, 0x0000000095500000|100%|HC|  |TAMS 0x0000000095400000| PB 0x0000000095400000| Complete 
| 341|0x0000000095500000, 0x0000000095600000, 0x0000000095600000|100%| O|CS|TAMS 0x0000000095500000| PB 0x0000000095500000| Complete 
| 342|0x0000000095600000, 0x0000000095700000, 0x0000000095700000|100%| O|  |TAMS 0x0000000095600000| PB 0x0000000095600000| Untracked 
| 343|0x0000000095700000, 0x0000000095800000, 0x0000000095800000|100%|HS|  |TAMS 0x0000000095700000| PB 0x0000000095700000| Complete 
| 344|0x0000000095800000, 0x0000000095900000, 0x0000000095900000|100%| O|  |TAMS 0x0000000095800000| PB 0x0000000095800000| Untracked 
| 345|0x0000000095900000, 0x0000000095a00000, 0x0000000095a00000|100%| O|  |TAMS 0x0000000095900000| PB 0x0000000095900000| Untracked 
| 346|0x0000000095a00000, 0x0000000095b00000, 0x0000000095b00000|100%| O|  |TAMS 0x0000000095a00000| PB 0x0000000095a00000| Untracked 
| 347|0x0000000095b00000, 0x0000000095c00000, 0x0000000095c00000|100%|HS|  |TAMS 0x0000000095b00000| PB 0x0000000095b00000| Complete 
| 348|0x0000000095c00000, 0x0000000095d00000, 0x0000000095d00000|100%| O|CS|TAMS 0x0000000095c00000| PB 0x0000000095c00000| Complete 
| 349|0x0000000095d00000, 0x0000000095e00000, 0x0000000095e00000|100%|HS|  |TAMS 0x0000000095d00000| PB 0x0000000095d00000| Complete 
| 350|0x0000000095e00000, 0x0000000095f00000, 0x0000000095f00000|100%| O|  |TAMS 0x0000000095e00000| PB 0x0000000095e00000| Untracked 
| 351|0x0000000095f00000, 0x0000000096000000, 0x0000000096000000|100%|HS|  |TAMS 0x0000000095f00000| PB 0x0000000095f00000| Complete 
| 352|0x0000000096000000, 0x0000000096100000, 0x0000000096100000|100%|HC|  |TAMS 0x0000000096000000| PB 0x0000000096000000| Complete 
| 353|0x0000000096100000, 0x0000000096200000, 0x0000000096200000|100%|HS|  |TAMS 0x0000000096100000| PB 0x0000000096100000| Complete 
| 354|0x0000000096200000, 0x0000000096300000, 0x0000000096300000|100%| O|CS|TAMS 0x0000000096200000| PB 0x0000000096200000| Complete 
| 355|0x0000000096300000, 0x0000000096400000, 0x0000000096400000|100%| O|Cm|TAMS 0x0000000096300000| PB 0x0000000096300000| Complete 
| 356|0x0000000096400000, 0x0000000096500000, 0x0000000096500000|100%| O|  |TAMS 0x0000000096400000| PB 0x0000000096400000| Untracked 
| 357|0x0000000096500000, 0x0000000096600000, 0x0000000096600000|100%| O|  |TAMS 0x0000000096500000| PB 0x0000000096500000| Untracked 
| 358|0x0000000096600000, 0x0000000096700000, 0x0000000096700000|100%| O|  |TAMS 0x0000000096600000| PB 0x0000000096600000| Untracked 
| 359|0x0000000096700000, 0x0000000096800000, 0x0000000096800000|100%| O|  |TAMS 0x0000000096700000| PB 0x0000000096700000| Untracked 
| 360|0x0000000096800000, 0x0000000096900000, 0x0000000096900000|100%| O|  |TAMS 0x0000000096800000| PB 0x0000000096800000| Untracked 
| 361|0x0000000096900000, 0x0000000096a00000, 0x0000000096a00000|100%| O|  |TAMS 0x0000000096900000| PB 0x0000000096900000| Untracked 
| 362|0x0000000096a00000, 0x0000000096b00000, 0x0000000096b00000|100%|HS|  |TAMS 0x0000000096a00000| PB 0x0000000096a00000| Complete 
| 363|0x0000000096b00000, 0x0000000096c00000, 0x0000000096c00000|100%|HC|  |TAMS 0x0000000096b00000| PB 0x0000000096b00000| Complete 
| 364|0x0000000096c00000, 0x0000000096d00000, 0x0000000096d00000|100%|HS|  |TAMS 0x0000000096c00000| PB 0x0000000096c00000| Complete 
| 365|0x0000000096d00000, 0x0000000096e00000, 0x0000000096e00000|100%| O|  |TAMS 0x0000000096d00000| PB 0x0000000096d00000| Untracked 
| 366|0x0000000096e00000, 0x0000000096f00000, 0x0000000096f00000|100%| O|  |TAMS 0x0000000096e00000| PB 0x0000000096e00000| Untracked 
| 367|0x0000000096f00000, 0x0000000097000000, 0x0000000097000000|100%|HS|  |TAMS 0x0000000096f00000| PB 0x0000000096f00000| Complete 
| 368|0x0000000097000000, 0x0000000097100000, 0x0000000097100000|100%|HC|  |TAMS 0x0000000097000000| PB 0x0000000097000000| Complete 
| 369|0x0000000097100000, 0x0000000097200000, 0x0000000097200000|100%| O|  |TAMS 0x0000000097100000| PB 0x0000000097100000| Untracked 
| 370|0x0000000097200000, 0x0000000097300000, 0x0000000097300000|100%| O|  |TAMS 0x0000000097200000| PB 0x0000000097200000| Untracked 
| 371|0x0000000097300000, 0x0000000097400000, 0x0000000097400000|100%| O|CS|TAMS 0x0000000097300000| PB 0x0000000097300000| Complete 
| 372|0x0000000097400000, 0x0000000097500000, 0x0000000097500000|100%|HS|  |TAMS 0x0000000097400000| PB 0x0000000097400000| Complete 
| 373|0x0000000097500000, 0x0000000097600000, 0x0000000097600000|100%| O|  |TAMS 0x0000000097500000| PB 0x0000000097500000| Untracked 
| 374|0x0000000097600000, 0x0000000097700000, 0x0000000097700000|100%| O|  |TAMS 0x0000000097600000| PB 0x0000000097600000| Untracked 
| 375|0x0000000097700000, 0x0000000097800000, 0x0000000097800000|100%| O|  |TAMS 0x0000000097700000| PB 0x0000000097700000| Untracked 
| 376|0x0000000097800000, 0x0000000097900000, 0x0000000097900000|100%| O|CS|TAMS 0x0000000097800000| PB 0x0000000097800000| Complete 
| 377|0x0000000097900000, 0x0000000097a00000, 0x0000000097a00000|100%|HS|  |TAMS 0x0000000097900000| PB 0x0000000097900000| Complete 
| 378|0x0000000097a00000, 0x0000000097b00000, 0x0000000097b00000|100%| O|CS|TAMS 0x0000000097a00000| PB 0x0000000097a00000| Complete 
| 379|0x0000000097b00000, 0x0000000097c00000, 0x0000000097c00000|100%|HS|  |TAMS 0x0000000097b00000| PB 0x0000000097b00000| Complete 
| 380|0x0000000097c00000, 0x0000000097d00000, 0x0000000097d00000|100%| O|  |TAMS 0x0000000097c00000| PB 0x0000000097c00000| Untracked 
| 381|0x0000000097d00000, 0x0000000097e00000, 0x0000000097e00000|100%|HS|  |TAMS 0x0000000097d00000| PB 0x0000000097d00000| Complete 
| 382|0x0000000097e00000, 0x0000000097f00000, 0x0000000097f00000|100%|HC|  |TAMS 0x0000000097e00000| PB 0x0000000097e00000| Complete 
| 383|0x0000000097f00000, 0x0000000098000000, 0x0000000098000000|100%| O|  |TAMS 0x0000000097f00000| PB 0x0000000097f00000| Untracked 
| 384|0x0000000098000000, 0x0000000098100000, 0x0000000098100000|100%| O|  |TAMS 0x0000000098000000| PB 0x0000000098000000| Untracked 
| 385|0x0000000098100000, 0x0000000098200000, 0x0000000098200000|100%| O|  |TAMS 0x0000000098100000| PB 0x0000000098100000| Untracked 
| 386|0x0000000098200000, 0x0000000098300000, 0x0000000098300000|100%| O|  |TAMS 0x0000000098200000| PB 0x0000000098200000| Untracked 
| 387|0x0000000098300000, 0x0000000098400000, 0x0000000098400000|100%| O|  |TAMS 0x0000000098300000| PB 0x0000000098300000| Untracked 
| 388|0x0000000098400000, 0x0000000098500000, 0x0000000098500000|100%| O|  |TAMS 0x0000000098400000| PB 0x0000000098400000| Untracked 
| 389|0x0000000098500000, 0x0000000098600000, 0x0000000098600000|100%|HS|  |TAMS 0x0000000098500000| PB 0x0000000098500000| Complete 
| 390|0x0000000098600000, 0x0000000098700000, 0x0000000098700000|100%| O|  |TAMS 0x0000000098600000| PB 0x0000000098600000| Untracked 
| 391|0x0000000098700000, 0x0000000098800000, 0x0000000098800000|100%| O|  |TAMS 0x0000000098700000| PB 0x0000000098700000| Untracked 
| 392|0x0000000098800000, 0x0000000098900000, 0x0000000098900000|100%|HS|  |TAMS 0x0000000098800000| PB 0x0000000098800000| Complete 
| 393|0x0000000098900000, 0x0000000098a00000, 0x0000000098a00000|100%| O|  |TAMS 0x0000000098900000| PB 0x0000000098900000| Untracked 
| 394|0x0000000098a00000, 0x0000000098b00000, 0x0000000098b00000|100%|HS|  |TAMS 0x0000000098a00000| PB 0x0000000098a00000| Complete 
| 395|0x0000000098b00000, 0x0000000098c00000, 0x0000000098c00000|100%| O|  |TAMS 0x0000000098b00000| PB 0x0000000098b00000| Untracked 
| 396|0x0000000098c00000, 0x0000000098d00000, 0x0000000098d00000|100%| O|  |TAMS 0x0000000098c00000| PB 0x0000000098c00000| Untracked 
| 397|0x0000000098d00000, 0x0000000098e00000, 0x0000000098e00000|100%| O|  |TAMS 0x0000000098d00000| PB 0x0000000098d00000| Untracked 
| 398|0x0000000098e00000, 0x0000000098f00000, 0x0000000098f00000|100%| O|  |TAMS 0x0000000098e00000| PB 0x0000000098e00000| Untracked 
| 399|0x0000000098f00000, 0x0000000099000000, 0x0000000099000000|100%|HS|  |TAMS 0x0000000098f00000| PB 0x0000000098f00000| Complete 
| 400|0x0000000099000000, 0x0000000099100000, 0x0000000099100000|100%|HC|  |TAMS 0x0000000099000000| PB 0x0000000099000000| Complete 
| 401|0x0000000099100000, 0x0000000099200000, 0x0000000099200000|100%|HS|  |TAMS 0x0000000099100000| PB 0x0000000099100000| Complete 
| 402|0x0000000099200000, 0x0000000099300000, 0x0000000099300000|100%| O|  |TAMS 0x0000000099200000| PB 0x0000000099200000| Untracked 
| 403|0x0000000099300000, 0x0000000099400000, 0x0000000099400000|100%| O|  |TAMS 0x0000000099300000| PB 0x0000000099300000| Untracked 
| 404|0x0000000099400000, 0x0000000099500000, 0x0000000099500000|100%| O|  |TAMS 0x0000000099400000| PB 0x0000000099400000| Untracked 
| 405|0x0000000099500000, 0x0000000099600000, 0x0000000099600000|100%| O|  |TAMS 0x0000000099500000| PB 0x0000000099500000| Untracked 
| 406|0x0000000099600000, 0x0000000099700000, 0x0000000099700000|100%| O|  |TAMS 0x0000000099600000| PB 0x0000000099600000| Untracked 
| 407|0x0000000099700000, 0x0000000099800000, 0x0000000099800000|100%| O|  |TAMS 0x0000000099700000| PB 0x0000000099700000| Untracked 
| 408|0x0000000099800000, 0x0000000099900000, 0x0000000099900000|100%| O|  |TAMS 0x0000000099800000| PB 0x0000000099800000| Untracked 
| 409|0x0000000099900000, 0x0000000099a00000, 0x0000000099a00000|100%| O|  |TAMS 0x0000000099900000| PB 0x0000000099900000| Untracked 
| 410|0x0000000099a00000, 0x0000000099b00000, 0x0000000099b00000|100%| O|  |TAMS 0x0000000099a00000| PB 0x0000000099a00000| Untracked 
| 411|0x0000000099b00000, 0x0000000099c00000, 0x0000000099c00000|100%| O|  |TAMS 0x0000000099b00000| PB 0x0000000099b00000| Untracked 
| 412|0x0000000099c00000, 0x0000000099d00000, 0x0000000099d00000|100%| O|Cm|TAMS 0x0000000099c00000| PB 0x0000000099c00000| Complete 
| 413|0x0000000099d00000, 0x0000000099e00000, 0x0000000099e00000|100%|HS|  |TAMS 0x0000000099d00000| PB 0x0000000099d00000| Complete 
| 414|0x0000000099e00000, 0x0000000099f00000, 0x0000000099f00000|100%|HC|  |TAMS 0x0000000099e00000| PB 0x0000000099e00000| Complete 
| 415|0x0000000099f00000, 0x000000009a000000, 0x000000009a000000|100%|HC|  |TAMS 0x0000000099f00000| PB 0x0000000099f00000| Complete 
| 416|0x000000009a000000, 0x000000009a100000, 0x000000009a100000|100%|HC|  |TAMS 0x000000009a000000| PB 0x000000009a000000| Complete 
| 417|0x000000009a100000, 0x000000009a200000, 0x000000009a200000|100%|HC|  |TAMS 0x000000009a100000| PB 0x000000009a100000| Complete 
| 418|0x000000009a200000, 0x000000009a300000, 0x000000009a300000|100%| O|CS|TAMS 0x000000009a200000| PB 0x000000009a200000| Complete 
| 419|0x000000009a300000, 0x000000009a400000, 0x000000009a400000|100%|HS|  |TAMS 0x000000009a300000| PB 0x000000009a300000| Complete 
| 420|0x000000009a400000, 0x000000009a500000, 0x000000009a500000|100%|HC|  |TAMS 0x000000009a400000| PB 0x000000009a400000| Complete 
| 421|0x000000009a500000, 0x000000009a600000, 0x000000009a600000|100%| O|Cm|TAMS 0x000000009a500000| PB 0x000000009a500000| Complete 
| 422|0x000000009a600000, 0x000000009a700000, 0x000000009a700000|100%|HS|  |TAMS 0x000000009a600000| PB 0x000000009a600000| Complete 
| 423|0x000000009a700000, 0x000000009a800000, 0x000000009a800000|100%|HC|  |TAMS 0x000000009a700000| PB 0x000000009a700000| Complete 
| 424|0x000000009a800000, 0x000000009a900000, 0x000000009a900000|100%|HS|  |TAMS 0x000000009a800000| PB 0x000000009a800000| Complete 
| 425|0x000000009a900000, 0x000000009aa00000, 0x000000009aa00000|100%|HC|  |TAMS 0x000000009a900000| PB 0x000000009a900000| Complete 
| 426|0x000000009aa00000, 0x000000009ab00000, 0x000000009ab00000|100%| O|  |TAMS 0x000000009aa00000| PB 0x000000009aa00000| Untracked 
| 427|0x000000009ab00000, 0x000000009ac00000, 0x000000009ac00000|100%| O|  |TAMS 0x000000009ab00000| PB 0x000000009ab00000| Untracked 
| 428|0x000000009ac00000, 0x000000009ad00000, 0x000000009ad00000|100%| O|  |TAMS 0x000000009ac00000| PB 0x000000009ac00000| Untracked 
| 429|0x000000009ad00000, 0x000000009ae00000, 0x000000009ae00000|100%| O|  |TAMS 0x000000009ad00000| PB 0x000000009ad00000| Untracked 
| 430|0x000000009ae00000, 0x000000009af00000, 0x000000009af00000|100%| O|  |TAMS 0x000000009ae00000| PB 0x000000009ae00000| Untracked 
| 431|0x000000009af00000, 0x000000009b000000, 0x000000009b000000|100%|HS|  |TAMS 0x000000009af00000| PB 0x000000009af00000| Complete 
| 432|0x000000009b000000, 0x000000009b100000, 0x000000009b100000|100%|HC|  |TAMS 0x000000009b000000| PB 0x000000009b000000| Complete 
| 433|0x000000009b100000, 0x000000009b200000, 0x000000009b200000|100%|HS|  |TAMS 0x000000009b100000| PB 0x000000009b100000| Complete 
| 434|0x000000009b200000, 0x000000009b300000, 0x000000009b300000|100%|HC|  |TAMS 0x000000009b200000| PB 0x000000009b200000| Complete 
| 435|0x000000009b300000, 0x000000009b400000, 0x000000009b400000|100%| O|CS|TAMS 0x000000009b300000| PB 0x000000009b300000| Complete 
| 436|0x000000009b400000, 0x000000009b500000, 0x000000009b500000|100%|HS|  |TAMS 0x000000009b400000| PB 0x000000009b400000| Complete 
| 437|0x000000009b500000, 0x000000009b600000, 0x000000009b600000|100%| O|  |TAMS 0x000000009b500000| PB 0x000000009b500000| Untracked 
| 438|0x000000009b600000, 0x000000009b700000, 0x000000009b700000|100%| O|  |TAMS 0x000000009b600000| PB 0x000000009b600000| Untracked 
| 439|0x000000009b700000, 0x000000009b800000, 0x000000009b800000|100%|HS|  |TAMS 0x000000009b700000| PB 0x000000009b700000| Complete 
| 440|0x000000009b800000, 0x000000009b900000, 0x000000009b900000|100%|HC|  |TAMS 0x000000009b800000| PB 0x000000009b800000| Complete 
| 441|0x000000009b900000, 0x000000009ba00000, 0x000000009ba00000|100%|HC|  |TAMS 0x000000009b900000| PB 0x000000009b900000| Complete 
| 442|0x000000009ba00000, 0x000000009bb00000, 0x000000009bb00000|100%|HC|  |TAMS 0x000000009ba00000| PB 0x000000009ba00000| Complete 
| 443|0x000000009bb00000, 0x000000009bc00000, 0x000000009bc00000|100%|HC|  |TAMS 0x000000009bb00000| PB 0x000000009bb00000| Complete 
| 444|0x000000009bc00000, 0x000000009bd00000, 0x000000009bd00000|100%| O|  |TAMS 0x000000009bc00000| PB 0x000000009bc00000| Untracked 
| 445|0x000000009bd00000, 0x000000009be00000, 0x000000009be00000|100%| O|  |TAMS 0x000000009bd00000| PB 0x000000009bd00000| Untracked 
| 446|0x000000009be00000, 0x000000009bf00000, 0x000000009bf00000|100%| O|  |TAMS 0x000000009be00000| PB 0x000000009be00000| Untracked 
| 447|0x000000009bf00000, 0x000000009c000000, 0x000000009c000000|100%|HS|  |TAMS 0x000000009bf00000| PB 0x000000009bf00000| Complete 
| 448|0x000000009c000000, 0x000000009c100000, 0x000000009c100000|100%| O|  |TAMS 0x000000009c000000| PB 0x000000009c000000| Untracked 
| 449|0x000000009c100000, 0x000000009c200000, 0x000000009c200000|100%| O|  |TAMS 0x000000009c100000| PB 0x000000009c100000| Untracked 
| 450|0x000000009c200000, 0x000000009c300000, 0x000000009c300000|100%| O|  |TAMS 0x000000009c200000| PB 0x000000009c200000| Untracked 
| 451|0x000000009c300000, 0x000000009c400000, 0x000000009c400000|100%| O|  |TAMS 0x000000009c300000| PB 0x000000009c300000| Untracked 
| 452|0x000000009c400000, 0x000000009c500000, 0x000000009c500000|100%| O|  |TAMS 0x000000009c400000| PB 0x000000009c400000| Untracked 
| 453|0x000000009c500000, 0x000000009c600000, 0x000000009c600000|100%|HS|  |TAMS 0x000000009c500000| PB 0x000000009c500000| Complete 
| 454|0x000000009c600000, 0x000000009c700000, 0x000000009c700000|100%| O|  |TAMS 0x000000009c600000| PB 0x000000009c600000| Untracked 
| 455|0x000000009c700000, 0x000000009c800000, 0x000000009c800000|100%| O|  |TAMS 0x000000009c700000| PB 0x000000009c700000| Untracked 
| 456|0x000000009c800000, 0x000000009c900000, 0x000000009c900000|100%|HS|  |TAMS 0x000000009c800000| PB 0x000000009c800000| Complete 
| 457|0x000000009c900000, 0x000000009ca00000, 0x000000009ca00000|100%|HC|  |TAMS 0x000000009c900000| PB 0x000000009c900000| Complete 
| 458|0x000000009ca00000, 0x000000009cb00000, 0x000000009cb00000|100%|HS|  |TAMS 0x000000009ca00000| PB 0x000000009ca00000| Complete 
| 459|0x000000009cb00000, 0x000000009cc00000, 0x000000009cc00000|100%| O|CS|TAMS 0x000000009cb00000| PB 0x000000009cb00000| Complete 
| 460|0x000000009cc00000, 0x000000009cd00000, 0x000000009cd00000|100%| O|  |TAMS 0x000000009cc00000| PB 0x000000009cc00000| Untracked 
| 461|0x000000009cd00000, 0x000000009ce00000, 0x000000009ce00000|100%| O|  |TAMS 0x000000009cd00000| PB 0x000000009cd00000| Untracked 
| 462|0x000000009ce00000, 0x000000009cf00000, 0x000000009cf00000|100%| O|CS|TAMS 0x000000009ce00000| PB 0x000000009ce00000| Complete 
| 463|0x000000009cf00000, 0x000000009d000000, 0x000000009d000000|100%|HS|  |TAMS 0x000000009cf00000| PB 0x000000009cf00000| Complete 
| 464|0x000000009d000000, 0x000000009d100000, 0x000000009d100000|100%|HC|  |TAMS 0x000000009d000000| PB 0x000000009d000000| Complete 
| 465|0x000000009d100000, 0x000000009d200000, 0x000000009d200000|100%|HS|  |TAMS 0x000000009d100000| PB 0x000000009d100000| Complete 
| 466|0x000000009d200000, 0x000000009d300000, 0x000000009d300000|100%|HC|  |TAMS 0x000000009d200000| PB 0x000000009d200000| Complete 
| 467|0x000000009d300000, 0x000000009d400000, 0x000000009d400000|100%| O|  |TAMS 0x000000009d300000| PB 0x000000009d300000| Untracked 
| 468|0x000000009d400000, 0x000000009d500000, 0x000000009d500000|100%| O|  |TAMS 0x000000009d400000| PB 0x000000009d400000| Untracked 
| 469|0x000000009d500000, 0x000000009d600000, 0x000000009d600000|100%| O|  |TAMS 0x000000009d500000| PB 0x000000009d500000| Untracked 
| 470|0x000000009d600000, 0x000000009d700000, 0x000000009d700000|100%|HS|  |TAMS 0x000000009d600000| PB 0x000000009d600000| Complete 
| 471|0x000000009d700000, 0x000000009d800000, 0x000000009d800000|100%|HC|  |TAMS 0x000000009d700000| PB 0x000000009d700000| Complete 
| 472|0x000000009d800000, 0x000000009d900000, 0x000000009d900000|100%|HS|  |TAMS 0x000000009d800000| PB 0x000000009d800000| Complete 
| 473|0x000000009d900000, 0x000000009da00000, 0x000000009da00000|100%| O|Cm|TAMS 0x000000009d900000| PB 0x000000009d900000| Complete 
| 474|0x000000009da00000, 0x000000009db00000, 0x000000009db00000|100%| O|  |TAMS 0x000000009da00000| PB 0x000000009da00000| Untracked 
| 475|0x000000009db00000, 0x000000009dc00000, 0x000000009dc00000|100%| O|  |TAMS 0x000000009db00000| PB 0x000000009db00000| Untracked 
| 476|0x000000009dc00000, 0x000000009dd00000, 0x000000009dd00000|100%| O|  |TAMS 0x000000009dc00000| PB 0x000000009dc00000| Untracked 
| 477|0x000000009dd00000, 0x000000009de00000, 0x000000009de00000|100%| O|  |TAMS 0x000000009dd00000| PB 0x000000009dd00000| Untracked 
| 478|0x000000009de00000, 0x000000009df00000, 0x000000009df00000|100%| O|  |TAMS 0x000000009de00000| PB 0x000000009de00000| Untracked 
| 479|0x000000009df00000, 0x000000009e000000, 0x000000009e000000|100%| O|  |TAMS 0x000000009df00000| PB 0x000000009df00000| Untracked 
| 480|0x000000009e000000, 0x000000009e100000, 0x000000009e100000|100%| O|  |TAMS 0x000000009e000000| PB 0x000000009e000000| Untracked 
| 481|0x000000009e100000, 0x000000009e200000, 0x000000009e200000|100%| O|  |TAMS 0x000000009e100000| PB 0x000000009e100000| Untracked 
| 482|0x000000009e200000, 0x000000009e300000, 0x000000009e300000|100%| O|  |TAMS 0x000000009e200000| PB 0x000000009e200000| Untracked 
| 483|0x000000009e300000, 0x000000009e400000, 0x000000009e400000|100%| O|  |TAMS 0x000000009e300000| PB 0x000000009e300000| Untracked 
| 484|0x000000009e400000, 0x000000009e500000, 0x000000009e500000|100%| O|  |TAMS 0x000000009e400000| PB 0x000000009e400000| Untracked 
| 485|0x000000009e500000, 0x000000009e600000, 0x000000009e600000|100%|HS|  |TAMS 0x000000009e500000| PB 0x000000009e500000| Complete 
| 486|0x000000009e600000, 0x000000009e700000, 0x000000009e700000|100%|HC|  |TAMS 0x000000009e600000| PB 0x000000009e600000| Complete 
| 487|0x000000009e700000, 0x000000009e800000, 0x000000009e800000|100%| O|  |TAMS 0x000000009e700000| PB 0x000000009e700000| Untracked 
| 488|0x000000009e800000, 0x000000009e900000, 0x000000009e900000|100%| O|  |TAMS 0x000000009e800000| PB 0x000000009e800000| Untracked 
| 489|0x000000009e900000, 0x000000009ea00000, 0x000000009ea00000|100%| O|  |TAMS 0x000000009e900000| PB 0x000000009e900000| Untracked 
| 490|0x000000009ea00000, 0x000000009eb00000, 0x000000009eb00000|100%| O|  |TAMS 0x000000009ea00000| PB 0x000000009ea00000| Untracked 
| 491|0x000000009eb00000, 0x000000009ec00000, 0x000000009ec00000|100%| O|  |TAMS 0x000000009eb00000| PB 0x000000009eb00000| Untracked 
| 492|0x000000009ec00000, 0x000000009ed00000, 0x000000009ed00000|100%| O|  |TAMS 0x000000009ec00000| PB 0x000000009ec00000| Untracked 
| 493|0x000000009ed00000, 0x000000009ee00000, 0x000000009ee00000|100%|HS|  |TAMS 0x000000009ed00000| PB 0x000000009ed00000| Complete 
| 494|0x000000009ee00000, 0x000000009ef00000, 0x000000009ef00000|100%|HC|  |TAMS 0x000000009ee00000| PB 0x000000009ee00000| Complete 
| 495|0x000000009ef00000, 0x000000009f000000, 0x000000009f000000|100%|HS|  |TAMS 0x000000009ef00000| PB 0x000000009ef00000| Complete 
| 496|0x000000009f000000, 0x000000009f100000, 0x000000009f100000|100%| O|  |TAMS 0x000000009f000000| PB 0x000000009f000000| Untracked 
| 497|0x000000009f100000, 0x000000009f200000, 0x000000009f200000|100%| O|  |TAMS 0x000000009f100000| PB 0x000000009f100000| Untracked 
| 498|0x000000009f200000, 0x000000009f300000, 0x000000009f300000|100%|HS|  |TAMS 0x000000009f200000| PB 0x000000009f200000| Complete 
| 499|0x000000009f300000, 0x000000009f400000, 0x000000009f400000|100%| O|  |TAMS 0x000000009f300000| PB 0x000000009f300000| Untracked 
| 500|0x000000009f400000, 0x000000009f500000, 0x000000009f500000|100%| O|Cm|TAMS 0x000000009f400000| PB 0x000000009f400000| Complete 
| 501|0x000000009f500000, 0x000000009f600000, 0x000000009f600000|100%|HS|  |TAMS 0x000000009f500000| PB 0x000000009f500000| Complete 
| 502|0x000000009f600000, 0x000000009f700000, 0x000000009f700000|100%| O|  |TAMS 0x000000009f600000| PB 0x000000009f600000| Untracked 
| 503|0x000000009f700000, 0x000000009f800000, 0x000000009f800000|100%| O|  |TAMS 0x000000009f700000| PB 0x000000009f700000| Untracked 
| 504|0x000000009f800000, 0x000000009f900000, 0x000000009f900000|100%| O|  |TAMS 0x000000009f800000| PB 0x000000009f800000| Untracked 
| 505|0x000000009f900000, 0x000000009fa00000, 0x000000009fa00000|100%| O|Cm|TAMS 0x000000009f900000| PB 0x000000009f900000| Complete 
| 506|0x000000009fa00000, 0x000000009fb00000, 0x000000009fb00000|100%| O|  |TAMS 0x000000009fa00000| PB 0x000000009fa00000| Untracked 
| 507|0x000000009fb00000, 0x000000009fc00000, 0x000000009fc00000|100%| O|  |TAMS 0x000000009fb00000| PB 0x000000009fb00000| Untracked 
| 508|0x000000009fc00000, 0x000000009fd00000, 0x000000009fd00000|100%| O|  |TAMS 0x000000009fc00000| PB 0x000000009fc00000| Untracked 
| 509|0x000000009fd00000, 0x000000009fe00000, 0x000000009fe00000|100%| O|  |TAMS 0x000000009fd00000| PB 0x000000009fd00000| Untracked 
| 510|0x000000009fe00000, 0x000000009ff00000, 0x000000009ff00000|100%| O|Cm|TAMS 0x000000009fe00000| PB 0x000000009fe00000| Complete 
| 511|0x000000009ff00000, 0x00000000a0000000, 0x00000000a0000000|100%| O|  |TAMS 0x000000009ff00000| PB 0x000000009ff00000| Untracked 
| 512|0x00000000a0000000, 0x00000000a0100000, 0x00000000a0100000|100%| O|  |TAMS 0x00000000a0000000| PB 0x00000000a0000000| Untracked 
| 513|0x00000000a0100000, 0x00000000a0200000, 0x00000000a0200000|100%| O|  |TAMS 0x00000000a0100000| PB 0x00000000a0100000| Untracked 
| 514|0x00000000a0200000, 0x00000000a0300000, 0x00000000a0300000|100%| O|  |TAMS 0x00000000a0200000| PB 0x00000000a0200000| Untracked 
| 515|0x00000000a0300000, 0x00000000a0400000, 0x00000000a0400000|100%| O|  |TAMS 0x00000000a0300000| PB 0x00000000a0300000| Untracked 
| 516|0x00000000a0400000, 0x00000000a0500000, 0x00000000a0500000|100%|HS|  |TAMS 0x00000000a0400000| PB 0x00000000a0400000| Complete 
| 517|0x00000000a0500000, 0x00000000a0600000, 0x00000000a0600000|100%|HC|  |TAMS 0x00000000a0500000| PB 0x00000000a0500000| Complete 
| 518|0x00000000a0600000, 0x00000000a0700000, 0x00000000a0700000|100%| O|  |TAMS 0x00000000a0600000| PB 0x00000000a0600000| Untracked 
| 519|0x00000000a0700000, 0x00000000a0800000, 0x00000000a0800000|100%| O|  |TAMS 0x00000000a0700000| PB 0x00000000a0700000| Untracked 
| 520|0x00000000a0800000, 0x00000000a0900000, 0x00000000a0900000|100%|HS|  |TAMS 0x00000000a0800000| PB 0x00000000a0800000| Complete 
| 521|0x00000000a0900000, 0x00000000a0a00000, 0x00000000a0a00000|100%| O|  |TAMS 0x00000000a0900000| PB 0x00000000a0900000| Untracked 
| 522|0x00000000a0a00000, 0x00000000a0b00000, 0x00000000a0b00000|100%|HS|  |TAMS 0x00000000a0a00000| PB 0x00000000a0a00000| Complete 
| 523|0x00000000a0b00000, 0x00000000a0c00000, 0x00000000a0c00000|100%|HC|  |TAMS 0x00000000a0b00000| PB 0x00000000a0b00000| Complete 
| 524|0x00000000a0c00000, 0x00000000a0d00000, 0x00000000a0d00000|100%|HS|  |TAMS 0x00000000a0c00000| PB 0x00000000a0c00000| Complete 
| 525|0x00000000a0d00000, 0x00000000a0e00000, 0x00000000a0e00000|100%|HC|  |TAMS 0x00000000a0d00000| PB 0x00000000a0d00000| Complete 
| 526|0x00000000a0e00000, 0x00000000a0f00000, 0x00000000a0f00000|100%|HS|  |TAMS 0x00000000a0e00000| PB 0x00000000a0e00000| Complete 
| 527|0x00000000a0f00000, 0x00000000a1000000, 0x00000000a1000000|100%| O|CS|TAMS 0x00000000a0f00000| PB 0x00000000a0f00000| Complete 
| 528|0x00000000a1000000, 0x00000000a1100000, 0x00000000a1100000|100%| O|  |TAMS 0x00000000a1000000| PB 0x00000000a1000000| Untracked 
| 529|0x00000000a1100000, 0x00000000a1200000, 0x00000000a1200000|100%| O|CS|TAMS 0x00000000a1100000| PB 0x00000000a1100000| Complete 
| 530|0x00000000a1200000, 0x00000000a1300000, 0x00000000a1300000|100%|HS|  |TAMS 0x00000000a1200000| PB 0x00000000a1200000| Complete 
| 531|0x00000000a1300000, 0x00000000a1400000, 0x00000000a1400000|100%|HC|  |TAMS 0x00000000a1300000| PB 0x00000000a1300000| Complete 
| 532|0x00000000a1400000, 0x00000000a1500000, 0x00000000a1500000|100%|HS|  |TAMS 0x00000000a1400000| PB 0x00000000a1400000| Complete 
| 533|0x00000000a1500000, 0x00000000a1600000, 0x00000000a1600000|100%|HC|  |TAMS 0x00000000a1500000| PB 0x00000000a1500000| Complete 
| 534|0x00000000a1600000, 0x00000000a1700000, 0x00000000a1700000|100%| O|  |TAMS 0x00000000a1600000| PB 0x00000000a1600000| Untracked 
| 535|0x00000000a1700000, 0x00000000a1800000, 0x00000000a1800000|100%|HS|  |TAMS 0x00000000a1700000| PB 0x00000000a1700000| Complete 
| 536|0x00000000a1800000, 0x00000000a1900000, 0x00000000a1900000|100%| O|CS|TAMS 0x00000000a1800000| PB 0x00000000a1800000| Complete 
| 537|0x00000000a1900000, 0x00000000a1a00000, 0x00000000a1a00000|100%|HS|  |TAMS 0x00000000a1900000| PB 0x00000000a1900000| Complete 
| 538|0x00000000a1a00000, 0x00000000a1b00000, 0x00000000a1b00000|100%|HC|  |TAMS 0x00000000a1a00000| PB 0x00000000a1a00000| Complete 
| 539|0x00000000a1b00000, 0x00000000a1c00000, 0x00000000a1c00000|100%|HC|  |TAMS 0x00000000a1b00000| PB 0x00000000a1b00000| Complete 
| 540|0x00000000a1c00000, 0x00000000a1d00000, 0x00000000a1d00000|100%|HC|  |TAMS 0x00000000a1c00000| PB 0x00000000a1c00000| Complete 
| 541|0x00000000a1d00000, 0x00000000a1e00000, 0x00000000a1e00000|100%|HC|  |TAMS 0x00000000a1d00000| PB 0x00000000a1d00000| Complete 
| 542|0x00000000a1e00000, 0x00000000a1f00000, 0x00000000a1f00000|100%|HC|  |TAMS 0x00000000a1e00000| PB 0x00000000a1e00000| Complete 
| 543|0x00000000a1f00000, 0x00000000a2000000, 0x00000000a2000000|100%|HS|  |TAMS 0x00000000a1f00000| PB 0x00000000a1f00000| Complete 
| 544|0x00000000a2000000, 0x00000000a2100000, 0x00000000a2100000|100%| O|Cm|TAMS 0x00000000a2000000| PB 0x00000000a2000000| Complete 
| 545|0x00000000a2100000, 0x00000000a2200000, 0x00000000a2200000|100%|HS|  |TAMS 0x00000000a2100000| PB 0x00000000a2100000| Complete 
| 546|0x00000000a2200000, 0x00000000a2300000, 0x00000000a2300000|100%|HC|  |TAMS 0x00000000a2200000| PB 0x00000000a2200000| Complete 
| 547|0x00000000a2300000, 0x00000000a2400000, 0x00000000a2400000|100%| O|Cm|TAMS 0x00000000a2300000| PB 0x00000000a2300000| Complete 
| 548|0x00000000a2400000, 0x00000000a2500000, 0x00000000a2500000|100%|HS|  |TAMS 0x00000000a2400000| PB 0x00000000a2400000| Complete 
| 549|0x00000000a2500000, 0x00000000a2600000, 0x00000000a2600000|100%| O|  |TAMS 0x00000000a2500000| PB 0x00000000a2500000| Untracked 
| 550|0x00000000a2600000, 0x00000000a2700000, 0x00000000a2700000|100%|HS|  |TAMS 0x00000000a2600000| PB 0x00000000a2600000| Complete 
| 551|0x00000000a2700000, 0x00000000a2800000, 0x00000000a2800000|100%| O|  |TAMS 0x00000000a2700000| PB 0x00000000a2700000| Untracked 
| 552|0x00000000a2800000, 0x00000000a2900000, 0x00000000a2900000|100%|HS|  |TAMS 0x00000000a2800000| PB 0x00000000a2800000| Complete 
| 553|0x00000000a2900000, 0x00000000a2a00000, 0x00000000a2a00000|100%|HC|  |TAMS 0x00000000a2900000| PB 0x00000000a2900000| Complete 
| 554|0x00000000a2a00000, 0x00000000a2b00000, 0x00000000a2b00000|100%|HS|  |TAMS 0x00000000a2a00000| PB 0x00000000a2a00000| Complete 
| 555|0x00000000a2b00000, 0x00000000a2c00000, 0x00000000a2c00000|100%| O|  |TAMS 0x00000000a2b00000| PB 0x00000000a2b00000| Untracked 
| 556|0x00000000a2c00000, 0x00000000a2d00000, 0x00000000a2d00000|100%| O|Cm|TAMS 0x00000000a2c00000| PB 0x00000000a2c00000| Complete 
| 557|0x00000000a2d00000, 0x00000000a2e00000, 0x00000000a2e00000|100%| O|  |TAMS 0x00000000a2d00000| PB 0x00000000a2d00000| Untracked 
| 558|0x00000000a2e00000, 0x00000000a2f00000, 0x00000000a2f00000|100%| O|  |TAMS 0x00000000a2e00000| PB 0x00000000a2e00000| Untracked 
| 559|0x00000000a2f00000, 0x00000000a3000000, 0x00000000a3000000|100%| O|  |TAMS 0x00000000a2f00000| PB 0x00000000a2f00000| Untracked 
| 560|0x00000000a3000000, 0x00000000a3100000, 0x00000000a3100000|100%| O|  |TAMS 0x00000000a3000000| PB 0x00000000a3000000| Untracked 
| 561|0x00000000a3100000, 0x00000000a3200000, 0x00000000a3200000|100%|HS|  |TAMS 0x00000000a3100000| PB 0x00000000a3100000| Complete 
| 562|0x00000000a3200000, 0x00000000a3300000, 0x00000000a3300000|100%|HC|  |TAMS 0x00000000a3200000| PB 0x00000000a3200000| Complete 
| 563|0x00000000a3300000, 0x00000000a3400000, 0x00000000a3400000|100%|HS|  |TAMS 0x00000000a3300000| PB 0x00000000a3300000| Complete 
| 564|0x00000000a3400000, 0x00000000a3500000, 0x00000000a3500000|100%|HC|  |TAMS 0x00000000a3400000| PB 0x00000000a3400000| Complete 
| 565|0x00000000a3500000, 0x00000000a3600000, 0x00000000a3600000|100%|HS|  |TAMS 0x00000000a3500000| PB 0x00000000a3500000| Complete 
| 566|0x00000000a3600000, 0x00000000a3700000, 0x00000000a3700000|100%|HC|  |TAMS 0x00000000a3600000| PB 0x00000000a3600000| Complete 
| 567|0x00000000a3700000, 0x00000000a3800000, 0x00000000a3800000|100%|HS|  |TAMS 0x00000000a3700000| PB 0x00000000a3700000| Complete 
| 568|0x00000000a3800000, 0x00000000a3900000, 0x00000000a3900000|100%|HC|  |TAMS 0x00000000a3800000| PB 0x00000000a3800000| Complete 
| 569|0x00000000a3900000, 0x00000000a3a00000, 0x00000000a3a00000|100%| O|  |TAMS 0x00000000a3900000| PB 0x00000000a3900000| Untracked 
| 570|0x00000000a3a00000, 0x00000000a3b00000, 0x00000000a3b00000|100%|HS|  |TAMS 0x00000000a3a00000| PB 0x00000000a3a00000| Complete 
| 571|0x00000000a3b00000, 0x00000000a3c00000, 0x00000000a3c00000|100%|HC|  |TAMS 0x00000000a3b00000| PB 0x00000000a3b00000| Complete 
| 572|0x00000000a3c00000, 0x00000000a3d00000, 0x00000000a3d00000|100%|HS|  |TAMS 0x00000000a3c00000| PB 0x00000000a3c00000| Complete 
| 573|0x00000000a3d00000, 0x00000000a3e00000, 0x00000000a3e00000|100%|HC|  |TAMS 0x00000000a3d00000| PB 0x00000000a3d00000| Complete 
| 574|0x00000000a3e00000, 0x00000000a3f00000, 0x00000000a3f00000|100%|HS|  |TAMS 0x00000000a3e00000| PB 0x00000000a3e00000| Complete 
| 575|0x00000000a3f00000, 0x00000000a4000000, 0x00000000a4000000|100%|HC|  |TAMS 0x00000000a3f00000| PB 0x00000000a3f00000| Complete 
| 576|0x00000000a4000000, 0x00000000a4100000, 0x00000000a4100000|100%|HS|  |TAMS 0x00000000a4000000| PB 0x00000000a4000000| Complete 
| 577|0x00000000a4100000, 0x00000000a4200000, 0x00000000a4200000|100%|HC|  |TAMS 0x00000000a4100000| PB 0x00000000a4100000| Complete 
| 578|0x00000000a4200000, 0x00000000a4300000, 0x00000000a4300000|100%|HC|  |TAMS 0x00000000a4200000| PB 0x00000000a4200000| Complete 
| 579|0x00000000a4300000, 0x00000000a4400000, 0x00000000a4400000|100%|HC|  |TAMS 0x00000000a4300000| PB 0x00000000a4300000| Complete 
| 580|0x00000000a4400000, 0x00000000a4500000, 0x00000000a4500000|100%|HC|  |TAMS 0x00000000a4400000| PB 0x00000000a4400000| Complete 
| 581|0x00000000a4500000, 0x00000000a4600000, 0x00000000a4600000|100%|HC|  |TAMS 0x00000000a4500000| PB 0x00000000a4500000| Complete 
| 582|0x00000000a4600000, 0x00000000a4700000, 0x00000000a4700000|100%|HC|  |TAMS 0x00000000a4600000| PB 0x00000000a4600000| Complete 
| 583|0x00000000a4700000, 0x00000000a4800000, 0x00000000a4800000|100%|HC|  |TAMS 0x00000000a4700000| PB 0x00000000a4700000| Complete 
| 584|0x00000000a4800000, 0x00000000a4900000, 0x00000000a4900000|100%|HC|  |TAMS 0x00000000a4800000| PB 0x00000000a4800000| Complete 
| 585|0x00000000a4900000, 0x00000000a4a00000, 0x00000000a4a00000|100%|HC|  |TAMS 0x00000000a4900000| PB 0x00000000a4900000| Complete 
| 586|0x00000000a4a00000, 0x00000000a4b00000, 0x00000000a4b00000|100%|HS|  |TAMS 0x00000000a4a00000| PB 0x00000000a4a00000| Complete 
| 587|0x00000000a4b00000, 0x00000000a4c00000, 0x00000000a4c00000|100%|HC|  |TAMS 0x00000000a4b00000| PB 0x00000000a4b00000| Complete 
| 588|0x00000000a4c00000, 0x00000000a4d00000, 0x00000000a4d00000|100%|HC|  |TAMS 0x00000000a4c00000| PB 0x00000000a4c00000| Complete 
| 589|0x00000000a4d00000, 0x00000000a4e00000, 0x00000000a4e00000|100%|HC|  |TAMS 0x00000000a4d00000| PB 0x00000000a4d00000| Complete 
| 590|0x00000000a4e00000, 0x00000000a4f00000, 0x00000000a4f00000|100%|HC|  |TAMS 0x00000000a4e00000| PB 0x00000000a4e00000| Complete 
| 591|0x00000000a4f00000, 0x00000000a5000000, 0x00000000a5000000|100%|HC|  |TAMS 0x00000000a4f00000| PB 0x00000000a4f00000| Complete 
| 592|0x00000000a5000000, 0x00000000a5100000, 0x00000000a5100000|100%|HC|  |TAMS 0x00000000a5000000| PB 0x00000000a5000000| Complete 
| 593|0x00000000a5100000, 0x00000000a5200000, 0x00000000a5200000|100%|HC|  |TAMS 0x00000000a5100000| PB 0x00000000a5100000| Complete 
| 594|0x00000000a5200000, 0x00000000a5300000, 0x00000000a5300000|100%|HC|  |TAMS 0x00000000a5200000| PB 0x00000000a5200000| Complete 
| 595|0x00000000a5300000, 0x00000000a5400000, 0x00000000a5400000|100%|HC|  |TAMS 0x00000000a5300000| PB 0x00000000a5300000| Complete 
| 596|0x00000000a5400000, 0x00000000a5500000, 0x00000000a5500000|100%| O|  |TAMS 0x00000000a5400000| PB 0x00000000a5400000| Untracked 
| 597|0x00000000a5500000, 0x00000000a5600000, 0x00000000a5600000|100%| O|  |TAMS 0x00000000a5500000| PB 0x00000000a5500000| Untracked 
| 598|0x00000000a5600000, 0x00000000a5700000, 0x00000000a5700000|100%|HS|  |TAMS 0x00000000a5600000| PB 0x00000000a5600000| Complete 
| 599|0x00000000a5700000, 0x00000000a5800000, 0x00000000a5800000|100%|HC|  |TAMS 0x00000000a5700000| PB 0x00000000a5700000| Complete 
| 600|0x00000000a5800000, 0x00000000a5900000, 0x00000000a5900000|100%|HS|  |TAMS 0x00000000a5800000| PB 0x00000000a5800000| Complete 
| 601|0x00000000a5900000, 0x00000000a5a00000, 0x00000000a5a00000|100%|HC|  |TAMS 0x00000000a5900000| PB 0x00000000a5900000| Complete 
| 602|0x00000000a5a00000, 0x00000000a5b00000, 0x00000000a5b00000|100%|HS|  |TAMS 0x00000000a5a00000| PB 0x00000000a5a00000| Complete 
| 603|0x00000000a5b00000, 0x00000000a5c00000, 0x00000000a5c00000|100%|HC|  |TAMS 0x00000000a5b00000| PB 0x00000000a5b00000| Complete 
| 604|0x00000000a5c00000, 0x00000000a5d00000, 0x00000000a5d00000|100%|HS|  |TAMS 0x00000000a5c00000| PB 0x00000000a5c00000| Complete 
| 605|0x00000000a5d00000, 0x00000000a5e00000, 0x00000000a5e00000|100%|HC|  |TAMS 0x00000000a5d00000| PB 0x00000000a5d00000| Complete 
| 606|0x00000000a5e00000, 0x00000000a5f00000, 0x00000000a5f00000|100%|HS|  |TAMS 0x00000000a5e00000| PB 0x00000000a5e00000| Complete 
| 607|0x00000000a5f00000, 0x00000000a6000000, 0x00000000a6000000|100%|HC|  |TAMS 0x00000000a5f00000| PB 0x00000000a5f00000| Complete 
| 608|0x00000000a6000000, 0x00000000a6100000, 0x00000000a6100000|100%|HS|  |TAMS 0x00000000a6000000| PB 0x00000000a6000000| Complete 
| 609|0x00000000a6100000, 0x00000000a6200000, 0x00000000a6200000|100%|HC|  |TAMS 0x00000000a6100000| PB 0x00000000a6100000| Complete 
| 610|0x00000000a6200000, 0x00000000a6300000, 0x00000000a6300000|100%|HS|  |TAMS 0x00000000a6200000| PB 0x00000000a6200000| Complete 
| 611|0x00000000a6300000, 0x00000000a6400000, 0x00000000a6400000|100%|HC|  |TAMS 0x00000000a6300000| PB 0x00000000a6300000| Complete 
| 612|0x00000000a6400000, 0x00000000a6500000, 0x00000000a6500000|100%|HS|  |TAMS 0x00000000a6400000| PB 0x00000000a6400000| Complete 
| 613|0x00000000a6500000, 0x00000000a6600000, 0x00000000a6600000|100%|HC|  |TAMS 0x00000000a6500000| PB 0x00000000a6500000| Complete 
| 614|0x00000000a6600000, 0x00000000a6700000, 0x00000000a6700000|100%|HS|  |TAMS 0x00000000a6600000| PB 0x00000000a6600000| Complete 
| 615|0x00000000a6700000, 0x00000000a6800000, 0x00000000a6800000|100%|HC|  |TAMS 0x00000000a6700000| PB 0x00000000a6700000| Complete 
| 616|0x00000000a6800000, 0x00000000a6900000, 0x00000000a6900000|100%|HS|  |TAMS 0x00000000a6800000| PB 0x00000000a6800000| Complete 
| 617|0x00000000a6900000, 0x00000000a6a00000, 0x00000000a6a00000|100%|HC|  |TAMS 0x00000000a6900000| PB 0x00000000a6900000| Complete 
| 618|0x00000000a6a00000, 0x00000000a6b00000, 0x00000000a6b00000|100%| O|  |TAMS 0x00000000a6a00000| PB 0x00000000a6a00000| Untracked 
| 619|0x00000000a6b00000, 0x00000000a6c00000, 0x00000000a6c00000|100%| O|  |TAMS 0x00000000a6b00000| PB 0x00000000a6b00000| Untracked 
| 620|0x00000000a6c00000, 0x00000000a6d00000, 0x00000000a6d00000|100%|HS|  |TAMS 0x00000000a6c00000| PB 0x00000000a6c00000| Complete 
| 621|0x00000000a6d00000, 0x00000000a6e00000, 0x00000000a6e00000|100%|HC|  |TAMS 0x00000000a6d00000| PB 0x00000000a6d00000| Complete 
| 622|0x00000000a6e00000, 0x00000000a6f00000, 0x00000000a6f00000|100%|HC|  |TAMS 0x00000000a6e00000| PB 0x00000000a6e00000| Complete 
| 623|0x00000000a6f00000, 0x00000000a7000000, 0x00000000a7000000|100%|HS|  |TAMS 0x00000000a6f00000| PB 0x00000000a6f00000| Complete 
| 624|0x00000000a7000000, 0x00000000a7100000, 0x00000000a7100000|100%|HC|  |TAMS 0x00000000a7000000| PB 0x00000000a7000000| Complete 
| 625|0x00000000a7100000, 0x00000000a7200000, 0x00000000a7200000|100%|HC|  |TAMS 0x00000000a7100000| PB 0x00000000a7100000| Complete 
| 626|0x00000000a7200000, 0x00000000a7300000, 0x00000000a7300000|100%|HC|  |TAMS 0x00000000a7200000| PB 0x00000000a7200000| Complete 
| 627|0x00000000a7300000, 0x00000000a7400000, 0x00000000a7400000|100%|HC|  |TAMS 0x00000000a7300000| PB 0x00000000a7300000| Complete 
| 628|0x00000000a7400000, 0x00000000a7500000, 0x00000000a7500000|100%|HS|  |TAMS 0x00000000a7400000| PB 0x00000000a7400000| Complete 
| 629|0x00000000a7500000, 0x00000000a7600000, 0x00000000a7600000|100%|HC|  |TAMS 0x00000000a7500000| PB 0x00000000a7500000| Complete 
| 630|0x00000000a7600000, 0x00000000a7700000, 0x00000000a7700000|100%|HS|  |TAMS 0x00000000a7600000| PB 0x00000000a7600000| Complete 
| 631|0x00000000a7700000, 0x00000000a7800000, 0x00000000a7800000|100%|HC|  |TAMS 0x00000000a7700000| PB 0x00000000a7700000| Complete 
| 632|0x00000000a7800000, 0x00000000a7900000, 0x00000000a7900000|100%|HS|  |TAMS 0x00000000a7800000| PB 0x00000000a7800000| Complete 
| 633|0x00000000a7900000, 0x00000000a7a00000, 0x00000000a7a00000|100%|HC|  |TAMS 0x00000000a7900000| PB 0x00000000a7900000| Complete 
| 634|0x00000000a7a00000, 0x00000000a7b00000, 0x00000000a7b00000|100%|HS|  |TAMS 0x00000000a7a00000| PB 0x00000000a7a00000| Complete 
| 635|0x00000000a7b00000, 0x00000000a7c00000, 0x00000000a7c00000|100%|HC|  |TAMS 0x00000000a7b00000| PB 0x00000000a7b00000| Complete 
| 636|0x00000000a7c00000, 0x00000000a7d00000, 0x00000000a7d00000|100%|HS|  |TAMS 0x00000000a7c00000| PB 0x00000000a7c00000| Complete 
| 637|0x00000000a7d00000, 0x00000000a7e00000, 0x00000000a7e00000|100%|HC|  |TAMS 0x00000000a7d00000| PB 0x00000000a7d00000| Complete 
| 638|0x00000000a7e00000, 0x00000000a7f00000, 0x00000000a7f00000|100%|HS|  |TAMS 0x00000000a7e00000| PB 0x00000000a7e00000| Complete 
| 639|0x00000000a7f00000, 0x00000000a8000000, 0x00000000a8000000|100%|HC|  |TAMS 0x00000000a7f00000| PB 0x00000000a7f00000| Complete 
| 640|0x00000000a8000000, 0x00000000a8100000, 0x00000000a8100000|100%|HS|  |TAMS 0x00000000a8000000| PB 0x00000000a8000000| Complete 
| 641|0x00000000a8100000, 0x00000000a8200000, 0x00000000a8200000|100%|HC|  |TAMS 0x00000000a8100000| PB 0x00000000a8100000| Complete 
| 642|0x00000000a8200000, 0x00000000a8300000, 0x00000000a8300000|100%|HS|  |TAMS 0x00000000a8200000| PB 0x00000000a8200000| Complete 
| 643|0x00000000a8300000, 0x00000000a8400000, 0x00000000a8400000|100%|HC|  |TAMS 0x00000000a8300000| PB 0x00000000a8300000| Complete 
| 644|0x00000000a8400000, 0x00000000a8500000, 0x00000000a8500000|100%|HS|  |TAMS 0x00000000a8400000| PB 0x00000000a8400000| Complete 
| 645|0x00000000a8500000, 0x00000000a8600000, 0x00000000a8600000|100%|HC|  |TAMS 0x00000000a8500000| PB 0x00000000a8500000| Complete 
| 646|0x00000000a8600000, 0x00000000a8700000, 0x00000000a8700000|100%|HS|  |TAMS 0x00000000a8600000| PB 0x00000000a8600000| Complete 
| 647|0x00000000a8700000, 0x00000000a8800000, 0x00000000a8800000|100%|HC|  |TAMS 0x00000000a8700000| PB 0x00000000a8700000| Complete 
| 648|0x00000000a8800000, 0x00000000a8900000, 0x00000000a8900000|100%|HS|  |TAMS 0x00000000a8800000| PB 0x00000000a8800000| Complete 
| 649|0x00000000a8900000, 0x00000000a8a00000, 0x00000000a8a00000|100%|HC|  |TAMS 0x00000000a8900000| PB 0x00000000a8900000| Complete 
| 650|0x00000000a8a00000, 0x00000000a8b00000, 0x00000000a8b00000|100%|HS|  |TAMS 0x00000000a8a00000| PB 0x00000000a8a00000| Complete 
| 651|0x00000000a8b00000, 0x00000000a8c00000, 0x00000000a8c00000|100%|HC|  |TAMS 0x00000000a8b00000| PB 0x00000000a8b00000| Complete 
| 652|0x00000000a8c00000, 0x00000000a8d00000, 0x00000000a8d00000|100%|HC|  |TAMS 0x00000000a8c00000| PB 0x00000000a8c00000| Complete 
| 653|0x00000000a8d00000, 0x00000000a8e00000, 0x00000000a8e00000|100%|HS|  |TAMS 0x00000000a8d00000| PB 0x00000000a8d00000| Complete 
| 654|0x00000000a8e00000, 0x00000000a8f00000, 0x00000000a8f00000|100%|HC|  |TAMS 0x00000000a8e00000| PB 0x00000000a8e00000| Complete 
| 655|0x00000000a8f00000, 0x00000000a9000000, 0x00000000a9000000|100%|HC|  |TAMS 0x00000000a8f00000| PB 0x00000000a8f00000| Complete 
| 656|0x00000000a9000000, 0x00000000a9100000, 0x00000000a9100000|100%|HS|  |TAMS 0x00000000a9000000| PB 0x00000000a9000000| Complete 
| 657|0x00000000a9100000, 0x00000000a9200000, 0x00000000a9200000|100%|HC|  |TAMS 0x00000000a9100000| PB 0x00000000a9100000| Complete 
| 658|0x00000000a9200000, 0x00000000a9300000, 0x00000000a9300000|100%|HS|  |TAMS 0x00000000a9200000| PB 0x00000000a9200000| Complete 
| 659|0x00000000a9300000, 0x00000000a9400000, 0x00000000a9400000|100%|HC|  |TAMS 0x00000000a9300000| PB 0x00000000a9300000| Complete 
| 660|0x00000000a9400000, 0x00000000a9500000, 0x00000000a9500000|100%|HC|  |TAMS 0x00000000a9400000| PB 0x00000000a9400000| Complete 
| 661|0x00000000a9500000, 0x00000000a9600000, 0x00000000a9600000|100%|HS|  |TAMS 0x00000000a9500000| PB 0x00000000a9500000| Complete 
| 662|0x00000000a9600000, 0x00000000a9700000, 0x00000000a9700000|100%|HC|  |TAMS 0x00000000a9600000| PB 0x00000000a9600000| Complete 
| 663|0x00000000a9700000, 0x00000000a9800000, 0x00000000a9800000|100%|HC|  |TAMS 0x00000000a9700000| PB 0x00000000a9700000| Complete 
| 664|0x00000000a9800000, 0x00000000a9900000, 0x00000000a9900000|100%|HC|  |TAMS 0x00000000a9800000| PB 0x00000000a9800000| Complete 
| 665|0x00000000a9900000, 0x00000000a9a00000, 0x00000000a9a00000|100%|HC|  |TAMS 0x00000000a9900000| PB 0x00000000a9900000| Complete 
| 666|0x00000000a9a00000, 0x00000000a9b00000, 0x00000000a9b00000|100%|HS|  |TAMS 0x00000000a9a00000| PB 0x00000000a9a00000| Complete 
| 667|0x00000000a9b00000, 0x00000000a9c00000, 0x00000000a9c00000|100%|HC|  |TAMS 0x00000000a9b00000| PB 0x00000000a9b00000| Complete 
| 668|0x00000000a9c00000, 0x00000000a9d00000, 0x00000000a9d00000|100%|HS|  |TAMS 0x00000000a9c00000| PB 0x00000000a9c00000| Complete 
| 669|0x00000000a9d00000, 0x00000000a9e00000, 0x00000000a9e00000|100%|HC|  |TAMS 0x00000000a9d00000| PB 0x00000000a9d00000| Complete 
| 670|0x00000000a9e00000, 0x00000000a9f00000, 0x00000000a9f00000|100%|HS|  |TAMS 0x00000000a9e00000| PB 0x00000000a9e00000| Complete 
| 671|0x00000000a9f00000, 0x00000000aa000000, 0x00000000aa000000|100%|HS|  |TAMS 0x00000000a9f00000| PB 0x00000000a9f00000| Complete 
| 672|0x00000000aa000000, 0x00000000aa100000, 0x00000000aa100000|100%|HC|  |TAMS 0x00000000aa000000| PB 0x00000000aa000000| Complete 
| 673|0x00000000aa100000, 0x00000000aa200000, 0x00000000aa200000|100%|HS|  |TAMS 0x00000000aa100000| PB 0x00000000aa100000| Complete 
| 674|0x00000000aa200000, 0x00000000aa300000, 0x00000000aa300000|100%|HC|  |TAMS 0x00000000aa200000| PB 0x00000000aa200000| Complete 
| 675|0x00000000aa300000, 0x00000000aa400000, 0x00000000aa400000|100%|HS|  |TAMS 0x00000000aa300000| PB 0x00000000aa300000| Complete 
| 676|0x00000000aa400000, 0x00000000aa500000, 0x00000000aa500000|100%|HC|  |TAMS 0x00000000aa400000| PB 0x00000000aa400000| Complete 
| 677|0x00000000aa500000, 0x00000000aa600000, 0x00000000aa600000|100%|HS|  |TAMS 0x00000000aa500000| PB 0x00000000aa500000| Complete 
| 678|0x00000000aa600000, 0x00000000aa700000, 0x00000000aa700000|100%|HC|  |TAMS 0x00000000aa600000| PB 0x00000000aa600000| Complete 
| 679|0x00000000aa700000, 0x00000000aa800000, 0x00000000aa800000|100%|HS|  |TAMS 0x00000000aa700000| PB 0x00000000aa700000| Complete 
| 680|0x00000000aa800000, 0x00000000aa900000, 0x00000000aa900000|100%|HS|  |TAMS 0x00000000aa800000| PB 0x00000000aa800000| Complete 
| 681|0x00000000aa900000, 0x00000000aaa00000, 0x00000000aaa00000|100%|HS|  |TAMS 0x00000000aa900000| PB 0x00000000aa900000| Complete 
| 682|0x00000000aaa00000, 0x00000000aab00000, 0x00000000aab00000|100%|HS|  |TAMS 0x00000000aaa00000| PB 0x00000000aaa00000| Complete 
| 683|0x00000000aab00000, 0x00000000aac00000, 0x00000000aac00000|100%|HC|  |TAMS 0x00000000aab00000| PB 0x00000000aab00000| Complete 
| 684|0x00000000aac00000, 0x00000000aad00000, 0x00000000aad00000|100%|HS|  |TAMS 0x00000000aac00000| PB 0x00000000aac00000| Complete 
| 685|0x00000000aad00000, 0x00000000aae00000, 0x00000000aae00000|100%|HS|  |TAMS 0x00000000aad00000| PB 0x00000000aad00000| Complete 
| 686|0x00000000aae00000, 0x00000000aaf00000, 0x00000000aaf00000|100%|HS|  |TAMS 0x00000000aae00000| PB 0x00000000aae00000| Complete 
| 687|0x00000000aaf00000, 0x00000000ab000000, 0x00000000ab000000|100%|HC|  |TAMS 0x00000000aaf00000| PB 0x00000000aaf00000| Complete 
| 688|0x00000000ab000000, 0x00000000ab100000, 0x00000000ab100000|100%|HS|  |TAMS 0x00000000ab000000| PB 0x00000000ab000000| Complete 
| 689|0x00000000ab100000, 0x00000000ab200000, 0x00000000ab200000|100%|HC|  |TAMS 0x00000000ab100000| PB 0x00000000ab100000| Complete 
| 690|0x00000000ab200000, 0x00000000ab300000, 0x00000000ab300000|100%|HC|  |TAMS 0x00000000ab200000| PB 0x00000000ab200000| Complete 
| 691|0x00000000ab300000, 0x00000000ab400000, 0x00000000ab400000|100%|HS|  |TAMS 0x00000000ab300000| PB 0x00000000ab300000| Complete 
| 692|0x00000000ab400000, 0x00000000ab500000, 0x00000000ab500000|100%|HC|  |TAMS 0x00000000ab400000| PB 0x00000000ab400000| Complete 
| 693|0x00000000ab500000, 0x00000000ab600000, 0x00000000ab600000|100%|HC|  |TAMS 0x00000000ab500000| PB 0x00000000ab500000| Complete 
| 694|0x00000000ab600000, 0x00000000ab700000, 0x00000000ab700000|100%|HC|  |TAMS 0x00000000ab600000| PB 0x00000000ab600000| Complete 
| 695|0x00000000ab700000, 0x00000000ab800000, 0x00000000ab800000|100%|HC|  |TAMS 0x00000000ab700000| PB 0x00000000ab700000| Complete 
| 696|0x00000000ab800000, 0x00000000ab900000, 0x00000000ab900000|100%|HS|  |TAMS 0x00000000ab800000| PB 0x00000000ab800000| Complete 
| 697|0x00000000ab900000, 0x00000000aba00000, 0x00000000aba00000|100%|HC|  |TAMS 0x00000000ab900000| PB 0x00000000ab900000| Complete 
| 698|0x00000000aba00000, 0x00000000abb00000, 0x00000000abb00000|100%|HS|  |TAMS 0x00000000aba00000| PB 0x00000000aba00000| Complete 
| 699|0x00000000abb00000, 0x00000000abc00000, 0x00000000abc00000|100%|HS|  |TAMS 0x00000000abb00000| PB 0x00000000abb00000| Complete 
| 700|0x00000000abc00000, 0x00000000abd00000, 0x00000000abd00000|100%|HS|  |TAMS 0x00000000abc00000| PB 0x00000000abc00000| Complete 
| 701|0x00000000abd00000, 0x00000000abe00000, 0x00000000abe00000|100%|HC|  |TAMS 0x00000000abd00000| PB 0x00000000abd00000| Complete 
| 702|0x00000000abe00000, 0x00000000abf00000, 0x00000000abf00000|100%|HS|  |TAMS 0x00000000abe00000| PB 0x00000000abe00000| Complete 
| 703|0x00000000abf00000, 0x00000000ac000000, 0x00000000ac000000|100%|HS|  |TAMS 0x00000000abf00000| PB 0x00000000abf00000| Complete 
| 704|0x00000000ac000000, 0x00000000ac100000, 0x00000000ac100000|100%|HS|  |TAMS 0x00000000ac000000| PB 0x00000000ac000000| Complete 
| 705|0x00000000ac100000, 0x00000000ac200000, 0x00000000ac200000|100%|HC|  |TAMS 0x00000000ac100000| PB 0x00000000ac100000| Complete 
| 706|0x00000000ac200000, 0x00000000ac300000, 0x00000000ac300000|100%|HS|  |TAMS 0x00000000ac200000| PB 0x00000000ac200000| Complete 
| 707|0x00000000ac300000, 0x00000000ac400000, 0x00000000ac400000|100%|HC|  |TAMS 0x00000000ac300000| PB 0x00000000ac300000| Complete 
| 708|0x00000000ac400000, 0x00000000ac500000, 0x00000000ac500000|100%|HS|  |TAMS 0x00000000ac400000| PB 0x00000000ac400000| Complete 
| 709|0x00000000ac500000, 0x00000000ac600000, 0x00000000ac600000|100%|HS|  |TAMS 0x00000000ac500000| PB 0x00000000ac500000| Complete 
| 710|0x00000000ac600000, 0x00000000ac700000, 0x00000000ac700000|100%|HS|  |TAMS 0x00000000ac600000| PB 0x00000000ac600000| Complete 
| 711|0x00000000ac700000, 0x00000000ac800000, 0x00000000ac800000|100%|HS|  |TAMS 0x00000000ac700000| PB 0x00000000ac700000| Complete 
| 712|0x00000000ac800000, 0x00000000ac900000, 0x00000000ac900000|100%|HS|  |TAMS 0x00000000ac800000| PB 0x00000000ac800000| Complete 
| 713|0x00000000ac900000, 0x00000000aca00000, 0x00000000aca00000|100%|HS|  |TAMS 0x00000000ac900000| PB 0x00000000ac900000| Complete 
| 714|0x00000000aca00000, 0x00000000acb00000, 0x00000000acb00000|100%|HC|  |TAMS 0x00000000aca00000| PB 0x00000000aca00000| Complete 
| 715|0x00000000acb00000, 0x00000000acc00000, 0x00000000acc00000|100%|HS|  |TAMS 0x00000000acb00000| PB 0x00000000acb00000| Complete 
| 716|0x00000000acc00000, 0x00000000acd00000, 0x00000000acd00000|100%|HS|  |TAMS 0x00000000acc00000| PB 0x00000000acc00000| Complete 
| 717|0x00000000acd00000, 0x00000000ace00000, 0x00000000ace00000|100%|HS|  |TAMS 0x00000000acd00000| PB 0x00000000acd00000| Complete 
| 718|0x00000000ace00000, 0x00000000acf00000, 0x00000000acf00000|100%|HS|  |TAMS 0x00000000ace00000| PB 0x00000000ace00000| Complete 
| 719|0x00000000acf00000, 0x00000000ad000000, 0x00000000ad000000|100%|HS|  |TAMS 0x00000000acf00000| PB 0x00000000acf00000| Complete 
| 720|0x00000000ad000000, 0x00000000ad100000, 0x00000000ad100000|100%|HC|  |TAMS 0x00000000ad000000| PB 0x00000000ad000000| Complete 
| 721|0x00000000ad100000, 0x00000000ad200000, 0x00000000ad200000|100%|HS|  |TAMS 0x00000000ad100000| PB 0x00000000ad100000| Complete 
| 722|0x00000000ad200000, 0x00000000ad300000, 0x00000000ad300000|100%|HC|  |TAMS 0x00000000ad200000| PB 0x00000000ad200000| Complete 
| 723|0x00000000ad300000, 0x00000000ad400000, 0x00000000ad400000|100%|HS|  |TAMS 0x00000000ad300000| PB 0x00000000ad300000| Complete 
| 724|0x00000000ad400000, 0x00000000ad500000, 0x00000000ad500000|100%|HC|  |TAMS 0x00000000ad400000| PB 0x00000000ad400000| Complete 
| 725|0x00000000ad500000, 0x00000000ad600000, 0x00000000ad600000|100%|HC|  |TAMS 0x00000000ad500000| PB 0x00000000ad500000| Complete 
| 726|0x00000000ad600000, 0x00000000ad700000, 0x00000000ad700000|100%|HC|  |TAMS 0x00000000ad600000| PB 0x00000000ad600000| Complete 
| 727|0x00000000ad700000, 0x00000000ad800000, 0x00000000ad800000|100%|HC|  |TAMS 0x00000000ad700000| PB 0x00000000ad700000| Complete 
| 728|0x00000000ad800000, 0x00000000ad900000, 0x00000000ad900000|100%|HS|  |TAMS 0x00000000ad800000| PB 0x00000000ad800000| Complete 
| 729|0x00000000ad900000, 0x00000000ada00000, 0x00000000ada00000|100%|HC|  |TAMS 0x00000000ad900000| PB 0x00000000ad900000| Complete 
| 730|0x00000000ada00000, 0x00000000adb00000, 0x00000000adb00000|100%|HS|  |TAMS 0x00000000ada00000| PB 0x00000000ada00000| Complete 
| 731|0x00000000adb00000, 0x00000000adc00000, 0x00000000adc00000|100%|HC|  |TAMS 0x00000000adb00000| PB 0x00000000adb00000| Complete 
| 732|0x00000000adc00000, 0x00000000add00000, 0x00000000add00000|100%| S|  |TAMS 0x00000000adc00000| PB 0x00000000adc00000| Complete 
| 733|0x00000000add00000, 0x00000000ade00000, 0x00000000ade00000|100%| S|  |TAMS 0x00000000add00000| PB 0x00000000add00000| Complete 
| 734|0x00000000ade00000, 0x00000000adf00000, 0x00000000adf00000|100%| S|  |TAMS 0x00000000ade00000| PB 0x00000000ade00000| Complete 
| 735|0x00000000adf00000, 0x00000000ae000000, 0x00000000ae000000|100%| S|  |TAMS 0x00000000adf00000| PB 0x00000000adf00000| Complete 
| 736|0x00000000ae000000, 0x00000000ae100000, 0x00000000ae100000|100%| S|  |TAMS 0x00000000ae000000| PB 0x00000000ae000000| Complete 
| 737|0x00000000ae100000, 0x00000000ae200000, 0x00000000ae200000|100%| S|  |TAMS 0x00000000ae100000| PB 0x00000000ae100000| Complete 
| 738|0x00000000ae200000, 0x00000000ae300000, 0x00000000ae300000|100%| S|  |TAMS 0x00000000ae200000| PB 0x00000000ae200000| Complete 
| 739|0x00000000ae300000, 0x00000000ae400000, 0x00000000ae400000|100%| S|  |TAMS 0x00000000ae300000| PB 0x00000000ae300000| Complete 
| 740|0x00000000ae400000, 0x00000000ae500000, 0x00000000ae500000|100%| S|  |TAMS 0x00000000ae400000| PB 0x00000000ae400000| Complete 
| 741|0x00000000ae500000, 0x00000000ae600000, 0x00000000ae600000|100%| S|  |TAMS 0x00000000ae500000| PB 0x00000000ae500000| Complete 
| 742|0x00000000ae600000, 0x00000000ae700000, 0x00000000ae700000|100%| S|  |TAMS 0x00000000ae600000| PB 0x00000000ae600000| Complete 
| 743|0x00000000ae700000, 0x00000000ae800000, 0x00000000ae800000|100%| S|  |TAMS 0x00000000ae700000| PB 0x00000000ae700000| Complete 
| 744|0x00000000ae800000, 0x00000000ae900000, 0x00000000ae900000|100%| S|  |TAMS 0x00000000ae800000| PB 0x00000000ae800000| Complete 
| 745|0x00000000ae900000, 0x00000000aea00000, 0x00000000aea00000|100%| S|  |TAMS 0x00000000ae900000| PB 0x00000000ae900000| Complete 
| 746|0x00000000aea00000, 0x00000000aeb00000, 0x00000000aeb00000|100%| S|  |TAMS 0x00000000aea00000| PB 0x00000000aea00000| Complete 
| 747|0x00000000aeb00000, 0x00000000aec00000, 0x00000000aec00000|100%| S|  |TAMS 0x00000000aeb00000| PB 0x00000000aeb00000| Complete 
| 748|0x00000000aec00000, 0x00000000aed00000, 0x00000000aed00000|100%| S|  |TAMS 0x00000000aec00000| PB 0x00000000aec00000| Complete 
| 749|0x00000000aed00000, 0x00000000aee00000, 0x00000000aee00000|100%| S|  |TAMS 0x00000000aed00000| PB 0x00000000aed00000| Complete 
| 750|0x00000000aee00000, 0x00000000aef00000, 0x00000000aef00000|100%| S|  |TAMS 0x00000000aee00000| PB 0x00000000aee00000| Complete 
| 751|0x00000000aef00000, 0x00000000af000000, 0x00000000af000000|100%| S|  |TAMS 0x00000000aef00000| PB 0x00000000aef00000| Complete 
| 752|0x00000000af000000, 0x00000000af100000, 0x00000000af100000|100%| S|  |TAMS 0x00000000af000000| PB 0x00000000af000000| Complete 
| 753|0x00000000af100000, 0x00000000af200000, 0x00000000af200000|100%| S|  |TAMS 0x00000000af100000| PB 0x00000000af100000| Complete 
| 754|0x00000000af200000, 0x00000000af300000, 0x00000000af300000|100%| S|  |TAMS 0x00000000af200000| PB 0x00000000af200000| Complete 
| 755|0x00000000af300000, 0x00000000af400000, 0x00000000af400000|100%| S|  |TAMS 0x00000000af300000| PB 0x00000000af300000| Complete 
| 756|0x00000000af400000, 0x00000000af500000, 0x00000000af500000|100%| S|  |TAMS 0x00000000af400000| PB 0x00000000af400000| Complete 
| 757|0x00000000af500000, 0x00000000af600000, 0x00000000af600000|100%|HS|  |TAMS 0x00000000af500000| PB 0x00000000af500000| Complete 
| 758|0x00000000af600000, 0x00000000af700000, 0x00000000af700000|100%|HC|  |TAMS 0x00000000af600000| PB 0x00000000af600000| Complete 
| 759|0x00000000af700000, 0x00000000af800000, 0x00000000af800000|100%| S|  |TAMS 0x00000000af700000| PB 0x00000000af700000| Complete 
| 760|0x00000000af800000, 0x00000000af900000, 0x00000000af900000|100%| E|CS|TAMS 0x00000000af800000| PB 0x00000000af800000| Complete 
| 761|0x00000000af900000, 0x00000000afa00000, 0x00000000afa00000|100%|HS|  |TAMS 0x00000000af900000| PB 0x00000000af900000| Complete 
| 762|0x00000000afa00000, 0x00000000afb00000, 0x00000000afb00000|100%|HC|  |TAMS 0x00000000afa00000| PB 0x00000000afa00000| Complete 
| 763|0x00000000afb00000, 0x00000000afc00000, 0x00000000afc00000|100%| E|CS|TAMS 0x00000000afb00000| PB 0x00000000afb00000| Complete 
| 764|0x00000000afc00000, 0x00000000afd00000, 0x00000000afd00000|100%| E|CS|TAMS 0x00000000afc00000| PB 0x00000000afc00000| Complete 
| 765|0x00000000afd00000, 0x00000000afe00000, 0x00000000afe00000|100%| E|CS|TAMS 0x00000000afd00000| PB 0x00000000afd00000| Complete 
| 766|0x00000000afe00000, 0x00000000aff00000, 0x00000000aff00000|100%| E|CS|TAMS 0x00000000afe00000| PB 0x00000000afe00000| Complete 
| 767|0x00000000aff00000, 0x00000000b0000000, 0x00000000b0000000|100%| E|CS|TAMS 0x00000000aff00000| PB 0x00000000aff00000| Complete 
| 768|0x00000000b0000000, 0x00000000b0100000, 0x00000000b0100000|100%| E|CS|TAMS 0x00000000b0000000| PB 0x00000000b0000000| Complete 
| 769|0x00000000b0100000, 0x00000000b0200000, 0x00000000b0200000|100%| E|CS|TAMS 0x00000000b0100000| PB 0x00000000b0100000| Complete 
| 770|0x00000000b0200000, 0x00000000b0300000, 0x00000000b0300000|100%| E|CS|TAMS 0x00000000b0200000| PB 0x00000000b0200000| Complete 
| 771|0x00000000b0300000, 0x00000000b0400000, 0x00000000b0400000|100%| E|CS|TAMS 0x00000000b0300000| PB 0x00000000b0300000| Complete 
| 772|0x00000000b0400000, 0x00000000b0500000, 0x00000000b0500000|100%| E|CS|TAMS 0x00000000b0400000| PB 0x00000000b0400000| Complete 
| 773|0x00000000b0500000, 0x00000000b0600000, 0x00000000b0600000|100%| E|CS|TAMS 0x00000000b0500000| PB 0x00000000b0500000| Complete 
| 774|0x00000000b0600000, 0x00000000b0700000, 0x00000000b0700000|100%| E|CS|TAMS 0x00000000b0600000| PB 0x00000000b0600000| Complete 
| 775|0x00000000b0700000, 0x00000000b0780000, 0x00000000b0800000| 50%| E|CS|TAMS 0x00000000b0700000| PB 0x00000000b0700000| Complete 
| 776|0x00000000b0800000, 0x00000000b0900000, 0x00000000b0900000|100%| E|CS|TAMS 0x00000000b0800000| PB 0x00000000b0800000| Complete 
| 777|0x00000000b0900000, 0x00000000b0a00000, 0x00000000b0a00000|100%| E|CS|TAMS 0x00000000b0900000| PB 0x00000000b0900000| Complete 
| 778|0x00000000b0a00000, 0x00000000b0b00000, 0x00000000b0b00000|100%| O|  |TAMS 0x00000000b0a00000| PB 0x00000000b0a00000| Untracked 
| 779|0x00000000b0b00000, 0x00000000b0c00000, 0x00000000b0c00000|100%| O|  |TAMS 0x00000000b0b00000| PB 0x00000000b0b00000| Untracked 
| 780|0x00000000b0c00000, 0x00000000b0d00000, 0x00000000b0d00000|100%| O|  |TAMS 0x00000000b0c00000| PB 0x00000000b0c00000| Untracked 
| 781|0x00000000b0d00000, 0x00000000b0e00000, 0x00000000b0e00000|100%| O|  |TAMS 0x00000000b0d00000| PB 0x00000000b0d00000| Untracked 
| 782|0x00000000b0e00000, 0x00000000b0f00000, 0x00000000b0f00000|100%| E|CS|TAMS 0x00000000b0e00000| PB 0x00000000b0e00000| Complete 
| 783|0x00000000b0f00000, 0x00000000b1000000, 0x00000000b1000000|100%| E|CS|TAMS 0x00000000b0f00000| PB 0x00000000b0f00000| Complete 
| 784|0x00000000b1000000, 0x00000000b1100000, 0x00000000b1100000|100%| E|CS|TAMS 0x00000000b1000000| PB 0x00000000b1000000| Complete 
| 785|0x00000000b1100000, 0x00000000b1200000, 0x00000000b1200000|100%| E|CS|TAMS 0x00000000b1100000| PB 0x00000000b1100000| Complete 
| 786|0x00000000b1200000, 0x00000000b1300000, 0x00000000b1300000|100%| E|CS|TAMS 0x00000000b1200000| PB 0x00000000b1200000| Complete 
| 787|0x00000000b1300000, 0x00000000b1400000, 0x00000000b1400000|100%| E|CS|TAMS 0x00000000b1300000| PB 0x00000000b1300000| Complete 
| 788|0x00000000b1400000, 0x00000000b1500000, 0x00000000b1500000|100%| E|CS|TAMS 0x00000000b1400000| PB 0x00000000b1400000| Complete 
| 789|0x00000000b1500000, 0x00000000b1600000, 0x00000000b1600000|100%| E|CS|TAMS 0x00000000b1500000| PB 0x00000000b1500000| Complete 
| 790|0x00000000b1600000, 0x00000000b1700000, 0x00000000b1700000|100%| E|CS|TAMS 0x00000000b1600000| PB 0x00000000b1600000| Complete 
| 791|0x00000000b1700000, 0x00000000b1800000, 0x00000000b1800000|100%| E|CS|TAMS 0x00000000b1700000| PB 0x00000000b1700000| Complete 
| 792|0x00000000b1800000, 0x00000000b1900000, 0x00000000b1900000|100%| E|CS|TAMS 0x00000000b1800000| PB 0x00000000b1800000| Complete 
| 793|0x00000000b1900000, 0x00000000b1a00000, 0x00000000b1a00000|100%| E|CS|TAMS 0x00000000b1900000| PB 0x00000000b1900000| Complete 
| 794|0x00000000b1a00000, 0x00000000b1b00000, 0x00000000b1b00000|100%| E|CS|TAMS 0x00000000b1a00000| PB 0x00000000b1a00000| Complete 
| 795|0x00000000b1b00000, 0x00000000b1c00000, 0x00000000b1c00000|100%| E|CS|TAMS 0x00000000b1b00000| PB 0x00000000b1b00000| Complete 
| 796|0x00000000b1c00000, 0x00000000b1d00000, 0x00000000b1d00000|100%| E|CS|TAMS 0x00000000b1c00000| PB 0x00000000b1c00000| Complete 
| 797|0x00000000b1d00000, 0x00000000b1e00000, 0x00000000b1e00000|100%| E|CS|TAMS 0x00000000b1d00000| PB 0x00000000b1d00000| Complete 
| 798|0x00000000b1e00000, 0x00000000b1f00000, 0x00000000b1f00000|100%| E|CS|TAMS 0x00000000b1e00000| PB 0x00000000b1e00000| Complete 
| 799|0x00000000b1f00000, 0x00000000b2000000, 0x00000000b2000000|100%| E|CS|TAMS 0x00000000b1f00000| PB 0x00000000b1f00000| Complete 
| 800|0x00000000b2000000, 0x00000000b2100000, 0x00000000b2100000|100%| E|CS|TAMS 0x00000000b2000000| PB 0x00000000b2000000| Complete 
| 801|0x00000000b2100000, 0x00000000b2200000, 0x00000000b2200000|100%| E|CS|TAMS 0x00000000b2100000| PB 0x00000000b2100000| Complete 
| 802|0x00000000b2200000, 0x00000000b2300000, 0x00000000b2300000|100%| E|CS|TAMS 0x00000000b2200000| PB 0x00000000b2200000| Complete 
| 803|0x00000000b2300000, 0x00000000b2400000, 0x00000000b2400000|100%| E|CS|TAMS 0x00000000b2300000| PB 0x00000000b2300000| Complete 
| 804|0x00000000b2400000, 0x00000000b2500000, 0x00000000b2500000|100%| E|CS|TAMS 0x00000000b2400000| PB 0x00000000b2400000| Complete 
| 805|0x00000000b2500000, 0x00000000b2600000, 0x00000000b2600000|100%| E|CS|TAMS 0x00000000b2500000| PB 0x00000000b2500000| Complete 
| 806|0x00000000b2600000, 0x00000000b2700000, 0x00000000b2700000|100%| E|CS|TAMS 0x00000000b2600000| PB 0x00000000b2600000| Complete 
| 807|0x00000000b2700000, 0x00000000b2800000, 0x00000000b2800000|100%| E|CS|TAMS 0x00000000b2700000| PB 0x00000000b2700000| Complete 
| 808|0x00000000b2800000, 0x00000000b2900000, 0x00000000b2900000|100%| E|CS|TAMS 0x00000000b2800000| PB 0x00000000b2800000| Complete 
| 809|0x00000000b2900000, 0x00000000b2a00000, 0x00000000b2a00000|100%| E|CS|TAMS 0x00000000b2900000| PB 0x00000000b2900000| Complete 
| 810|0x00000000b2a00000, 0x00000000b2b00000, 0x00000000b2b00000|100%| E|CS|TAMS 0x00000000b2a00000| PB 0x00000000b2a00000| Complete 
| 811|0x00000000b2b00000, 0x00000000b2c00000, 0x00000000b2c00000|100%| E|CS|TAMS 0x00000000b2b00000| PB 0x00000000b2b00000| Complete 
| 812|0x00000000b2c00000, 0x00000000b2d00000, 0x00000000b2d00000|100%| E|CS|TAMS 0x00000000b2c00000| PB 0x00000000b2c00000| Complete 
| 813|0x00000000b2d00000, 0x00000000b2e00000, 0x00000000b2e00000|100%| E|CS|TAMS 0x00000000b2d00000| PB 0x00000000b2d00000| Complete 
| 814|0x00000000b2e00000, 0x00000000b2f00000, 0x00000000b2f00000|100%| E|CS|TAMS 0x00000000b2e00000| PB 0x00000000b2e00000| Complete 
| 815|0x00000000b2f00000, 0x00000000b3000000, 0x00000000b3000000|100%| E|CS|TAMS 0x00000000b2f00000| PB 0x00000000b2f00000| Complete 
| 816|0x00000000b3000000, 0x00000000b3100000, 0x00000000b3100000|100%| E|CS|TAMS 0x00000000b3000000| PB 0x00000000b3000000| Complete 
| 817|0x00000000b3100000, 0x00000000b3200000, 0x00000000b3200000|100%| E|CS|TAMS 0x00000000b3100000| PB 0x00000000b3100000| Complete 
| 818|0x00000000b3200000, 0x00000000b3300000, 0x00000000b3300000|100%| E|CS|TAMS 0x00000000b3200000| PB 0x00000000b3200000| Complete 
| 819|0x00000000b3300000, 0x00000000b3400000, 0x00000000b3400000|100%| E|CS|TAMS 0x00000000b3300000| PB 0x00000000b3300000| Complete 
| 820|0x00000000b3400000, 0x00000000b3500000, 0x00000000b3500000|100%| E|CS|TAMS 0x00000000b3400000| PB 0x00000000b3400000| Complete 
| 821|0x00000000b3500000, 0x00000000b3600000, 0x00000000b3600000|100%| E|CS|TAMS 0x00000000b3500000| PB 0x00000000b3500000| Complete 
| 822|0x00000000b3600000, 0x00000000b3700000, 0x00000000b3700000|100%| E|CS|TAMS 0x00000000b3600000| PB 0x00000000b3600000| Complete 
| 823|0x00000000b3700000, 0x00000000b3800000, 0x00000000b3800000|100%| E|CS|TAMS 0x00000000b3700000| PB 0x00000000b3700000| Complete 
| 824|0x00000000b3800000, 0x00000000b3900000, 0x00000000b3900000|100%| E|CS|TAMS 0x00000000b3800000| PB 0x00000000b3800000| Complete 
| 825|0x00000000b3900000, 0x00000000b3a00000, 0x00000000b3a00000|100%| E|CS|TAMS 0x00000000b3900000| PB 0x00000000b3900000| Complete 
| 826|0x00000000b3a00000, 0x00000000b3b00000, 0x00000000b3b00000|100%| E|CS|TAMS 0x00000000b3a00000| PB 0x00000000b3a00000| Complete 
| 827|0x00000000b3b00000, 0x00000000b3c00000, 0x00000000b3c00000|100%| E|CS|TAMS 0x00000000b3b00000| PB 0x00000000b3b00000| Complete 
| 828|0x00000000b3c00000, 0x00000000b3d00000, 0x00000000b3d00000|100%| E|CS|TAMS 0x00000000b3c00000| PB 0x00000000b3c00000| Complete 
| 829|0x00000000b3d00000, 0x00000000b3e00000, 0x00000000b3e00000|100%| E|CS|TAMS 0x00000000b3d00000| PB 0x00000000b3d00000| Complete 
| 830|0x00000000b3e00000, 0x00000000b3f00000, 0x00000000b3f00000|100%| E|CS|TAMS 0x00000000b3e00000| PB 0x00000000b3e00000| Complete 
| 831|0x00000000b3f00000, 0x00000000b4000000, 0x00000000b4000000|100%| E|CS|TAMS 0x00000000b3f00000| PB 0x00000000b3f00000| Complete 
| 832|0x00000000b4000000, 0x00000000b4100000, 0x00000000b4100000|100%| E|CS|TAMS 0x00000000b4000000| PB 0x00000000b4000000| Complete 
| 833|0x00000000b4100000, 0x00000000b4200000, 0x00000000b4200000|100%| E|CS|TAMS 0x00000000b4100000| PB 0x00000000b4100000| Complete 
| 834|0x00000000b4200000, 0x00000000b4300000, 0x00000000b4300000|100%| E|CS|TAMS 0x00000000b4200000| PB 0x00000000b4200000| Complete 
| 835|0x00000000b4300000, 0x00000000b4400000, 0x00000000b4400000|100%| E|CS|TAMS 0x00000000b4300000| PB 0x00000000b4300000| Complete 
| 836|0x00000000b4400000, 0x00000000b4500000, 0x00000000b4500000|100%| E|CS|TAMS 0x00000000b4400000| PB 0x00000000b4400000| Complete 
| 837|0x00000000b4500000, 0x00000000b4600000, 0x00000000b4600000|100%| E|CS|TAMS 0x00000000b4500000| PB 0x00000000b4500000| Complete 
| 838|0x00000000b4600000, 0x00000000b4700000, 0x00000000b4700000|100%| E|CS|TAMS 0x00000000b4600000| PB 0x00000000b4600000| Complete 
| 839|0x00000000b4700000, 0x00000000b4800000, 0x00000000b4800000|100%| E|CS|TAMS 0x00000000b4700000| PB 0x00000000b4700000| Complete 
| 840|0x00000000b4800000, 0x00000000b4900000, 0x00000000b4900000|100%| E|CS|TAMS 0x00000000b4800000| PB 0x00000000b4800000| Complete 
| 841|0x00000000b4900000, 0x00000000b4a00000, 0x00000000b4a00000|100%| E|CS|TAMS 0x00000000b4900000| PB 0x00000000b4900000| Complete 
| 842|0x00000000b4a00000, 0x00000000b4b00000, 0x00000000b4b00000|100%| E|CS|TAMS 0x00000000b4a00000| PB 0x00000000b4a00000| Complete 
| 843|0x00000000b4b00000, 0x00000000b4c00000, 0x00000000b4c00000|100%| E|CS|TAMS 0x00000000b4b00000| PB 0x00000000b4b00000| Complete 
| 844|0x00000000b4c00000, 0x00000000b4d00000, 0x00000000b4d00000|100%| E|CS|TAMS 0x00000000b4c00000| PB 0x00000000b4c00000| Complete 
| 845|0x00000000b4d00000, 0x00000000b4e00000, 0x00000000b4e00000|100%| E|CS|TAMS 0x00000000b4d00000| PB 0x00000000b4d00000| Complete 
| 846|0x00000000b4e00000, 0x00000000b4f00000, 0x00000000b4f00000|100%| E|CS|TAMS 0x00000000b4e00000| PB 0x00000000b4e00000| Complete 
| 847|0x00000000b4f00000, 0x00000000b5000000, 0x00000000b5000000|100%| E|CS|TAMS 0x00000000b4f00000| PB 0x00000000b4f00000| Complete 
| 848|0x00000000b5000000, 0x00000000b5100000, 0x00000000b5100000|100%| E|CS|TAMS 0x00000000b5000000| PB 0x00000000b5000000| Complete 
| 849|0x00000000b5100000, 0x00000000b5200000, 0x00000000b5200000|100%| E|CS|TAMS 0x00000000b5100000| PB 0x00000000b5100000| Complete 
| 850|0x00000000b5200000, 0x00000000b5300000, 0x00000000b5300000|100%| E|CS|TAMS 0x00000000b5200000| PB 0x00000000b5200000| Complete 
| 851|0x00000000b5300000, 0x00000000b5400000, 0x00000000b5400000|100%| E|CS|TAMS 0x00000000b5300000| PB 0x00000000b5300000| Complete 
| 852|0x00000000b5400000, 0x00000000b5500000, 0x00000000b5500000|100%| E|CS|TAMS 0x00000000b5400000| PB 0x00000000b5400000| Complete 
| 853|0x00000000b5500000, 0x00000000b5600000, 0x00000000b5600000|100%| E|CS|TAMS 0x00000000b5500000| PB 0x00000000b5500000| Complete 
| 854|0x00000000b5600000, 0x00000000b5700000, 0x00000000b5700000|100%| E|CS|TAMS 0x00000000b5600000| PB 0x00000000b5600000| Complete 
| 855|0x00000000b5700000, 0x00000000b5800000, 0x00000000b5800000|100%| E|CS|TAMS 0x00000000b5700000| PB 0x00000000b5700000| Complete 
| 856|0x00000000b5800000, 0x00000000b5900000, 0x00000000b5900000|100%| E|CS|TAMS 0x00000000b5800000| PB 0x00000000b5800000| Complete 
| 857|0x00000000b5900000, 0x00000000b5a00000, 0x00000000b5a00000|100%| E|CS|TAMS 0x00000000b5900000| PB 0x00000000b5900000| Complete 
| 858|0x00000000b5a00000, 0x00000000b5b00000, 0x00000000b5b00000|100%| E|CS|TAMS 0x00000000b5a00000| PB 0x00000000b5a00000| Complete 
| 859|0x00000000b5b00000, 0x00000000b5c00000, 0x00000000b5c00000|100%| E|CS|TAMS 0x00000000b5b00000| PB 0x00000000b5b00000| Complete 
| 860|0x00000000b5c00000, 0x00000000b5d00000, 0x00000000b5d00000|100%| E|CS|TAMS 0x00000000b5c00000| PB 0x00000000b5c00000| Complete 
| 861|0x00000000b5d00000, 0x00000000b5e00000, 0x00000000b5e00000|100%| E|CS|TAMS 0x00000000b5d00000| PB 0x00000000b5d00000| Complete 
| 862|0x00000000b5e00000, 0x00000000b5f00000, 0x00000000b5f00000|100%| E|CS|TAMS 0x00000000b5e00000| PB 0x00000000b5e00000| Complete 
| 863|0x00000000b5f00000, 0x00000000b6000000, 0x00000000b6000000|100%| E|CS|TAMS 0x00000000b5f00000| PB 0x00000000b5f00000| Complete 
| 864|0x00000000b6000000, 0x00000000b6100000, 0x00000000b6100000|100%| E|CS|TAMS 0x00000000b6000000| PB 0x00000000b6000000| Complete 
| 865|0x00000000b6100000, 0x00000000b6200000, 0x00000000b6200000|100%| E|CS|TAMS 0x00000000b6100000| PB 0x00000000b6100000| Complete 
| 866|0x00000000b6200000, 0x00000000b6300000, 0x00000000b6300000|100%| E|CS|TAMS 0x00000000b6200000| PB 0x00000000b6200000| Complete 
| 867|0x00000000b6300000, 0x00000000b6400000, 0x00000000b6400000|100%| E|CS|TAMS 0x00000000b6300000| PB 0x00000000b6300000| Complete 
| 868|0x00000000b6400000, 0x00000000b6500000, 0x00000000b6500000|100%| E|CS|TAMS 0x00000000b6400000| PB 0x00000000b6400000| Complete 
| 869|0x00000000b6500000, 0x00000000b6600000, 0x00000000b6600000|100%| E|CS|TAMS 0x00000000b6500000| PB 0x00000000b6500000| Complete 
| 870|0x00000000b6600000, 0x00000000b6700000, 0x00000000b6700000|100%| E|CS|TAMS 0x00000000b6600000| PB 0x00000000b6600000| Complete 
| 871|0x00000000b6700000, 0x00000000b6800000, 0x00000000b6800000|100%| E|CS|TAMS 0x00000000b6700000| PB 0x00000000b6700000| Complete 
| 872|0x00000000b6800000, 0x00000000b6900000, 0x00000000b6900000|100%| E|CS|TAMS 0x00000000b6800000| PB 0x00000000b6800000| Complete 
| 873|0x00000000b6900000, 0x00000000b6a00000, 0x00000000b6a00000|100%| E|CS|TAMS 0x00000000b6900000| PB 0x00000000b6900000| Complete 
| 874|0x00000000b6a00000, 0x00000000b6b00000, 0x00000000b6b00000|100%| E|CS|TAMS 0x00000000b6a00000| PB 0x00000000b6a00000| Complete 
| 875|0x00000000b6b00000, 0x00000000b6c00000, 0x00000000b6c00000|100%| E|CS|TAMS 0x00000000b6b00000| PB 0x00000000b6b00000| Complete 
| 876|0x00000000b6c00000, 0x00000000b6d00000, 0x00000000b6d00000|100%| E|CS|TAMS 0x00000000b6c00000| PB 0x00000000b6c00000| Complete 
| 877|0x00000000b6d00000, 0x00000000b6e00000, 0x00000000b6e00000|100%| E|CS|TAMS 0x00000000b6d00000| PB 0x00000000b6d00000| Complete 
| 878|0x00000000b6e00000, 0x00000000b6f00000, 0x00000000b6f00000|100%| E|CS|TAMS 0x00000000b6e00000| PB 0x00000000b6e00000| Complete 
| 879|0x00000000b6f00000, 0x00000000b7000000, 0x00000000b7000000|100%| E|CS|TAMS 0x00000000b6f00000| PB 0x00000000b6f00000| Complete 
| 880|0x00000000b7000000, 0x00000000b7100000, 0x00000000b7100000|100%| E|CS|TAMS 0x00000000b7000000| PB 0x00000000b7000000| Complete 
| 881|0x00000000b7100000, 0x00000000b7200000, 0x00000000b7200000|100%| E|CS|TAMS 0x00000000b7100000| PB 0x00000000b7100000| Complete 
| 882|0x00000000b7200000, 0x00000000b7300000, 0x00000000b7300000|100%| E|CS|TAMS 0x00000000b7200000| PB 0x00000000b7200000| Complete 
| 883|0x00000000b7300000, 0x00000000b7400000, 0x00000000b7400000|100%| E|CS|TAMS 0x00000000b7300000| PB 0x00000000b7300000| Complete 
| 884|0x00000000b7400000, 0x00000000b7500000, 0x00000000b7500000|100%| E|CS|TAMS 0x00000000b7400000| PB 0x00000000b7400000| Complete 
| 885|0x00000000b7500000, 0x00000000b7600000, 0x00000000b7600000|100%| E|CS|TAMS 0x00000000b7500000| PB 0x00000000b7500000| Complete 
| 886|0x00000000b7600000, 0x00000000b7700000, 0x00000000b7700000|100%| E|CS|TAMS 0x00000000b7600000| PB 0x00000000b7600000| Complete 
| 887|0x00000000b7700000, 0x00000000b7800000, 0x00000000b7800000|100%| E|CS|TAMS 0x00000000b7700000| PB 0x00000000b7700000| Complete 
| 888|0x00000000b7800000, 0x00000000b7900000, 0x00000000b7900000|100%| E|CS|TAMS 0x00000000b7800000| PB 0x00000000b7800000| Complete 
| 889|0x00000000b7900000, 0x00000000b7a00000, 0x00000000b7a00000|100%| E|CS|TAMS 0x00000000b7900000| PB 0x00000000b7900000| Complete 
| 890|0x00000000b7a00000, 0x00000000b7b00000, 0x00000000b7b00000|100%| E|CS|TAMS 0x00000000b7a00000| PB 0x00000000b7a00000| Complete 
| 891|0x00000000b7b00000, 0x00000000b7c00000, 0x00000000b7c00000|100%| E|CS|TAMS 0x00000000b7b00000| PB 0x00000000b7b00000| Complete 
| 892|0x00000000b7c00000, 0x00000000b7d00000, 0x00000000b7d00000|100%| E|CS|TAMS 0x00000000b7c00000| PB 0x00000000b7c00000| Complete 
| 893|0x00000000b7d00000, 0x00000000b7e00000, 0x00000000b7e00000|100%| E|CS|TAMS 0x00000000b7d00000| PB 0x00000000b7d00000| Complete 
| 894|0x00000000b7e00000, 0x00000000b7f00000, 0x00000000b7f00000|100%| E|CS|TAMS 0x00000000b7e00000| PB 0x00000000b7e00000| Complete 
| 895|0x00000000b7f00000, 0x00000000b8000000, 0x00000000b8000000|100%| E|CS|TAMS 0x00000000b7f00000| PB 0x00000000b7f00000| Complete 
| 896|0x00000000b8000000, 0x00000000b8100000, 0x00000000b8100000|100%| E|CS|TAMS 0x00000000b8000000| PB 0x00000000b8000000| Complete 
| 897|0x00000000b8100000, 0x00000000b8200000, 0x00000000b8200000|100%| E|CS|TAMS 0x00000000b8100000| PB 0x00000000b8100000| Complete 
| 898|0x00000000b8200000, 0x00000000b8300000, 0x00000000b8300000|100%| E|CS|TAMS 0x00000000b8200000| PB 0x00000000b8200000| Complete 
| 899|0x00000000b8300000, 0x00000000b8400000, 0x00000000b8400000|100%| E|CS|TAMS 0x00000000b8300000| PB 0x00000000b8300000| Complete 
| 900|0x00000000b8400000, 0x00000000b8500000, 0x00000000b8500000|100%| E|CS|TAMS 0x00000000b8400000| PB 0x00000000b8400000| Complete 
| 901|0x00000000b8500000, 0x00000000b8600000, 0x00000000b8600000|100%| E|CS|TAMS 0x00000000b8500000| PB 0x00000000b8500000| Complete 
| 902|0x00000000b8600000, 0x00000000b8700000, 0x00000000b8700000|100%| E|CS|TAMS 0x00000000b8600000| PB 0x00000000b8600000| Complete 
| 903|0x00000000b8700000, 0x00000000b8800000, 0x00000000b8800000|100%| E|CS|TAMS 0x00000000b8700000| PB 0x00000000b8700000| Complete 
| 904|0x00000000b8800000, 0x00000000b8900000, 0x00000000b8900000|100%| E|CS|TAMS 0x00000000b8800000| PB 0x00000000b8800000| Complete 
| 905|0x00000000b8900000, 0x00000000b8a00000, 0x00000000b8a00000|100%| E|CS|TAMS 0x00000000b8900000| PB 0x00000000b8900000| Complete 
| 906|0x00000000b8a00000, 0x00000000b8b00000, 0x00000000b8b00000|100%| E|CS|TAMS 0x00000000b8a00000| PB 0x00000000b8a00000| Complete 
| 907|0x00000000b8b00000, 0x00000000b8c00000, 0x00000000b8c00000|100%| E|CS|TAMS 0x00000000b8b00000| PB 0x00000000b8b00000| Complete 
| 908|0x00000000b8c00000, 0x00000000b8d00000, 0x00000000b8d00000|100%| E|CS|TAMS 0x00000000b8c00000| PB 0x00000000b8c00000| Complete 
| 909|0x00000000b8d00000, 0x00000000b8e00000, 0x00000000b8e00000|100%| E|CS|TAMS 0x00000000b8d00000| PB 0x00000000b8d00000| Complete 
| 910|0x00000000b8e00000, 0x00000000b8f00000, 0x00000000b8f00000|100%| E|CS|TAMS 0x00000000b8e00000| PB 0x00000000b8e00000| Complete 
| 911|0x00000000b8f00000, 0x00000000b9000000, 0x00000000b9000000|100%| E|CS|TAMS 0x00000000b8f00000| PB 0x00000000b8f00000| Complete 
| 912|0x00000000b9000000, 0x00000000b9100000, 0x00000000b9100000|100%| E|CS|TAMS 0x00000000b9000000| PB 0x00000000b9000000| Complete 
| 913|0x00000000b9100000, 0x00000000b9200000, 0x00000000b9200000|100%| E|CS|TAMS 0x00000000b9100000| PB 0x00000000b9100000| Complete 
| 914|0x00000000b9200000, 0x00000000b9300000, 0x00000000b9300000|100%| E|CS|TAMS 0x00000000b9200000| PB 0x00000000b9200000| Complete 
| 915|0x00000000b9300000, 0x00000000b9400000, 0x00000000b9400000|100%| E|CS|TAMS 0x00000000b9300000| PB 0x00000000b9300000| Complete 
| 916|0x00000000b9400000, 0x00000000b9500000, 0x00000000b9500000|100%| E|CS|TAMS 0x00000000b9400000| PB 0x00000000b9400000| Complete 
| 917|0x00000000b9500000, 0x00000000b9600000, 0x00000000b9600000|100%| E|CS|TAMS 0x00000000b9500000| PB 0x00000000b9500000| Complete 
| 918|0x00000000b9600000, 0x00000000b9700000, 0x00000000b9700000|100%| E|CS|TAMS 0x00000000b9600000| PB 0x00000000b9600000| Complete 
| 919|0x00000000b9700000, 0x00000000b9800000, 0x00000000b9800000|100%| E|CS|TAMS 0x00000000b9700000| PB 0x00000000b9700000| Complete 
| 920|0x00000000b9800000, 0x00000000b9900000, 0x00000000b9900000|100%| E|CS|TAMS 0x00000000b9800000| PB 0x00000000b9800000| Complete 
| 921|0x00000000b9900000, 0x00000000b9a00000, 0x00000000b9a00000|100%| E|CS|TAMS 0x00000000b9900000| PB 0x00000000b9900000| Complete 
| 922|0x00000000b9a00000, 0x00000000b9b00000, 0x00000000b9b00000|100%| E|CS|TAMS 0x00000000b9a00000| PB 0x00000000b9a00000| Complete 
| 923|0x00000000b9b00000, 0x00000000b9c00000, 0x00000000b9c00000|100%| E|CS|TAMS 0x00000000b9b00000| PB 0x00000000b9b00000| Complete 
| 924|0x00000000b9c00000, 0x00000000b9d00000, 0x00000000b9d00000|100%| E|CS|TAMS 0x00000000b9c00000| PB 0x00000000b9c00000| Complete 
| 925|0x00000000b9d00000, 0x00000000b9e00000, 0x00000000b9e00000|100%| E|CS|TAMS 0x00000000b9d00000| PB 0x00000000b9d00000| Complete 
| 926|0x00000000b9e00000, 0x00000000b9f00000, 0x00000000b9f00000|100%| E|CS|TAMS 0x00000000b9e00000| PB 0x00000000b9e00000| Complete 
| 927|0x00000000b9f00000, 0x00000000ba000000, 0x00000000ba000000|100%| E|CS|TAMS 0x00000000b9f00000| PB 0x00000000b9f00000| Complete 
| 928|0x00000000ba000000, 0x00000000ba100000, 0x00000000ba100000|100%| E|CS|TAMS 0x00000000ba000000| PB 0x00000000ba000000| Complete 
| 929|0x00000000ba100000, 0x00000000ba200000, 0x00000000ba200000|100%| E|CS|TAMS 0x00000000ba100000| PB 0x00000000ba100000| Complete 
| 930|0x00000000ba200000, 0x00000000ba300000, 0x00000000ba300000|100%| E|CS|TAMS 0x00000000ba200000| PB 0x00000000ba200000| Complete 
| 931|0x00000000ba300000, 0x00000000ba400000, 0x00000000ba400000|100%| E|CS|TAMS 0x00000000ba300000| PB 0x00000000ba300000| Complete 
| 932|0x00000000ba400000, 0x00000000ba500000, 0x00000000ba500000|100%| E|CS|TAMS 0x00000000ba400000| PB 0x00000000ba400000| Complete 
| 933|0x00000000ba500000, 0x00000000ba600000, 0x00000000ba600000|100%| E|CS|TAMS 0x00000000ba500000| PB 0x00000000ba500000| Complete 
| 934|0x00000000ba600000, 0x00000000ba700000, 0x00000000ba700000|100%| E|CS|TAMS 0x00000000ba600000| PB 0x00000000ba600000| Complete 
| 935|0x00000000ba700000, 0x00000000ba800000, 0x00000000ba800000|100%| E|CS|TAMS 0x00000000ba700000| PB 0x00000000ba700000| Complete 
| 936|0x00000000ba800000, 0x00000000ba900000, 0x00000000ba900000|100%| E|CS|TAMS 0x00000000ba800000| PB 0x00000000ba800000| Complete 
| 937|0x00000000ba900000, 0x00000000baa00000, 0x00000000baa00000|100%| E|CS|TAMS 0x00000000ba900000| PB 0x00000000ba900000| Complete 
| 938|0x00000000baa00000, 0x00000000bab00000, 0x00000000bab00000|100%| E|CS|TAMS 0x00000000baa00000| PB 0x00000000baa00000| Complete 
| 939|0x00000000bab00000, 0x00000000bac00000, 0x00000000bac00000|100%| E|CS|TAMS 0x00000000bab00000| PB 0x00000000bab00000| Complete 
| 940|0x00000000bac00000, 0x00000000bad00000, 0x00000000bad00000|100%| E|CS|TAMS 0x00000000bac00000| PB 0x00000000bac00000| Complete 
| 941|0x00000000bad00000, 0x00000000bae00000, 0x00000000bae00000|100%| E|CS|TAMS 0x00000000bad00000| PB 0x00000000bad00000| Complete 
| 942|0x00000000bae00000, 0x00000000baf00000, 0x00000000baf00000|100%| E|CS|TAMS 0x00000000bae00000| PB 0x00000000bae00000| Complete 
| 943|0x00000000baf00000, 0x00000000bb000000, 0x00000000bb000000|100%| E|CS|TAMS 0x00000000baf00000| PB 0x00000000baf00000| Complete 
| 944|0x00000000bb000000, 0x00000000bb100000, 0x00000000bb100000|100%| E|CS|TAMS 0x00000000bb000000| PB 0x00000000bb000000| Complete 
| 945|0x00000000bb100000, 0x00000000bb200000, 0x00000000bb200000|100%| E|CS|TAMS 0x00000000bb100000| PB 0x00000000bb100000| Complete 
| 946|0x00000000bb200000, 0x00000000bb300000, 0x00000000bb300000|100%| E|CS|TAMS 0x00000000bb200000| PB 0x00000000bb200000| Complete 
| 947|0x00000000bb300000, 0x00000000bb400000, 0x00000000bb400000|100%| E|CS|TAMS 0x00000000bb300000| PB 0x00000000bb300000| Complete 
| 948|0x00000000bb400000, 0x00000000bb500000, 0x00000000bb500000|100%| E|CS|TAMS 0x00000000bb400000| PB 0x00000000bb400000| Complete 
| 949|0x00000000bb500000, 0x00000000bb600000, 0x00000000bb600000|100%| E|CS|TAMS 0x00000000bb500000| PB 0x00000000bb500000| Complete 
| 950|0x00000000bb600000, 0x00000000bb700000, 0x00000000bb700000|100%| E|CS|TAMS 0x00000000bb600000| PB 0x00000000bb600000| Complete 
| 951|0x00000000bb700000, 0x00000000bb800000, 0x00000000bb800000|100%| E|CS|TAMS 0x00000000bb700000| PB 0x00000000bb700000| Complete 
| 952|0x00000000bb800000, 0x00000000bb900000, 0x00000000bb900000|100%| E|CS|TAMS 0x00000000bb800000| PB 0x00000000bb800000| Complete 
| 953|0x00000000bb900000, 0x00000000bba00000, 0x00000000bba00000|100%| E|CS|TAMS 0x00000000bb900000| PB 0x00000000bb900000| Complete 
| 954|0x00000000bba00000, 0x00000000bbb00000, 0x00000000bbb00000|100%| E|CS|TAMS 0x00000000bba00000| PB 0x00000000bba00000| Complete 
| 955|0x00000000bbb00000, 0x00000000bbc00000, 0x00000000bbc00000|100%| E|CS|TAMS 0x00000000bbb00000| PB 0x00000000bbb00000| Complete 
| 956|0x00000000bbc00000, 0x00000000bbd00000, 0x00000000bbd00000|100%| E|CS|TAMS 0x00000000bbc00000| PB 0x00000000bbc00000| Complete 
| 957|0x00000000bbd00000, 0x00000000bbe00000, 0x00000000bbe00000|100%| E|CS|TAMS 0x00000000bbd00000| PB 0x00000000bbd00000| Complete 
| 958|0x00000000bbe00000, 0x00000000bbf00000, 0x00000000bbf00000|100%| E|CS|TAMS 0x00000000bbe00000| PB 0x00000000bbe00000| Complete 
| 959|0x00000000bbf00000, 0x00000000bc000000, 0x00000000bc000000|100%| E|CS|TAMS 0x00000000bbf00000| PB 0x00000000bbf00000| Complete 
| 960|0x00000000bc000000, 0x00000000bc100000, 0x00000000bc100000|100%| E|CS|TAMS 0x00000000bc000000| PB 0x00000000bc000000| Complete 
| 961|0x00000000bc100000, 0x00000000bc200000, 0x00000000bc200000|100%| E|CS|TAMS 0x00000000bc100000| PB 0x00000000bc100000| Complete 
| 962|0x00000000bc200000, 0x00000000bc300000, 0x00000000bc300000|100%| E|CS|TAMS 0x00000000bc200000| PB 0x00000000bc200000| Complete 
| 963|0x00000000bc300000, 0x00000000bc400000, 0x00000000bc400000|100%| E|CS|TAMS 0x00000000bc300000| PB 0x00000000bc300000| Complete 
| 964|0x00000000bc400000, 0x00000000bc500000, 0x00000000bc500000|100%| E|CS|TAMS 0x00000000bc400000| PB 0x00000000bc400000| Complete 
| 965|0x00000000bc500000, 0x00000000bc600000, 0x00000000bc600000|100%| E|CS|TAMS 0x00000000bc500000| PB 0x00000000bc500000| Complete 
| 966|0x00000000bc600000, 0x00000000bc700000, 0x00000000bc700000|100%| E|CS|TAMS 0x00000000bc600000| PB 0x00000000bc600000| Complete 
| 967|0x00000000bc700000, 0x00000000bc800000, 0x00000000bc800000|100%| E|CS|TAMS 0x00000000bc700000| PB 0x00000000bc700000| Complete 
| 968|0x00000000bc800000, 0x00000000bc900000, 0x00000000bc900000|100%| E|CS|TAMS 0x00000000bc800000| PB 0x00000000bc800000| Complete 
| 969|0x00000000bc900000, 0x00000000bca00000, 0x00000000bca00000|100%| E|CS|TAMS 0x00000000bc900000| PB 0x00000000bc900000| Complete 
| 970|0x00000000bca00000, 0x00000000bcb00000, 0x00000000bcb00000|100%| E|CS|TAMS 0x00000000bca00000| PB 0x00000000bca00000| Complete 
| 971|0x00000000bcb00000, 0x00000000bcc00000, 0x00000000bcc00000|100%| E|CS|TAMS 0x00000000bcb00000| PB 0x00000000bcb00000| Complete 
| 972|0x00000000bcc00000, 0x00000000bcd00000, 0x00000000bcd00000|100%| E|CS|TAMS 0x00000000bcc00000| PB 0x00000000bcc00000| Complete 
| 973|0x00000000bcd00000, 0x00000000bce00000, 0x00000000bce00000|100%| E|CS|TAMS 0x00000000bcd00000| PB 0x00000000bcd00000| Complete 
| 974|0x00000000bce00000, 0x00000000bcf00000, 0x00000000bcf00000|100%| E|CS|TAMS 0x00000000bce00000| PB 0x00000000bce00000| Complete 
| 975|0x00000000bcf00000, 0x00000000bd000000, 0x00000000bd000000|100%| E|CS|TAMS 0x00000000bcf00000| PB 0x00000000bcf00000| Complete 
| 976|0x00000000bd000000, 0x00000000bd100000, 0x00000000bd100000|100%| E|CS|TAMS 0x00000000bd000000| PB 0x00000000bd000000| Complete 
| 977|0x00000000bd100000, 0x00000000bd200000, 0x00000000bd200000|100%| E|CS|TAMS 0x00000000bd100000| PB 0x00000000bd100000| Complete 
| 978|0x00000000bd200000, 0x00000000bd300000, 0x00000000bd300000|100%| E|CS|TAMS 0x00000000bd200000| PB 0x00000000bd200000| Complete 
| 979|0x00000000bd300000, 0x00000000bd400000, 0x00000000bd400000|100%| E|CS|TAMS 0x00000000bd300000| PB 0x00000000bd300000| Complete 
| 980|0x00000000bd400000, 0x00000000bd500000, 0x00000000bd500000|100%| E|CS|TAMS 0x00000000bd400000| PB 0x00000000bd400000| Complete 
| 981|0x00000000bd500000, 0x00000000bd600000, 0x00000000bd600000|100%| E|CS|TAMS 0x00000000bd500000| PB 0x00000000bd500000| Complete 
| 982|0x00000000bd600000, 0x00000000bd700000, 0x00000000bd700000|100%| E|CS|TAMS 0x00000000bd600000| PB 0x00000000bd600000| Complete 
| 983|0x00000000bd700000, 0x00000000bd800000, 0x00000000bd800000|100%| E|CS|TAMS 0x00000000bd700000| PB 0x00000000bd700000| Complete 
| 984|0x00000000bd800000, 0x00000000bd900000, 0x00000000bd900000|100%| E|CS|TAMS 0x00000000bd800000| PB 0x00000000bd800000| Complete 
| 985|0x00000000bd900000, 0x00000000bda00000, 0x00000000bda00000|100%| E|CS|TAMS 0x00000000bd900000| PB 0x00000000bd900000| Complete 
| 986|0x00000000bda00000, 0x00000000bdb00000, 0x00000000bdb00000|100%| E|CS|TAMS 0x00000000bda00000| PB 0x00000000bda00000| Complete 
| 987|0x00000000bdb00000, 0x00000000bdc00000, 0x00000000bdc00000|100%| E|CS|TAMS 0x00000000bdb00000| PB 0x00000000bdb00000| Complete 
| 988|0x00000000bdc00000, 0x00000000bdd00000, 0x00000000bdd00000|100%| E|CS|TAMS 0x00000000bdc00000| PB 0x00000000bdc00000| Complete 
| 989|0x00000000bdd00000, 0x00000000bde00000, 0x00000000bde00000|100%| E|CS|TAMS 0x00000000bdd00000| PB 0x00000000bdd00000| Complete 
| 990|0x00000000bde00000, 0x00000000bdf00000, 0x00000000bdf00000|100%| E|CS|TAMS 0x00000000bde00000| PB 0x00000000bde00000| Complete 
| 991|0x00000000bdf00000, 0x00000000be000000, 0x00000000be000000|100%| E|CS|TAMS 0x00000000bdf00000| PB 0x00000000bdf00000| Complete 
| 992|0x00000000be000000, 0x00000000be100000, 0x00000000be100000|100%| E|CS|TAMS 0x00000000be000000| PB 0x00000000be000000| Complete 
| 993|0x00000000be100000, 0x00000000be200000, 0x00000000be200000|100%| E|CS|TAMS 0x00000000be100000| PB 0x00000000be100000| Complete 
| 994|0x00000000be200000, 0x00000000be300000, 0x00000000be300000|100%| E|CS|TAMS 0x00000000be200000| PB 0x00000000be200000| Complete 
| 995|0x00000000be300000, 0x00000000be400000, 0x00000000be400000|100%| E|CS|TAMS 0x00000000be300000| PB 0x00000000be300000| Complete 
| 996|0x00000000be400000, 0x00000000be500000, 0x00000000be500000|100%| E|CS|TAMS 0x00000000be400000| PB 0x00000000be400000| Complete 
| 997|0x00000000be500000, 0x00000000be600000, 0x00000000be600000|100%| E|CS|TAMS 0x00000000be500000| PB 0x00000000be500000| Complete 
| 998|0x00000000be600000, 0x00000000be700000, 0x00000000be700000|100%| E|CS|TAMS 0x00000000be600000| PB 0x00000000be600000| Complete 
| 999|0x00000000be700000, 0x00000000be800000, 0x00000000be800000|100%| E|CS|TAMS 0x00000000be700000| PB 0x00000000be700000| Complete 
|1000|0x00000000be800000, 0x00000000be900000, 0x00000000be900000|100%| E|CS|TAMS 0x00000000be800000| PB 0x00000000be800000| Complete 
|1001|0x00000000be900000, 0x00000000bea00000, 0x00000000bea00000|100%| E|CS|TAMS 0x00000000be900000| PB 0x00000000be900000| Complete 
|1002|0x00000000bea00000, 0x00000000beb00000, 0x00000000beb00000|100%| E|CS|TAMS 0x00000000bea00000| PB 0x00000000bea00000| Complete 
|1003|0x00000000beb00000, 0x00000000bec00000, 0x00000000bec00000|100%| E|CS|TAMS 0x00000000beb00000| PB 0x00000000beb00000| Complete 
|1004|0x00000000bec00000, 0x00000000bed00000, 0x00000000bed00000|100%| E|CS|TAMS 0x00000000bec00000| PB 0x00000000bec00000| Complete 
|1005|0x00000000bed00000, 0x00000000bee00000, 0x00000000bee00000|100%| E|CS|TAMS 0x00000000bed00000| PB 0x00000000bed00000| Complete 
|1006|0x00000000bee00000, 0x00000000bef00000, 0x00000000bef00000|100%| E|CS|TAMS 0x00000000bee00000| PB 0x00000000bee00000| Complete 
|1007|0x00000000bef00000, 0x00000000bf000000, 0x00000000bf000000|100%| E|CS|TAMS 0x00000000bef00000| PB 0x00000000bef00000| Complete 
|1008|0x00000000bf000000, 0x00000000bf100000, 0x00000000bf100000|100%| E|CS|TAMS 0x00000000bf000000| PB 0x00000000bf000000| Complete 
|1009|0x00000000bf100000, 0x00000000bf200000, 0x00000000bf200000|100%| E|CS|TAMS 0x00000000bf100000| PB 0x00000000bf100000| Complete 
|1010|0x00000000bf200000, 0x00000000bf300000, 0x00000000bf300000|100%| E|CS|TAMS 0x00000000bf200000| PB 0x00000000bf200000| Complete 
|1011|0x00000000bf300000, 0x00000000bf400000, 0x00000000bf400000|100%| E|CS|TAMS 0x00000000bf300000| PB 0x00000000bf300000| Complete 
|1012|0x00000000bf400000, 0x00000000bf500000, 0x00000000bf500000|100%| E|CS|TAMS 0x00000000bf400000| PB 0x00000000bf400000| Complete 
|1013|0x00000000bf500000, 0x00000000bf600000, 0x00000000bf600000|100%| E|CS|TAMS 0x00000000bf500000| PB 0x00000000bf500000| Complete 
|1014|0x00000000bf600000, 0x00000000bf700000, 0x00000000bf700000|100%| E|CS|TAMS 0x00000000bf600000| PB 0x00000000bf600000| Complete 
|1015|0x00000000bf700000, 0x00000000bf800000, 0x00000000bf800000|100%| E|CS|TAMS 0x00000000bf700000| PB 0x00000000bf700000| Complete 
|1016|0x00000000bf800000, 0x00000000bf900000, 0x00000000bf900000|100%| E|CS|TAMS 0x00000000bf800000| PB 0x00000000bf800000| Complete 
|1017|0x00000000bf900000, 0x00000000bfa00000, 0x00000000bfa00000|100%| E|CS|TAMS 0x00000000bf900000| PB 0x00000000bf900000| Complete 
|1018|0x00000000bfa00000, 0x00000000bfb00000, 0x00000000bfb00000|100%| E|CS|TAMS 0x00000000bfa00000| PB 0x00000000bfa00000| Complete 
|1019|0x00000000bfb00000, 0x00000000bfc00000, 0x00000000bfc00000|100%| E|CS|TAMS 0x00000000bfb00000| PB 0x00000000bfb00000| Complete 
|1020|0x00000000bfc00000, 0x00000000bfd00000, 0x00000000bfd00000|100%| E|CS|TAMS 0x00000000bfc00000| PB 0x00000000bfc00000| Complete 
|1021|0x00000000bfd00000, 0x00000000bfe00000, 0x00000000bfe00000|100%| E|CS|TAMS 0x00000000bfd00000| PB 0x00000000bfd00000| Complete 
|1022|0x00000000bfe00000, 0x00000000bff00000, 0x00000000bff00000|100%| E|CS|TAMS 0x00000000bfe00000| PB 0x00000000bfe00000| Complete 
|1023|0x00000000bff00000, 0x00000000c0000000, 0x00000000c0000000|100%| E|CS|TAMS 0x00000000bff00000| PB 0x00000000bff00000| Complete 
|1024|0x00000000c0000000, 0x00000000c0100000, 0x00000000c0100000|100%| E|CS|TAMS 0x00000000c0000000| PB 0x00000000c0000000| Complete 
|1025|0x00000000c0100000, 0x00000000c0200000, 0x00000000c0200000|100%| E|CS|TAMS 0x00000000c0100000| PB 0x00000000c0100000| Complete 
|1026|0x00000000c0200000, 0x00000000c0300000, 0x00000000c0300000|100%| E|CS|TAMS 0x00000000c0200000| PB 0x00000000c0200000| Complete 
|1027|0x00000000c0300000, 0x00000000c0400000, 0x00000000c0400000|100%| E|CS|TAMS 0x00000000c0300000| PB 0x00000000c0300000| Complete 
|1028|0x00000000c0400000, 0x00000000c0500000, 0x00000000c0500000|100%| E|CS|TAMS 0x00000000c0400000| PB 0x00000000c0400000| Complete 
|1029|0x00000000c0500000, 0x00000000c0600000, 0x00000000c0600000|100%| E|CS|TAMS 0x00000000c0500000| PB 0x00000000c0500000| Complete 
|1030|0x00000000c0600000, 0x00000000c0700000, 0x00000000c0700000|100%| E|CS|TAMS 0x00000000c0600000| PB 0x00000000c0600000| Complete 
|1031|0x00000000c0700000, 0x00000000c0800000, 0x00000000c0800000|100%| E|CS|TAMS 0x00000000c0700000| PB 0x00000000c0700000| Complete 
|1032|0x00000000c0800000, 0x00000000c0900000, 0x00000000c0900000|100%| E|CS|TAMS 0x00000000c0800000| PB 0x00000000c0800000| Complete 
|1033|0x00000000c0900000, 0x00000000c0a00000, 0x00000000c0a00000|100%| E|CS|TAMS 0x00000000c0900000| PB 0x00000000c0900000| Complete 
|1034|0x00000000c0a00000, 0x00000000c0b00000, 0x00000000c0b00000|100%| E|CS|TAMS 0x00000000c0a00000| PB 0x00000000c0a00000| Complete 
|1035|0x00000000c0b00000, 0x00000000c0c00000, 0x00000000c0c00000|100%| E|CS|TAMS 0x00000000c0b00000| PB 0x00000000c0b00000| Complete 
|1036|0x00000000c0c00000, 0x00000000c0d00000, 0x00000000c0d00000|100%| E|CS|TAMS 0x00000000c0c00000| PB 0x00000000c0c00000| Complete 
|1037|0x00000000c0d00000, 0x00000000c0e00000, 0x00000000c0e00000|100%| E|CS|TAMS 0x00000000c0d00000| PB 0x00000000c0d00000| Complete 
|1038|0x00000000c0e00000, 0x00000000c0f00000, 0x00000000c0f00000|100%| E|CS|TAMS 0x00000000c0e00000| PB 0x00000000c0e00000| Complete 
|1039|0x00000000c0f00000, 0x00000000c1000000, 0x00000000c1000000|100%| E|CS|TAMS 0x00000000c0f00000| PB 0x00000000c0f00000| Complete 
|1040|0x00000000c1000000, 0x00000000c1100000, 0x00000000c1100000|100%| E|CS|TAMS 0x00000000c1000000| PB 0x00000000c1000000| Complete 
|1041|0x00000000c1100000, 0x00000000c1200000, 0x00000000c1200000|100%| E|CS|TAMS 0x00000000c1100000| PB 0x00000000c1100000| Complete 
|1042|0x00000000c1200000, 0x00000000c1300000, 0x00000000c1300000|100%| E|CS|TAMS 0x00000000c1200000| PB 0x00000000c1200000| Complete 
|1043|0x00000000c1300000, 0x00000000c1400000, 0x00000000c1400000|100%| E|CS|TAMS 0x00000000c1300000| PB 0x00000000c1300000| Complete 
|1044|0x00000000c1400000, 0x00000000c1500000, 0x00000000c1500000|100%| E|CS|TAMS 0x00000000c1400000| PB 0x00000000c1400000| Complete 
|1045|0x00000000c1500000, 0x00000000c1600000, 0x00000000c1600000|100%| E|CS|TAMS 0x00000000c1500000| PB 0x00000000c1500000| Complete 
|1046|0x00000000c1600000, 0x00000000c1700000, 0x00000000c1700000|100%| E|CS|TAMS 0x00000000c1600000| PB 0x00000000c1600000| Complete 
|1047|0x00000000c1700000, 0x00000000c1800000, 0x00000000c1800000|100%| E|CS|TAMS 0x00000000c1700000| PB 0x00000000c1700000| Complete 
|1048|0x00000000c1800000, 0x00000000c1900000, 0x00000000c1900000|100%| E|CS|TAMS 0x00000000c1800000| PB 0x00000000c1800000| Complete 
|1049|0x00000000c1900000, 0x00000000c1a00000, 0x00000000c1a00000|100%| E|CS|TAMS 0x00000000c1900000| PB 0x00000000c1900000| Complete 
|1050|0x00000000c1a00000, 0x00000000c1b00000, 0x00000000c1b00000|100%| E|CS|TAMS 0x00000000c1a00000| PB 0x00000000c1a00000| Complete 
|1051|0x00000000c1b00000, 0x00000000c1c00000, 0x00000000c1c00000|100%| E|CS|TAMS 0x00000000c1b00000| PB 0x00000000c1b00000| Complete 
|1052|0x00000000c1c00000, 0x00000000c1d00000, 0x00000000c1d00000|100%| E|CS|TAMS 0x00000000c1c00000| PB 0x00000000c1c00000| Complete 
|1053|0x00000000c1d00000, 0x00000000c1e00000, 0x00000000c1e00000|100%| E|CS|TAMS 0x00000000c1d00000| PB 0x00000000c1d00000| Complete 
|1054|0x00000000c1e00000, 0x00000000c1f00000, 0x00000000c1f00000|100%| E|CS|TAMS 0x00000000c1e00000| PB 0x00000000c1e00000| Complete 
|1055|0x00000000c1f00000, 0x00000000c2000000, 0x00000000c2000000|100%| E|CS|TAMS 0x00000000c1f00000| PB 0x00000000c1f00000| Complete 
|1056|0x00000000c2000000, 0x00000000c2100000, 0x00000000c2100000|100%| E|CS|TAMS 0x00000000c2000000| PB 0x00000000c2000000| Complete 
|1057|0x00000000c2100000, 0x00000000c2200000, 0x00000000c2200000|100%| E|CS|TAMS 0x00000000c2100000| PB 0x00000000c2100000| Complete 
|1058|0x00000000c2200000, 0x00000000c2300000, 0x00000000c2300000|100%| E|CS|TAMS 0x00000000c2200000| PB 0x00000000c2200000| Complete 
|1059|0x00000000c2300000, 0x00000000c2400000, 0x00000000c2400000|100%| E|CS|TAMS 0x00000000c2300000| PB 0x00000000c2300000| Complete 
|1060|0x00000000c2400000, 0x00000000c2500000, 0x00000000c2500000|100%| E|CS|TAMS 0x00000000c2400000| PB 0x00000000c2400000| Complete 
|1061|0x00000000c2500000, 0x00000000c2600000, 0x00000000c2600000|100%| E|CS|TAMS 0x00000000c2500000| PB 0x00000000c2500000| Complete 
|1062|0x00000000c2600000, 0x00000000c2700000, 0x00000000c2700000|100%| E|CS|TAMS 0x00000000c2600000| PB 0x00000000c2600000| Complete 
|1063|0x00000000c2700000, 0x00000000c2800000, 0x00000000c2800000|100%| E|CS|TAMS 0x00000000c2700000| PB 0x00000000c2700000| Complete 
|1064|0x00000000c2800000, 0x00000000c2900000, 0x00000000c2900000|100%| E|CS|TAMS 0x00000000c2800000| PB 0x00000000c2800000| Complete 
|1065|0x00000000c2900000, 0x00000000c2a00000, 0x00000000c2a00000|100%| E|CS|TAMS 0x00000000c2900000| PB 0x00000000c2900000| Complete 
|1066|0x00000000c2a00000, 0x00000000c2b00000, 0x00000000c2b00000|100%| E|CS|TAMS 0x00000000c2a00000| PB 0x00000000c2a00000| Complete 
|1067|0x00000000c2b00000, 0x00000000c2c00000, 0x00000000c2c00000|100%| E|CS|TAMS 0x00000000c2b00000| PB 0x00000000c2b00000| Complete 
|1068|0x00000000c2c00000, 0x00000000c2d00000, 0x00000000c2d00000|100%| E|CS|TAMS 0x00000000c2c00000| PB 0x00000000c2c00000| Complete 
|1069|0x00000000c2d00000, 0x00000000c2e00000, 0x00000000c2e00000|100%| E|CS|TAMS 0x00000000c2d00000| PB 0x00000000c2d00000| Complete 
|1070|0x00000000c2e00000, 0x00000000c2f00000, 0x00000000c2f00000|100%| E|CS|TAMS 0x00000000c2e00000| PB 0x00000000c2e00000| Complete 
|1071|0x00000000c2f00000, 0x00000000c3000000, 0x00000000c3000000|100%| E|CS|TAMS 0x00000000c2f00000| PB 0x00000000c2f00000| Complete 
|1072|0x00000000c3000000, 0x00000000c3100000, 0x00000000c3100000|100%| E|CS|TAMS 0x00000000c3000000| PB 0x00000000c3000000| Complete 
|1073|0x00000000c3100000, 0x00000000c3200000, 0x00000000c3200000|100%| E|CS|TAMS 0x00000000c3100000| PB 0x00000000c3100000| Complete 
|1074|0x00000000c3200000, 0x00000000c3300000, 0x00000000c3300000|100%| E|CS|TAMS 0x00000000c3200000| PB 0x00000000c3200000| Complete 
|1075|0x00000000c3300000, 0x00000000c3400000, 0x00000000c3400000|100%| E|CS|TAMS 0x00000000c3300000| PB 0x00000000c3300000| Complete 
|1076|0x00000000c3400000, 0x00000000c3500000, 0x00000000c3500000|100%| E|CS|TAMS 0x00000000c3400000| PB 0x00000000c3400000| Complete 
|1077|0x00000000c3500000, 0x00000000c3600000, 0x00000000c3600000|100%| E|CS|TAMS 0x00000000c3500000| PB 0x00000000c3500000| Complete 
|1078|0x00000000c3600000, 0x00000000c3700000, 0x00000000c3700000|100%| E|CS|TAMS 0x00000000c3600000| PB 0x00000000c3600000| Complete 
|1079|0x00000000c3700000, 0x00000000c3800000, 0x00000000c3800000|100%| E|CS|TAMS 0x00000000c3700000| PB 0x00000000c3700000| Complete 
|1080|0x00000000c3800000, 0x00000000c3900000, 0x00000000c3900000|100%| E|CS|TAMS 0x00000000c3800000| PB 0x00000000c3800000| Complete 
|1081|0x00000000c3900000, 0x00000000c3a00000, 0x00000000c3a00000|100%| E|CS|TAMS 0x00000000c3900000| PB 0x00000000c3900000| Complete 
|1082|0x00000000c3a00000, 0x00000000c3b00000, 0x00000000c3b00000|100%| E|CS|TAMS 0x00000000c3a00000| PB 0x00000000c3a00000| Complete 
|1083|0x00000000c3b00000, 0x00000000c3c00000, 0x00000000c3c00000|100%| E|CS|TAMS 0x00000000c3b00000| PB 0x00000000c3b00000| Complete 
|1084|0x00000000c3c00000, 0x00000000c3d00000, 0x00000000c3d00000|100%| E|CS|TAMS 0x00000000c3c00000| PB 0x00000000c3c00000| Complete 
|1085|0x00000000c3d00000, 0x00000000c3e00000, 0x00000000c3e00000|100%| E|CS|TAMS 0x00000000c3d00000| PB 0x00000000c3d00000| Complete 
|1086|0x00000000c3e00000, 0x00000000c3f00000, 0x00000000c3f00000|100%| E|CS|TAMS 0x00000000c3e00000| PB 0x00000000c3e00000| Complete 
|1087|0x00000000c3f00000, 0x00000000c4000000, 0x00000000c4000000|100%| E|CS|TAMS 0x00000000c3f00000| PB 0x00000000c3f00000| Complete 
|1088|0x00000000c4000000, 0x00000000c4100000, 0x00000000c4100000|100%| E|CS|TAMS 0x00000000c4000000| PB 0x00000000c4000000| Complete 
|1089|0x00000000c4100000, 0x00000000c4200000, 0x00000000c4200000|100%| E|CS|TAMS 0x00000000c4100000| PB 0x00000000c4100000| Complete 
|1090|0x00000000c4200000, 0x00000000c4300000, 0x00000000c4300000|100%| E|CS|TAMS 0x00000000c4200000| PB 0x00000000c4200000| Complete 
|1091|0x00000000c4300000, 0x00000000c4400000, 0x00000000c4400000|100%| E|CS|TAMS 0x00000000c4300000| PB 0x00000000c4300000| Complete 
|1092|0x00000000c4400000, 0x00000000c4500000, 0x00000000c4500000|100%| E|CS|TAMS 0x00000000c4400000| PB 0x00000000c4400000| Complete 
|1093|0x00000000c4500000, 0x00000000c4600000, 0x00000000c4600000|100%| E|CS|TAMS 0x00000000c4500000| PB 0x00000000c4500000| Complete 
|1094|0x00000000c4600000, 0x00000000c4700000, 0x00000000c4700000|100%| E|CS|TAMS 0x00000000c4600000| PB 0x00000000c4600000| Complete 
|1095|0x00000000c4700000, 0x00000000c4800000, 0x00000000c4800000|100%| E|CS|TAMS 0x00000000c4700000| PB 0x00000000c4700000| Complete 
|1096|0x00000000c4800000, 0x00000000c4900000, 0x00000000c4900000|100%| E|CS|TAMS 0x00000000c4800000| PB 0x00000000c4800000| Complete 
|1097|0x00000000c4900000, 0x00000000c4a00000, 0x00000000c4a00000|100%| E|CS|TAMS 0x00000000c4900000| PB 0x00000000c4900000| Complete 
|1098|0x00000000c4a00000, 0x00000000c4b00000, 0x00000000c4b00000|100%| E|CS|TAMS 0x00000000c4a00000| PB 0x00000000c4a00000| Complete 
|1099|0x00000000c4b00000, 0x00000000c4c00000, 0x00000000c4c00000|100%| E|CS|TAMS 0x00000000c4b00000| PB 0x00000000c4b00000| Complete 
|1100|0x00000000c4c00000, 0x00000000c4d00000, 0x00000000c4d00000|100%| E|CS|TAMS 0x00000000c4c00000| PB 0x00000000c4c00000| Complete 
|1101|0x00000000c4d00000, 0x00000000c4e00000, 0x00000000c4e00000|100%| E|CS|TAMS 0x00000000c4d00000| PB 0x00000000c4d00000| Complete 
|1102|0x00000000c4e00000, 0x00000000c4f00000, 0x00000000c4f00000|100%| E|CS|TAMS 0x00000000c4e00000| PB 0x00000000c4e00000| Complete 
|1103|0x00000000c4f00000, 0x00000000c5000000, 0x00000000c5000000|100%| E|CS|TAMS 0x00000000c4f00000| PB 0x00000000c4f00000| Complete 
|1104|0x00000000c5000000, 0x00000000c5100000, 0x00000000c5100000|100%| E|CS|TAMS 0x00000000c5000000| PB 0x00000000c5000000| Complete 
|1105|0x00000000c5100000, 0x00000000c5200000, 0x00000000c5200000|100%| E|CS|TAMS 0x00000000c5100000| PB 0x00000000c5100000| Complete 
|1106|0x00000000c5200000, 0x00000000c5300000, 0x00000000c5300000|100%| E|CS|TAMS 0x00000000c5200000| PB 0x00000000c5200000| Complete 
|1107|0x00000000c5300000, 0x00000000c5400000, 0x00000000c5400000|100%| E|CS|TAMS 0x00000000c5300000| PB 0x00000000c5300000| Complete 
|1108|0x00000000c5400000, 0x00000000c5500000, 0x00000000c5500000|100%| E|CS|TAMS 0x00000000c5400000| PB 0x00000000c5400000| Complete 
|1109|0x00000000c5500000, 0x00000000c5600000, 0x00000000c5600000|100%| E|CS|TAMS 0x00000000c5500000| PB 0x00000000c5500000| Complete 
|1110|0x00000000c5600000, 0x00000000c5700000, 0x00000000c5700000|100%| E|CS|TAMS 0x00000000c5600000| PB 0x00000000c5600000| Complete 
|1111|0x00000000c5700000, 0x00000000c5800000, 0x00000000c5800000|100%| E|CS|TAMS 0x00000000c5700000| PB 0x00000000c5700000| Complete 
|1112|0x00000000c5800000, 0x00000000c5900000, 0x00000000c5900000|100%| E|CS|TAMS 0x00000000c5800000| PB 0x00000000c5800000| Complete 
|1113|0x00000000c5900000, 0x00000000c5a00000, 0x00000000c5a00000|100%| E|CS|TAMS 0x00000000c5900000| PB 0x00000000c5900000| Complete 
|1114|0x00000000c5a00000, 0x00000000c5b00000, 0x00000000c5b00000|100%| E|CS|TAMS 0x00000000c5a00000| PB 0x00000000c5a00000| Complete 
|1115|0x00000000c5b00000, 0x00000000c5c00000, 0x00000000c5c00000|100%| E|CS|TAMS 0x00000000c5b00000| PB 0x00000000c5b00000| Complete 
|1116|0x00000000c5c00000, 0x00000000c5d00000, 0x00000000c5d00000|100%| E|CS|TAMS 0x00000000c5c00000| PB 0x00000000c5c00000| Complete 
|1117|0x00000000c5d00000, 0x00000000c5e00000, 0x00000000c5e00000|100%| E|CS|TAMS 0x00000000c5d00000| PB 0x00000000c5d00000| Complete 
|1118|0x00000000c5e00000, 0x00000000c5f00000, 0x00000000c5f00000|100%| E|CS|TAMS 0x00000000c5e00000| PB 0x00000000c5e00000| Complete 
|1119|0x00000000c5f00000, 0x00000000c6000000, 0x00000000c6000000|100%| E|CS|TAMS 0x00000000c5f00000| PB 0x00000000c5f00000| Complete 
|1120|0x00000000c6000000, 0x00000000c6100000, 0x00000000c6100000|100%| E|CS|TAMS 0x00000000c6000000| PB 0x00000000c6000000| Complete 
|1121|0x00000000c6100000, 0x00000000c6200000, 0x00000000c6200000|100%| E|CS|TAMS 0x00000000c6100000| PB 0x00000000c6100000| Complete 
|1122|0x00000000c6200000, 0x00000000c6300000, 0x00000000c6300000|100%| E|CS|TAMS 0x00000000c6200000| PB 0x00000000c6200000| Complete 
|1123|0x00000000c6300000, 0x00000000c6400000, 0x00000000c6400000|100%| E|CS|TAMS 0x00000000c6300000| PB 0x00000000c6300000| Complete 
|1124|0x00000000c6400000, 0x00000000c6500000, 0x00000000c6500000|100%| E|CS|TAMS 0x00000000c6400000| PB 0x00000000c6400000| Complete 
|1125|0x00000000c6500000, 0x00000000c6600000, 0x00000000c6600000|100%| E|CS|TAMS 0x00000000c6500000| PB 0x00000000c6500000| Complete 
|1126|0x00000000c6600000, 0x00000000c6700000, 0x00000000c6700000|100%| E|CS|TAMS 0x00000000c6600000| PB 0x00000000c6600000| Complete 
|1127|0x00000000c6700000, 0x00000000c6800000, 0x00000000c6800000|100%| E|CS|TAMS 0x00000000c6700000| PB 0x00000000c6700000| Complete 
|1128|0x00000000c6800000, 0x00000000c6900000, 0x00000000c6900000|100%| E|CS|TAMS 0x00000000c6800000| PB 0x00000000c6800000| Complete 
|1129|0x00000000c6900000, 0x00000000c6a00000, 0x00000000c6a00000|100%| E|CS|TAMS 0x00000000c6900000| PB 0x00000000c6900000| Complete 
|1130|0x00000000c6a00000, 0x00000000c6b00000, 0x00000000c6b00000|100%| E|CS|TAMS 0x00000000c6a00000| PB 0x00000000c6a00000| Complete 
|1131|0x00000000c6b00000, 0x00000000c6c00000, 0x00000000c6c00000|100%| E|CS|TAMS 0x00000000c6b00000| PB 0x00000000c6b00000| Complete 
|1132|0x00000000c6c00000, 0x00000000c6d00000, 0x00000000c6d00000|100%| E|CS|TAMS 0x00000000c6c00000| PB 0x00000000c6c00000| Complete 
|1133|0x00000000c6d00000, 0x00000000c6e00000, 0x00000000c6e00000|100%| E|CS|TAMS 0x00000000c6d00000| PB 0x00000000c6d00000| Complete 
|1134|0x00000000c6e00000, 0x00000000c6f00000, 0x00000000c6f00000|100%| E|CS|TAMS 0x00000000c6e00000| PB 0x00000000c6e00000| Complete 
|1135|0x00000000c6f00000, 0x00000000c7000000, 0x00000000c7000000|100%| E|CS|TAMS 0x00000000c6f00000| PB 0x00000000c6f00000| Complete 
|1136|0x00000000c7000000, 0x00000000c7100000, 0x00000000c7100000|100%| E|CS|TAMS 0x00000000c7000000| PB 0x00000000c7000000| Complete 
|1137|0x00000000c7100000, 0x00000000c7200000, 0x00000000c7200000|100%| E|CS|TAMS 0x00000000c7100000| PB 0x00000000c7100000| Complete 
|1138|0x00000000c7200000, 0x00000000c7300000, 0x00000000c7300000|100%| E|CS|TAMS 0x00000000c7200000| PB 0x00000000c7200000| Complete 
|1139|0x00000000c7300000, 0x00000000c7400000, 0x00000000c7400000|100%| E|CS|TAMS 0x00000000c7300000| PB 0x00000000c7300000| Complete 
|1140|0x00000000c7400000, 0x00000000c7500000, 0x00000000c7500000|100%| E|CS|TAMS 0x00000000c7400000| PB 0x00000000c7400000| Complete 
|1141|0x00000000c7500000, 0x00000000c7600000, 0x00000000c7600000|100%| E|CS|TAMS 0x00000000c7500000| PB 0x00000000c7500000| Complete 
|1142|0x00000000c7600000, 0x00000000c7700000, 0x00000000c7700000|100%| E|CS|TAMS 0x00000000c7600000| PB 0x00000000c7600000| Complete 
|1143|0x00000000c7700000, 0x00000000c7800000, 0x00000000c7800000|100%| E|CS|TAMS 0x00000000c7700000| PB 0x00000000c7700000| Complete 
|1144|0x00000000c7800000, 0x00000000c7900000, 0x00000000c7900000|100%| E|CS|TAMS 0x00000000c7800000| PB 0x00000000c7800000| Complete 
|1145|0x00000000c7900000, 0x00000000c7a00000, 0x00000000c7a00000|100%| E|CS|TAMS 0x00000000c7900000| PB 0x00000000c7900000| Complete 
|1146|0x00000000c7a00000, 0x00000000c7b00000, 0x00000000c7b00000|100%| E|CS|TAMS 0x00000000c7a00000| PB 0x00000000c7a00000| Complete 
|1147|0x00000000c7b00000, 0x00000000c7c00000, 0x00000000c7c00000|100%| E|CS|TAMS 0x00000000c7b00000| PB 0x00000000c7b00000| Complete 
|1148|0x00000000c7c00000, 0x00000000c7d00000, 0x00000000c7d00000|100%| E|CS|TAMS 0x00000000c7c00000| PB 0x00000000c7c00000| Complete 
|1149|0x00000000c7d00000, 0x00000000c7e00000, 0x00000000c7e00000|100%| E|CS|TAMS 0x00000000c7d00000| PB 0x00000000c7d00000| Complete 
|1150|0x00000000c7e00000, 0x00000000c7f00000, 0x00000000c7f00000|100%| E|CS|TAMS 0x00000000c7e00000| PB 0x00000000c7e00000| Complete 
|1151|0x00000000c7f00000, 0x00000000c8000000, 0x00000000c8000000|100%| E|CS|TAMS 0x00000000c7f00000| PB 0x00000000c7f00000| Complete 
|1152|0x00000000c8000000, 0x00000000c8100000, 0x00000000c8100000|100%| E|CS|TAMS 0x00000000c8000000| PB 0x00000000c8000000| Complete 
|1153|0x00000000c8100000, 0x00000000c8200000, 0x00000000c8200000|100%| E|CS|TAMS 0x00000000c8100000| PB 0x00000000c8100000| Complete 
|1154|0x00000000c8200000, 0x00000000c8300000, 0x00000000c8300000|100%| E|CS|TAMS 0x00000000c8200000| PB 0x00000000c8200000| Complete 
|1155|0x00000000c8300000, 0x00000000c8400000, 0x00000000c8400000|100%| E|CS|TAMS 0x00000000c8300000| PB 0x00000000c8300000| Complete 
|1156|0x00000000c8400000, 0x00000000c8500000, 0x00000000c8500000|100%| E|CS|TAMS 0x00000000c8400000| PB 0x00000000c8400000| Complete 
|1157|0x00000000c8500000, 0x00000000c8600000, 0x00000000c8600000|100%| E|CS|TAMS 0x00000000c8500000| PB 0x00000000c8500000| Complete 
|1158|0x00000000c8600000, 0x00000000c8700000, 0x00000000c8700000|100%| E|CS|TAMS 0x00000000c8600000| PB 0x00000000c8600000| Complete 
|1159|0x00000000c8700000, 0x00000000c8800000, 0x00000000c8800000|100%| E|CS|TAMS 0x00000000c8700000| PB 0x00000000c8700000| Complete 
|1160|0x00000000c8800000, 0x00000000c8900000, 0x00000000c8900000|100%| E|CS|TAMS 0x00000000c8800000| PB 0x00000000c8800000| Complete 
|1161|0x00000000c8900000, 0x00000000c8a00000, 0x00000000c8a00000|100%| E|CS|TAMS 0x00000000c8900000| PB 0x00000000c8900000| Complete 
|1162|0x00000000c8a00000, 0x00000000c8b00000, 0x00000000c8b00000|100%| E|CS|TAMS 0x00000000c8a00000| PB 0x00000000c8a00000| Complete 
|1163|0x00000000c8b00000, 0x00000000c8c00000, 0x00000000c8c00000|100%| E|CS|TAMS 0x00000000c8b00000| PB 0x00000000c8b00000| Complete 
|1164|0x00000000c8c00000, 0x00000000c8d00000, 0x00000000c8d00000|100%| E|CS|TAMS 0x00000000c8c00000| PB 0x00000000c8c00000| Complete 
|1165|0x00000000c8d00000, 0x00000000c8e00000, 0x00000000c8e00000|100%| E|CS|TAMS 0x00000000c8d00000| PB 0x00000000c8d00000| Complete 
|1166|0x00000000c8e00000, 0x00000000c8f00000, 0x00000000c8f00000|100%| E|CS|TAMS 0x00000000c8e00000| PB 0x00000000c8e00000| Complete 
|1167|0x00000000c8f00000, 0x00000000c9000000, 0x00000000c9000000|100%| E|CS|TAMS 0x00000000c8f00000| PB 0x00000000c8f00000| Complete 
|1168|0x00000000c9000000, 0x00000000c9100000, 0x00000000c9100000|100%| E|CS|TAMS 0x00000000c9000000| PB 0x00000000c9000000| Complete 
|1169|0x00000000c9100000, 0x00000000c9200000, 0x00000000c9200000|100%| E|CS|TAMS 0x00000000c9100000| PB 0x00000000c9100000| Complete 
|1170|0x00000000c9200000, 0x00000000c9300000, 0x00000000c9300000|100%| E|CS|TAMS 0x00000000c9200000| PB 0x00000000c9200000| Complete 
|1171|0x00000000c9300000, 0x00000000c9400000, 0x00000000c9400000|100%| E|CS|TAMS 0x00000000c9300000| PB 0x00000000c9300000| Complete 
|1172|0x00000000c9400000, 0x00000000c9500000, 0x00000000c9500000|100%| E|CS|TAMS 0x00000000c9400000| PB 0x00000000c9400000| Complete 
|1173|0x00000000c9500000, 0x00000000c9600000, 0x00000000c9600000|100%| E|CS|TAMS 0x00000000c9500000| PB 0x00000000c9500000| Complete 
|1174|0x00000000c9600000, 0x00000000c9700000, 0x00000000c9700000|100%| E|CS|TAMS 0x00000000c9600000| PB 0x00000000c9600000| Complete 
|1175|0x00000000c9700000, 0x00000000c9800000, 0x00000000c9800000|100%| E|CS|TAMS 0x00000000c9700000| PB 0x00000000c9700000| Complete 
|1176|0x00000000c9800000, 0x00000000c9900000, 0x00000000c9900000|100%| E|CS|TAMS 0x00000000c9800000| PB 0x00000000c9800000| Complete 
|1177|0x00000000c9900000, 0x00000000c9a00000, 0x00000000c9a00000|100%| E|CS|TAMS 0x00000000c9900000| PB 0x00000000c9900000| Complete 
|1178|0x00000000c9a00000, 0x00000000c9b00000, 0x00000000c9b00000|100%| E|CS|TAMS 0x00000000c9a00000| PB 0x00000000c9a00000| Complete 
|1179|0x00000000c9b00000, 0x00000000c9c00000, 0x00000000c9c00000|100%| E|CS|TAMS 0x00000000c9b00000| PB 0x00000000c9b00000| Complete 
|1180|0x00000000c9c00000, 0x00000000c9d00000, 0x00000000c9d00000|100%| E|CS|TAMS 0x00000000c9c00000| PB 0x00000000c9c00000| Complete 
|1181|0x00000000c9d00000, 0x00000000c9e00000, 0x00000000c9e00000|100%| E|CS|TAMS 0x00000000c9d00000| PB 0x00000000c9d00000| Complete 
|1182|0x00000000c9e00000, 0x00000000c9f00000, 0x00000000c9f00000|100%| E|CS|TAMS 0x00000000c9e00000| PB 0x00000000c9e00000| Complete 
|1183|0x00000000c9f00000, 0x00000000ca000000, 0x00000000ca000000|100%| E|CS|TAMS 0x00000000c9f00000| PB 0x00000000c9f00000| Complete 
|1184|0x00000000ca000000, 0x00000000ca100000, 0x00000000ca100000|100%| E|CS|TAMS 0x00000000ca000000| PB 0x00000000ca000000| Complete 
|1185|0x00000000ca100000, 0x00000000ca200000, 0x00000000ca200000|100%| E|CS|TAMS 0x00000000ca100000| PB 0x00000000ca100000| Complete 
|1186|0x00000000ca200000, 0x00000000ca300000, 0x00000000ca300000|100%| E|CS|TAMS 0x00000000ca200000| PB 0x00000000ca200000| Complete 
|1187|0x00000000ca300000, 0x00000000ca400000, 0x00000000ca400000|100%| E|CS|TAMS 0x00000000ca300000| PB 0x00000000ca300000| Complete 
|1188|0x00000000ca400000, 0x00000000ca500000, 0x00000000ca500000|100%| E|CS|TAMS 0x00000000ca400000| PB 0x00000000ca400000| Complete 
|1189|0x00000000ca500000, 0x00000000ca600000, 0x00000000ca600000|100%| E|CS|TAMS 0x00000000ca500000| PB 0x00000000ca500000| Complete 
|1190|0x00000000ca600000, 0x00000000ca700000, 0x00000000ca700000|100%| E|CS|TAMS 0x00000000ca600000| PB 0x00000000ca600000| Complete 
|1191|0x00000000ca700000, 0x00000000ca800000, 0x00000000ca800000|100%| E|CS|TAMS 0x00000000ca700000| PB 0x00000000ca700000| Complete 
|1192|0x00000000ca800000, 0x00000000ca900000, 0x00000000ca900000|100%| E|CS|TAMS 0x00000000ca800000| PB 0x00000000ca800000| Complete 
|1193|0x00000000ca900000, 0x00000000caa00000, 0x00000000caa00000|100%| E|CS|TAMS 0x00000000ca900000| PB 0x00000000ca900000| Complete 
|1194|0x00000000caa00000, 0x00000000cab00000, 0x00000000cab00000|100%| E|CS|TAMS 0x00000000caa00000| PB 0x00000000caa00000| Complete 
|1195|0x00000000cab00000, 0x00000000cac00000, 0x00000000cac00000|100%| E|CS|TAMS 0x00000000cab00000| PB 0x00000000cab00000| Complete 
|1196|0x00000000cac00000, 0x00000000cad00000, 0x00000000cad00000|100%| E|CS|TAMS 0x00000000cac00000| PB 0x00000000cac00000| Complete 
|1197|0x00000000cad00000, 0x00000000cae00000, 0x00000000cae00000|100%| E|CS|TAMS 0x00000000cad00000| PB 0x00000000cad00000| Complete 
|1198|0x00000000cae00000, 0x00000000caf00000, 0x00000000caf00000|100%| E|CS|TAMS 0x00000000cae00000| PB 0x00000000cae00000| Complete 
|1199|0x00000000caf00000, 0x00000000cb000000, 0x00000000cb000000|100%| E|CS|TAMS 0x00000000caf00000| PB 0x00000000caf00000| Complete 
|1200|0x00000000cb000000, 0x00000000cb100000, 0x00000000cb100000|100%| E|CS|TAMS 0x00000000cb000000| PB 0x00000000cb000000| Complete 
|1201|0x00000000cb100000, 0x00000000cb200000, 0x00000000cb200000|100%| E|CS|TAMS 0x00000000cb100000| PB 0x00000000cb100000| Complete 
|1202|0x00000000cb200000, 0x00000000cb300000, 0x00000000cb300000|100%| E|CS|TAMS 0x00000000cb200000| PB 0x00000000cb200000| Complete 
|1203|0x00000000cb300000, 0x00000000cb400000, 0x00000000cb400000|100%| E|CS|TAMS 0x00000000cb300000| PB 0x00000000cb300000| Complete 
|1204|0x00000000cb400000, 0x00000000cb500000, 0x00000000cb500000|100%| E|CS|TAMS 0x00000000cb400000| PB 0x00000000cb400000| Complete 
|1205|0x00000000cb500000, 0x00000000cb600000, 0x00000000cb600000|100%| E|CS|TAMS 0x00000000cb500000| PB 0x00000000cb500000| Complete 
|1206|0x00000000cb600000, 0x00000000cb700000, 0x00000000cb700000|100%| E|CS|TAMS 0x00000000cb600000| PB 0x00000000cb600000| Complete 
|1207|0x00000000cb700000, 0x00000000cb800000, 0x00000000cb800000|100%| E|CS|TAMS 0x00000000cb700000| PB 0x00000000cb700000| Complete 
|1208|0x00000000cb800000, 0x00000000cb900000, 0x00000000cb900000|100%| E|CS|TAMS 0x00000000cb800000| PB 0x00000000cb800000| Complete 
|1209|0x00000000cb900000, 0x00000000cba00000, 0x00000000cba00000|100%| E|CS|TAMS 0x00000000cb900000| PB 0x00000000cb900000| Complete 
|1210|0x00000000cba00000, 0x00000000cbb00000, 0x00000000cbb00000|100%| E|CS|TAMS 0x00000000cba00000| PB 0x00000000cba00000| Complete 
|1211|0x00000000cbb00000, 0x00000000cbc00000, 0x00000000cbc00000|100%| E|CS|TAMS 0x00000000cbb00000| PB 0x00000000cbb00000| Complete 
|1212|0x00000000cbc00000, 0x00000000cbd00000, 0x00000000cbd00000|100%| E|CS|TAMS 0x00000000cbc00000| PB 0x00000000cbc00000| Complete 
|1213|0x00000000cbd00000, 0x00000000cbe00000, 0x00000000cbe00000|100%| E|CS|TAMS 0x00000000cbd00000| PB 0x00000000cbd00000| Complete 
|1214|0x00000000cbe00000, 0x00000000cbf00000, 0x00000000cbf00000|100%| E|CS|TAMS 0x00000000cbe00000| PB 0x00000000cbe00000| Complete 
|1215|0x00000000cbf00000, 0x00000000cc000000, 0x00000000cc000000|100%| E|CS|TAMS 0x00000000cbf00000| PB 0x00000000cbf00000| Complete 
|1216|0x00000000cc000000, 0x00000000cc100000, 0x00000000cc100000|100%| E|CS|TAMS 0x00000000cc000000| PB 0x00000000cc000000| Complete 
|1217|0x00000000cc100000, 0x00000000cc200000, 0x00000000cc200000|100%| E|CS|TAMS 0x00000000cc100000| PB 0x00000000cc100000| Complete 
|1218|0x00000000cc200000, 0x00000000cc300000, 0x00000000cc300000|100%| E|CS|TAMS 0x00000000cc200000| PB 0x00000000cc200000| Complete 
|1219|0x00000000cc300000, 0x00000000cc400000, 0x00000000cc400000|100%| E|CS|TAMS 0x00000000cc300000| PB 0x00000000cc300000| Complete 
|1220|0x00000000cc400000, 0x00000000cc500000, 0x00000000cc500000|100%| E|CS|TAMS 0x00000000cc400000| PB 0x00000000cc400000| Complete 
|1221|0x00000000cc500000, 0x00000000cc600000, 0x00000000cc600000|100%| E|CS|TAMS 0x00000000cc500000| PB 0x00000000cc500000| Complete 
|1222|0x00000000cc600000, 0x00000000cc700000, 0x00000000cc700000|100%| E|CS|TAMS 0x00000000cc600000| PB 0x00000000cc600000| Complete 
|1223|0x00000000cc700000, 0x00000000cc800000, 0x00000000cc800000|100%| E|CS|TAMS 0x00000000cc700000| PB 0x00000000cc700000| Complete 
|1224|0x00000000cc800000, 0x00000000cc900000, 0x00000000cc900000|100%| E|CS|TAMS 0x00000000cc800000| PB 0x00000000cc800000| Complete 
|1225|0x00000000cc900000, 0x00000000cca00000, 0x00000000cca00000|100%| E|CS|TAMS 0x00000000cc900000| PB 0x00000000cc900000| Complete 
|1226|0x00000000cca00000, 0x00000000ccb00000, 0x00000000ccb00000|100%| E|CS|TAMS 0x00000000cca00000| PB 0x00000000cca00000| Complete 
|1227|0x00000000ccb00000, 0x00000000ccc00000, 0x00000000ccc00000|100%| E|CS|TAMS 0x00000000ccb00000| PB 0x00000000ccb00000| Complete 
|1228|0x00000000ccc00000, 0x00000000ccd00000, 0x00000000ccd00000|100%| E|CS|TAMS 0x00000000ccc00000| PB 0x00000000ccc00000| Complete 
|1229|0x00000000ccd00000, 0x00000000cce00000, 0x00000000cce00000|100%| E|CS|TAMS 0x00000000ccd00000| PB 0x00000000ccd00000| Complete 
|1230|0x00000000cce00000, 0x00000000ccf00000, 0x00000000ccf00000|100%| E|CS|TAMS 0x00000000cce00000| PB 0x00000000cce00000| Complete 
|1231|0x00000000ccf00000, 0x00000000cd000000, 0x00000000cd000000|100%| E|CS|TAMS 0x00000000ccf00000| PB 0x00000000ccf00000| Complete 
|1232|0x00000000cd000000, 0x00000000cd100000, 0x00000000cd100000|100%| E|CS|TAMS 0x00000000cd000000| PB 0x00000000cd000000| Complete 
|1233|0x00000000cd100000, 0x00000000cd200000, 0x00000000cd200000|100%| E|CS|TAMS 0x00000000cd100000| PB 0x00000000cd100000| Complete 
|1234|0x00000000cd200000, 0x00000000cd300000, 0x00000000cd300000|100%| E|CS|TAMS 0x00000000cd200000| PB 0x00000000cd200000| Complete 
|1235|0x00000000cd300000, 0x00000000cd400000, 0x00000000cd400000|100%| E|CS|TAMS 0x00000000cd300000| PB 0x00000000cd300000| Complete 
|1236|0x00000000cd400000, 0x00000000cd500000, 0x00000000cd500000|100%| E|CS|TAMS 0x00000000cd400000| PB 0x00000000cd400000| Complete 
|1237|0x00000000cd500000, 0x00000000cd600000, 0x00000000cd600000|100%| E|CS|TAMS 0x00000000cd500000| PB 0x00000000cd500000| Complete 
|1238|0x00000000cd600000, 0x00000000cd700000, 0x00000000cd700000|100%| E|CS|TAMS 0x00000000cd600000| PB 0x00000000cd600000| Complete 
|1239|0x00000000cd700000, 0x00000000cd800000, 0x00000000cd800000|100%| E|CS|TAMS 0x00000000cd700000| PB 0x00000000cd700000| Complete 
|1240|0x00000000cd800000, 0x00000000cd900000, 0x00000000cd900000|100%| E|CS|TAMS 0x00000000cd800000| PB 0x00000000cd800000| Complete 
|1241|0x00000000cd900000, 0x00000000cda00000, 0x00000000cda00000|100%| E|CS|TAMS 0x00000000cd900000| PB 0x00000000cd900000| Complete 
|1242|0x00000000cda00000, 0x00000000cdb00000, 0x00000000cdb00000|100%| E|CS|TAMS 0x00000000cda00000| PB 0x00000000cda00000| Complete 
|1243|0x00000000cdb00000, 0x00000000cdc00000, 0x00000000cdc00000|100%| E|CS|TAMS 0x00000000cdb00000| PB 0x00000000cdb00000| Complete 
|1244|0x00000000cdc00000, 0x00000000cdd00000, 0x00000000cdd00000|100%| E|CS|TAMS 0x00000000cdc00000| PB 0x00000000cdc00000| Complete 
|1245|0x00000000cdd00000, 0x00000000cde00000, 0x00000000cde00000|100%| E|CS|TAMS 0x00000000cdd00000| PB 0x00000000cdd00000| Complete 
|1246|0x00000000cde00000, 0x00000000cdf00000, 0x00000000cdf00000|100%| E|CS|TAMS 0x00000000cde00000| PB 0x00000000cde00000| Complete 
|1247|0x00000000cdf00000, 0x00000000ce000000, 0x00000000ce000000|100%| E|CS|TAMS 0x00000000cdf00000| PB 0x00000000cdf00000| Complete 
|1248|0x00000000ce000000, 0x00000000ce100000, 0x00000000ce100000|100%| E|CS|TAMS 0x00000000ce000000| PB 0x00000000ce000000| Complete 
|1249|0x00000000ce100000, 0x00000000ce200000, 0x00000000ce200000|100%| E|CS|TAMS 0x00000000ce100000| PB 0x00000000ce100000| Complete 
|1250|0x00000000ce200000, 0x00000000ce300000, 0x00000000ce300000|100%| E|CS|TAMS 0x00000000ce200000| PB 0x00000000ce200000| Complete 
|1251|0x00000000ce300000, 0x00000000ce400000, 0x00000000ce400000|100%| E|CS|TAMS 0x00000000ce300000| PB 0x00000000ce300000| Complete 
|1252|0x00000000ce400000, 0x00000000ce500000, 0x00000000ce500000|100%| E|CS|TAMS 0x00000000ce400000| PB 0x00000000ce400000| Complete 
|1253|0x00000000ce500000, 0x00000000ce600000, 0x00000000ce600000|100%| E|CS|TAMS 0x00000000ce500000| PB 0x00000000ce500000| Complete 
|1254|0x00000000ce600000, 0x00000000ce700000, 0x00000000ce700000|100%| E|CS|TAMS 0x00000000ce600000| PB 0x00000000ce600000| Complete 
|1255|0x00000000ce700000, 0x00000000ce800000, 0x00000000ce800000|100%| E|CS|TAMS 0x00000000ce700000| PB 0x00000000ce700000| Complete 
|1256|0x00000000ce800000, 0x00000000ce900000, 0x00000000ce900000|100%| E|CS|TAMS 0x00000000ce800000| PB 0x00000000ce800000| Complete 
|1257|0x00000000ce900000, 0x00000000cea00000, 0x00000000cea00000|100%| E|CS|TAMS 0x00000000ce900000| PB 0x00000000ce900000| Complete 
|1258|0x00000000cea00000, 0x00000000ceb00000, 0x00000000ceb00000|100%| E|CS|TAMS 0x00000000cea00000| PB 0x00000000cea00000| Complete 
|1259|0x00000000ceb00000, 0x00000000cec00000, 0x00000000cec00000|100%| E|CS|TAMS 0x00000000ceb00000| PB 0x00000000ceb00000| Complete 
|1260|0x00000000cec00000, 0x00000000ced00000, 0x00000000ced00000|100%| E|CS|TAMS 0x00000000cec00000| PB 0x00000000cec00000| Complete 
|1261|0x00000000ced00000, 0x00000000cee00000, 0x00000000cee00000|100%| E|CS|TAMS 0x00000000ced00000| PB 0x00000000ced00000| Complete 
|1262|0x00000000cee00000, 0x00000000cef00000, 0x00000000cef00000|100%| E|CS|TAMS 0x00000000cee00000| PB 0x00000000cee00000| Complete 
|1263|0x00000000cef00000, 0x00000000cf000000, 0x00000000cf000000|100%| E|CS|TAMS 0x00000000cef00000| PB 0x00000000cef00000| Complete 
|1264|0x00000000cf000000, 0x00000000cf100000, 0x00000000cf100000|100%| E|CS|TAMS 0x00000000cf000000| PB 0x00000000cf000000| Complete 
|1265|0x00000000cf100000, 0x00000000cf200000, 0x00000000cf200000|100%| E|CS|TAMS 0x00000000cf100000| PB 0x00000000cf100000| Complete 
|1266|0x00000000cf200000, 0x00000000cf300000, 0x00000000cf300000|100%| E|CS|TAMS 0x00000000cf200000| PB 0x00000000cf200000| Complete 
|1267|0x00000000cf300000, 0x00000000cf400000, 0x00000000cf400000|100%| E|CS|TAMS 0x00000000cf300000| PB 0x00000000cf300000| Complete 
|1268|0x00000000cf400000, 0x00000000cf500000, 0x00000000cf500000|100%| E|CS|TAMS 0x00000000cf400000| PB 0x00000000cf400000| Complete 
|1269|0x00000000cf500000, 0x00000000cf600000, 0x00000000cf600000|100%| E|CS|TAMS 0x00000000cf500000| PB 0x00000000cf500000| Complete 
|1270|0x00000000cf600000, 0x00000000cf700000, 0x00000000cf700000|100%| E|CS|TAMS 0x00000000cf600000| PB 0x00000000cf600000| Complete 
|1271|0x00000000cf700000, 0x00000000cf800000, 0x00000000cf800000|100%| E|CS|TAMS 0x00000000cf700000| PB 0x00000000cf700000| Complete 
|1272|0x00000000cf800000, 0x00000000cf900000, 0x00000000cf900000|100%| E|CS|TAMS 0x00000000cf800000| PB 0x00000000cf800000| Complete 
|1273|0x00000000cf900000, 0x00000000cfa00000, 0x00000000cfa00000|100%| E|CS|TAMS 0x00000000cf900000| PB 0x00000000cf900000| Complete 
|1274|0x00000000cfa00000, 0x00000000cfb00000, 0x00000000cfb00000|100%| E|CS|TAMS 0x00000000cfa00000| PB 0x00000000cfa00000| Complete 
|1275|0x00000000cfb00000, 0x00000000cfc00000, 0x00000000cfc00000|100%| E|CS|TAMS 0x00000000cfb00000| PB 0x00000000cfb00000| Complete 
|1276|0x00000000cfc00000, 0x00000000cfd00000, 0x00000000cfd00000|100%| E|CS|TAMS 0x00000000cfc00000| PB 0x00000000cfc00000| Complete 
|1277|0x00000000cfd00000, 0x00000000cfe00000, 0x00000000cfe00000|100%| E|CS|TAMS 0x00000000cfd00000| PB 0x00000000cfd00000| Complete 
|1278|0x00000000cfe00000, 0x00000000cff00000, 0x00000000cff00000|100%| E|CS|TAMS 0x00000000cfe00000| PB 0x00000000cfe00000| Complete 
|1279|0x00000000cff00000, 0x00000000d0000000, 0x00000000d0000000|100%| E|CS|TAMS 0x00000000cff00000| PB 0x00000000cff00000| Complete 
|1280|0x00000000d0000000, 0x00000000d0100000, 0x00000000d0100000|100%| E|CS|TAMS 0x00000000d0000000| PB 0x00000000d0000000| Complete 
|1281|0x00000000d0100000, 0x00000000d0200000, 0x00000000d0200000|100%| E|CS|TAMS 0x00000000d0100000| PB 0x00000000d0100000| Complete 
|1282|0x00000000d0200000, 0x00000000d0300000, 0x00000000d0300000|100%| E|CS|TAMS 0x00000000d0200000| PB 0x00000000d0200000| Complete 
|1283|0x00000000d0300000, 0x00000000d0400000, 0x00000000d0400000|100%| E|CS|TAMS 0x00000000d0300000| PB 0x00000000d0300000| Complete 
|1284|0x00000000d0400000, 0x00000000d0500000, 0x00000000d0500000|100%| E|CS|TAMS 0x00000000d0400000| PB 0x00000000d0400000| Complete 
|1285|0x00000000d0500000, 0x00000000d0600000, 0x00000000d0600000|100%| E|CS|TAMS 0x00000000d0500000| PB 0x00000000d0500000| Complete 
|1286|0x00000000d0600000, 0x00000000d0700000, 0x00000000d0700000|100%| E|CS|TAMS 0x00000000d0600000| PB 0x00000000d0600000| Complete 
|1287|0x00000000d0700000, 0x00000000d0800000, 0x00000000d0800000|100%| E|CS|TAMS 0x00000000d0700000| PB 0x00000000d0700000| Complete 
|1288|0x00000000d0800000, 0x00000000d0900000, 0x00000000d0900000|100%| E|CS|TAMS 0x00000000d0800000| PB 0x00000000d0800000| Complete 
|1289|0x00000000d0900000, 0x00000000d0a00000, 0x00000000d0a00000|100%| E|CS|TAMS 0x00000000d0900000| PB 0x00000000d0900000| Complete 
|1290|0x00000000d0a00000, 0x00000000d0b00000, 0x00000000d0b00000|100%| E|CS|TAMS 0x00000000d0a00000| PB 0x00000000d0a00000| Complete 
|1291|0x00000000d0b00000, 0x00000000d0c00000, 0x00000000d0c00000|100%| E|CS|TAMS 0x00000000d0b00000| PB 0x00000000d0b00000| Complete 
|1292|0x00000000d0c00000, 0x00000000d0d00000, 0x00000000d0d00000|100%| E|CS|TAMS 0x00000000d0c00000| PB 0x00000000d0c00000| Complete 
|1293|0x00000000d0d00000, 0x00000000d0e00000, 0x00000000d0e00000|100%| E|CS|TAMS 0x00000000d0d00000| PB 0x00000000d0d00000| Complete 
|1294|0x00000000d0e00000, 0x00000000d0f00000, 0x00000000d0f00000|100%| E|CS|TAMS 0x00000000d0e00000| PB 0x00000000d0e00000| Complete 
|1295|0x00000000d0f00000, 0x00000000d1000000, 0x00000000d1000000|100%| E|CS|TAMS 0x00000000d0f00000| PB 0x00000000d0f00000| Complete 
|1296|0x00000000d1000000, 0x00000000d1100000, 0x00000000d1100000|100%| E|CS|TAMS 0x00000000d1000000| PB 0x00000000d1000000| Complete 
|1297|0x00000000d1100000, 0x00000000d1200000, 0x00000000d1200000|100%| E|CS|TAMS 0x00000000d1100000| PB 0x00000000d1100000| Complete 
|1298|0x00000000d1200000, 0x00000000d1300000, 0x00000000d1300000|100%| E|CS|TAMS 0x00000000d1200000| PB 0x00000000d1200000| Complete 
|1299|0x00000000d1300000, 0x00000000d1400000, 0x00000000d1400000|100%| E|CS|TAMS 0x00000000d1300000| PB 0x00000000d1300000| Complete 
|1300|0x00000000d1400000, 0x00000000d1500000, 0x00000000d1500000|100%| E|CS|TAMS 0x00000000d1400000| PB 0x00000000d1400000| Complete 
|1301|0x00000000d1500000, 0x00000000d1600000, 0x00000000d1600000|100%| E|CS|TAMS 0x00000000d1500000| PB 0x00000000d1500000| Complete 
|1302|0x00000000d1600000, 0x00000000d1700000, 0x00000000d1700000|100%| E|CS|TAMS 0x00000000d1600000| PB 0x00000000d1600000| Complete 
|1303|0x00000000d1700000, 0x00000000d1800000, 0x00000000d1800000|100%| E|CS|TAMS 0x00000000d1700000| PB 0x00000000d1700000| Complete 
|1304|0x00000000d1800000, 0x00000000d1900000, 0x00000000d1900000|100%| E|CS|TAMS 0x00000000d1800000| PB 0x00000000d1800000| Complete 
|1305|0x00000000d1900000, 0x00000000d1a00000, 0x00000000d1a00000|100%| E|CS|TAMS 0x00000000d1900000| PB 0x00000000d1900000| Complete 
|1306|0x00000000d1a00000, 0x00000000d1b00000, 0x00000000d1b00000|100%| E|CS|TAMS 0x00000000d1a00000| PB 0x00000000d1a00000| Complete 
|1307|0x00000000d1b00000, 0x00000000d1c00000, 0x00000000d1c00000|100%| E|CS|TAMS 0x00000000d1b00000| PB 0x00000000d1b00000| Complete 
|1308|0x00000000d1c00000, 0x00000000d1d00000, 0x00000000d1d00000|100%| E|CS|TAMS 0x00000000d1c00000| PB 0x00000000d1c00000| Complete 
|1309|0x00000000d1d00000, 0x00000000d1e00000, 0x00000000d1e00000|100%| E|CS|TAMS 0x00000000d1d00000| PB 0x00000000d1d00000| Complete 
|1310|0x00000000d1e00000, 0x00000000d1f00000, 0x00000000d1f00000|100%| E|CS|TAMS 0x00000000d1e00000| PB 0x00000000d1e00000| Complete 
|1311|0x00000000d1f00000, 0x00000000d2000000, 0x00000000d2000000|100%| E|CS|TAMS 0x00000000d1f00000| PB 0x00000000d1f00000| Complete 
|1312|0x00000000d2000000, 0x00000000d2100000, 0x00000000d2100000|100%| E|CS|TAMS 0x00000000d2000000| PB 0x00000000d2000000| Complete 
|1313|0x00000000d2100000, 0x00000000d2200000, 0x00000000d2200000|100%| E|CS|TAMS 0x00000000d2100000| PB 0x00000000d2100000| Complete 
|1314|0x00000000d2200000, 0x00000000d2300000, 0x00000000d2300000|100%| E|CS|TAMS 0x00000000d2200000| PB 0x00000000d2200000| Complete 
|1315|0x00000000d2300000, 0x00000000d2400000, 0x00000000d2400000|100%| E|CS|TAMS 0x00000000d2300000| PB 0x00000000d2300000| Complete 
|1316|0x00000000d2400000, 0x00000000d2500000, 0x00000000d2500000|100%| E|CS|TAMS 0x00000000d2400000| PB 0x00000000d2400000| Complete 
|1317|0x00000000d2500000, 0x00000000d2600000, 0x00000000d2600000|100%| E|CS|TAMS 0x00000000d2500000| PB 0x00000000d2500000| Complete 
|1318|0x00000000d2600000, 0x00000000d2700000, 0x00000000d2700000|100%| E|CS|TAMS 0x00000000d2600000| PB 0x00000000d2600000| Complete 
|1319|0x00000000d2700000, 0x00000000d2800000, 0x00000000d2800000|100%| E|CS|TAMS 0x00000000d2700000| PB 0x00000000d2700000| Complete 
|1320|0x00000000d2800000, 0x00000000d2900000, 0x00000000d2900000|100%| E|CS|TAMS 0x00000000d2800000| PB 0x00000000d2800000| Complete 
|1321|0x00000000d2900000, 0x00000000d2a00000, 0x00000000d2a00000|100%| E|CS|TAMS 0x00000000d2900000| PB 0x00000000d2900000| Complete 
|1322|0x00000000d2a00000, 0x00000000d2b00000, 0x00000000d2b00000|100%| E|CS|TAMS 0x00000000d2a00000| PB 0x00000000d2a00000| Complete 
|1323|0x00000000d2b00000, 0x00000000d2c00000, 0x00000000d2c00000|100%| E|CS|TAMS 0x00000000d2b00000| PB 0x00000000d2b00000| Complete 
|1324|0x00000000d2c00000, 0x00000000d2d00000, 0x00000000d2d00000|100%| E|CS|TAMS 0x00000000d2c00000| PB 0x00000000d2c00000| Complete 
|1325|0x00000000d2d00000, 0x00000000d2e00000, 0x00000000d2e00000|100%| E|CS|TAMS 0x00000000d2d00000| PB 0x00000000d2d00000| Complete 
|1326|0x00000000d2e00000, 0x00000000d2f00000, 0x00000000d2f00000|100%| E|CS|TAMS 0x00000000d2e00000| PB 0x00000000d2e00000| Complete 
|1327|0x00000000d2f00000, 0x00000000d3000000, 0x00000000d3000000|100%| E|CS|TAMS 0x00000000d2f00000| PB 0x00000000d2f00000| Complete 
|1328|0x00000000d3000000, 0x00000000d3100000, 0x00000000d3100000|100%| E|CS|TAMS 0x00000000d3000000| PB 0x00000000d3000000| Complete 
|1329|0x00000000d3100000, 0x00000000d3200000, 0x00000000d3200000|100%| E|CS|TAMS 0x00000000d3100000| PB 0x00000000d3100000| Complete 
|1330|0x00000000d3200000, 0x00000000d3300000, 0x00000000d3300000|100%| E|CS|TAMS 0x00000000d3200000| PB 0x00000000d3200000| Complete 
|1331|0x00000000d3300000, 0x00000000d3400000, 0x00000000d3400000|100%| E|CS|TAMS 0x00000000d3300000| PB 0x00000000d3300000| Complete 
|1332|0x00000000d3400000, 0x00000000d3500000, 0x00000000d3500000|100%| E|CS|TAMS 0x00000000d3400000| PB 0x00000000d3400000| Complete 
|1333|0x00000000d3500000, 0x00000000d3600000, 0x00000000d3600000|100%| E|CS|TAMS 0x00000000d3500000| PB 0x00000000d3500000| Complete 
|1334|0x00000000d3600000, 0x00000000d3700000, 0x00000000d3700000|100%| E|CS|TAMS 0x00000000d3600000| PB 0x00000000d3600000| Complete 
|1335|0x00000000d3700000, 0x00000000d3800000, 0x00000000d3800000|100%| E|CS|TAMS 0x00000000d3700000| PB 0x00000000d3700000| Complete 
|1336|0x00000000d3800000, 0x00000000d3900000, 0x00000000d3900000|100%| E|CS|TAMS 0x00000000d3800000| PB 0x00000000d3800000| Complete 
|1337|0x00000000d3900000, 0x00000000d3a00000, 0x00000000d3a00000|100%| E|CS|TAMS 0x00000000d3900000| PB 0x00000000d3900000| Complete 
|1338|0x00000000d3a00000, 0x00000000d3b00000, 0x00000000d3b00000|100%| E|CS|TAMS 0x00000000d3a00000| PB 0x00000000d3a00000| Complete 
|1339|0x00000000d3b00000, 0x00000000d3c00000, 0x00000000d3c00000|100%| E|CS|TAMS 0x00000000d3b00000| PB 0x00000000d3b00000| Complete 
|1340|0x00000000d3c00000, 0x00000000d3d00000, 0x00000000d3d00000|100%| E|CS|TAMS 0x00000000d3c00000| PB 0x00000000d3c00000| Complete 
|1341|0x00000000d3d00000, 0x00000000d3e00000, 0x00000000d3e00000|100%| E|CS|TAMS 0x00000000d3d00000| PB 0x00000000d3d00000| Complete 
|1342|0x00000000d3e00000, 0x00000000d3f00000, 0x00000000d3f00000|100%| E|CS|TAMS 0x00000000d3e00000| PB 0x00000000d3e00000| Complete 
|1343|0x00000000d3f00000, 0x00000000d4000000, 0x00000000d4000000|100%| E|CS|TAMS 0x00000000d3f00000| PB 0x00000000d3f00000| Complete 
|1344|0x00000000d4000000, 0x00000000d4100000, 0x00000000d4100000|100%| E|CS|TAMS 0x00000000d4000000| PB 0x00000000d4000000| Complete 
|1345|0x00000000d4100000, 0x00000000d4200000, 0x00000000d4200000|100%| E|CS|TAMS 0x00000000d4100000| PB 0x00000000d4100000| Complete 
|1346|0x00000000d4200000, 0x00000000d4300000, 0x00000000d4300000|100%| E|CS|TAMS 0x00000000d4200000| PB 0x00000000d4200000| Complete 
|1347|0x00000000d4300000, 0x00000000d4400000, 0x00000000d4400000|100%| E|CS|TAMS 0x00000000d4300000| PB 0x00000000d4300000| Complete 
|1348|0x00000000d4400000, 0x00000000d4500000, 0x00000000d4500000|100%| E|CS|TAMS 0x00000000d4400000| PB 0x00000000d4400000| Complete 
|1349|0x00000000d4500000, 0x00000000d4600000, 0x00000000d4600000|100%| E|CS|TAMS 0x00000000d4500000| PB 0x00000000d4500000| Complete 
|1350|0x00000000d4600000, 0x00000000d4700000, 0x00000000d4700000|100%| E|CS|TAMS 0x00000000d4600000| PB 0x00000000d4600000| Complete 
|1351|0x00000000d4700000, 0x00000000d4800000, 0x00000000d4800000|100%| E|CS|TAMS 0x00000000d4700000| PB 0x00000000d4700000| Complete 
|1352|0x00000000d4800000, 0x00000000d4900000, 0x00000000d4900000|100%| E|CS|TAMS 0x00000000d4800000| PB 0x00000000d4800000| Complete 
|1353|0x00000000d4900000, 0x00000000d4a00000, 0x00000000d4a00000|100%| E|CS|TAMS 0x00000000d4900000| PB 0x00000000d4900000| Complete 
|1354|0x00000000d4a00000, 0x00000000d4b00000, 0x00000000d4b00000|100%| E|CS|TAMS 0x00000000d4a00000| PB 0x00000000d4a00000| Complete 
|1355|0x00000000d4b00000, 0x00000000d4c00000, 0x00000000d4c00000|100%| E|CS|TAMS 0x00000000d4b00000| PB 0x00000000d4b00000| Complete 
|1356|0x00000000d4c00000, 0x00000000d4d00000, 0x00000000d4d00000|100%| E|CS|TAMS 0x00000000d4c00000| PB 0x00000000d4c00000| Complete 
|1357|0x00000000d4d00000, 0x00000000d4e00000, 0x00000000d4e00000|100%| E|CS|TAMS 0x00000000d4d00000| PB 0x00000000d4d00000| Complete 
|1358|0x00000000d4e00000, 0x00000000d4f00000, 0x00000000d4f00000|100%| E|CS|TAMS 0x00000000d4e00000| PB 0x00000000d4e00000| Complete 
|1359|0x00000000d4f00000, 0x00000000d5000000, 0x00000000d5000000|100%| E|CS|TAMS 0x00000000d4f00000| PB 0x00000000d4f00000| Complete 
|1360|0x00000000d5000000, 0x00000000d5100000, 0x00000000d5100000|100%| E|CS|TAMS 0x00000000d5000000| PB 0x00000000d5000000| Complete 
|1361|0x00000000d5100000, 0x00000000d5200000, 0x00000000d5200000|100%| E|CS|TAMS 0x00000000d5100000| PB 0x00000000d5100000| Complete 
|1362|0x00000000d5200000, 0x00000000d5300000, 0x00000000d5300000|100%| E|CS|TAMS 0x00000000d5200000| PB 0x00000000d5200000| Complete 
|1363|0x00000000d5300000, 0x00000000d5400000, 0x00000000d5400000|100%| E|CS|TAMS 0x00000000d5300000| PB 0x00000000d5300000| Complete 
|1364|0x00000000d5400000, 0x00000000d5500000, 0x00000000d5500000|100%| E|CS|TAMS 0x00000000d5400000| PB 0x00000000d5400000| Complete 
|1365|0x00000000d5500000, 0x00000000d5600000, 0x00000000d5600000|100%| E|CS|TAMS 0x00000000d5500000| PB 0x00000000d5500000| Complete 
|1366|0x00000000d5600000, 0x00000000d5700000, 0x00000000d5700000|100%| E|CS|TAMS 0x00000000d5600000| PB 0x00000000d5600000| Complete 
|1367|0x00000000d5700000, 0x00000000d5800000, 0x00000000d5800000|100%| E|CS|TAMS 0x00000000d5700000| PB 0x00000000d5700000| Complete 
|1368|0x00000000d5800000, 0x00000000d5900000, 0x00000000d5900000|100%| E|CS|TAMS 0x00000000d5800000| PB 0x00000000d5800000| Complete 
|1369|0x00000000d5900000, 0x00000000d5a00000, 0x00000000d5a00000|100%| E|CS|TAMS 0x00000000d5900000| PB 0x00000000d5900000| Complete 
|1370|0x00000000d5a00000, 0x00000000d5b00000, 0x00000000d5b00000|100%| E|CS|TAMS 0x00000000d5a00000| PB 0x00000000d5a00000| Complete 
|1371|0x00000000d5b00000, 0x00000000d5c00000, 0x00000000d5c00000|100%| E|CS|TAMS 0x00000000d5b00000| PB 0x00000000d5b00000| Complete 
|1372|0x00000000d5c00000, 0x00000000d5d00000, 0x00000000d5d00000|100%| E|CS|TAMS 0x00000000d5c00000| PB 0x00000000d5c00000| Complete 
|1373|0x00000000d5d00000, 0x00000000d5e00000, 0x00000000d5e00000|100%| E|CS|TAMS 0x00000000d5d00000| PB 0x00000000d5d00000| Complete 
|1374|0x00000000d5e00000, 0x00000000d5f00000, 0x00000000d5f00000|100%| E|CS|TAMS 0x00000000d5e00000| PB 0x00000000d5e00000| Complete 
|1375|0x00000000d5f00000, 0x00000000d6000000, 0x00000000d6000000|100%| E|CS|TAMS 0x00000000d5f00000| PB 0x00000000d5f00000| Complete 
|1376|0x00000000d6000000, 0x00000000d6100000, 0x00000000d6100000|100%| E|CS|TAMS 0x00000000d6000000| PB 0x00000000d6000000| Complete 
|1377|0x00000000d6100000, 0x00000000d6200000, 0x00000000d6200000|100%| E|CS|TAMS 0x00000000d6100000| PB 0x00000000d6100000| Complete 
|1378|0x00000000d6200000, 0x00000000d6300000, 0x00000000d6300000|100%| E|CS|TAMS 0x00000000d6200000| PB 0x00000000d6200000| Complete 
|1379|0x00000000d6300000, 0x00000000d6400000, 0x00000000d6400000|100%| E|CS|TAMS 0x00000000d6300000| PB 0x00000000d6300000| Complete 
|1380|0x00000000d6400000, 0x00000000d6500000, 0x00000000d6500000|100%| E|CS|TAMS 0x00000000d6400000| PB 0x00000000d6400000| Complete 
|1381|0x00000000d6500000, 0x00000000d6600000, 0x00000000d6600000|100%| E|CS|TAMS 0x00000000d6500000| PB 0x00000000d6500000| Complete 
|1382|0x00000000d6600000, 0x00000000d6700000, 0x00000000d6700000|100%| E|CS|TAMS 0x00000000d6600000| PB 0x00000000d6600000| Complete 
|1383|0x00000000d6700000, 0x00000000d6800000, 0x00000000d6800000|100%| E|CS|TAMS 0x00000000d6700000| PB 0x00000000d6700000| Complete 
|1384|0x00000000d6800000, 0x00000000d6900000, 0x00000000d6900000|100%| E|CS|TAMS 0x00000000d6800000| PB 0x00000000d6800000| Complete 
|1385|0x00000000d6900000, 0x00000000d6a00000, 0x00000000d6a00000|100%| E|CS|TAMS 0x00000000d6900000| PB 0x00000000d6900000| Complete 
|1386|0x00000000d6a00000, 0x00000000d6b00000, 0x00000000d6b00000|100%| E|CS|TAMS 0x00000000d6a00000| PB 0x00000000d6a00000| Complete 
|1387|0x00000000d6b00000, 0x00000000d6c00000, 0x00000000d6c00000|100%| E|CS|TAMS 0x00000000d6b00000| PB 0x00000000d6b00000| Complete 
|1388|0x00000000d6c00000, 0x00000000d6d00000, 0x00000000d6d00000|100%| E|CS|TAMS 0x00000000d6c00000| PB 0x00000000d6c00000| Complete 
|1389|0x00000000d6d00000, 0x00000000d6e00000, 0x00000000d6e00000|100%| E|CS|TAMS 0x00000000d6d00000| PB 0x00000000d6d00000| Complete 
|1390|0x00000000d6e00000, 0x00000000d6f00000, 0x00000000d6f00000|100%| E|CS|TAMS 0x00000000d6e00000| PB 0x00000000d6e00000| Complete 
|1391|0x00000000d6f00000, 0x00000000d7000000, 0x00000000d7000000|100%| E|CS|TAMS 0x00000000d6f00000| PB 0x00000000d6f00000| Complete 
|1392|0x00000000d7000000, 0x00000000d7100000, 0x00000000d7100000|100%| E|CS|TAMS 0x00000000d7000000| PB 0x00000000d7000000| Complete 
|1393|0x00000000d7100000, 0x00000000d7200000, 0x00000000d7200000|100%| E|CS|TAMS 0x00000000d7100000| PB 0x00000000d7100000| Complete 
|1394|0x00000000d7200000, 0x00000000d7300000, 0x00000000d7300000|100%| E|CS|TAMS 0x00000000d7200000| PB 0x00000000d7200000| Complete 
|1395|0x00000000d7300000, 0x00000000d7400000, 0x00000000d7400000|100%| E|CS|TAMS 0x00000000d7300000| PB 0x00000000d7300000| Complete 
|1396|0x00000000d7400000, 0x00000000d7500000, 0x00000000d7500000|100%| E|CS|TAMS 0x00000000d7400000| PB 0x00000000d7400000| Complete 
|1397|0x00000000d7500000, 0x00000000d7600000, 0x00000000d7600000|100%| E|CS|TAMS 0x00000000d7500000| PB 0x00000000d7500000| Complete 
|1398|0x00000000d7600000, 0x00000000d7700000, 0x00000000d7700000|100%| E|CS|TAMS 0x00000000d7600000| PB 0x00000000d7600000| Complete 
|1399|0x00000000d7700000, 0x00000000d7800000, 0x00000000d7800000|100%| E|CS|TAMS 0x00000000d7700000| PB 0x00000000d7700000| Complete 
|1400|0x00000000d7800000, 0x00000000d7900000, 0x00000000d7900000|100%| E|CS|TAMS 0x00000000d7800000| PB 0x00000000d7800000| Complete 
|1401|0x00000000d7900000, 0x00000000d7a00000, 0x00000000d7a00000|100%| E|CS|TAMS 0x00000000d7900000| PB 0x00000000d7900000| Complete 
|1402|0x00000000d7a00000, 0x00000000d7b00000, 0x00000000d7b00000|100%| E|CS|TAMS 0x00000000d7a00000| PB 0x00000000d7a00000| Complete 
|1403|0x00000000d7b00000, 0x00000000d7c00000, 0x00000000d7c00000|100%| E|CS|TAMS 0x00000000d7b00000| PB 0x00000000d7b00000| Complete 
|1404|0x00000000d7c00000, 0x00000000d7d00000, 0x00000000d7d00000|100%| E|CS|TAMS 0x00000000d7c00000| PB 0x00000000d7c00000| Complete 
|1405|0x00000000d7d00000, 0x00000000d7e00000, 0x00000000d7e00000|100%| E|CS|TAMS 0x00000000d7d00000| PB 0x00000000d7d00000| Complete 
|1406|0x00000000d7e00000, 0x00000000d7f00000, 0x00000000d7f00000|100%| E|CS|TAMS 0x00000000d7e00000| PB 0x00000000d7e00000| Complete 
|1407|0x00000000d7f00000, 0x00000000d8000000, 0x00000000d8000000|100%| E|CS|TAMS 0x00000000d7f00000| PB 0x00000000d7f00000| Complete 
|1408|0x00000000d8000000, 0x00000000d8100000, 0x00000000d8100000|100%| E|CS|TAMS 0x00000000d8000000| PB 0x00000000d8000000| Complete 
|1409|0x00000000d8100000, 0x00000000d8200000, 0x00000000d8200000|100%| E|CS|TAMS 0x00000000d8100000| PB 0x00000000d8100000| Complete 
|1410|0x00000000d8200000, 0x00000000d8300000, 0x00000000d8300000|100%| E|CS|TAMS 0x00000000d8200000| PB 0x00000000d8200000| Complete 
|1411|0x00000000d8300000, 0x00000000d8400000, 0x00000000d8400000|100%| E|CS|TAMS 0x00000000d8300000| PB 0x00000000d8300000| Complete 
|1412|0x00000000d8400000, 0x00000000d8500000, 0x00000000d8500000|100%| E|CS|TAMS 0x00000000d8400000| PB 0x00000000d8400000| Complete 
|1413|0x00000000d8500000, 0x00000000d8600000, 0x00000000d8600000|100%| E|CS|TAMS 0x00000000d8500000| PB 0x00000000d8500000| Complete 
|1414|0x00000000d8600000, 0x00000000d8700000, 0x00000000d8700000|100%| E|CS|TAMS 0x00000000d8600000| PB 0x00000000d8600000| Complete 
|1415|0x00000000d8700000, 0x00000000d8800000, 0x00000000d8800000|100%| E|CS|TAMS 0x00000000d8700000| PB 0x00000000d8700000| Complete 
|1416|0x00000000d8800000, 0x00000000d8900000, 0x00000000d8900000|100%| E|CS|TAMS 0x00000000d8800000| PB 0x00000000d8800000| Complete 
|1417|0x00000000d8900000, 0x00000000d8a00000, 0x00000000d8a00000|100%| E|CS|TAMS 0x00000000d8900000| PB 0x00000000d8900000| Complete 
|1418|0x00000000d8a00000, 0x00000000d8b00000, 0x00000000d8b00000|100%| E|CS|TAMS 0x00000000d8a00000| PB 0x00000000d8a00000| Complete 
|1419|0x00000000d8b00000, 0x00000000d8c00000, 0x00000000d8c00000|100%| E|CS|TAMS 0x00000000d8b00000| PB 0x00000000d8b00000| Complete 
|1420|0x00000000d8c00000, 0x00000000d8d00000, 0x00000000d8d00000|100%| E|CS|TAMS 0x00000000d8c00000| PB 0x00000000d8c00000| Complete 
|1421|0x00000000d8d00000, 0x00000000d8e00000, 0x00000000d8e00000|100%| E|CS|TAMS 0x00000000d8d00000| PB 0x00000000d8d00000| Complete 
|1422|0x00000000d8e00000, 0x00000000d8f00000, 0x00000000d8f00000|100%| E|CS|TAMS 0x00000000d8e00000| PB 0x00000000d8e00000| Complete 
|1423|0x00000000d8f00000, 0x00000000d9000000, 0x00000000d9000000|100%| E|CS|TAMS 0x00000000d8f00000| PB 0x00000000d8f00000| Complete 
|1424|0x00000000d9000000, 0x00000000d9100000, 0x00000000d9100000|100%| E|CS|TAMS 0x00000000d9000000| PB 0x00000000d9000000| Complete 
|1425|0x00000000d9100000, 0x00000000d9200000, 0x00000000d9200000|100%| E|CS|TAMS 0x00000000d9100000| PB 0x00000000d9100000| Complete 
|1426|0x00000000d9200000, 0x00000000d9300000, 0x00000000d9300000|100%| E|CS|TAMS 0x00000000d9200000| PB 0x00000000d9200000| Complete 
|1427|0x00000000d9300000, 0x00000000d9400000, 0x00000000d9400000|100%| E|CS|TAMS 0x00000000d9300000| PB 0x00000000d9300000| Complete 
|1428|0x00000000d9400000, 0x00000000d9500000, 0x00000000d9500000|100%| E|CS|TAMS 0x00000000d9400000| PB 0x00000000d9400000| Complete 
|1429|0x00000000d9500000, 0x00000000d9600000, 0x00000000d9600000|100%| E|CS|TAMS 0x00000000d9500000| PB 0x00000000d9500000| Complete 
|1430|0x00000000d9600000, 0x00000000d9700000, 0x00000000d9700000|100%| E|CS|TAMS 0x00000000d9600000| PB 0x00000000d9600000| Complete 
|1431|0x00000000d9700000, 0x00000000d9800000, 0x00000000d9800000|100%| E|CS|TAMS 0x00000000d9700000| PB 0x00000000d9700000| Complete 
|1432|0x00000000d9800000, 0x00000000d9900000, 0x00000000d9900000|100%| E|CS|TAMS 0x00000000d9800000| PB 0x00000000d9800000| Complete 
|1433|0x00000000d9900000, 0x00000000d9a00000, 0x00000000d9a00000|100%| E|CS|TAMS 0x00000000d9900000| PB 0x00000000d9900000| Complete 
|1434|0x00000000d9a00000, 0x00000000d9b00000, 0x00000000d9b00000|100%| E|CS|TAMS 0x00000000d9a00000| PB 0x00000000d9a00000| Complete 
|1435|0x00000000d9b00000, 0x00000000d9c00000, 0x00000000d9c00000|100%| E|CS|TAMS 0x00000000d9b00000| PB 0x00000000d9b00000| Complete 
|1436|0x00000000d9c00000, 0x00000000d9d00000, 0x00000000d9d00000|100%| E|CS|TAMS 0x00000000d9c00000| PB 0x00000000d9c00000| Complete 
|1437|0x00000000d9d00000, 0x00000000d9e00000, 0x00000000d9e00000|100%| E|CS|TAMS 0x00000000d9d00000| PB 0x00000000d9d00000| Complete 
|1438|0x00000000d9e00000, 0x00000000d9f00000, 0x00000000d9f00000|100%| E|CS|TAMS 0x00000000d9e00000| PB 0x00000000d9e00000| Complete 
|1439|0x00000000d9f00000, 0x00000000da000000, 0x00000000da000000|100%| E|CS|TAMS 0x00000000d9f00000| PB 0x00000000d9f00000| Complete 
|1440|0x00000000da000000, 0x00000000da100000, 0x00000000da100000|100%| E|CS|TAMS 0x00000000da000000| PB 0x00000000da000000| Complete 
|1441|0x00000000da100000, 0x00000000da200000, 0x00000000da200000|100%| E|CS|TAMS 0x00000000da100000| PB 0x00000000da100000| Complete 
|1442|0x00000000da200000, 0x00000000da300000, 0x00000000da300000|100%| E|CS|TAMS 0x00000000da200000| PB 0x00000000da200000| Complete 
|1443|0x00000000da300000, 0x00000000da400000, 0x00000000da400000|100%| E|CS|TAMS 0x00000000da300000| PB 0x00000000da300000| Complete 
|1444|0x00000000da400000, 0x00000000da500000, 0x00000000da500000|100%| E|CS|TAMS 0x00000000da400000| PB 0x00000000da400000| Complete 
|1445|0x00000000da500000, 0x00000000da600000, 0x00000000da600000|100%| E|CS|TAMS 0x00000000da500000| PB 0x00000000da500000| Complete 
|1446|0x00000000da600000, 0x00000000da700000, 0x00000000da700000|100%| E|CS|TAMS 0x00000000da600000| PB 0x00000000da600000| Complete 
|1447|0x00000000da700000, 0x00000000da800000, 0x00000000da800000|100%| E|CS|TAMS 0x00000000da700000| PB 0x00000000da700000| Complete 
|1448|0x00000000da800000, 0x00000000da900000, 0x00000000da900000|100%| E|CS|TAMS 0x00000000da800000| PB 0x00000000da800000| Complete 
|1449|0x00000000da900000, 0x00000000daa00000, 0x00000000daa00000|100%| E|CS|TAMS 0x00000000da900000| PB 0x00000000da900000| Complete 
|1450|0x00000000daa00000, 0x00000000dab00000, 0x00000000dab00000|100%| E|CS|TAMS 0x00000000daa00000| PB 0x00000000daa00000| Complete 
|1451|0x00000000dab00000, 0x00000000dac00000, 0x00000000dac00000|100%| E|CS|TAMS 0x00000000dab00000| PB 0x00000000dab00000| Complete 
|1452|0x00000000dac00000, 0x00000000dad00000, 0x00000000dad00000|100%| E|CS|TAMS 0x00000000dac00000| PB 0x00000000dac00000| Complete 
|1453|0x00000000dad00000, 0x00000000dae00000, 0x00000000dae00000|100%| E|CS|TAMS 0x00000000dad00000| PB 0x00000000dad00000| Complete 
|1454|0x00000000dae00000, 0x00000000daf00000, 0x00000000daf00000|100%| E|CS|TAMS 0x00000000dae00000| PB 0x00000000dae00000| Complete 
|1455|0x00000000daf00000, 0x00000000db000000, 0x00000000db000000|100%| E|CS|TAMS 0x00000000daf00000| PB 0x00000000daf00000| Complete 
|1456|0x00000000db000000, 0x00000000db100000, 0x00000000db100000|100%| E|CS|TAMS 0x00000000db000000| PB 0x00000000db000000| Complete 
|1457|0x00000000db100000, 0x00000000db200000, 0x00000000db200000|100%| E|CS|TAMS 0x00000000db100000| PB 0x00000000db100000| Complete 
|1458|0x00000000db200000, 0x00000000db300000, 0x00000000db300000|100%| E|CS|TAMS 0x00000000db200000| PB 0x00000000db200000| Complete 
|1459|0x00000000db300000, 0x00000000db400000, 0x00000000db400000|100%| E|CS|TAMS 0x00000000db300000| PB 0x00000000db300000| Complete 
|1460|0x00000000db400000, 0x00000000db500000, 0x00000000db500000|100%| E|CS|TAMS 0x00000000db400000| PB 0x00000000db400000| Complete 
|1461|0x00000000db500000, 0x00000000db600000, 0x00000000db600000|100%| E|CS|TAMS 0x00000000db500000| PB 0x00000000db500000| Complete 
|1462|0x00000000db600000, 0x00000000db700000, 0x00000000db700000|100%| E|CS|TAMS 0x00000000db600000| PB 0x00000000db600000| Complete 
|1463|0x00000000db700000, 0x00000000db800000, 0x00000000db800000|100%| E|CS|TAMS 0x00000000db700000| PB 0x00000000db700000| Complete 
|1464|0x00000000db800000, 0x00000000db900000, 0x00000000db900000|100%| E|CS|TAMS 0x00000000db800000| PB 0x00000000db800000| Complete 
|1465|0x00000000db900000, 0x00000000dba00000, 0x00000000dba00000|100%| E|CS|TAMS 0x00000000db900000| PB 0x00000000db900000| Complete 
|1466|0x00000000dba00000, 0x00000000dbb00000, 0x00000000dbb00000|100%| E|CS|TAMS 0x00000000dba00000| PB 0x00000000dba00000| Complete 
|1467|0x00000000dbb00000, 0x00000000dbc00000, 0x00000000dbc00000|100%| E|CS|TAMS 0x00000000dbb00000| PB 0x00000000dbb00000| Complete 
|1468|0x00000000dbc00000, 0x00000000dbd00000, 0x00000000dbd00000|100%| E|CS|TAMS 0x00000000dbc00000| PB 0x00000000dbc00000| Complete 
|1469|0x00000000dbd00000, 0x00000000dbe00000, 0x00000000dbe00000|100%| E|CS|TAMS 0x00000000dbd00000| PB 0x00000000dbd00000| Complete 
|1470|0x00000000dbe00000, 0x00000000dbf00000, 0x00000000dbf00000|100%| E|CS|TAMS 0x00000000dbe00000| PB 0x00000000dbe00000| Complete 
|1471|0x00000000dbf00000, 0x00000000dc000000, 0x00000000dc000000|100%| E|CS|TAMS 0x00000000dbf00000| PB 0x00000000dbf00000| Complete 
|1472|0x00000000dc000000, 0x00000000dc100000, 0x00000000dc100000|100%| E|CS|TAMS 0x00000000dc000000| PB 0x00000000dc000000| Complete 
|1473|0x00000000dc100000, 0x00000000dc200000, 0x00000000dc200000|100%| E|CS|TAMS 0x00000000dc100000| PB 0x00000000dc100000| Complete 
|1474|0x00000000dc200000, 0x00000000dc300000, 0x00000000dc300000|100%| E|CS|TAMS 0x00000000dc200000| PB 0x00000000dc200000| Complete 
|1475|0x00000000dc300000, 0x00000000dc400000, 0x00000000dc400000|100%| E|CS|TAMS 0x00000000dc300000| PB 0x00000000dc300000| Complete 
|1476|0x00000000dc400000, 0x00000000dc500000, 0x00000000dc500000|100%| E|CS|TAMS 0x00000000dc400000| PB 0x00000000dc400000| Complete 
|1477|0x00000000dc500000, 0x00000000dc600000, 0x00000000dc600000|100%| E|CS|TAMS 0x00000000dc500000| PB 0x00000000dc500000| Complete 
|1478|0x00000000dc600000, 0x00000000dc700000, 0x00000000dc700000|100%| E|CS|TAMS 0x00000000dc600000| PB 0x00000000dc600000| Complete 
|1479|0x00000000dc700000, 0x00000000dc800000, 0x00000000dc800000|100%| E|CS|TAMS 0x00000000dc700000| PB 0x00000000dc700000| Complete 
|1480|0x00000000dc800000, 0x00000000dc900000, 0x00000000dc900000|100%| E|CS|TAMS 0x00000000dc800000| PB 0x00000000dc800000| Complete 
|1481|0x00000000dc900000, 0x00000000dca00000, 0x00000000dca00000|100%| E|CS|TAMS 0x00000000dc900000| PB 0x00000000dc900000| Complete 
|1482|0x00000000dca00000, 0x00000000dcb00000, 0x00000000dcb00000|100%| E|CS|TAMS 0x00000000dca00000| PB 0x00000000dca00000| Complete 
|1483|0x00000000dcb00000, 0x00000000dcc00000, 0x00000000dcc00000|100%| E|CS|TAMS 0x00000000dcb00000| PB 0x00000000dcb00000| Complete 
|1484|0x00000000dcc00000, 0x00000000dcd00000, 0x00000000dcd00000|100%| E|CS|TAMS 0x00000000dcc00000| PB 0x00000000dcc00000| Complete 
|1485|0x00000000dcd00000, 0x00000000dce00000, 0x00000000dce00000|100%| E|CS|TAMS 0x00000000dcd00000| PB 0x00000000dcd00000| Complete 
|1486|0x00000000dce00000, 0x00000000dcf00000, 0x00000000dcf00000|100%| E|CS|TAMS 0x00000000dce00000| PB 0x00000000dce00000| Complete 
|1487|0x00000000dcf00000, 0x00000000dd000000, 0x00000000dd000000|100%| E|CS|TAMS 0x00000000dcf00000| PB 0x00000000dcf00000| Complete 
|1488|0x00000000dd000000, 0x00000000dd100000, 0x00000000dd100000|100%| E|CS|TAMS 0x00000000dd000000| PB 0x00000000dd000000| Complete 
|1489|0x00000000dd100000, 0x00000000dd200000, 0x00000000dd200000|100%| E|CS|TAMS 0x00000000dd100000| PB 0x00000000dd100000| Complete 
|1490|0x00000000dd200000, 0x00000000dd300000, 0x00000000dd300000|100%| E|CS|TAMS 0x00000000dd200000| PB 0x00000000dd200000| Complete 
|1491|0x00000000dd300000, 0x00000000dd400000, 0x00000000dd400000|100%| E|CS|TAMS 0x00000000dd300000| PB 0x00000000dd300000| Complete 
|1492|0x00000000dd400000, 0x00000000dd500000, 0x00000000dd500000|100%| E|CS|TAMS 0x00000000dd400000| PB 0x00000000dd400000| Complete 
|1493|0x00000000dd500000, 0x00000000dd600000, 0x00000000dd600000|100%| E|CS|TAMS 0x00000000dd500000| PB 0x00000000dd500000| Complete 
|1494|0x00000000dd600000, 0x00000000dd700000, 0x00000000dd700000|100%| E|CS|TAMS 0x00000000dd600000| PB 0x00000000dd600000| Complete 
|1495|0x00000000dd700000, 0x00000000dd800000, 0x00000000dd800000|100%| E|CS|TAMS 0x00000000dd700000| PB 0x00000000dd700000| Complete 
|1496|0x00000000dd800000, 0x00000000dd900000, 0x00000000dd900000|100%| E|CS|TAMS 0x00000000dd800000| PB 0x00000000dd800000| Complete 
|1497|0x00000000dd900000, 0x00000000dda00000, 0x00000000dda00000|100%| E|CS|TAMS 0x00000000dd900000| PB 0x00000000dd900000| Complete 
|1498|0x00000000dda00000, 0x00000000ddb00000, 0x00000000ddb00000|100%| E|CS|TAMS 0x00000000dda00000| PB 0x00000000dda00000| Complete 
|1499|0x00000000ddb00000, 0x00000000ddc00000, 0x00000000ddc00000|100%| E|CS|TAMS 0x00000000ddb00000| PB 0x00000000ddb00000| Complete 
|1500|0x00000000ddc00000, 0x00000000ddd00000, 0x00000000ddd00000|100%| E|CS|TAMS 0x00000000ddc00000| PB 0x00000000ddc00000| Complete 
|1501|0x00000000ddd00000, 0x00000000dde00000, 0x00000000dde00000|100%| E|CS|TAMS 0x00000000ddd00000| PB 0x00000000ddd00000| Complete 
|1502|0x00000000dde00000, 0x00000000ddf00000, 0x00000000ddf00000|100%| E|CS|TAMS 0x00000000dde00000| PB 0x00000000dde00000| Complete 
|1503|0x00000000ddf00000, 0x00000000de000000, 0x00000000de000000|100%| E|CS|TAMS 0x00000000ddf00000| PB 0x00000000ddf00000| Complete 
|1504|0x00000000de000000, 0x00000000de100000, 0x00000000de100000|100%| E|CS|TAMS 0x00000000de000000| PB 0x00000000de000000| Complete 
|1505|0x00000000de100000, 0x00000000de200000, 0x00000000de200000|100%| E|CS|TAMS 0x00000000de100000| PB 0x00000000de100000| Complete 
|1506|0x00000000de200000, 0x00000000de300000, 0x00000000de300000|100%| E|CS|TAMS 0x00000000de200000| PB 0x00000000de200000| Complete 
|1507|0x00000000de300000, 0x00000000de400000, 0x00000000de400000|100%| E|CS|TAMS 0x00000000de300000| PB 0x00000000de300000| Complete 
|1508|0x00000000de400000, 0x00000000de500000, 0x00000000de500000|100%| E|CS|TAMS 0x00000000de400000| PB 0x00000000de400000| Complete 
|1509|0x00000000de500000, 0x00000000de600000, 0x00000000de600000|100%| E|CS|TAMS 0x00000000de500000| PB 0x00000000de500000| Complete 
|1510|0x00000000de600000, 0x00000000de700000, 0x00000000de700000|100%| E|CS|TAMS 0x00000000de600000| PB 0x00000000de600000| Complete 
|1511|0x00000000de700000, 0x00000000de800000, 0x00000000de800000|100%| E|CS|TAMS 0x00000000de700000| PB 0x00000000de700000| Complete 
|1512|0x00000000de800000, 0x00000000de900000, 0x00000000de900000|100%| E|CS|TAMS 0x00000000de800000| PB 0x00000000de800000| Complete 
|1513|0x00000000de900000, 0x00000000dea00000, 0x00000000dea00000|100%| E|CS|TAMS 0x00000000de900000| PB 0x00000000de900000| Complete 
|1514|0x00000000dea00000, 0x00000000deb00000, 0x00000000deb00000|100%| E|CS|TAMS 0x00000000dea00000| PB 0x00000000dea00000| Complete 
|1515|0x00000000deb00000, 0x00000000dec00000, 0x00000000dec00000|100%| E|CS|TAMS 0x00000000deb00000| PB 0x00000000deb00000| Complete 
|1516|0x00000000dec00000, 0x00000000ded00000, 0x00000000ded00000|100%| E|CS|TAMS 0x00000000dec00000| PB 0x00000000dec00000| Complete 
|1517|0x00000000ded00000, 0x00000000dee00000, 0x00000000dee00000|100%| E|CS|TAMS 0x00000000ded00000| PB 0x00000000ded00000| Complete 
|1518|0x00000000dee00000, 0x00000000def00000, 0x00000000def00000|100%| E|CS|TAMS 0x00000000dee00000| PB 0x00000000dee00000| Complete 
|1519|0x00000000def00000, 0x00000000df000000, 0x00000000df000000|100%| E|CS|TAMS 0x00000000def00000| PB 0x00000000def00000| Complete 
|1520|0x00000000df000000, 0x00000000df100000, 0x00000000df100000|100%| E|CS|TAMS 0x00000000df000000| PB 0x00000000df000000| Complete 
|1521|0x00000000df100000, 0x00000000df200000, 0x00000000df200000|100%| E|CS|TAMS 0x00000000df100000| PB 0x00000000df100000| Complete 
|1522|0x00000000df200000, 0x00000000df300000, 0x00000000df300000|100%| E|CS|TAMS 0x00000000df200000| PB 0x00000000df200000| Complete 
|1523|0x00000000df300000, 0x00000000df400000, 0x00000000df400000|100%| E|CS|TAMS 0x00000000df300000| PB 0x00000000df300000| Complete 
|1524|0x00000000df400000, 0x00000000df500000, 0x00000000df500000|100%| E|CS|TAMS 0x00000000df400000| PB 0x00000000df400000| Complete 
|1525|0x00000000df500000, 0x00000000df600000, 0x00000000df600000|100%| E|CS|TAMS 0x00000000df500000| PB 0x00000000df500000| Complete 
|1526|0x00000000df600000, 0x00000000df700000, 0x00000000df700000|100%| E|CS|TAMS 0x00000000df600000| PB 0x00000000df600000| Complete 
|1527|0x00000000df700000, 0x00000000df800000, 0x00000000df800000|100%| E|CS|TAMS 0x00000000df700000| PB 0x00000000df700000| Complete 
|1528|0x00000000df800000, 0x00000000df900000, 0x00000000df900000|100%| E|CS|TAMS 0x00000000df800000| PB 0x00000000df800000| Complete 
|1529|0x00000000df900000, 0x00000000dfa00000, 0x00000000dfa00000|100%| E|CS|TAMS 0x00000000df900000| PB 0x00000000df900000| Complete 
|1530|0x00000000dfa00000, 0x00000000dfb00000, 0x00000000dfb00000|100%| E|CS|TAMS 0x00000000dfa00000| PB 0x00000000dfa00000| Complete 
|1531|0x00000000dfb00000, 0x00000000dfc00000, 0x00000000dfc00000|100%| E|CS|TAMS 0x00000000dfb00000| PB 0x00000000dfb00000| Complete 
|1532|0x00000000dfc00000, 0x00000000dfd00000, 0x00000000dfd00000|100%| E|CS|TAMS 0x00000000dfc00000| PB 0x00000000dfc00000| Complete 
|1533|0x00000000dfd00000, 0x00000000dfe00000, 0x00000000dfe00000|100%| E|CS|TAMS 0x00000000dfd00000| PB 0x00000000dfd00000| Complete 
|1534|0x00000000dfe00000, 0x00000000dff00000, 0x00000000dff00000|100%| E|CS|TAMS 0x00000000dfe00000| PB 0x00000000dfe00000| Complete 
|1535|0x00000000dff00000, 0x00000000e0000000, 0x00000000e0000000|100%| E|CS|TAMS 0x00000000dff00000| PB 0x00000000dff00000| Complete 
|1536|0x00000000e0000000, 0x00000000e0100000, 0x00000000e0100000|100%| E|CS|TAMS 0x00000000e0000000| PB 0x00000000e0000000| Complete 
|1537|0x00000000e0100000, 0x00000000e0200000, 0x00000000e0200000|100%| E|CS|TAMS 0x00000000e0100000| PB 0x00000000e0100000| Complete 
|1538|0x00000000e0200000, 0x00000000e0300000, 0x00000000e0300000|100%| E|CS|TAMS 0x00000000e0200000| PB 0x00000000e0200000| Complete 
|1539|0x00000000e0300000, 0x00000000e0400000, 0x00000000e0400000|100%| E|CS|TAMS 0x00000000e0300000| PB 0x00000000e0300000| Complete 
|1540|0x00000000e0400000, 0x00000000e0500000, 0x00000000e0500000|100%| E|CS|TAMS 0x00000000e0400000| PB 0x00000000e0400000| Complete 
|1541|0x00000000e0500000, 0x00000000e0600000, 0x00000000e0600000|100%| E|CS|TAMS 0x00000000e0500000| PB 0x00000000e0500000| Complete 
|1542|0x00000000e0600000, 0x00000000e0700000, 0x00000000e0700000|100%| E|CS|TAMS 0x00000000e0600000| PB 0x00000000e0600000| Complete 
|1543|0x00000000e0700000, 0x00000000e0800000, 0x00000000e0800000|100%| E|CS|TAMS 0x00000000e0700000| PB 0x00000000e0700000| Complete 
|1544|0x00000000e0800000, 0x00000000e0900000, 0x00000000e0900000|100%| E|CS|TAMS 0x00000000e0800000| PB 0x00000000e0800000| Complete 
|1545|0x00000000e0900000, 0x00000000e0a00000, 0x00000000e0a00000|100%| E|CS|TAMS 0x00000000e0900000| PB 0x00000000e0900000| Complete 
|1546|0x00000000e0a00000, 0x00000000e0b00000, 0x00000000e0b00000|100%| E|CS|TAMS 0x00000000e0a00000| PB 0x00000000e0a00000| Complete 
|1547|0x00000000e0b00000, 0x00000000e0c00000, 0x00000000e0c00000|100%| E|CS|TAMS 0x00000000e0b00000| PB 0x00000000e0b00000| Complete 
|1548|0x00000000e0c00000, 0x00000000e0d00000, 0x00000000e0d00000|100%| E|CS|TAMS 0x00000000e0c00000| PB 0x00000000e0c00000| Complete 
|1549|0x00000000e0d00000, 0x00000000e0e00000, 0x00000000e0e00000|100%| E|CS|TAMS 0x00000000e0d00000| PB 0x00000000e0d00000| Complete 
|1550|0x00000000e0e00000, 0x00000000e0f00000, 0x00000000e0f00000|100%| E|CS|TAMS 0x00000000e0e00000| PB 0x00000000e0e00000| Complete 
|1551|0x00000000e0f00000, 0x00000000e1000000, 0x00000000e1000000|100%| E|CS|TAMS 0x00000000e0f00000| PB 0x00000000e0f00000| Complete 
|1552|0x00000000e1000000, 0x00000000e1100000, 0x00000000e1100000|100%| E|CS|TAMS 0x00000000e1000000| PB 0x00000000e1000000| Complete 
|1553|0x00000000e1100000, 0x00000000e1200000, 0x00000000e1200000|100%| E|CS|TAMS 0x00000000e1100000| PB 0x00000000e1100000| Complete 
|1554|0x00000000e1200000, 0x00000000e1300000, 0x00000000e1300000|100%| E|CS|TAMS 0x00000000e1200000| PB 0x00000000e1200000| Complete 
|1555|0x00000000e1300000, 0x00000000e1400000, 0x00000000e1400000|100%| E|CS|TAMS 0x00000000e1300000| PB 0x00000000e1300000| Complete 
|1556|0x00000000e1400000, 0x00000000e1500000, 0x00000000e1500000|100%| E|CS|TAMS 0x00000000e1400000| PB 0x00000000e1400000| Complete 
|1557|0x00000000e1500000, 0x00000000e1600000, 0x00000000e1600000|100%| E|CS|TAMS 0x00000000e1500000| PB 0x00000000e1500000| Complete 
|1558|0x00000000e1600000, 0x00000000e1700000, 0x00000000e1700000|100%| E|CS|TAMS 0x00000000e1600000| PB 0x00000000e1600000| Complete 
|1559|0x00000000e1700000, 0x00000000e1800000, 0x00000000e1800000|100%| E|CS|TAMS 0x00000000e1700000| PB 0x00000000e1700000| Complete 
|1560|0x00000000e1800000, 0x00000000e1900000, 0x00000000e1900000|100%| E|CS|TAMS 0x00000000e1800000| PB 0x00000000e1800000| Complete 
|1561|0x00000000e1900000, 0x00000000e1a00000, 0x00000000e1a00000|100%| E|CS|TAMS 0x00000000e1900000| PB 0x00000000e1900000| Complete 
|1562|0x00000000e1a00000, 0x00000000e1b00000, 0x00000000e1b00000|100%| E|CS|TAMS 0x00000000e1a00000| PB 0x00000000e1a00000| Complete 
|1563|0x00000000e1b00000, 0x00000000e1c00000, 0x00000000e1c00000|100%| E|CS|TAMS 0x00000000e1b00000| PB 0x00000000e1b00000| Complete 
|1564|0x00000000e1c00000, 0x00000000e1d00000, 0x00000000e1d00000|100%| E|CS|TAMS 0x00000000e1c00000| PB 0x00000000e1c00000| Complete 
|1565|0x00000000e1d00000, 0x00000000e1e00000, 0x00000000e1e00000|100%| E|CS|TAMS 0x00000000e1d00000| PB 0x00000000e1d00000| Complete 
|1566|0x00000000e1e00000, 0x00000000e1f00000, 0x00000000e1f00000|100%| E|CS|TAMS 0x00000000e1e00000| PB 0x00000000e1e00000| Complete 
|1567|0x00000000e1f00000, 0x00000000e2000000, 0x00000000e2000000|100%| E|CS|TAMS 0x00000000e1f00000| PB 0x00000000e1f00000| Complete 
|1568|0x00000000e2000000, 0x00000000e2100000, 0x00000000e2100000|100%| E|CS|TAMS 0x00000000e2000000| PB 0x00000000e2000000| Complete 
|1569|0x00000000e2100000, 0x00000000e2200000, 0x00000000e2200000|100%| E|CS|TAMS 0x00000000e2100000| PB 0x00000000e2100000| Complete 
|1570|0x00000000e2200000, 0x00000000e2300000, 0x00000000e2300000|100%| E|CS|TAMS 0x00000000e2200000| PB 0x00000000e2200000| Complete 
|1571|0x00000000e2300000, 0x00000000e2400000, 0x00000000e2400000|100%| E|CS|TAMS 0x00000000e2300000| PB 0x00000000e2300000| Complete 
|1572|0x00000000e2400000, 0x00000000e2500000, 0x00000000e2500000|100%| E|CS|TAMS 0x00000000e2400000| PB 0x00000000e2400000| Complete 
|1573|0x00000000e2500000, 0x00000000e2600000, 0x00000000e2600000|100%| E|CS|TAMS 0x00000000e2500000| PB 0x00000000e2500000| Complete 
|1574|0x00000000e2600000, 0x00000000e2700000, 0x00000000e2700000|100%| E|CS|TAMS 0x00000000e2600000| PB 0x00000000e2600000| Complete 
|1575|0x00000000e2700000, 0x00000000e2800000, 0x00000000e2800000|100%| E|CS|TAMS 0x00000000e2700000| PB 0x00000000e2700000| Complete 
|1576|0x00000000e2800000, 0x00000000e2900000, 0x00000000e2900000|100%| E|CS|TAMS 0x00000000e2800000| PB 0x00000000e2800000| Complete 
|1577|0x00000000e2900000, 0x00000000e2a00000, 0x00000000e2a00000|100%| E|CS|TAMS 0x00000000e2900000| PB 0x00000000e2900000| Complete 
|1578|0x00000000e2a00000, 0x00000000e2b00000, 0x00000000e2b00000|100%| E|CS|TAMS 0x00000000e2a00000| PB 0x00000000e2a00000| Complete 
|1579|0x00000000e2b00000, 0x00000000e2c00000, 0x00000000e2c00000|100%| E|CS|TAMS 0x00000000e2b00000| PB 0x00000000e2b00000| Complete 
|1580|0x00000000e2c00000, 0x00000000e2d00000, 0x00000000e2d00000|100%| E|CS|TAMS 0x00000000e2c00000| PB 0x00000000e2c00000| Complete 
|1581|0x00000000e2d00000, 0x00000000e2e00000, 0x00000000e2e00000|100%| E|CS|TAMS 0x00000000e2d00000| PB 0x00000000e2d00000| Complete 
|1582|0x00000000e2e00000, 0x00000000e2f00000, 0x00000000e2f00000|100%| E|CS|TAMS 0x00000000e2e00000| PB 0x00000000e2e00000| Complete 
|1583|0x00000000e2f00000, 0x00000000e3000000, 0x00000000e3000000|100%| E|CS|TAMS 0x00000000e2f00000| PB 0x00000000e2f00000| Complete 
|1584|0x00000000e3000000, 0x00000000e3100000, 0x00000000e3100000|100%| E|CS|TAMS 0x00000000e3000000| PB 0x00000000e3000000| Complete 
|1585|0x00000000e3100000, 0x00000000e3200000, 0x00000000e3200000|100%| E|CS|TAMS 0x00000000e3100000| PB 0x00000000e3100000| Complete 
|1586|0x00000000e3200000, 0x00000000e3300000, 0x00000000e3300000|100%| E|CS|TAMS 0x00000000e3200000| PB 0x00000000e3200000| Complete 
|1587|0x00000000e3300000, 0x00000000e3400000, 0x00000000e3400000|100%| E|CS|TAMS 0x00000000e3300000| PB 0x00000000e3300000| Complete 
|1588|0x00000000e3400000, 0x00000000e3500000, 0x00000000e3500000|100%| E|CS|TAMS 0x00000000e3400000| PB 0x00000000e3400000| Complete 
|1589|0x00000000e3500000, 0x00000000e3600000, 0x00000000e3600000|100%| E|CS|TAMS 0x00000000e3500000| PB 0x00000000e3500000| Complete 
|1590|0x00000000e3600000, 0x00000000e3700000, 0x00000000e3700000|100%| E|CS|TAMS 0x00000000e3600000| PB 0x00000000e3600000| Complete 
|1591|0x00000000e3700000, 0x00000000e3800000, 0x00000000e3800000|100%| E|CS|TAMS 0x00000000e3700000| PB 0x00000000e3700000| Complete 
|1592|0x00000000e3800000, 0x00000000e3900000, 0x00000000e3900000|100%| E|CS|TAMS 0x00000000e3800000| PB 0x00000000e3800000| Complete 
|1593|0x00000000e3900000, 0x00000000e3a00000, 0x00000000e3a00000|100%| E|CS|TAMS 0x00000000e3900000| PB 0x00000000e3900000| Complete 
|1594|0x00000000e3a00000, 0x00000000e3b00000, 0x00000000e3b00000|100%| E|CS|TAMS 0x00000000e3a00000| PB 0x00000000e3a00000| Complete 
|1595|0x00000000e3b00000, 0x00000000e3c00000, 0x00000000e3c00000|100%| E|CS|TAMS 0x00000000e3b00000| PB 0x00000000e3b00000| Complete 
|1596|0x00000000e3c00000, 0x00000000e3d00000, 0x00000000e3d00000|100%| E|CS|TAMS 0x00000000e3c00000| PB 0x00000000e3c00000| Complete 
|1597|0x00000000e3d00000, 0x00000000e3e00000, 0x00000000e3e00000|100%| E|CS|TAMS 0x00000000e3d00000| PB 0x00000000e3d00000| Complete 
|1598|0x00000000e3e00000, 0x00000000e3f00000, 0x00000000e3f00000|100%| E|CS|TAMS 0x00000000e3e00000| PB 0x00000000e3e00000| Complete 
|1599|0x00000000e3f00000, 0x00000000e4000000, 0x00000000e4000000|100%| E|CS|TAMS 0x00000000e3f00000| PB 0x00000000e3f00000| Complete 
|1600|0x00000000e4000000, 0x00000000e4100000, 0x00000000e4100000|100%| E|CS|TAMS 0x00000000e4000000| PB 0x00000000e4000000| Complete 
|1601|0x00000000e4100000, 0x00000000e4200000, 0x00000000e4200000|100%| E|CS|TAMS 0x00000000e4100000| PB 0x00000000e4100000| Complete 
|1602|0x00000000e4200000, 0x00000000e4300000, 0x00000000e4300000|100%| E|CS|TAMS 0x00000000e4200000| PB 0x00000000e4200000| Complete 
|1603|0x00000000e4300000, 0x00000000e4400000, 0x00000000e4400000|100%| E|CS|TAMS 0x00000000e4300000| PB 0x00000000e4300000| Complete 
|1604|0x00000000e4400000, 0x00000000e4500000, 0x00000000e4500000|100%| E|CS|TAMS 0x00000000e4400000| PB 0x00000000e4400000| Complete 
|1605|0x00000000e4500000, 0x00000000e4600000, 0x00000000e4600000|100%| E|CS|TAMS 0x00000000e4500000| PB 0x00000000e4500000| Complete 
|1606|0x00000000e4600000, 0x00000000e4700000, 0x00000000e4700000|100%| E|CS|TAMS 0x00000000e4600000| PB 0x00000000e4600000| Complete 
|1607|0x00000000e4700000, 0x00000000e4800000, 0x00000000e4800000|100%| E|CS|TAMS 0x00000000e4700000| PB 0x00000000e4700000| Complete 
|1608|0x00000000e4800000, 0x00000000e4900000, 0x00000000e4900000|100%| E|CS|TAMS 0x00000000e4800000| PB 0x00000000e4800000| Complete 
|1609|0x00000000e4900000, 0x00000000e4a00000, 0x00000000e4a00000|100%| E|CS|TAMS 0x00000000e4900000| PB 0x00000000e4900000| Complete 
|1610|0x00000000e4a00000, 0x00000000e4b00000, 0x00000000e4b00000|100%| E|CS|TAMS 0x00000000e4a00000| PB 0x00000000e4a00000| Complete 
|1611|0x00000000e4b00000, 0x00000000e4c00000, 0x00000000e4c00000|100%| E|CS|TAMS 0x00000000e4b00000| PB 0x00000000e4b00000| Complete 
|1612|0x00000000e4c00000, 0x00000000e4d00000, 0x00000000e4d00000|100%| E|CS|TAMS 0x00000000e4c00000| PB 0x00000000e4c00000| Complete 
|1613|0x00000000e4d00000, 0x00000000e4e00000, 0x00000000e4e00000|100%| E|CS|TAMS 0x00000000e4d00000| PB 0x00000000e4d00000| Complete 
|1614|0x00000000e4e00000, 0x00000000e4f00000, 0x00000000e4f00000|100%| E|CS|TAMS 0x00000000e4e00000| PB 0x00000000e4e00000| Complete 
|1615|0x00000000e4f00000, 0x00000000e5000000, 0x00000000e5000000|100%| E|CS|TAMS 0x00000000e4f00000| PB 0x00000000e4f00000| Complete 
|1616|0x00000000e5000000, 0x00000000e5100000, 0x00000000e5100000|100%| E|CS|TAMS 0x00000000e5000000| PB 0x00000000e5000000| Complete 
|1617|0x00000000e5100000, 0x00000000e5200000, 0x00000000e5200000|100%| E|CS|TAMS 0x00000000e5100000| PB 0x00000000e5100000| Complete 
|1618|0x00000000e5200000, 0x00000000e5300000, 0x00000000e5300000|100%| E|CS|TAMS 0x00000000e5200000| PB 0x00000000e5200000| Complete 
|1619|0x00000000e5300000, 0x00000000e5400000, 0x00000000e5400000|100%| E|CS|TAMS 0x00000000e5300000| PB 0x00000000e5300000| Complete 
|1620|0x00000000e5400000, 0x00000000e5500000, 0x00000000e5500000|100%| E|CS|TAMS 0x00000000e5400000| PB 0x00000000e5400000| Complete 
|1621|0x00000000e5500000, 0x00000000e5600000, 0x00000000e5600000|100%| E|CS|TAMS 0x00000000e5500000| PB 0x00000000e5500000| Complete 
|1622|0x00000000e5600000, 0x00000000e5700000, 0x00000000e5700000|100%| E|CS|TAMS 0x00000000e5600000| PB 0x00000000e5600000| Complete 
|1717|0x00000000eb500000, 0x00000000eb600000, 0x00000000eb600000|100%| E|CS|TAMS 0x00000000eb500000| PB 0x00000000eb500000| Complete 
|1718|0x00000000eb600000, 0x00000000eb700000, 0x00000000eb700000|100%| E|CS|TAMS 0x00000000eb600000| PB 0x00000000eb600000| Complete 
|1719|0x00000000eb700000, 0x00000000eb800000, 0x00000000eb800000|100%| E|CS|TAMS 0x00000000eb700000| PB 0x00000000eb700000| Complete 
|1720|0x00000000eb800000, 0x00000000eb900000, 0x00000000eb900000|100%| E|CS|TAMS 0x00000000eb800000| PB 0x00000000eb800000| Complete 
|1721|0x00000000eb900000, 0x00000000eba00000, 0x00000000eba00000|100%| E|CS|TAMS 0x00000000eb900000| PB 0x00000000eb900000| Complete 
|1722|0x00000000eba00000, 0x00000000ebb00000, 0x00000000ebb00000|100%| E|CS|TAMS 0x00000000eba00000| PB 0x00000000eba00000| Complete 
|1723|0x00000000ebb00000, 0x00000000ebc00000, 0x00000000ebc00000|100%| E|CS|TAMS 0x00000000ebb00000| PB 0x00000000ebb00000| Complete 
|1724|0x00000000ebc00000, 0x00000000ebd00000, 0x00000000ebd00000|100%| E|CS|TAMS 0x00000000ebc00000| PB 0x00000000ebc00000| Complete 
|1725|0x00000000ebd00000, 0x00000000ebe00000, 0x00000000ebe00000|100%| E|CS|TAMS 0x00000000ebd00000| PB 0x00000000ebd00000| Complete 
|1726|0x00000000ebe00000, 0x00000000ebf00000, 0x00000000ebf00000|100%| E|CS|TAMS 0x00000000ebe00000| PB 0x00000000ebe00000| Complete 
|1727|0x00000000ebf00000, 0x00000000ec000000, 0x00000000ec000000|100%| E|CS|TAMS 0x00000000ebf00000| PB 0x00000000ebf00000| Complete 
|1728|0x00000000ec000000, 0x00000000ec100000, 0x00000000ec100000|100%| E|CS|TAMS 0x00000000ec000000| PB 0x00000000ec000000| Complete 
|1729|0x00000000ec100000, 0x00000000ec200000, 0x00000000ec200000|100%| E|CS|TAMS 0x00000000ec100000| PB 0x00000000ec100000| Complete 
|1730|0x00000000ec200000, 0x00000000ec300000, 0x00000000ec300000|100%| E|CS|TAMS 0x00000000ec200000| PB 0x00000000ec200000| Complete 
|1731|0x00000000ec300000, 0x00000000ec400000, 0x00000000ec400000|100%| E|CS|TAMS 0x00000000ec300000| PB 0x00000000ec300000| Complete 
|1732|0x00000000ec400000, 0x00000000ec500000, 0x00000000ec500000|100%| E|CS|TAMS 0x00000000ec400000| PB 0x00000000ec400000| Complete 
|1733|0x00000000ec500000, 0x00000000ec600000, 0x00000000ec600000|100%| E|CS|TAMS 0x00000000ec500000| PB 0x00000000ec500000| Complete 
|1734|0x00000000ec600000, 0x00000000ec700000, 0x00000000ec700000|100%| E|CS|TAMS 0x00000000ec600000| PB 0x00000000ec600000| Complete 
|1735|0x00000000ec700000, 0x00000000ec800000, 0x00000000ec800000|100%| E|CS|TAMS 0x00000000ec700000| PB 0x00000000ec700000| Complete 
|1736|0x00000000ec800000, 0x00000000ec900000, 0x00000000ec900000|100%| E|CS|TAMS 0x00000000ec800000| PB 0x00000000ec800000| Complete 
|1737|0x00000000ec900000, 0x00000000eca00000, 0x00000000eca00000|100%| E|CS|TAMS 0x00000000ec900000| PB 0x00000000ec900000| Complete 
|1738|0x00000000eca00000, 0x00000000ecb00000, 0x00000000ecb00000|100%| E|CS|TAMS 0x00000000eca00000| PB 0x00000000eca00000| Complete 
|1739|0x00000000ecb00000, 0x00000000ecc00000, 0x00000000ecc00000|100%| E|CS|TAMS 0x00000000ecb00000| PB 0x00000000ecb00000| Complete 
|1740|0x00000000ecc00000, 0x00000000ecd00000, 0x00000000ecd00000|100%| E|CS|TAMS 0x00000000ecc00000| PB 0x00000000ecc00000| Complete 
|1741|0x00000000ecd00000, 0x00000000ece00000, 0x00000000ece00000|100%| E|CS|TAMS 0x00000000ecd00000| PB 0x00000000ecd00000| Complete 
|1742|0x00000000ece00000, 0x00000000ecf00000, 0x00000000ecf00000|100%| E|CS|TAMS 0x00000000ece00000| PB 0x00000000ece00000| Complete 
|1743|0x00000000ecf00000, 0x00000000ed000000, 0x00000000ed000000|100%| E|CS|TAMS 0x00000000ecf00000| PB 0x00000000ecf00000| Complete 
|1744|0x00000000ed000000, 0x00000000ed100000, 0x00000000ed100000|100%| E|CS|TAMS 0x00000000ed000000| PB 0x00000000ed000000| Complete 
|1745|0x00000000ed100000, 0x00000000ed200000, 0x00000000ed200000|100%| E|CS|TAMS 0x00000000ed100000| PB 0x00000000ed100000| Complete 
|1746|0x00000000ed200000, 0x00000000ed300000, 0x00000000ed300000|100%| E|CS|TAMS 0x00000000ed200000| PB 0x00000000ed200000| Complete 
|1747|0x00000000ed300000, 0x00000000ed400000, 0x00000000ed400000|100%| E|CS|TAMS 0x00000000ed300000| PB 0x00000000ed300000| Complete 
|1748|0x00000000ed400000, 0x00000000ed500000, 0x00000000ed500000|100%| E|CS|TAMS 0x00000000ed400000| PB 0x00000000ed400000| Complete 
|1749|0x00000000ed500000, 0x00000000ed600000, 0x00000000ed600000|100%| E|CS|TAMS 0x00000000ed500000| PB 0x00000000ed500000| Complete 
|1750|0x00000000ed600000, 0x00000000ed700000, 0x00000000ed700000|100%| E|CS|TAMS 0x00000000ed600000| PB 0x00000000ed600000| Complete 
|1751|0x00000000ed700000, 0x00000000ed800000, 0x00000000ed800000|100%| E|CS|TAMS 0x00000000ed700000| PB 0x00000000ed700000| Complete 
|1752|0x00000000ed800000, 0x00000000ed900000, 0x00000000ed900000|100%| E|CS|TAMS 0x00000000ed800000| PB 0x00000000ed800000| Complete 
|1753|0x00000000ed900000, 0x00000000eda00000, 0x00000000eda00000|100%| E|CS|TAMS 0x00000000ed900000| PB 0x00000000ed900000| Complete 
|1754|0x00000000eda00000, 0x00000000edb00000, 0x00000000edb00000|100%| E|CS|TAMS 0x00000000eda00000| PB 0x00000000eda00000| Complete 
|1755|0x00000000edb00000, 0x00000000edc00000, 0x00000000edc00000|100%| E|CS|TAMS 0x00000000edb00000| PB 0x00000000edb00000| Complete 
|1756|0x00000000edc00000, 0x00000000edd00000, 0x00000000edd00000|100%| E|CS|TAMS 0x00000000edc00000| PB 0x00000000edc00000| Complete 
|1757|0x00000000edd00000, 0x00000000ede00000, 0x00000000ede00000|100%| E|CS|TAMS 0x00000000edd00000| PB 0x00000000edd00000| Complete 
|1758|0x00000000ede00000, 0x00000000edf00000, 0x00000000edf00000|100%| E|CS|TAMS 0x00000000ede00000| PB 0x00000000ede00000| Complete 
|1759|0x00000000edf00000, 0x00000000ee000000, 0x00000000ee000000|100%| E|CS|TAMS 0x00000000edf00000| PB 0x00000000edf00000| Complete 
|1760|0x00000000ee000000, 0x00000000ee100000, 0x00000000ee100000|100%| E|CS|TAMS 0x00000000ee000000| PB 0x00000000ee000000| Complete 
|1761|0x00000000ee100000, 0x00000000ee200000, 0x00000000ee200000|100%| E|CS|TAMS 0x00000000ee100000| PB 0x00000000ee100000| Complete 
|1762|0x00000000ee200000, 0x00000000ee300000, 0x00000000ee300000|100%| E|CS|TAMS 0x00000000ee200000| PB 0x00000000ee200000| Complete 
|1763|0x00000000ee300000, 0x00000000ee400000, 0x00000000ee400000|100%| E|CS|TAMS 0x00000000ee300000| PB 0x00000000ee300000| Complete 
|1764|0x00000000ee400000, 0x00000000ee500000, 0x00000000ee500000|100%| E|CS|TAMS 0x00000000ee400000| PB 0x00000000ee400000| Complete 
|1765|0x00000000ee500000, 0x00000000ee600000, 0x00000000ee600000|100%| E|CS|TAMS 0x00000000ee500000| PB 0x00000000ee500000| Complete 
|1766|0x00000000ee600000, 0x00000000ee700000, 0x00000000ee700000|100%| E|CS|TAMS 0x00000000ee600000| PB 0x00000000ee600000| Complete 
|1767|0x00000000ee700000, 0x00000000ee800000, 0x00000000ee800000|100%| E|CS|TAMS 0x00000000ee700000| PB 0x00000000ee700000| Complete 
|1768|0x00000000ee800000, 0x00000000ee900000, 0x00000000ee900000|100%| E|CS|TAMS 0x00000000ee800000| PB 0x00000000ee800000| Complete 
|1769|0x00000000ee900000, 0x00000000eea00000, 0x00000000eea00000|100%| E|CS|TAMS 0x00000000ee900000| PB 0x00000000ee900000| Complete 
|1770|0x00000000eea00000, 0x00000000eeb00000, 0x00000000eeb00000|100%| E|CS|TAMS 0x00000000eea00000| PB 0x00000000eea00000| Complete 
|1771|0x00000000eeb00000, 0x00000000eec00000, 0x00000000eec00000|100%| E|CS|TAMS 0x00000000eeb00000| PB 0x00000000eeb00000| Complete 
|1772|0x00000000eec00000, 0x00000000eed00000, 0x00000000eed00000|100%| E|CS|TAMS 0x00000000eec00000| PB 0x00000000eec00000| Complete 
|1773|0x00000000eed00000, 0x00000000eee00000, 0x00000000eee00000|100%| E|CS|TAMS 0x00000000eed00000| PB 0x00000000eed00000| Complete 
|1774|0x00000000eee00000, 0x00000000eef00000, 0x00000000eef00000|100%| E|CS|TAMS 0x00000000eee00000| PB 0x00000000eee00000| Complete 
|1775|0x00000000eef00000, 0x00000000ef000000, 0x00000000ef000000|100%| E|CS|TAMS 0x00000000eef00000| PB 0x00000000eef00000| Complete 
|1776|0x00000000ef000000, 0x00000000ef100000, 0x00000000ef100000|100%| E|CS|TAMS 0x00000000ef000000| PB 0x00000000ef000000| Complete 
|1777|0x00000000ef100000, 0x00000000ef200000, 0x00000000ef200000|100%| E|CS|TAMS 0x00000000ef100000| PB 0x00000000ef100000| Complete 
|1778|0x00000000ef200000, 0x00000000ef300000, 0x00000000ef300000|100%| E|CS|TAMS 0x00000000ef200000| PB 0x00000000ef200000| Complete 
|1779|0x00000000ef300000, 0x00000000ef400000, 0x00000000ef400000|100%| E|CS|TAMS 0x00000000ef300000| PB 0x00000000ef300000| Complete 
|1780|0x00000000ef400000, 0x00000000ef500000, 0x00000000ef500000|100%| E|CS|TAMS 0x00000000ef400000| PB 0x00000000ef400000| Complete 
|1781|0x00000000ef500000, 0x00000000ef600000, 0x00000000ef600000|100%| E|CS|TAMS 0x00000000ef500000| PB 0x00000000ef500000| Complete 
|1782|0x00000000ef600000, 0x00000000ef700000, 0x00000000ef700000|100%| E|CS|TAMS 0x00000000ef600000| PB 0x00000000ef600000| Complete 
|1783|0x00000000ef700000, 0x00000000ef800000, 0x00000000ef800000|100%| E|CS|TAMS 0x00000000ef700000| PB 0x00000000ef700000| Complete 
|1784|0x00000000ef800000, 0x00000000ef900000, 0x00000000ef900000|100%| E|CS|TAMS 0x00000000ef800000| PB 0x00000000ef800000| Complete 
|1785|0x00000000ef900000, 0x00000000efa00000, 0x00000000efa00000|100%| E|CS|TAMS 0x00000000ef900000| PB 0x00000000ef900000| Complete 
|1786|0x00000000efa00000, 0x00000000efb00000, 0x00000000efb00000|100%| E|CS|TAMS 0x00000000efa00000| PB 0x00000000efa00000| Complete 
|1787|0x00000000efb00000, 0x00000000efc00000, 0x00000000efc00000|100%| E|CS|TAMS 0x00000000efb00000| PB 0x00000000efb00000| Complete 
|1788|0x00000000efc00000, 0x00000000efd00000, 0x00000000efd00000|100%| E|CS|TAMS 0x00000000efc00000| PB 0x00000000efc00000| Complete 
|1789|0x00000000efd00000, 0x00000000efe00000, 0x00000000efe00000|100%| E|CS|TAMS 0x00000000efd00000| PB 0x00000000efd00000| Complete 
|1790|0x00000000efe00000, 0x00000000eff00000, 0x00000000eff00000|100%| E|CS|TAMS 0x00000000efe00000| PB 0x00000000efe00000| Complete 
|1791|0x00000000eff00000, 0x00000000f0000000, 0x00000000f0000000|100%| E|CS|TAMS 0x00000000eff00000| PB 0x00000000eff00000| Complete 
|1792|0x00000000f0000000, 0x00000000f0100000, 0x00000000f0100000|100%| E|CS|TAMS 0x00000000f0000000| PB 0x00000000f0000000| Complete 
|1793|0x00000000f0100000, 0x00000000f0200000, 0x00000000f0200000|100%| E|CS|TAMS 0x00000000f0100000| PB 0x00000000f0100000| Complete 
|1794|0x00000000f0200000, 0x00000000f0300000, 0x00000000f0300000|100%| E|CS|TAMS 0x00000000f0200000| PB 0x00000000f0200000| Complete 
|1795|0x00000000f0300000, 0x00000000f0400000, 0x00000000f0400000|100%| E|CS|TAMS 0x00000000f0300000| PB 0x00000000f0300000| Complete 
|1796|0x00000000f0400000, 0x00000000f0500000, 0x00000000f0500000|100%| E|CS|TAMS 0x00000000f0400000| PB 0x00000000f0400000| Complete 
|1797|0x00000000f0500000, 0x00000000f0600000, 0x00000000f0600000|100%| E|CS|TAMS 0x00000000f0500000| PB 0x00000000f0500000| Complete 
|1798|0x00000000f0600000, 0x00000000f0700000, 0x00000000f0700000|100%| E|CS|TAMS 0x00000000f0600000| PB 0x00000000f0600000| Complete 
|1799|0x00000000f0700000, 0x00000000f0800000, 0x00000000f0800000|100%| E|CS|TAMS 0x00000000f0700000| PB 0x00000000f0700000| Complete 
|1800|0x00000000f0800000, 0x00000000f0900000, 0x00000000f0900000|100%| E|CS|TAMS 0x00000000f0800000| PB 0x00000000f0800000| Complete 
|1801|0x00000000f0900000, 0x00000000f0a00000, 0x00000000f0a00000|100%| E|CS|TAMS 0x00000000f0900000| PB 0x00000000f0900000| Complete 
|1802|0x00000000f0a00000, 0x00000000f0b00000, 0x00000000f0b00000|100%| E|CS|TAMS 0x00000000f0a00000| PB 0x00000000f0a00000| Complete 
|1803|0x00000000f0b00000, 0x00000000f0c00000, 0x00000000f0c00000|100%| E|CS|TAMS 0x00000000f0b00000| PB 0x00000000f0b00000| Complete 
|1804|0x00000000f0c00000, 0x00000000f0d00000, 0x00000000f0d00000|100%| E|CS|TAMS 0x00000000f0c00000| PB 0x00000000f0c00000| Complete 
|1805|0x00000000f0d00000, 0x00000000f0e00000, 0x00000000f0e00000|100%| E|CS|TAMS 0x00000000f0d00000| PB 0x00000000f0d00000| Complete 
|1806|0x00000000f0e00000, 0x00000000f0f00000, 0x00000000f0f00000|100%| E|CS|TAMS 0x00000000f0e00000| PB 0x00000000f0e00000| Complete 
|1807|0x00000000f0f00000, 0x00000000f1000000, 0x00000000f1000000|100%| E|CS|TAMS 0x00000000f0f00000| PB 0x00000000f0f00000| Complete 
|1808|0x00000000f1000000, 0x00000000f1100000, 0x00000000f1100000|100%| E|CS|TAMS 0x00000000f1000000| PB 0x00000000f1000000| Complete 
|1809|0x00000000f1100000, 0x00000000f1200000, 0x00000000f1200000|100%| E|CS|TAMS 0x00000000f1100000| PB 0x00000000f1100000| Complete 
|1810|0x00000000f1200000, 0x00000000f1300000, 0x00000000f1300000|100%| E|CS|TAMS 0x00000000f1200000| PB 0x00000000f1200000| Complete 
|1811|0x00000000f1300000, 0x00000000f1400000, 0x00000000f1400000|100%| E|CS|TAMS 0x00000000f1300000| PB 0x00000000f1300000| Complete 
|1812|0x00000000f1400000, 0x00000000f1500000, 0x00000000f1500000|100%| E|CS|TAMS 0x00000000f1400000| PB 0x00000000f1400000| Complete 
|1813|0x00000000f1500000, 0x00000000f1600000, 0x00000000f1600000|100%| E|CS|TAMS 0x00000000f1500000| PB 0x00000000f1500000| Complete 
|1814|0x00000000f1600000, 0x00000000f1700000, 0x00000000f1700000|100%| E|CS|TAMS 0x00000000f1600000| PB 0x00000000f1600000| Complete 
|1815|0x00000000f1700000, 0x00000000f1800000, 0x00000000f1800000|100%| E|CS|TAMS 0x00000000f1700000| PB 0x00000000f1700000| Complete 
|1816|0x00000000f1800000, 0x00000000f1900000, 0x00000000f1900000|100%| E|CS|TAMS 0x00000000f1800000| PB 0x00000000f1800000| Complete 
|1817|0x00000000f1900000, 0x00000000f1a00000, 0x00000000f1a00000|100%| E|CS|TAMS 0x00000000f1900000| PB 0x00000000f1900000| Complete 
|1818|0x00000000f1a00000, 0x00000000f1b00000, 0x00000000f1b00000|100%| E|CS|TAMS 0x00000000f1a00000| PB 0x00000000f1a00000| Complete 
|1819|0x00000000f1b00000, 0x00000000f1c00000, 0x00000000f1c00000|100%| E|CS|TAMS 0x00000000f1b00000| PB 0x00000000f1b00000| Complete 
|1820|0x00000000f1c00000, 0x00000000f1d00000, 0x00000000f1d00000|100%| E|CS|TAMS 0x00000000f1c00000| PB 0x00000000f1c00000| Complete 
|1821|0x00000000f1d00000, 0x00000000f1e00000, 0x00000000f1e00000|100%| E|CS|TAMS 0x00000000f1d00000| PB 0x00000000f1d00000| Complete 
|1822|0x00000000f1e00000, 0x00000000f1f00000, 0x00000000f1f00000|100%| E|CS|TAMS 0x00000000f1e00000| PB 0x00000000f1e00000| Complete 
|1823|0x00000000f1f00000, 0x00000000f2000000, 0x00000000f2000000|100%| E|CS|TAMS 0x00000000f1f00000| PB 0x00000000f1f00000| Complete 
|1824|0x00000000f2000000, 0x00000000f2100000, 0x00000000f2100000|100%| E|CS|TAMS 0x00000000f2000000| PB 0x00000000f2000000| Complete 
|1825|0x00000000f2100000, 0x00000000f2200000, 0x00000000f2200000|100%| E|CS|TAMS 0x00000000f2100000| PB 0x00000000f2100000| Complete 
|1826|0x00000000f2200000, 0x00000000f2300000, 0x00000000f2300000|100%| E|CS|TAMS 0x00000000f2200000| PB 0x00000000f2200000| Complete 
|1827|0x00000000f2300000, 0x00000000f2400000, 0x00000000f2400000|100%| E|CS|TAMS 0x00000000f2300000| PB 0x00000000f2300000| Complete 
|1828|0x00000000f2400000, 0x00000000f2500000, 0x00000000f2500000|100%| E|CS|TAMS 0x00000000f2400000| PB 0x00000000f2400000| Complete 
|1829|0x00000000f2500000, 0x00000000f2600000, 0x00000000f2600000|100%| E|CS|TAMS 0x00000000f2500000| PB 0x00000000f2500000| Complete 
|1830|0x00000000f2600000, 0x00000000f2700000, 0x00000000f2700000|100%| E|CS|TAMS 0x00000000f2600000| PB 0x00000000f2600000| Complete 
|1831|0x00000000f2700000, 0x00000000f2800000, 0x00000000f2800000|100%| E|CS|TAMS 0x00000000f2700000| PB 0x00000000f2700000| Complete 
|1832|0x00000000f2800000, 0x00000000f2900000, 0x00000000f2900000|100%| E|CS|TAMS 0x00000000f2800000| PB 0x00000000f2800000| Complete 
|1833|0x00000000f2900000, 0x00000000f2a00000, 0x00000000f2a00000|100%| E|CS|TAMS 0x00000000f2900000| PB 0x00000000f2900000| Complete 
|1834|0x00000000f2a00000, 0x00000000f2b00000, 0x00000000f2b00000|100%| E|CS|TAMS 0x00000000f2a00000| PB 0x00000000f2a00000| Complete 
|1835|0x00000000f2b00000, 0x00000000f2c00000, 0x00000000f2c00000|100%| E|CS|TAMS 0x00000000f2b00000| PB 0x00000000f2b00000| Complete 
|1836|0x00000000f2c00000, 0x00000000f2d00000, 0x00000000f2d00000|100%| E|CS|TAMS 0x00000000f2c00000| PB 0x00000000f2c00000| Complete 
|1837|0x00000000f2d00000, 0x00000000f2e00000, 0x00000000f2e00000|100%| E|CS|TAMS 0x00000000f2d00000| PB 0x00000000f2d00000| Complete 
|1838|0x00000000f2e00000, 0x00000000f2f00000, 0x00000000f2f00000|100%| E|CS|TAMS 0x00000000f2e00000| PB 0x00000000f2e00000| Complete 
|1839|0x00000000f2f00000, 0x00000000f3000000, 0x00000000f3000000|100%| E|CS|TAMS 0x00000000f2f00000| PB 0x00000000f2f00000| Complete 
|1840|0x00000000f3000000, 0x00000000f3100000, 0x00000000f3100000|100%| E|CS|TAMS 0x00000000f3000000| PB 0x00000000f3000000| Complete 
|1841|0x00000000f3100000, 0x00000000f3200000, 0x00000000f3200000|100%| E|CS|TAMS 0x00000000f3100000| PB 0x00000000f3100000| Complete 
|1842|0x00000000f3200000, 0x00000000f3300000, 0x00000000f3300000|100%| E|CS|TAMS 0x00000000f3200000| PB 0x00000000f3200000| Complete 
|1843|0x00000000f3300000, 0x00000000f3400000, 0x00000000f3400000|100%| E|CS|TAMS 0x00000000f3300000| PB 0x00000000f3300000| Complete 
|1844|0x00000000f3400000, 0x00000000f3500000, 0x00000000f3500000|100%| E|CS|TAMS 0x00000000f3400000| PB 0x00000000f3400000| Complete 
|1845|0x00000000f3500000, 0x00000000f3600000, 0x00000000f3600000|100%| E|CS|TAMS 0x00000000f3500000| PB 0x00000000f3500000| Complete 
|1846|0x00000000f3600000, 0x00000000f3700000, 0x00000000f3700000|100%| E|CS|TAMS 0x00000000f3600000| PB 0x00000000f3600000| Complete 
|1847|0x00000000f3700000, 0x00000000f3800000, 0x00000000f3800000|100%| E|CS|TAMS 0x00000000f3700000| PB 0x00000000f3700000| Complete 
|1848|0x00000000f3800000, 0x00000000f3900000, 0x00000000f3900000|100%| E|CS|TAMS 0x00000000f3800000| PB 0x00000000f3800000| Complete 
|1849|0x00000000f3900000, 0x00000000f3a00000, 0x00000000f3a00000|100%| E|CS|TAMS 0x00000000f3900000| PB 0x00000000f3900000| Complete 
|1850|0x00000000f3a00000, 0x00000000f3b00000, 0x00000000f3b00000|100%| E|CS|TAMS 0x00000000f3a00000| PB 0x00000000f3a00000| Complete 
|1851|0x00000000f3b00000, 0x00000000f3c00000, 0x00000000f3c00000|100%| E|CS|TAMS 0x00000000f3b00000| PB 0x00000000f3b00000| Complete 
|1852|0x00000000f3c00000, 0x00000000f3d00000, 0x00000000f3d00000|100%| E|CS|TAMS 0x00000000f3c00000| PB 0x00000000f3c00000| Complete 
|1853|0x00000000f3d00000, 0x00000000f3e00000, 0x00000000f3e00000|100%| E|CS|TAMS 0x00000000f3d00000| PB 0x00000000f3d00000| Complete 
|1854|0x00000000f3e00000, 0x00000000f3f00000, 0x00000000f3f00000|100%| E|CS|TAMS 0x00000000f3e00000| PB 0x00000000f3e00000| Complete 
|1855|0x00000000f3f00000, 0x00000000f4000000, 0x00000000f4000000|100%| E|CS|TAMS 0x00000000f3f00000| PB 0x00000000f3f00000| Complete 
|1856|0x00000000f4000000, 0x00000000f4100000, 0x00000000f4100000|100%| E|CS|TAMS 0x00000000f4000000| PB 0x00000000f4000000| Complete 
|1857|0x00000000f4100000, 0x00000000f4200000, 0x00000000f4200000|100%| E|CS|TAMS 0x00000000f4100000| PB 0x00000000f4100000| Complete 
|1858|0x00000000f4200000, 0x00000000f4300000, 0x00000000f4300000|100%| E|CS|TAMS 0x00000000f4200000| PB 0x00000000f4200000| Complete 
|1859|0x00000000f4300000, 0x00000000f4400000, 0x00000000f4400000|100%| E|CS|TAMS 0x00000000f4300000| PB 0x00000000f4300000| Complete 
|1881|0x00000000f5900000, 0x00000000f5a00000, 0x00000000f5a00000|100%| E|CS|TAMS 0x00000000f5900000| PB 0x00000000f5900000| Complete 
|1882|0x00000000f5a00000, 0x00000000f5b00000, 0x00000000f5b00000|100%| E|CS|TAMS 0x00000000f5a00000| PB 0x00000000f5a00000| Complete 
|1883|0x00000000f5b00000, 0x00000000f5c00000, 0x00000000f5c00000|100%| E|CS|TAMS 0x00000000f5b00000| PB 0x00000000f5b00000| Complete 
|1884|0x00000000f5c00000, 0x00000000f5d00000, 0x00000000f5d00000|100%| E|CS|TAMS 0x00000000f5c00000| PB 0x00000000f5c00000| Complete 
|1885|0x00000000f5d00000, 0x00000000f5e00000, 0x00000000f5e00000|100%| E|CS|TAMS 0x00000000f5d00000| PB 0x00000000f5d00000| Complete 
|1886|0x00000000f5e00000, 0x00000000f5f00000, 0x00000000f5f00000|100%| E|CS|TAMS 0x00000000f5e00000| PB 0x00000000f5e00000| Complete 
|1887|0x00000000f5f00000, 0x00000000f6000000, 0x00000000f6000000|100%| E|CS|TAMS 0x00000000f5f00000| PB 0x00000000f5f00000| Complete 
|1888|0x00000000f6000000, 0x00000000f6100000, 0x00000000f6100000|100%| E|CS|TAMS 0x00000000f6000000| PB 0x00000000f6000000| Complete 
|1889|0x00000000f6100000, 0x00000000f6200000, 0x00000000f6200000|100%| E|CS|TAMS 0x00000000f6100000| PB 0x00000000f6100000| Complete 
|1890|0x00000000f6200000, 0x00000000f6300000, 0x00000000f6300000|100%| E|CS|TAMS 0x00000000f6200000| PB 0x00000000f6200000| Complete 
|1891|0x00000000f6300000, 0x00000000f6400000, 0x00000000f6400000|100%| E|CS|TAMS 0x00000000f6300000| PB 0x00000000f6300000| Complete 
|1892|0x00000000f6400000, 0x00000000f6500000, 0x00000000f6500000|100%| E|CS|TAMS 0x00000000f6400000| PB 0x00000000f6400000| Complete 
|1893|0x00000000f6500000, 0x00000000f6600000, 0x00000000f6600000|100%| E|CS|TAMS 0x00000000f6500000| PB 0x00000000f6500000| Complete 
|1894|0x00000000f6600000, 0x00000000f6700000, 0x00000000f6700000|100%| E|CS|TAMS 0x00000000f6600000| PB 0x00000000f6600000| Complete 
|1895|0x00000000f6700000, 0x00000000f6800000, 0x00000000f6800000|100%| E|CS|TAMS 0x00000000f6700000| PB 0x00000000f6700000| Complete 
|1896|0x00000000f6800000, 0x00000000f6900000, 0x00000000f6900000|100%| E|CS|TAMS 0x00000000f6800000| PB 0x00000000f6800000| Complete 
|1897|0x00000000f6900000, 0x00000000f6a00000, 0x00000000f6a00000|100%| E|CS|TAMS 0x00000000f6900000| PB 0x00000000f6900000| Complete 
|1898|0x00000000f6a00000, 0x00000000f6b00000, 0x00000000f6b00000|100%| E|CS|TAMS 0x00000000f6a00000| PB 0x00000000f6a00000| Complete 
|1899|0x00000000f6b00000, 0x00000000f6c00000, 0x00000000f6c00000|100%| E|CS|TAMS 0x00000000f6b00000| PB 0x00000000f6b00000| Complete 
|1900|0x00000000f6c00000, 0x00000000f6d00000, 0x00000000f6d00000|100%| E|CS|TAMS 0x00000000f6c00000| PB 0x00000000f6c00000| Complete 
|1901|0x00000000f6d00000, 0x00000000f6e00000, 0x00000000f6e00000|100%| E|CS|TAMS 0x00000000f6d00000| PB 0x00000000f6d00000| Complete 
|1907|0x00000000f7300000, 0x00000000f7400000, 0x00000000f7400000|100%| E|CS|TAMS 0x00000000f7300000| PB 0x00000000f7300000| Complete 
|1910|0x00000000f7600000, 0x00000000f7700000, 0x00000000f7700000|100%| E|CS|TAMS 0x00000000f7600000| PB 0x00000000f7600000| Complete 
|1911|0x00000000f7700000, 0x00000000f7800000, 0x00000000f7800000|100%| E|CS|TAMS 0x00000000f7700000| PB 0x00000000f7700000| Complete 
|1936|0x00000000f9000000, 0x00000000f9100000, 0x00000000f9100000|100%| E|CS|TAMS 0x00000000f9000000| PB 0x00000000f9000000| Complete 
|1937|0x00000000f9100000, 0x00000000f9200000, 0x00000000f9200000|100%| E|CS|TAMS 0x00000000f9100000| PB 0x00000000f9100000| Complete 
|1938|0x00000000f9200000, 0x00000000f9300000, 0x00000000f9300000|100%| E|CS|TAMS 0x00000000f9200000| PB 0x00000000f9200000| Complete 
|1939|0x00000000f9300000, 0x00000000f9400000, 0x00000000f9400000|100%| E|CS|TAMS 0x00000000f9300000| PB 0x00000000f9300000| Complete 
|1940|0x00000000f9400000, 0x00000000f9500000, 0x00000000f9500000|100%| E|CS|TAMS 0x00000000f9400000| PB 0x00000000f9400000| Complete 
|1948|0x00000000f9c00000, 0x00000000f9d00000, 0x00000000f9d00000|100%| E|CS|TAMS 0x00000000f9c00000| PB 0x00000000f9c00000| Complete 
|1949|0x00000000f9d00000, 0x00000000f9e00000, 0x00000000f9e00000|100%| E|CS|TAMS 0x00000000f9d00000| PB 0x00000000f9d00000| Complete 
|1950|0x00000000f9e00000, 0x00000000f9f00000, 0x00000000f9f00000|100%| E|CS|TAMS 0x00000000f9e00000| PB 0x00000000f9e00000| Complete 
|1969|0x00000000fb100000, 0x00000000fb200000, 0x00000000fb200000|100%| O|CS|TAMS 0x00000000fb100000| PB 0x00000000fb100000| Complete 
|1970|0x00000000fb200000, 0x00000000fb300000, 0x00000000fb300000|100%| O|CS|TAMS 0x00000000fb200000| PB 0x00000000fb200000| Complete 
|1971|0x00000000fb300000, 0x00000000fb400000, 0x00000000fb400000|100%| O|  |TAMS 0x00000000fb300000| PB 0x00000000fb300000| Untracked 
|1972|0x00000000fb400000, 0x00000000fb500000, 0x00000000fb500000|100%| O|  |TAMS 0x00000000fb400000| PB 0x00000000fb400000| Untracked 
|1973|0x00000000fb500000, 0x00000000fb600000, 0x00000000fb600000|100%| O|  |TAMS 0x00000000fb500000| PB 0x00000000fb500000| Untracked 
|1974|0x00000000fb600000, 0x00000000fb700000, 0x00000000fb700000|100%| O|  |TAMS 0x00000000fb600000| PB 0x00000000fb600000| Untracked 
|1975|0x00000000fb700000, 0x00000000fb800000, 0x00000000fb800000|100%| O|  |TAMS 0x00000000fb700000| PB 0x00000000fb700000| Untracked 
|1976|0x00000000fb800000, 0x00000000fb900000, 0x00000000fb900000|100%| O|  |TAMS 0x00000000fb800000| PB 0x00000000fb800000| Untracked 
|1977|0x00000000fb900000, 0x00000000fba00000, 0x00000000fba00000|100%| O|  |TAMS 0x00000000fb900000| PB 0x00000000fb900000| Untracked 
|1978|0x00000000fba00000, 0x00000000fbb00000, 0x00000000fbb00000|100%| O|  |TAMS 0x00000000fba00000| PB 0x00000000fba00000| Untracked 
|1979|0x00000000fbb00000, 0x00000000fbc00000, 0x00000000fbc00000|100%| O|  |TAMS 0x00000000fbb00000| PB 0x00000000fbb00000| Untracked 
|1980|0x00000000fbc00000, 0x00000000fbd00000, 0x00000000fbd00000|100%| O|  |TAMS 0x00000000fbc00000| PB 0x00000000fbc00000| Untracked 
|1981|0x00000000fbd00000, 0x00000000fbe00000, 0x00000000fbe00000|100%| O|  |TAMS 0x00000000fbd00000| PB 0x00000000fbd00000| Untracked 
|1982|0x00000000fbe00000, 0x00000000fbf00000, 0x00000000fbf00000|100%| O|  |TAMS 0x00000000fbe00000| PB 0x00000000fbe00000| Untracked 
|1983|0x00000000fbf00000, 0x00000000fc000000, 0x00000000fc000000|100%| O|  |TAMS 0x00000000fbf00000| PB 0x00000000fbf00000| Untracked 
|1984|0x00000000fc000000, 0x00000000fc100000, 0x00000000fc100000|100%| O|  |TAMS 0x00000000fc000000| PB 0x00000000fc000000| Untracked 
|1985|0x00000000fc100000, 0x00000000fc200000, 0x00000000fc200000|100%| O|  |TAMS 0x00000000fc100000| PB 0x00000000fc100000| Untracked 
|1986|0x00000000fc200000, 0x00000000fc300000, 0x00000000fc300000|100%| O|  |TAMS 0x00000000fc200000| PB 0x00000000fc200000| Untracked 
|1987|0x00000000fc300000, 0x00000000fc400000, 0x00000000fc400000|100%| O|  |TAMS 0x00000000fc300000| PB 0x00000000fc300000| Untracked 
|1988|0x00000000fc400000, 0x00000000fc500000, 0x00000000fc500000|100%| O|  |TAMS 0x00000000fc400000| PB 0x00000000fc400000| Untracked 
|1989|0x00000000fc500000, 0x00000000fc600000, 0x00000000fc600000|100%| O|  |TAMS 0x00000000fc500000| PB 0x00000000fc500000| Untracked 
|1990|0x00000000fc600000, 0x00000000fc700000, 0x00000000fc700000|100%| O|  |TAMS 0x00000000fc600000| PB 0x00000000fc600000| Untracked 
|1991|0x00000000fc700000, 0x00000000fc800000, 0x00000000fc800000|100%| O|  |TAMS 0x00000000fc700000| PB 0x00000000fc700000| Untracked 
|1992|0x00000000fc800000, 0x00000000fc900000, 0x00000000fc900000|100%| O|  |TAMS 0x00000000fc800000| PB 0x00000000fc800000| Untracked 
|1993|0x00000000fc900000, 0x00000000fca00000, 0x00000000fca00000|100%| O|Cm|TAMS 0x00000000fc900000| PB 0x00000000fc900000| Complete 
|1994|0x00000000fca00000, 0x00000000fcb00000, 0x00000000fcb00000|100%| O|  |TAMS 0x00000000fca00000| PB 0x00000000fca00000| Untracked 
|1995|0x00000000fcb00000, 0x00000000fcc00000, 0x00000000fcc00000|100%| O|CS|TAMS 0x00000000fcb00000| PB 0x00000000fcb00000| Complete 
|1996|0x00000000fcc00000, 0x00000000fcd00000, 0x00000000fcd00000|100%| O|Cm|TAMS 0x00000000fcc00000| PB 0x00000000fcc00000| Complete 
|1997|0x00000000fcd00000, 0x00000000fce00000, 0x00000000fce00000|100%| O|  |TAMS 0x00000000fcd00000| PB 0x00000000fcd00000| Untracked 
|1998|0x00000000fce00000, 0x00000000fcf00000, 0x00000000fcf00000|100%| O|  |TAMS 0x00000000fce00000| PB 0x00000000fce00000| Untracked 
|1999|0x00000000fcf00000, 0x00000000fd000000, 0x00000000fd000000|100%| O|  |TAMS 0x00000000fcf00000| PB 0x00000000fcf00000| Untracked 
|2000|0x00000000fd000000, 0x00000000fd100000, 0x00000000fd100000|100%| O|  |TAMS 0x00000000fd000000| PB 0x00000000fd000000| Untracked 
|2001|0x00000000fd100000, 0x00000000fd200000, 0x00000000fd200000|100%| O|  |TAMS 0x00000000fd100000| PB 0x00000000fd100000| Untracked 
|2002|0x00000000fd200000, 0x00000000fd300000, 0x00000000fd300000|100%| O|  |TAMS 0x00000000fd200000| PB 0x00000000fd200000| Untracked 
|2003|0x00000000fd300000, 0x00000000fd400000, 0x00000000fd400000|100%| O|  |TAMS 0x00000000fd300000| PB 0x00000000fd300000| Untracked 
|2004|0x00000000fd400000, 0x00000000fd500000, 0x00000000fd500000|100%| O|  |TAMS 0x00000000fd400000| PB 0x00000000fd400000| Untracked 
|2005|0x00000000fd500000, 0x00000000fd600000, 0x00000000fd600000|100%| O|  |TAMS 0x00000000fd500000| PB 0x00000000fd500000| Untracked 
|2006|0x00000000fd600000, 0x00000000fd700000, 0x00000000fd700000|100%| O|  |TAMS 0x00000000fd600000| PB 0x00000000fd600000| Untracked 
|2007|0x00000000fd700000, 0x00000000fd800000, 0x00000000fd800000|100%| O|  |TAMS 0x00000000fd700000| PB 0x00000000fd700000| Untracked 
|2008|0x00000000fd800000, 0x00000000fd900000, 0x00000000fd900000|100%| O|  |TAMS 0x00000000fd800000| PB 0x00000000fd800000| Untracked 
|2009|0x00000000fd900000, 0x00000000fda00000, 0x00000000fda00000|100%| O|  |TAMS 0x00000000fd900000| PB 0x00000000fd900000| Untracked 
|2010|0x00000000fda00000, 0x00000000fdb00000, 0x00000000fdb00000|100%| O|  |TAMS 0x00000000fda00000| PB 0x00000000fda00000| Untracked 
|2011|0x00000000fdb00000, 0x00000000fdc00000, 0x00000000fdc00000|100%| O|  |TAMS 0x00000000fdb00000| PB 0x00000000fdb00000| Untracked 
|2012|0x00000000fdc00000, 0x00000000fdd00000, 0x00000000fdd00000|100%| O|  |TAMS 0x00000000fdc00000| PB 0x00000000fdc00000| Untracked 
|2013|0x00000000fdd00000, 0x00000000fde00000, 0x00000000fde00000|100%| O|  |TAMS 0x00000000fdd00000| PB 0x00000000fdd00000| Untracked 
|2014|0x00000000fde00000, 0x00000000fdf00000, 0x00000000fdf00000|100%| O|  |TAMS 0x00000000fde00000| PB 0x00000000fde00000| Untracked 
|2015|0x00000000fdf00000, 0x00000000fe000000, 0x00000000fe000000|100%| O|  |TAMS 0x00000000fdf00000| PB 0x00000000fdf00000| Untracked 
|2016|0x00000000fe000000, 0x00000000fe100000, 0x00000000fe100000|100%| O|  |TAMS 0x00000000fe000000| PB 0x00000000fe000000| Untracked 
|2017|0x00000000fe100000, 0x00000000fe200000, 0x00000000fe200000|100%| E|CS|TAMS 0x00000000fe100000| PB 0x00000000fe100000| Complete 
|2018|0x00000000fe200000, 0x00000000fe300000, 0x00000000fe300000|100%| E|CS|TAMS 0x00000000fe200000| PB 0x00000000fe200000| Complete 
|2019|0x00000000fe300000, 0x00000000fe400000, 0x00000000fe400000|100%| E|CS|TAMS 0x00000000fe300000| PB 0x00000000fe300000| Complete 
|2020|0x00000000fe400000, 0x00000000fe500000, 0x00000000fe500000|100%| O|  |TAMS 0x00000000fe400000| PB 0x00000000fe400000| Untracked 
|2021|0x00000000fe500000, 0x00000000fe600000, 0x00000000fe600000|100%| O|  |TAMS 0x00000000fe500000| PB 0x00000000fe500000| Untracked 
|2022|0x00000000fe600000, 0x00000000fe700000, 0x00000000fe700000|100%| O|  |TAMS 0x00000000fe600000| PB 0x00000000fe600000| Untracked 
|2023|0x00000000fe700000, 0x00000000fe800000, 0x00000000fe800000|100%| O|  |TAMS 0x00000000fe700000| PB 0x00000000fe700000| Untracked 
|2024|0x00000000fe800000, 0x00000000fe900000, 0x00000000fe900000|100%| E|CS|TAMS 0x00000000fe800000| PB 0x00000000fe800000| Complete 
|2025|0x00000000fe900000, 0x00000000fea00000, 0x00000000fea00000|100%| O|  |TAMS 0x00000000fe900000| PB 0x00000000fe900000| Untracked 
|2026|0x00000000fea00000, 0x00000000feb00000, 0x00000000feb00000|100%| O|  |TAMS 0x00000000fea00000| PB 0x00000000fea00000| Untracked 
|2027|0x00000000feb00000, 0x00000000fec00000, 0x00000000fec00000|100%| O|  |TAMS 0x00000000feb00000| PB 0x00000000feb00000| Untracked 
|2028|0x00000000fec00000, 0x00000000fed00000, 0x00000000fed00000|100%| O|  |TAMS 0x00000000fec00000| PB 0x00000000fec00000| Untracked 
|2029|0x00000000fed00000, 0x00000000fee00000, 0x00000000fee00000|100%| E|CS|TAMS 0x00000000fed00000| PB 0x00000000fed00000| Complete 
|2030|0x00000000fee00000, 0x00000000fef00000, 0x00000000fef00000|100%| E|CS|TAMS 0x00000000fee00000| PB 0x00000000fee00000| Complete 
|2031|0x00000000fef00000, 0x00000000ff000000, 0x00000000ff000000|100%| E|CS|TAMS 0x00000000fef00000| PB 0x00000000fef00000| Complete 
|2032|0x00000000ff000000, 0x00000000ff100000, 0x00000000ff100000|100%| O|  |TAMS 0x00000000ff000000| PB 0x00000000ff000000| Untracked 
|2033|0x00000000ff100000, 0x00000000ff200000, 0x00000000ff200000|100%| E|CS|TAMS 0x00000000ff100000| PB 0x00000000ff100000| Complete 
|2034|0x00000000ff200000, 0x00000000ff300000, 0x00000000ff300000|100%| O|  |TAMS 0x00000000ff200000| PB 0x00000000ff200000| Untracked 
|2035|0x00000000ff300000, 0x00000000ff400000, 0x00000000ff400000|100%| E|CS|TAMS 0x00000000ff300000| PB 0x00000000ff300000| Complete 
|2036|0x00000000ff400000, 0x00000000ff500000, 0x00000000ff500000|100%| O|  |TAMS 0x00000000ff400000| PB 0x00000000ff400000| Untracked 
|2037|0x00000000ff500000, 0x00000000ff600000, 0x00000000ff600000|100%| E|CS|TAMS 0x00000000ff500000| PB 0x00000000ff500000| Complete 
|2038|0x00000000ff600000, 0x00000000ff700000, 0x00000000ff700000|100%| O|  |TAMS 0x00000000ff600000| PB 0x00000000ff600000| Untracked 
|2039|0x00000000ff700000, 0x00000000ff800000, 0x00000000ff800000|100%| O|  |TAMS 0x00000000ff700000| PB 0x00000000ff700000| Untracked 
|2040|0x00000000ff800000, 0x00000000ff900000, 0x00000000ff900000|100%| E|CS|TAMS 0x00000000ff800000| PB 0x00000000ff800000| Complete 
|2041|0x00000000ff900000, 0x00000000ffa00000, 0x00000000ffa00000|100%| E|CS|TAMS 0x00000000ff900000| PB 0x00000000ff900000| Complete 
|2042|0x00000000ffa00000, 0x00000000ffb00000, 0x00000000ffb00000|100%| O|  |TAMS 0x00000000ffa00000| PB 0x00000000ffa00000| Untracked 
|2043|0x00000000ffb00000, 0x00000000ffc00000, 0x00000000ffc00000|100%| O|  |TAMS 0x00000000ffb00000| PB 0x00000000ffb00000| Untracked 
|2044|0x00000000ffc00000, 0x00000000ffd00000, 0x00000000ffd00000|100%| O|  |TAMS 0x00000000ffc00000| PB 0x00000000ffc00000| Untracked 
|2045|0x00000000ffd00000, 0x00000000ffe00000, 0x00000000ffe00000|100%| O|  |TAMS 0x00000000ffd00000| PB 0x00000000ffd00000| Untracked 
|2046|0x00000000ffe00000, 0x00000000fff00000, 0x00000000fff00000|100%| E|CS|TAMS 0x00000000ffe00000| PB 0x00000000ffe00000| Complete 
|2047|0x00000000fff00000, 0x0000000100000000, 0x0000000100000000|100%| O|  |TAMS 0x00000000fff00000| PB 0x00000000fff00000| Untracked 

Card table byte_map: [0x000001af6cab0000,0x000001af6ceb0000] _byte_map_base: 0x000001af6c6b0000

Marking Bits: (CMBitMap*) 0x000001af5a279a00
 Bits: [0x000001af6ceb0000, 0x000001af6eeb0000)

Polling page: 0x000001af599f0000

Metaspace:

Usage:
  Non-class:    260.07 MB used.
      Class:     33.51 MB used.
       Both:    293.58 MB used.

Virtual space:
  Non-class space:      320.00 MB reserved,     261.31 MB ( 82%) committed,  5 nodes.
      Class space:        1.00 GB reserved,      34.88 MB (  3%) committed,  1 nodes.
             Both:        1.31 GB reserved,     296.19 MB ( 22%) committed. 

Chunk freelists:
   Non-Class:  10.60 MB
       Class:  13.17 MB
        Both:  23.76 MB

MaxMetaspaceSize: unlimited
CompressedClassSpaceSize: 1.00 GB
Initial GC threshold: 21.00 MB
Current GC threshold: 484.81 MB
CDS: off
 - commit_granule_bytes: 65536.
 - commit_granule_words: 8192.
 - virtual_space_node_default_size: 8388608.
 - enlarge_chunks_in_place: 1.
 - use_allocation_guard: 0.


Internal statistics:

num_allocs_failed_limit: 9.
num_arena_births: 11622.
num_arena_deaths: 6564.
num_vsnodes_births: 6.
num_vsnodes_deaths: 0.
num_space_committed: 10682.
num_space_uncommitted: 1433.
num_chunks_returned_to_freelist: 36529.
num_chunks_taken_from_freelist: 57304.
num_chunk_merges: 10090.
num_chunk_splits: 29254.
num_chunks_enlarged: 19744.
num_inconsistent_stats: 0.

CodeHeap 'non-profiled nmethods': size=120000Kb used=54755Kb max_used=54755Kb free=65244Kb
 bounds [0x000001af64e50000, 0x000001af683e0000, 0x000001af6c380000]
CodeHeap 'profiled nmethods': size=120000Kb used=49391Kb max_used=63633Kb free=70608Kb
 bounds [0x000001af5d380000, 0x000001af611b0000, 0x000001af648b0000]
CodeHeap 'non-nmethods': size=5760Kb used=2614Kb max_used=2700Kb free=3145Kb
 bounds [0x000001af648b0000, 0x000001af64b70000, 0x000001af64e50000]
 total_blobs=27982 nmethods=26966 adapters=918
 compilation: enabled
              stopped_count=0, restarted_count=0
 full_count=0

Compilation events (20 events):
Event: 17102.117 Thread 0x000001af71abd830 nmethod 106500 0x000001af5eb91810 code [0x000001af5eb91a20, 0x000001af5eb91f10]
Event: 17108.930 Thread 0x000001af71accfe0 106501       4       android.databinding.tool.util.RelativizableFile::<init> (163 bytes)
Event: 17115.324 Thread 0x000001af71accfe0 nmethod 106501 0x000001af6789b390 code [0x000001af6789b5e0, 0x000001af6789c3e8]
Event: 17115.377 Thread 0x000001af71accfe0 106503       4       java.util.concurrent.atomic.AtomicBoolean::<init> (5 bytes)
Event: 17115.576 Thread 0x000001af71accfe0 nmethod 106503 0x000001af66996010 code [0x000001af669961a0, 0x000001af66996228]
Event: 17115.578 Thread 0x000001af71accfe0 106502       4       com.android.tools.r8.internal.Rr::<init> (13 bytes)
Event: 17116.023 Thread 0x000001af71accfe0 nmethod 106502 0x000001af66995890 code [0x000001af66995a40, 0x000001af66995d50]
Event: 17123.059 Thread 0x000001af71accfe0 106504       4       com.google.common.cache.LocalCache$Segment::evictEntries (106 bytes)
Event: 17123.256 Thread 0x000001af71accfe0 nmethod 106504 0x000001af67323b90 code [0x000001af67323d20, 0x000001af67323df8]
Event: 17131.280 Thread 0x000001af71accfe0 106505       4       org.mozilla.universalchardet.prober.distributionanalysis.GB2312DistributionAnalysis::getOrder (52 bytes)
Event: 17131.357 Thread 0x000001af71accfe0 nmethod 106505 0x000001af67323810 code [0x000001af673239a0, 0x000001af67323ac0]
Event: 17131.402 Thread 0x000001af71accfe0 106506       4       com.sun.org.apache.xpath.internal.compiler.XPathParser::nextToken (104 bytes)
Event: 17131.476 Thread 0x000001af71accfe0 nmethod 106506 0x000001af67322f90 code [0x000001af67323140, 0x000001af673234b0]
Event: 17131.478 Thread 0x000001af71accfe0 106507       4       com.sun.org.apache.xml.internal.utils.ObjectStack::push (77 bytes)
Event: 17131.485 Thread 0x000001af71accfe0 nmethod 106507 0x000001af66679290 code [0x000001af66679420, 0x000001af66679648]
Event: 17131.486 Thread 0x000001af71accfe0 106508       4       com.sun.org.apache.xpath.internal.axes.PredicatedNodeTest::clone (74 bytes)
Event: 17131.512 Thread 0x000001af71accfe0 nmethod 106508 0x000001af66678c90 code [0x000001af66678e40, 0x000001af666790d8]
Event: 17131.633 Thread 0x000001af71accfe0 106509       4       com.sun.org.apache.xpath.internal.axes.WalkerFactory::mightBeProximate (282 bytes)
Event: 17131.646 Thread 0x000001af71accfe0 nmethod 106509 0x000001af66678690 code [0x000001af66678840, 0x000001af66678a08]
Event: 17131.646 Thread 0x000001af71accfe0 106510       4       com.sun.org.apache.xml.internal.dtm.ref.ExpandedNameTable::<init> (57 bytes)

GC Heap History (20 events):
Event: 16838.356 GC heap after
{Heap after GC invocations=725 (full 0):
 garbage-first heap   total 1970176K, used 771072K [0x0000000080000000, 0x0000000100000000)
  region size 1024K, 120 young (122880K), 120 survivors (122880K)
 Metaspace       used 300536K, committed 303168K, reserved 1376256K
  class space    used 34318K, committed 35712K, reserved 1048576K
}
Event: 16838.360 GC heap before
{Heap before GC invocations=725 (full 0):
 garbage-first heap   total 1970176K, used 772096K [0x0000000080000000, 0x0000000100000000)
  region size 1024K, 121 young (123904K), 120 survivors (122880K)
 Metaspace       used 300536K, committed 303168K, reserved 1376256K
  class space    used 34318K, committed 35712K, reserved 1048576K
}
Event: 16838.589 GC heap after
{Heap after GC invocations=726 (full 0):
 garbage-first heap   total 1970176K, used 768000K [0x0000000080000000, 0x0000000100000000)
  region size 1024K, 2 young (2048K), 2 survivors (2048K)
 Metaspace       used 300536K, committed 303168K, reserved 1376256K
  class space    used 34318K, committed 35712K, reserved 1048576K
}
Event: 16839.228 GC heap before
{Heap before GC invocations=726 (full 0):
 garbage-first heap   total 1970176K, used 1030144K [0x0000000080000000, 0x0000000100000000)
  region size 1024K, 251 young (257024K), 2 survivors (2048K)
 Metaspace       used 300536K, committed 303168K, reserved 1376256K
  class space    used 34318K, committed 35712K, reserved 1048576K
}
Event: 16839.252 GC heap after
{Heap after GC invocations=727 (full 0):
 garbage-first heap   total 2021376K, used 796672K [0x0000000080000000, 0x0000000100000000)
  region size 1024K, 20 young (20480K), 20 survivors (20480K)
 Metaspace       used 300536K, committed 303168K, reserved 1376256K
  class space    used 34318K, committed 35712K, reserved 1048576K
}
Event: 16839.262 GC heap before
{Heap before GC invocations=727 (full 0):
 garbage-first heap   total 2021376K, used 804864K [0x0000000080000000, 0x0000000100000000)
  region size 1024K, 29 young (29696K), 20 survivors (20480K)
 Metaspace       used 300536K, committed 303168K, reserved 1376256K
  class space    used 34318K, committed 35712K, reserved 1048576K
}
Event: 16839.290 GC heap after
{Heap after GC invocations=728 (full 0):
 garbage-first heap   total 2021376K, used 798720K [0x0000000080000000, 0x0000000100000000)
  region size 1024K, 22 young (22528K), 22 survivors (22528K)
 Metaspace       used 300536K, committed 303168K, reserved 1376256K
  class space    used 34318K, committed 35712K, reserved 1048576K
}
Event: 16841.591 GC heap before
{Heap before GC invocations=728 (full 0):
 garbage-first heap   total 1922048K, used 770048K [0x0000000080000000, 0x0000000100000000)
  region size 1024K, 213 young (218112K), 22 survivors (22528K)
 Metaspace       used 281340K, committed 295424K, reserved 1376256K
  class space    used 32375K, committed 35712K, reserved 1048576K
}
Event: 16841.629 GC heap after
{Heap after GC invocations=729 (full 0):
 garbage-first heap   total 1922048K, used 585472K [0x0000000080000000, 0x0000000100000000)
  region size 1024K, 27 young (27648K), 27 survivors (27648K)
 Metaspace       used 281340K, committed 295424K, reserved 1376256K
  class space    used 32375K, committed 35712K, reserved 1048576K
}
Event: 16841.923 GC heap before
{Heap before GC invocations=729 (full 0):
 garbage-first heap   total 1922048K, used 804608K [0x0000000080000000, 0x0000000100000000)
  region size 1024K, 207 young (211968K), 27 survivors (27648K)
 Metaspace       used 281340K, committed 295424K, reserved 1376256K
  class space    used 32375K, committed 35712K, reserved 1048576K
}
Event: 16841.968 GC heap after
{Heap after GC invocations=730 (full 0):
 garbage-first heap   total 1922048K, used 615886K [0x0000000080000000, 0x0000000100000000)
  region size 1024K, 5 young (5120K), 5 survivors (5120K)
 Metaspace       used 281340K, committed 295424K, reserved 1376256K
  class space    used 32375K, committed 35712K, reserved 1048576K
}
Event: 16857.071 GC heap before
{Heap before GC invocations=731 (full 0):
 garbage-first heap   total 1922048K, used 983502K [0x0000000080000000, 0x0000000100000000)
  region size 1024K, 333 young (340992K), 5 survivors (5120K)
 Metaspace       used 285622K, committed 295424K, reserved 1376256K
  class space    used 32746K, committed 35712K, reserved 1048576K
}
Event: 16857.104 GC heap after
{Heap after GC invocations=732 (full 0):
 garbage-first heap   total 1922048K, used 620009K [0x0000000080000000, 0x0000000100000000)
  region size 1024K, 39 young (39936K), 39 survivors (39936K)
 Metaspace       used 285622K, committed 295424K, reserved 1376256K
  class space    used 32746K, committed 35712K, reserved 1048576K
}
Event: 16867.832 GC heap before
{Heap before GC invocations=732 (full 0):
 garbage-first heap   total 1922048K, used 1074665K [0x0000000080000000, 0x0000000100000000)
  region size 1024K, 480 young (491520K), 39 survivors (39936K)
 Metaspace       used 295321K, committed 298368K, reserved 1376256K
  class space    used 33919K, committed 35712K, reserved 1048576K
}
Event: 16867.853 GC heap after
{Heap after GC invocations=733 (full 0):
 garbage-first heap   total 1922048K, used 592969K [0x0000000080000000, 0x0000000100000000)
  region size 1024K, 22 young (22528K), 22 survivors (22528K)
 Metaspace       used 295321K, committed 298368K, reserved 1376256K
  class space    used 33919K, committed 35712K, reserved 1048576K
}
Event: 16868.407 GC heap before
{Heap before GC invocations=733 (full 0):
 garbage-first heap   total 1922048K, used 1377353K [0x0000000080000000, 0x0000000100000000)
  region size 1024K, 786 young (804864K), 22 survivors (22528K)
 Metaspace       used 295353K, committed 298368K, reserved 1376256K
  class space    used 33919K, committed 35712K, reserved 1048576K
}
Event: 16868.432 GC heap after
{Heap after GC invocations=734 (full 0):
 garbage-first heap   total 1922048K, used 588284K [0x0000000080000000, 0x0000000100000000)
  region size 1024K, 32 young (32768K), 32 survivors (32768K)
 Metaspace       used 295353K, committed 298368K, reserved 1376256K
  class space    used 33919K, committed 35712K, reserved 1048576K
}
Event: 16869.305 GC heap before
{Heap before GC invocations=734 (full 0):
 garbage-first heap   total 1922048K, used 1582588K [0x0000000080000000, 0x0000000100000000)
  region size 1024K, 987 young (1010688K), 32 survivors (32768K)
 Metaspace       used 295356K, committed 298368K, reserved 1376256K
  class space    used 33919K, committed 35712K, reserved 1048576K
}
Event: 16869.344 GC heap after
{Heap after GC invocations=735 (full 0):
 garbage-first heap   total 1922048K, used 590178K [0x0000000080000000, 0x0000000100000000)
  region size 1024K, 45 young (46080K), 45 survivors (46080K)
 Metaspace       used 295356K, committed 298368K, reserved 1376256K
  class space    used 33919K, committed 35712K, reserved 1048576K
}
Event: 17131.664 GC heap before
{Heap before GC invocations=735 (full 0):
 garbage-first heap   total 1922048K, used 1889634K [0x0000000080000000, 0x0000000100000000)
  region size 1024K, 1045 young (1070080K), 45 survivors (46080K)
 Metaspace       used 300627K, committed 303296K, reserved 1376256K
  class space    used 34317K, committed 35712K, reserved 1048576K
}

Dll operation events (20 events):
Event: 5701.387 Unloaded dll "C:\Users\77012\AppData\Local\Temp\sqlite-3.41.2.2-af4be2c3-9ee4-4c45-9b0c-0182f0df0e98-sqlitejdbc.dll" [0x00007ffcad920000]
Event: 8008.912 Unloaded dll "C:\Users\77012\AppData\Local\Temp\sqlite-3.41.2.2-e0e02b08-2630-41c6-97b0-7684757c8afd-sqlitejdbc.dll" [0x00007ffcac8f0000]
Event: 8008.923 Unloaded dll "C:\Users\77012\AppData\Local\Temp\sqlite-3.41.2.2-7acdb2ff-df45-42cb-90e5-f561d3c8ccba-sqlitejdbc.dll" [0x00007ffcac580000]
Event: 8008.927 Unloaded dll "C:\Users\77012\AppData\Local\Temp\sqlite-3.41.2.2-8fff407b-8407-403f-8863-41fe8aa75cdb-sqlitejdbc.dll" [0x00007ffcac670000]
Event: 8008.934 Unloaded dll "C:\Users\77012\AppData\Local\Temp\sqlite-3.41.2.2-a4dab06d-f464-4e03-ac15-cd42ac23932d-sqlitejdbc.dll" [0x00007ffcaddb0000]
Event: 9622.039 Unloaded dll "C:\Users\77012\AppData\Local\Temp\sqlite-3.41.2.2-36a26706-cbe3-4545-b952-504486724054-sqlitejdbc.dll" [0x00007ffcba1b0000]
Event: 10043.358 Unloaded dll "C:\Users\77012\AppData\Local\Temp\sqlite-3.41.2.2-9da250ec-637c-4e29-bda3-d8db88e725a1-sqlitejdbc.dll" [0x00007ffcb9d50000]
Event: 11836.290 Unloaded dll "C:\Users\77012\AppData\Local\Temp\sqlite-3.41.2.2-72a598be-232d-4bd0-8a60-a9b2dbe1d83c-sqlitejdbc.dll" [0x00007ffcba1b0000]
Event: 11836.294 Unloaded dll "C:\Users\77012\AppData\Local\Temp\sqlite-3.41.2.2-fa8b5cb0-d95a-408e-abd6-1d230e768770-sqlitejdbc.dll" [0x00007ffcb9ea0000]
Event: 11836.297 Unloaded dll "C:\Users\77012\AppData\Local\Temp\sqlite-3.41.2.2-f7e7aaec-95b7-4a02-a8f8-fbbafce540b2-sqlitejdbc.dll" [0x00007ffcaddb0000]
Event: 12565.407 Unloaded dll "C:\Users\77012\AppData\Local\Temp\sqlite-3.41.2.2-e8555a19-bba5-4193-b666-e5f9dd7c7cc6-sqlitejdbc.dll" [0x00007ffcd8b60000]
Event: 13336.538 Unloaded dll "C:\Users\77012\AppData\Local\Temp\sqlite-3.41.2.2-46d62791-a7d7-430a-899a-dc00fe9366c0-sqlitejdbc.dll" [0x00007ffcba1b0000]
Event: 14330.036 Unloaded dll "C:\Users\77012\AppData\Local\Temp\sqlite-3.41.2.2-677fd1a5-131b-42ea-b151-d884e55034c2-sqlitejdbc.dll" [0x00007ffcb9ea0000]
Event: 14749.949 Unloaded dll "C:\Users\77012\AppData\Local\Temp\sqlite-3.41.2.2-fa912f3e-6888-4566-a45b-812e9ba7340b-sqlitejdbc.dll" [0x00007ffcadd10000]
Event: 15351.564 Unloaded dll "C:\Users\77012\AppData\Local\Temp\sqlite-3.41.2.2-bcc51ad7-55f6-4ff1-a8cf-2c02cac6ad9b-sqlitejdbc.dll" [0x00007ffcba1b0000]
Event: 15351.573 Unloaded dll "C:\Users\77012\AppData\Local\Temp\sqlite-3.41.2.2-62e332c2-8e55-441a-b600-da68d9bb3d56-sqlitejdbc.dll" [0x00007ffcd8ba0000]
Event: 15399.043 Unloaded dll "C:\Users\77012\AppData\Local\Temp\sqlite-3.41.2.2-754cfad1-0c6e-416c-b3fc-c0c2cc30eb47-sqlitejdbc.dll" [0x00007ffcad920000]
Event: 16007.120 Unloaded dll "C:\Users\77012\AppData\Local\Temp\sqlite-3.41.2.2-f6be7df1-cb9c-4df2-ac28-95b8ce74735c-sqlitejdbc.dll" [0x00007ffcb9ea0000]
Event: 16360.891 Unloaded dll "C:\Users\77012\AppData\Local\Temp\sqlite-3.41.2.2-4cac1410-957d-44d6-94c7-bcd01a3c328f-sqlitejdbc.dll" [0x00007ffcccf30000]
Event: 16841.558 Unloaded dll "C:\Users\77012\AppData\Local\Temp\sqlite-3.41.2.2-7a1b79c7-427c-4c77-b9b0-b23caab581f0-sqlitejdbc.dll" [0x00007ffcd8ba0000]

Deoptimization events (20 events):
Event: 16870.794 Thread 0x000001af06766bd0 DEOPT UNPACKING pc=0x000001af64907da2 sp=0x0000007b5b1fd648 mode 2
Event: 16870.794 Thread 0x000001af7e0a0510 DEOPT UNPACKING pc=0x000001af64907da2 sp=0x0000007b5a3fd558 mode 2
Event: 16870.794 Thread 0x000001af079d86c0 DEOPT PACKING pc=0x000001af6810e3f4 sp=0x0000007b5a9fda90
Event: 16870.794 Thread 0x000001af079da790 Uncommon trap: trap_request=0xffffffbe fr.pc=0x000001af6810e3f4 relative=0x0000000000001794
Event: 16870.794 Thread 0x000001af079da790 Uncommon trap: reason=profile_predicate action=maybe_recompile pc=0x000001af6810e3f4 method=java.util.concurrent.ConcurrentHashMap$Traverser.advance()Ljava/util/concurrent/ConcurrentHashMap$Node; @ 15 c2
Event: 16870.794 Thread 0x000001af079da790 DEOPT PACKING pc=0x000001af6810e3f4 sp=0x0000007b5a8fdbe0
Event: 16870.794 Thread 0x000001af079da790 DEOPT UNPACKING pc=0x000001af64907da2 sp=0x0000007b5a8fd998 mode 2
Event: 16870.829 Thread 0x000001af079d86c0 DEOPT UNPACKING pc=0x000001af64907da2 sp=0x0000007b5a9fd848 mode 2
Event: 16872.147 Thread 0x000001af06768ca0 DEOPT PACKING pc=0x000001af5d5d1bc2 sp=0x0000007b55dfd830
Event: 16872.147 Thread 0x000001af06768ca0 DEOPT UNPACKING pc=0x000001af649088e2 sp=0x0000007b55dfccf8 mode 0
Event: 17081.288 Thread 0x000001af7d475c40 DEOPT PACKING pc=0x000001af5db601a2 sp=0x0000007b55dfb3d0
Event: 17081.291 Thread 0x000001af7d475c40 DEOPT UNPACKING pc=0x000001af649088e2 sp=0x0000007b55dfa8b8 mode 0
Event: 17081.725 Thread 0x000001af7e0a0ba0 Uncommon trap: trap_request=0xffffffbe fr.pc=0x000001af6789e7e4 relative=0x0000000000001984
Event: 17081.725 Thread 0x000001af7d475c40 Uncommon trap: trap_request=0xffffffbe fr.pc=0x000001af6789e7e4 relative=0x0000000000001984
Event: 17081.725 Thread 0x000001af7e0a0ba0 Uncommon trap: reason=profile_predicate action=maybe_recompile pc=0x000001af6789e7e4 method=com.sun.crypto.provider.AESCrypt.makeSessionKey([B)V @ 538 c2
Event: 17081.725 Thread 0x000001af7e0a0ba0 DEOPT PACKING pc=0x000001af6789e7e4 sp=0x0000007b577fdda0
Event: 17081.725 Thread 0x000001af7d475c40 Uncommon trap: reason=profile_predicate action=maybe_recompile pc=0x000001af6789e7e4 method=com.sun.crypto.provider.AESCrypt.makeSessionKey([B)V @ 538 c2
Event: 17081.725 Thread 0x000001af7d475c40 DEOPT PACKING pc=0x000001af6789e7e4 sp=0x0000007b55df9300
Event: 17081.726 Thread 0x000001af7e0a0ba0 DEOPT UNPACKING pc=0x000001af64907da2 sp=0x0000007b577fdd48 mode 2
Event: 17081.727 Thread 0x000001af7d475c40 DEOPT UNPACKING pc=0x000001af64907da2 sp=0x0000007b55df92a8 mode 2

Classes loaded (20 events):
Event: 6069.844 Loading class java/util/Collections$ReverseComparator2
Event: 6069.846 Loading class java/util/Collections$ReverseComparator2 done
Event: 6079.935 Loading class java/lang/foreign/ValueLayout
Event: 6079.938 Loading class java/lang/foreign/MemoryLayout
Event: 6079.939 Loading class java/lang/foreign/MemoryLayout done
Event: 6079.939 Loading class java/lang/foreign/ValueLayout done
Event: 6086.429 Loading class com/sun/beans/finder/MethodFinder
Event: 6086.430 Loading class com/sun/beans/finder/AbstractFinder
Event: 6086.431 Loading class com/sun/beans/finder/AbstractFinder done
Event: 6086.431 Loading class com/sun/beans/finder/MethodFinder done
Event: 6086.431 Loading class com/sun/beans/finder/MethodFinder$1
Event: 6086.431 Loading class com/sun/beans/finder/MethodFinder$1 done
Event: 6086.431 Loading class com/sun/beans/finder/FinderUtils
Event: 6086.431 Loading class com/sun/beans/finder/FinderUtils done
Event: 6092.449 Loading class java/util/regex/Pattern$Caret
Event: 6092.452 Loading class java/util/regex/Pattern$Caret done
Event: 15390.430 Loading class jdk/internal/math/FloatToDecimal
Event: 15390.434 Loading class jdk/internal/math/FloatToDecimal done
Event: 16002.536 Loading class com/sun/org/apache/xerces/internal/impl/validation/EntityState
Event: 16002.558 Loading class com/sun/org/apache/xerces/internal/impl/validation/EntityState done

Classes unloaded (20 events):
Event: 16840.352 Thread 0x000001af7192b030 Unloading class 0x0000000101cd6d48 'kotlin/Lazy'
Event: 16840.352 Thread 0x000001af7192b030 Unloading class 0x0000000101cd6ad8 'kotlin/NoWhenBranchMatchedException'
Event: 16840.352 Thread 0x000001af7192b030 Unloading class 0x0000000101cd68c0 'kotlin/LazyKt'
Event: 16840.352 Thread 0x000001af7192b030 Unloading class 0x0000000101cd66a8 'kotlin/LazyKt__LazyKt'
Event: 16840.352 Thread 0x000001af7192b030 Unloading class 0x0000000101cd6490 'kotlin/LazyKt__LazyJVMKt'
Event: 16840.352 Thread 0x000001af7192b030 Unloading class 0x0000000101cd6238 'androidx/room/compiler/processing/javac/JavacBasicAnnotationProcessor$xEnv$2'
Event: 16840.352 Thread 0x000001af7192b030 Unloading class 0x0000000101cd6000 'kotlin/jvm/internal/Lambda'
Event: 16840.352 Thread 0x000001af7192b030 Unloading class 0x0000000100720d58 'kotlin/jvm/internal/FunctionBase'
Event: 16840.352 Thread 0x000001af7192b030 Unloading class 0x0000000100720b48 'kotlin/jvm/functions/Function0'
Event: 16840.352 Thread 0x000001af7192b030 Unloading class 0x00000001007208d8 'kotlin/UninitializedPropertyAccessException'
Event: 16840.352 Thread 0x000001af7192b030 Unloading class 0x0000000100720660 'kotlin/KotlinNullPointerException'
Event: 16840.352 Thread 0x000001af7192b030 Unloading class 0x0000000100720448 'kotlin/jvm/internal/Intrinsics'
Event: 16840.352 Thread 0x000001af7192b030 Unloading class 0x0000000100720218 'androidx/room/RoomProcessor$$Lambda+0x0000000100720218'
Event: 16840.352 Thread 0x000001af7192b030 Unloading class 0x0000000100720000 'androidx/room/compiler/processing/XProcessingEnvConfig'
Event: 16840.352 Thread 0x000001af7192b030 Unloading class 0x0000000100200d00 'kotlin/jvm/functions/Function1'
Event: 16840.352 Thread 0x000001af7192b030 Unloading class 0x0000000100200af0 'kotlin/Function'
Event: 16840.352 Thread 0x000001af7192b030 Unloading class 0x0000000100200800 'androidx/room/RoomProcessor'
Event: 16840.352 Thread 0x000001af7192b030 Unloading class 0x00000001007234a8 'androidx/room/compiler/processing/javac/JavacBasicAnnotationProcessor'
Event: 16840.352 Thread 0x000001af7192b030 Unloading class 0x0000000100723298 'androidx/room/compiler/processing/XBasicAnnotationProcessor'
Event: 16840.352 Thread 0x000001af7192b030 Unloading class 0x0000000100723000 'com/bumptech/glide/annotation/compiler/GlideAnnotationProcessor'

Classes redefined (0 events):
No events

Internal exceptions (20 events):
Event: 17131.561 Thread 0x000001af7c5a1100 Exception <a 'sun/nio/fs/WindowsException'{0x00000000b01eb540}> (0x00000000b01eb540) 
thrown [s\src\hotspot\share\prims\jni.cpp, line 535]
Event: 17131.566 Thread 0x000001af7c5a7370 Exception <a 'sun/nio/fs/WindowsException'{0x00000000b00fdc58}> (0x00000000b00fdc58) 
thrown [s\src\hotspot\share\prims\jni.cpp, line 535]
Event: 17131.571 Thread 0x000001af7c5a1100 Exception <a 'sun/nio/fs/WindowsException'{0x00000000aff46cb0}> (0x00000000aff46cb0) 
thrown [s\src\hotspot\share\prims\jni.cpp, line 535]
Event: 17131.574 Thread 0x000001af7c5a1100 Exception <a 'sun/nio/fs/WindowsException'{0x00000000aff4f430}> (0x00000000aff4f430) 
thrown [s\src\hotspot\share\prims\jni.cpp, line 535]
Event: 17131.574 Thread 0x000001af7c5a7370 Exception <a 'sun/nio/fs/WindowsException'{0x00000000afe31ce8}> (0x00000000afe31ce8) 
thrown [s\src\hotspot\share\prims\jni.cpp, line 535]
Event: 17131.588 Thread 0x000001af7c5a1100 Exception <a 'sun/nio/fs/WindowsException'{0x00000000afeaec50}> (0x00000000afeaec50) 
thrown [s\src\hotspot\share\prims\jni.cpp, line 535]
Event: 17131.592 Thread 0x000001af7c5a7370 Exception <a 'sun/nio/fs/WindowsException'{0x00000000afd21910}> (0x00000000afd21910) 
thrown [s\src\hotspot\share\prims\jni.cpp, line 535]
Event: 17131.593 Thread 0x000001af7c5a1100 Exception <a 'sun/nio/fs/WindowsException'{0x00000000afec0018}> (0x00000000afec0018) 
thrown [s\src\hotspot\share\prims\jni.cpp, line 535]
Event: 17131.598 Thread 0x000001af7c5a1100 Exception <a 'sun/nio/fs/WindowsException'{0x00000000afec14f0}> (0x00000000afec14f0) 
thrown [s\src\hotspot\share\prims\jni.cpp, line 535]
Event: 17131.601 Thread 0x000001af7c5a1100 Exception <a 'sun/nio/fs/WindowsException'{0x00000000afec28f8}> (0x00000000afec28f8) 
thrown [s\src\hotspot\share\prims\jni.cpp, line 535]
Event: 17131.606 Thread 0x000001af7c5a1100 Exception <a 'sun/nio/fs/WindowsException'{0x00000000afec3cf8}> (0x00000000afec3cf8) 
thrown [s\src\hotspot\share\prims\jni.cpp, line 535]
Event: 17131.606 Thread 0x000001af7c5a7370 Exception <a 'sun/nio/fs/WindowsException'{0x00000000afdb7230}> (0x00000000afdb7230) 
thrown [s\src\hotspot\share\prims\jni.cpp, line 535]
Event: 17131.615 Thread 0x000001af7c5a1100 Exception <a 'sun/nio/fs/WindowsException'{0x00000000afc2d488}> (0x00000000afc2d488) 
thrown [s\src\hotspot\share\prims\jni.cpp, line 535]
Event: 17131.618 Thread 0x000001af7c5a1100 Exception <a 'sun/nio/fs/WindowsException'{0x00000000afb062c8}> (0x00000000afb062c8) 
thrown [s\src\hotspot\share\prims\jni.cpp, line 535]
Event: 17131.618 Thread 0x000001af7c5a7370 Exception <a 'sun/nio/fs/WindowsException'{0x00000000afcc3ac0}> (0x00000000afcc3ac0) 
thrown [s\src\hotspot\share\prims\jni.cpp, line 535]
Event: 17131.622 Thread 0x000001af7c5a1100 Exception <a 'sun/nio/fs/WindowsException'{0x00000000afb078b8}> (0x00000000afb078b8) 
thrown [s\src\hotspot\share\prims\jni.cpp, line 535]
Event: 17131.626 Thread 0x000001af7c5a1100 Exception <a 'sun/nio/fs/WindowsException'{0x00000000afb08d88}> (0x00000000afb08d88) 
thrown [s\src\hotspot\share\prims\jni.cpp, line 535]
Event: 17131.636 Thread 0x000001af7c5a1100 Exception <a 'sun/nio/fs/WindowsException'{0x00000000afb660e0}> (0x00000000afb660e0) 
thrown [s\src\hotspot\share\prims\jni.cpp, line 535]
Event: 17131.637 Thread 0x000001af7c5a1100 Exception <a 'sun/nio/fs/WindowsException'{0x00000000afb745a0}> (0x00000000afb745a0) 
thrown [s\src\hotspot\share\prims\jni.cpp, line 535]
Event: 17131.641 Thread 0x000001af7c5a7370 Exception <a 'sun/nio/fs/WindowsException'{0x00000000af843bc0}> (0x00000000af843bc0) 
thrown [s\src\hotspot\share\prims\jni.cpp, line 535]

ZGC Phase Switch (0 events):
No events

VM Operations (20 events):
Event: 16910.606 Executing VM operation: RendezvousGCThreads done
Event: 17053.679 Executing VM operation: Cleanup
Event: 17053.686 Executing VM operation: Cleanup done
Event: 17078.695 Executing VM operation: Cleanup
Event: 17078.696 Executing VM operation: Cleanup done
Event: 17080.696 Executing VM operation: Cleanup
Event: 17080.971 Executing VM operation: Cleanup done
Event: 17082.971 Executing VM operation: Cleanup
Event: 17082.972 Executing VM operation: Cleanup done
Event: 17090.926 Executing VM operation: HandshakeAllThreads (HandshakeForDeflation)
Event: 17090.928 Executing VM operation: HandshakeAllThreads (HandshakeForDeflation) done
Event: 17090.928 Executing VM operation: RendezvousGCThreads
Event: 17090.928 Executing VM operation: RendezvousGCThreads done
Event: 17094.953 Executing VM operation: Cleanup
Event: 17095.124 Executing VM operation: Cleanup done
Event: 17097.125 Executing VM operation: Cleanup
Event: 17097.512 Executing VM operation: Cleanup done
Event: 17098.512 Executing VM operation: Cleanup
Event: 17098.520 Executing VM operation: Cleanup done
Event: 17131.650 Executing VM operation: G1CollectForAllocation (G1 Evacuation Pause)

Memory protections (0 events):
No events

Nmethod flushes (20 events):
Event: 16841.337 Thread 0x000001af7192b030 flushing  nmethod 0x000001af60708f10
Event: 16841.337 Thread 0x000001af7192b030 flushing  nmethod 0x000001af6070de90
Event: 16841.337 Thread 0x000001af7192b030 flushing  nmethod 0x000001af607dfa90
Event: 16841.337 Thread 0x000001af7192b030 flushing  nmethod 0x000001af607dfe10
Event: 16841.337 Thread 0x000001af7192b030 flushing  nmethod 0x000001af607e1e10
Event: 16841.338 Thread 0x000001af7192b030 flushing  nmethod 0x000001af607e5d10
Event: 16841.338 Thread 0x000001af7192b030 flushing  nmethod 0x000001af607ebe10
Event: 16841.338 Thread 0x000001af7192b030 flushing  nmethod 0x000001af607ec190
Event: 16841.338 Thread 0x000001af7192b030 flushing  nmethod 0x000001af608dd690
Event: 16841.338 Thread 0x000001af7192b030 flushing  nmethod 0x000001af60f09210
Event: 16841.338 Thread 0x000001af7192b030 flushing  nmethod 0x000001af60f70190
Event: 16841.338 Thread 0x000001af7192b030 flushing  nmethod 0x000001af60f74990
Event: 16841.338 Thread 0x000001af7192b030 flushing  nmethod 0x000001af60f76a90
Event: 16841.338 Thread 0x000001af7192b030 flushing  nmethod 0x000001af60f77790
Event: 16841.338 Thread 0x000001af7192b030 flushing  nmethod 0x000001af60f77c90
Event: 16841.338 Thread 0x000001af7192b030 flushing  nmethod 0x000001af60f84810
Event: 16841.338 Thread 0x000001af7192b030 flushing  nmethod 0x000001af610deb90
Event: 16841.338 Thread 0x000001af7192b030 flushing  nmethod 0x000001af610e8790
Event: 16841.338 Thread 0x000001af7192b030 flushing  nmethod 0x000001af6110f890
Event: 16841.338 Thread 0x000001af7192b030 flushing  nmethod 0x000001af61130e10

Events (20 events):
Event: 17100.340 Thread 0x000001af7c5a0a70 Thread exited: 0x000001af7c5a0a70
Event: 17107.075 Thread 0x000001af7c5a8090 Thread exited: 0x000001af7c5a8090
Event: 17107.081 Thread 0x000001af06764470 Thread exited: 0x000001af06764470
Event: 17107.081 Thread 0x000001af7a16e300 Thread exited: 0x000001af7a16e300
Event: 17107.083 Thread 0x000001af7d474200 Thread exited: 0x000001af7d474200
Event: 17107.083 Thread 0x000001af05f0f240 Thread exited: 0x000001af05f0f240
Event: 17107.086 Thread 0x000001af06765190 Thread exited: 0x000001af06765190
Event: 17107.088 Thread 0x000001af7d474f20 Thread exited: 0x000001af7d474f20
Event: 17107.089 Thread 0x000001af7d470d80 Thread exited: 0x000001af7d470d80
Event: 17107.572 Thread 0x000001af7d471aa0 Thread added: 0x000001af7d8e4100
Event: 17107.583 Thread 0x000001af7d471aa0 Thread added: 0x000001af7d8e33e0
Event: 17108.309 Thread 0x000001af7d8e33e0 Thread added: 0x000001af7d8e5b40
Event: 17108.485 Thread 0x000001af7d8e4100 Thread added: 0x000001af05f0f8d0
Event: 17108.967 Thread 0x000001af7d8e5b40 Thread added: 0x000001af06764470
Event: 17108.970 Thread 0x000001af05f0f8d0 Thread added: 0x000001af7d8e8930
Event: 17108.974 Thread 0x000001af06764470 Thread added: 0x000001af7a1710f0
Event: 17108.986 Thread 0x000001af7d8e8930 Thread added: 0x000001af7e97b7d0
Event: 17121.306 Thread 0x000001af7d8e7580 Thread added: 0x000001af06768610
Event: 17128.339 Thread 0x000001af7d8e7580 Thread added: 0x000001af05f0bdc0
Event: 17128.347 Thread 0x000001af7d8e7580 Thread added: 0x000001af05f0f240


Dynamic libraries:
0x00007ff6e3ba0000 - 0x00007ff6e3baa000 	C:\Program Files\Android\Android Studio1\jbr\bin\java.exe
0x00007ffcf1bd0000 - 0x00007ffcf1dc8000 	C:\Windows\SYSTEM32\ntdll.dll
0x00007ffcf0830000 - 0x00007ffcf08f2000 	C:\Windows\System32\KERNEL32.DLL
0x00007ffcef3c0000 - 0x00007ffcef6b7000 	C:\Windows\System32\KERNELBASE.dll
0x00007ffcef8a0000 - 0x00007ffcef9a0000 	C:\Windows\System32\ucrtbase.dll
0x00007ffcc3d00000 - 0x00007ffcc3d1b000 	C:\Program Files\Android\Android Studio1\jbr\bin\VCRUNTIME140.dll
0x00007ffceb570000 - 0x00007ffceb588000 	C:\Program Files\Android\Android Studio1\jbr\bin\jli.dll
0x00007ffcf0610000 - 0x00007ffcf07ad000 	C:\Windows\System32\USER32.dll
0x00007ffcef7e0000 - 0x00007ffcef802000 	C:\Windows\System32\win32u.dll
0x00007ffcf1a90000 - 0x00007ffcf1abb000 	C:\Windows\System32\GDI32.dll
0x00007ffcef9f0000 - 0x00007ffcefb09000 	C:\Windows\System32\gdi32full.dll
0x00007ffcef740000 - 0x00007ffcef7dd000 	C:\Windows\System32\msvcp_win.dll
0x00007ffcd7e10000 - 0x00007ffcd80aa000 	C:\Windows\WinSxS\amd64_microsoft.windows.common-controls_6595b64144ccf1df_6.0.19041.5915_none_60b4b9d171f9c7c7\COMCTL32.dll
0x00007ffcf1ac0000 - 0x00007ffcf1b5e000 	C:\Windows\System32\msvcrt.dll
0x00007ffcf17e0000 - 0x00007ffcf180f000 	C:\Windows\System32\IMM32.DLL
0x00007ffcc83b0000 - 0x00007ffcc83bc000 	C:\Program Files\Android\Android Studio1\jbr\bin\vcruntime140_1.dll
0x00007ffcb06c0000 - 0x00007ffcb074d000 	C:\Program Files\Android\Android Studio1\jbr\bin\msvcp140.dll
0x00007ffc89500000 - 0x00007ffc8a18a000 	C:\Program Files\Android\Android Studio1\jbr\bin\server\jvm.dll
0x00007ffcf18f0000 - 0x00007ffcf19a1000 	C:\Windows\System32\ADVAPI32.dll
0x00007ffcf1740000 - 0x00007ffcf17df000 	C:\Windows\System32\sechost.dll
0x00007ffcf1170000 - 0x00007ffcf1296000 	C:\Windows\System32\RPCRT4.dll
0x00007ffcef390000 - 0x00007ffcef3b7000 	C:\Windows\System32\bcrypt.dll
0x00007ffcf19b0000 - 0x00007ffcf1a1b000 	C:\Windows\System32\WS2_32.dll
0x00007ffcee7c0000 - 0x00007ffcee80b000 	C:\Windows\SYSTEM32\POWRPROF.dll
0x00007ffce7f10000 - 0x00007ffce7f1a000 	C:\Windows\SYSTEM32\VERSION.dll
0x00007ffce0380000 - 0x00007ffce03a7000 	C:\Windows\SYSTEM32\WINMM.dll
0x00007ffcee630000 - 0x00007ffcee642000 	C:\Windows\SYSTEM32\UMPDC.dll
0x00007ffceda50000 - 0x00007ffceda62000 	C:\Windows\SYSTEM32\kernel.appcore.dll
0x00007ffcc7d90000 - 0x00007ffcc7d9a000 	C:\Program Files\Android\Android Studio1\jbr\bin\jimage.dll
0x00007ffced730000 - 0x00007ffced931000 	C:\Windows\SYSTEM32\DBGHELP.DLL
0x00007ffcc7c40000 - 0x00007ffcc7c74000 	C:\Windows\SYSTEM32\dbgcore.DLL
0x00007ffcef810000 - 0x00007ffcef892000 	C:\Windows\System32\bcryptPrimitives.dll
0x00007ffceb740000 - 0x00007ffceb74e000 	C:\Program Files\Android\Android Studio1\jbr\bin\instrument.dll
0x00007ffcbfd00000 - 0x00007ffcbfd20000 	C:\Program Files\Android\Android Studio1\jbr\bin\java.dll
0x00007ffcbfce0000 - 0x00007ffcbfcf8000 	C:\Program Files\Android\Android Studio1\jbr\bin\zip.dll
0x00007ffcefcc0000 - 0x00007ffcf042e000 	C:\Windows\System32\SHELL32.dll
0x00007ffceceb0000 - 0x00007ffced654000 	C:\Windows\SYSTEM32\windows.storage.dll
0x00007ffcf12b0000 - 0x00007ffcf1603000 	C:\Windows\System32\combase.dll
0x00007ffceec60000 - 0x00007ffceec8b000 	C:\Windows\SYSTEM32\Wldp.dll
0x00007ffcf1610000 - 0x00007ffcf16dd000 	C:\Windows\System32\OLEAUT32.dll
0x00007ffcf0920000 - 0x00007ffcf09cd000 	C:\Windows\System32\SHCORE.dll
0x00007ffcf1110000 - 0x00007ffcf116b000 	C:\Windows\System32\shlwapi.dll
0x00007ffcef160000 - 0x00007ffcef184000 	C:\Windows\SYSTEM32\profapi.dll
0x00007ffcbfcb0000 - 0x00007ffcbfcc0000 	C:\Program Files\Android\Android Studio1\jbr\bin\net.dll
0x00007ffceb760000 - 0x00007ffceb86a000 	C:\Windows\SYSTEM32\WINHTTP.dll
0x00007ffcee9c0000 - 0x00007ffceea2a000 	C:\Windows\system32\mswsock.dll
0x00007ffcbfc90000 - 0x00007ffcbfca6000 	C:\Program Files\Android\Android Studio1\jbr\bin\nio.dll
0x00007ffccfe00000 - 0x00007ffccfe10000 	C:\Program Files\Android\Android Studio1\jbr\bin\verify.dll
0x00007ffc6dc00000 - 0x00007ffc6dc27000 	C:\Users\77012\.gradle\native\c067742578af261105cb4f569cf0c3c89f3d7b1fecec35dd04571415982c5e48\windows-amd64\native-platform.dll
0x00007ffcada10000 - 0x00007ffcadb54000 	C:\Users\77012\.gradle\native\100fb08df4bc3b14c8652ba06237920a3bd2aa13389f12d3474272988ae205f9\windows-amd64\native-platform-file-events.dll
0x00007ffcbfc00000 - 0x00007ffcbfc09000 	C:\Program Files\Android\Android Studio1\jbr\bin\management.dll
0x00007ffcbfb80000 - 0x00007ffcbfb8b000 	C:\Program Files\Android\Android Studio1\jbr\bin\management_ext.dll
0x00007ffcf12a0000 - 0x00007ffcf12a8000 	C:\Windows\System32\PSAPI.DLL
0x00007ffceebb0000 - 0x00007ffceebc8000 	C:\Windows\SYSTEM32\CRYPTSP.dll
0x00007ffcee270000 - 0x00007ffcee2a8000 	C:\Windows\system32\rsaenh.dll
0x00007ffcef0e0000 - 0x00007ffcef10e000 	C:\Windows\SYSTEM32\USERENV.dll
0x00007ffceebd0000 - 0x00007ffceebdc000 	C:\Windows\SYSTEM32\CRYPTBASE.dll
0x00007ffcee650000 - 0x00007ffcee68b000 	C:\Windows\SYSTEM32\IPHLPAPI.DLL
0x00007ffcf1a80000 - 0x00007ffcf1a88000 	C:\Windows\System32\NSI.dll
0x00007ffcbcba0000 - 0x00007ffcbcba9000 	C:\Program Files\Android\Android Studio1\jbr\bin\extnet.dll
0x00007ffcbfc10000 - 0x00007ffcbfc17000 	C:\Windows\system32\wshunix.dll
0x00007ffcee4c0000 - 0x00007ffcee4f3000 	C:\Windows\SYSTEM32\ntmarta.dll
0x00007ffcbcb00000 - 0x00007ffcbcb17000 	C:\Windows\system32\napinsp.dll
0x00007ffcbc4f0000 - 0x00007ffcbc50b000 	C:\Windows\system32\pnrpnsp.dll
0x00007ffceb9b0000 - 0x00007ffceb9cd000 	C:\Windows\system32\wshbth.dll
0x00007ffceb870000 - 0x00007ffceb88d000 	C:\Windows\system32\NLAapi.dll
0x00007ffcee6a0000 - 0x00007ffcee76a000 	C:\Windows\SYSTEM32\DNSAPI.dll
0x00007ffcbc200000 - 0x00007ffcbc212000 	C:\Windows\System32\winrnr.dll
0x00007ffce71b0000 - 0x00007ffce71ba000 	C:\Windows\System32\rasadhlp.dll
0x00007ffce5f20000 - 0x00007ffce5fa0000 	C:\Windows\System32\fwpuclnt.dll
0x00007ffceb720000 - 0x00007ffceb727000 	C:\Program Files\Android\Android Studio1\jbr\bin\rmi.dll
0x00007ffcba1b0000 - 0x00007ffcba299000 	C:\Users\77012\AppData\Local\Temp\sqlite-3.41.2.2-1ac0087c-66d9-4ff2-8274-a31112e96617-sqlitejdbc.dll
0x00007ffcb9ea0000 - 0x00007ffcb9f89000 	C:\Users\77012\AppData\Local\Temp\sqlite-3.41.2.2-c24f7311-c752-49ef-b42f-47f3b83c5add-sqlitejdbc.dll
0x00007ffcd8a70000 - 0x00007ffcd8b59000 	C:\Users\77012\AppData\Local\Temp\sqlite-3.41.2.2-a824255f-18f6-4082-827c-c229c5d85b7e-sqlitejdbc.dll
0x00007ffcadbc0000 - 0x00007ffcadca9000 	C:\Users\77012\AppData\Local\Temp\sqlite-3.41.2.2-56efe1f6-5003-4dd0-b5b1-2dd1a7164b6d-sqlitejdbc.dll
0x00007ffcd8ba0000 - 0x00007ffcd8c89000 	C:\Users\77012\AppData\Local\Temp\sqlite-3.41.2.2-b529c8bd-32d9-447b-a21d-b8927150d434-sqlitejdbc.dll

dbghelp: loaded successfully - version: 4.0.5 - missing functions: none
symbol engine: initialized successfully - sym options: 0x614 - pdb path: .;C:\Program Files\Android\Android Studio1\jbr\bin;C:\Windows\SYSTEM32;C:\Windows\WinSxS\amd64_microsoft.windows.common-controls_6595b64144ccf1df_6.0.19041.5915_none_60b4b9d171f9c7c7;C:\Program Files\Android\Android Studio1\jbr\bin\server;C:\Users\77012\.gradle\native\c067742578af261105cb4f569cf0c3c89f3d7b1fecec35dd04571415982c5e48\windows-amd64;C:\Users\77012\.gradle\native\100fb08df4bc3b14c8652ba06237920a3bd2aa13389f12d3474272988ae205f9\windows-amd64;C:\Users\77012\AppData\Local\Temp

VM Arguments:
jvm_args: --add-opens=java.base/java.lang=ALL-UNNAMED --add-opens=java.base/java.lang.invoke=ALL-UNNAMED --add-opens=java.base/java.util=ALL-UNNAMED --add-opens=java.prefs/java.util.prefs=ALL-UNNAMED --add-exports=jdk.compiler/com.sun.tools.javac.api=ALL-UNNAMED --add-exports=jdk.compiler/com.sun.tools.javac.util=ALL-UNNAMED --add-opens=java.base/java.util=ALL-UNNAMED --add-opens=java.prefs/java.util.prefs=ALL-UNNAMED --add-opens=java.base/java.nio.charset=ALL-UNNAMED --add-opens=java.base/java.net=ALL-UNNAMED --add-opens=java.base/java.util.concurrent.atomic=ALL-UNNAMED --add-opens=java.xml/javax.xml.namespace=ALL-UNNAMED -Xmx2048m -Dfile.encoding=UTF-8 -Duser.country=RU -Duser.language=ru -Duser.variant -javaagent:C:\Users\77012\.gradle\wrapper\dists\gradle-8.11.1-bin\bpt9gzteqjrbo1mjrsomdt32c\gradle-8.11.1\lib\agents\gradle-instrumentation-agent-8.11.1.jar 
java_command: org.gradle.launcher.daemon.bootstrap.GradleDaemon 8.11.1
java_class_path (initial): C:\Users\77012\.gradle\wrapper\dists\gradle-8.11.1-bin\bpt9gzteqjrbo1mjrsomdt32c\gradle-8.11.1\lib\gradle-daemon-main-8.11.1.jar
Launcher Type: SUN_STANDARD

[Global flags]
     intx CICompilerCount                          = 4                                         {product} {ergonomic}
     uint ConcGCThreads                            = 2                                         {product} {ergonomic}
     uint G1ConcRefinementThreads                  = 8                                         {product} {ergonomic}
   size_t G1HeapRegionSize                         = 1048576                                   {product} {ergonomic}
    uintx GCDrainStackTargetSize                   = 64                                        {product} {ergonomic}
   size_t InitialHeapSize                          = 130023424                                 {product} {ergonomic}
   size_t MarkStackSize                            = 4194304                                   {product} {ergonomic}
   size_t MaxHeapSize                              = 2147483648                                {product} {command line}
   size_t MaxNewSize                               = 1287651328                                {product} {ergonomic}
   size_t MinHeapDeltaBytes                        = 1048576                                   {product} {ergonomic}
   size_t MinHeapSize                              = 8388608                                   {product} {ergonomic}
    uintx NonNMethodCodeHeapSize                   = 5839372                                {pd product} {ergonomic}
    uintx NonProfiledCodeHeapSize                  = 122909434                              {pd product} {ergonomic}
    uintx ProfiledCodeHeapSize                     = 122909434                              {pd product} {ergonomic}
    uintx ReservedCodeCacheSize                    = 251658240                              {pd product} {ergonomic}
     bool SegmentedCodeCache                       = true                                      {product} {ergonomic}
   size_t SoftMaxHeapSize                          = 2147483648                             {manageable} {ergonomic}
     bool UseCompressedOops                        = true                           {product lp64_product} {ergonomic}
     bool UseG1GC                                  = true                                      {product} {ergonomic}
     bool UseLargePagesIndividualAllocation        = false                                  {pd product} {ergonomic}

Logging:
Log output configuration:
 #0: stdout all=warning uptime,level,tags foldmultilines=false
 #1: stderr all=off uptime,level,tags foldmultilines=false

Environment Variables:
JAVA_HOME=C:\Program Files\Java\jdk-21
PATH=C:\Program Files\Eclipse Adoptium\jdk-11.0.20.8-hotspot\bin;C:\Program Files\Common Files\Oracle\Java\javapath;C:\Windows\system32;C:\Windows;C:\Windows\System32\Wbem;C:\Windows\System32\WindowsPowerShell\v1.0\;C:\Windows\System32\OpenSSH\;C:\Program Files\Gemalto\Classic Client\BIN;C:\Program Files (x86)\Gemalto\Classic Client\BIN;C:\Program Files (x86)\IDEMIA\AWP\Dlls;C:\Program Files\IDEMIA\AWP\Dlls;C:\Program Files (x86)\eParaksts Token Signing\;C:\Program Files\Java\jdk-21\bin;C:\Program Files\Git\cmd;C:\Program Files (x86)\Windows Kits\10\Windows Performance Toolkit\;C:\Users\77012\AppData\Local\Microsoft\WindowsApps;C:\Users\77012\AppData\Local\JetBrains\Toolbox\scripts;
USERNAME=77012
OS=Windows_NT
PROCESSOR_IDENTIFIER=Intel64 Family 6 Model 140 Stepping 1, GenuineIntel
TMP=C:\Users\77012\AppData\Local\Temp
TEMP=C:\Users\77012\AppData\Local\Temp




Periodic native trim disabled

JNI global refs:
JNI global refs: 29, weak refs: 50

JNI global refs memory usage: 835, weak refs: 833

Process memory usage:
Resident Set Size: 253548K (3% of 8060060K total physical memory with 78876K free physical memory)

OOME stack traces (most recent first):
Classloader memory used:
Loader java.net.URLClassLoader                                                         : 100946K
Loader org.gradle.internal.classloader.VisitableURLClassLoader$InstrumentingVisitableURLClassLoader: 83299K
Loader org.gradle.internal.classloader.VisitableURLClassLoader                         : 48416K
Loader bootstrap                                                                       : 36687K
Loader org.gradle.initialization.MixInLegacyTypesClassLoader                           : 16203K
Loader jdk.internal.loader.ClassLoaders$AppClassLoader                                 : 11622K
Loader jdk.internal.reflect.DelegatingClassLoader                                      : 1850K
Loader jdk.internal.loader.ClassLoaders$PlatformClassLoader                            : 1072K
Loader jdk.internal.jrtfs.JrtFileSystemProvider$JrtFsLoader                            : 298K
Loader org.gradle.internal.classloader.VisitableURLClassLoader                         : 228K
Loader sun.reflect.misc.MethodUtil                                                     : 2952B

Classes loaded by more than one classloader:
Class kotlin.UNINITIALIZED_VALUE                                                      : loaded 19 times (x 67B)
Class kotlin.Lazy                                                                     : loaded 19 times (x 66B)
Class kotlin.LazyKt                                                                   : loaded 19 times (x 67B)
Class kotlin.KotlinNullPointerException                                               : loaded 19 times (x 79B)
Class kotlin.jvm.internal.Intrinsics                                                  : loaded 19 times (x 67B)
Class kotlin.jvm.functions.Function1                                                  : loaded 19 times (x 66B)
Class kotlin.Function                                                                 : loaded 19 times (x 66B)
Class kotlin.jvm.functions.Function0                                                  : loaded 19 times (x 66B)
Class kotlin.NoWhenBranchMatchedException                                             : loaded 19 times (x 78B)
Class kotlin.LazyKt__LazyKt                                                           : loaded 19 times (x 67B)
Class kotlin.SynchronizedLazyImpl                                                     : loaded 19 times (x 72B)
Class kotlin.LazyKt__LazyJVMKt                                                        : loaded 19 times (x 67B)
Class kotlin.jvm.internal.Lambda                                                      : loaded 19 times (x 71B)
Class kotlin.jvm.internal.FunctionBase                                                : loaded 19 times (x 66B)
Class kotlin.UninitializedPropertyAccessException                                     : loaded 19 times (x 78B)
Class kotlin.comparisons.ComparisonsKt___ComparisonsJvmKt                             : loaded 18 times (x 67B)
Class kotlin.collections.CollectionsKt__IteratorsJVMKt                                : loaded 18 times (x 67B)
Class kotlin.enums.EnumEntriesList                                                    : loaded 18 times (x 219B)
Class kotlin.collections.CollectionsKt__CollectionsJVMKt                              : loaded 18 times (x 67B)
Class kotlin.collections.CollectionsKt__IteratorsKt                                   : loaded 18 times (x 67B)
Class kotlin._Assertions                                                              : loaded 18 times (x 67B)
Class kotlin.collections.CollectionsKt                                                : loaded 18 times (x 67B)
Class kotlin.text.StringsKt                                                           : loaded 18 times (x 67B)
Class kotlin.collections.MapsKt__MapsKt                                               : loaded 18 times (x 67B)
Class kotlin.text.StringsKt__StringNumberConversionsKt                                : loaded 18 times (x 67B)
Class kotlin.collections.CollectionsKt__CollectionsKt                                 : loaded 18 times (x 67B)
Class kotlin.collections.ArraysKt___ArraysJvmKt                                       : loaded 18 times (x 67B)
Class kotlin.text.StringsKt__RegexExtensionsJVMKt                                     : loaded 18 times (x 67B)
Class kotlin.enums.EnumEntries                                                        : loaded 18 times (x 66B)
Class kotlin.collections.CollectionsKt__ReversedViewsKt                               : loaded 18 times (x 67B)
Class kotlin.jvm.internal.DefaultConstructorMarker                                    : loaded 18 times (x 67B)
Class kotlin.text.StringsKt__RegexExtensionsKt                                        : loaded 18 times (x 67B)
Class kotlin.collections.SetsKt                                                       : loaded 18 times (x 67B)
Class kotlin.collections.AbstractList                                                 : loaded 18 times (x 193B)
Class kotlin.collections.AbstractCollection                                           : loaded 18 times (x 113B)
Class kotlin.text.StringsKt__StringBuilderJVMKt                                       : loaded 18 times (x 67B)
Class kotlin.text.StringsKt__IndentKt                                                 : loaded 18 times (x 67B)
Class kotlin.text.StringsKt__StringsJVMKt                                             : loaded 18 times (x 67B)
Class kotlin.comparisons.ComparisonsKt__ComparisonsKt                                 : loaded 18 times (x 67B)
Class kotlin.collections.SetsKt___SetsKt                                              : loaded 18 times (x 67B)
Class kotlin.ranges.RangesKt__RangesKt                                                : loaded 18 times (x 67B)
Class kotlin.comparisons.ComparisonsKt                                                : loaded 18 times (x 67B)
Class kotlin.text.StringsKt__StringNumberConversionsJVMKt                             : loaded 18 times (x 67B)
Class kotlin.comparisons.ComparisonsKt___ComparisonsKt                                : loaded 18 times (x 67B)
Class kotlin.collections.CollectionsKt___CollectionsJvmKt                             : loaded 18 times (x 67B)
Class kotlin.TuplesKt                                                                 : loaded 18 times (x 67B)
Class kotlin.ranges.RangesKt                                                          : loaded 18 times (x 67B)
Class kotlin.collections.ArraysUtilJVM                                                : loaded 18 times (x 67B)
Class kotlin.Pair                                                                     : loaded 18 times (x 68B)
Class kotlin.collections.CollectionsKt__MutableCollectionsKt                          : loaded 18 times (x 67B)
Class kotlin.text.StringsKt__AppendableKt                                             : loaded 18 times (x 67B)
Class kotlin.jvm.internal.markers.KMappedMarker                                       : loaded 18 times (x 66B)
Class kotlin.jvm.functions.Function2                                                  : loaded 18 times (x 66B)
Class kotlin.collections.MapsKt___MapsJvmKt                                           : loaded 18 times (x 67B)
Class kotlin.collections.CollectionsKt___CollectionsKt                                : loaded 18 times (x 67B)
Class kotlin.text.StringsKt___StringsJvmKt                                            : loaded 18 times (x 67B)
Class kotlin.collections.ArraysKt___ArraysKt                                          : loaded 18 times (x 67B)
Class kotlin.collections.MapsKt___MapsKt                                              : loaded 18 times (x 67B)
Class kotlin.collections.MapsKt__MapWithDefaultKt                                     : loaded 18 times (x 67B)
Class kotlin.text.StringsKt___StringsKt                                               : loaded 18 times (x 67B)
Class kotlin.enums.EnumEntriesKt                                                      : loaded 18 times (x 67B)
Class kotlin.collections.CollectionsKt__MutableCollectionsJVMKt                       : loaded 18 times (x 67B)
Class kotlin.collections.AbstractList$Companion                                       : loaded 18 times (x 67B)
Class kotlin.collections.SetsKt__SetsJVMKt                                            : loaded 18 times (x 67B)
Class kotlin.collections.MapsKt                                                       : loaded 18 times (x 67B)
Class kotlin.collections.CollectionsKt__IterablesKt                                   : loaded 18 times (x 67B)
Class kotlin.collections.ArraysKt__ArraysKt                                           : loaded 18 times (x 67B)
Class kotlin.ranges.RangesKt___RangesKt                                               : loaded 18 times (x 67B)
Class kotlin.collections.ArraysKt                                                     : loaded 18 times (x 67B)
Class kotlin.collections.SetsKt__SetsKt                                               : loaded 18 times (x 67B)
Class kotlin.collections.MapsKt__MapsJVMKt                                            : loaded 18 times (x 67B)
Class kotlin.collections.ArraysKt__ArraysJVMKt                                        : loaded 18 times (x 67B)
Class kotlin.text.StringsKt__StringBuilderKt                                          : loaded 18 times (x 67B)
Class kotlin.NotImplementedError                                                      : loaded 18 times (x 78B)
Class kotlin.text.StringsKt__StringsKt                                                : loaded 18 times (x 67B)
Class kotlin.jvm.functions.Function3                                                  : loaded 17 times (x 66B)
Class kotlin.jvm.KotlinReflectionNotSupportedError                                    : loaded 17 times (x 78B)
Class [Lkotlin.reflect.KAnnotatedElement;                                             : loaded 17 times (x 65B)
Class [Lkotlin.reflect.KCallable;                                                     : loaded 17 times (x 65B)
Class kotlin.text.CharsKt__CharJVMKt                                                  : loaded 17 times (x 67B)
Class kotlin.reflect.KAnnotatedElement                                                : loaded 17 times (x 66B)
Class kotlin.reflect.KFunction                                                        : loaded 17 times (x 66B)
Class kotlin.reflect.KDeclarationContainer                                            : loaded 17 times (x 66B)
Class kotlin.reflect.KCallable                                                        : loaded 17 times (x 66B)
Class kotlin.text.CharsKt__CharKt                                                     : loaded 17 times (x 67B)
Class kotlin.jvm.internal.FunctionReference                                           : loaded 17 times (x 118B)
Class kotlin.jvm.internal.CallableReference$NoReceiver                                : loaded 17 times (x 67B)
Class kotlin.jvm.internal.CallableReference                                           : loaded 17 times (x 102B)
Class kotlin.text.CharsKt                                                             : loaded 17 times (x 67B)
Class kotlin.jvm.functions.Function17                                                 : loaded 16 times (x 66B)
Class kotlin.reflect.jvm.internal.impl.builtins.functions.FunctionTypeKind$KFunction  : loaded 16 times (x 68B)
Class kotlin.reflect.jvm.internal.impl.name.SpecialNames                              : loaded 16 times (x 67B)
Class kotlin.reflect.jvm.internal.impl.builtins.PrimitiveType                         : loaded 16 times (x 75B)
Class kotlin.jvm.functions.Function18                                                 : loaded 16 times (x 66B)
Class androidx.room.compiler.processing.javac.JavacBasicAnnotationProcessor$steps$2   : loaded 16 times (x 75B)
Class kotlin.jvm.internal.MutablePropertyReference1                                   : loaded 16 times (x 133B)
Class kotlin.reflect.jvm.internal.impl.name.StandardClassIds                          : loaded 16 times (x 67B)
Class kotlin.reflect.jvm.internal.impl.descriptors.runtime.structure.ReflectClassUtilKt: loaded 16 times (x 67B)
Class kotlin.reflect.jvm.internal.ReflectProperties$Val                               : loaded 16 times (x 70B)
Class kotlin.jvm.internal.MutablePropertyReference2                                   : loaded 16 times (x 133B)
Class kotlin.reflect.jvm.internal.CacheByClassKt                                      : loaded 16 times (x 67B)
Class kotlin.jvm.functions.Function16                                                 : loaded 16 times (x 66B)
Class kotlin.reflect.jvm.internal.CachesKt                                            : loaded 16 times (x 67B)
Class kotlin.jvm.internal.MutablePropertyReference0                                   : loaded 16 times (x 133B)
Class kotlin.reflect.jvm.internal.ReflectionFactoryImpl                               : loaded 16 times (x 87B)
Class kotlin.jvm.functions.Function22                                                 : loaded 16 times (x 66B)
Class kotlin.reflect.jvm.internal.KDeclarationContainerImpl$Companion                 : loaded 16 times (x 67B)
Class kotlin.jvm.internal.PropertyReference0                                          : loaded 16 times (x 123B)
Class kotlin.reflect.jvm.internal.impl.builtins.functions.FunctionTypeKind$KSuspendFunction: loaded 16 times (x 68B)
Class kotlin.reflect.full.IllegalCallableAccessException                              : loaded 16 times (x 78B)
Class kotlin.jvm.internal.PropertyReference1                                          : loaded 16 times (x 123B)
Class kotlin.reflect.jvm.internal.KDeclarationContainerImpl                           : loaded 16 times (x 80B)
Class kotlin.SafePublicationLazyImpl$Companion                                        : loaded 16 times (x 67B)
Class kotlin.LazyKt__LazyJVMKt$WhenMappings                                           : loaded 16 times (x 67B)
Class kotlin.reflect.KTypeParameter                                                   : loaded 16 times (x 66B)
Class kotlin.jvm.functions.Function15                                                 : loaded 16 times (x 66B)
Class kotlin.jvm.internal.PropertyReference2                                          : loaded 16 times (x 123B)
Class kotlin.jvm.internal.MutablePropertyReference                                    : loaded 16 times (x 115B)
Class kotlin.reflect.jvm.internal.impl.name.ClassId                                   : loaded 16 times (x 68B)
Class kotlin.jvm.functions.Function21                                                 : loaded 16 times (x 66B)
Class [Lkotlin.reflect.jvm.internal.impl.builtins.jvm.JavaToKotlinClassMap$PlatformMutabilityMapping;: loaded 16 times (x 65B)
Class kotlin.reflect.full.IllegalPropertyDelegateAccessException                      : loaded 16 times (x 78B)
Class kotlin.LazyThreadSafetyMode                                                     : loaded 16 times (x 75B)
Class kotlin.jvm.internal.PropertyReference1Impl                                      : loaded 16 times (x 123B)
Class kotlin.SafePublicationLazyImpl                                                  : loaded 16 times (x 72B)
Class kotlin.reflect.jvm.internal.ReflectProperties                                   : loaded 16 times (x 67B)
Class kotlin.jvm.functions.Function14                                                 : loaded 16 times (x 66B)
Class kotlin.reflect.KProperty$Getter                                                 : loaded 16 times (x 66B)
Class kotlin.reflect.jvm.internal.impl.builtins.StandardNames$FqNames                 : loaded 16 times (x 67B)
Class kotlin.jvm.functions.Function20                                                 : loaded 16 times (x 66B)
Class kotlin.jvm.functions.Function13                                                 : loaded 16 times (x 66B)
Class kotlin.text.Regex                                                               : loaded 16 times (x 68B)
Class kotlin.reflect.jvm.internal.impl.builtins.functions.FunctionTypeKind$SuspendFunction: loaded 16 times (x 68B)
Class kotlin.reflect.jvm.internal.CacheByClass                                        : loaded 16 times (x 69B)
Class androidx.room.compiler.processing.XProcessingEnvConfig                          : loaded 16 times (x 67B)
Class kotlin.reflect.KMutableProperty1                                                : loaded 16 times (x 66B)
Class kotlin.comparisons.NaturalOrderComparator                                       : loaded 16 times (x 84B)
Class androidx.room.compiler.processing.javac.JavacBasicAnnotationProcessor$xEnv$2    : loaded 16 times (x 75B)
Class kotlin.reflect.jvm.internal.impl.name.FqNamesUtilKt                             : loaded 16 times (x 67B)
Class kotlin.reflect.jvm.internal.impl.name.StandardClassIdsKt                        : loaded 16 times (x 67B)
Class kotlin.jvm.internal.ReflectionFactory                                           : loaded 16 times (x 87B)
Class [Lkotlin.reflect.jvm.internal.impl.resolve.jvm.JvmPrimitiveType;                : loaded 16 times (x 65B)
Class kotlin.jvm.functions.Function12                                                 : loaded 16 times (x 66B)
Class kotlin.jvm.internal.ClassBasedDeclarationContainer                              : loaded 16 times (x 66B)
Class [Lkotlin.reflect.KDeclarationContainer;                                         : loaded 16 times (x 65B)
Class kotlin.jvm.functions.Function19                                                 : loaded 16 times (x 66B)
Class kotlin.Result$Companion                                                         : loaded 16 times (x 67B)
Class kotlin.reflect.jvm.internal.impl.name.FqName                                    : loaded 16 times (x 68B)
Class [Lkotlin.reflect.KClass;                                                        : loaded 16 times (x 65B)
Class kotlin.reflect.KClassifier                                                      : loaded 16 times (x 66B)
Class kotlin.reflect.KMutableProperty0                                                : loaded 16 times (x 66B)
Class kotlin.reflect.jvm.internal.ClassValueCache                                     : loaded 16 times (x 70B)
Class kotlin.reflect.jvm.internal.impl.builtins.jvm.JavaToKotlinClassMap$PlatformMutabilityMapping: loaded 16 times (x 68B)
Class kotlin.reflect.jvm.internal.impl.builtins.CompanionObjectMapping                : loaded 16 times (x 67B)
Class androidx.room.RoomProcessor                                                     : loaded 16 times (x 94B)
Class [Lkotlin.reflect.jvm.internal.impl.name.FqName;                                 : loaded 16 times (x 65B)
Class kotlin.jvm.functions.Function11                                                 : loaded 16 times (x 66B)
Class kotlin.reflect.KType                                                            : loaded 16 times (x 66B)
Class androidx.room.compiler.processing.XBasicAnnotationProcessor                     : loaded 16 times (x 66B)
Class kotlin.reflect.jvm.internal.ReflectProperties$Val$1                             : loaded 16 times (x 67B)
Class kotlin.reflect.jvm.internal.ComputableClassValue                                : loaded 16 times (x 76B)
Class kotlin.Result$Failure                                                           : loaded 16 times (x 68B)
Class kotlin.Result                                                                   : loaded 16 times (x 68B)
Class kotlin.reflect.jvm.internal.EmptyContainerForLocal                              : loaded 16 times (x 80B)
Class [Lkotlin.reflect.KClassifier;                                                   : loaded 16 times (x 65B)
Class [Lkotlin.LazyThreadSafetyMode;                                                  : loaded 16 times (x 65B)
Class kotlin.reflect.KProperty0                                                       : loaded 16 times (x 66B)
Class kotlin.jvm.functions.Function9                                                  : loaded 16 times (x 66B)
Class kotlin.jvm.functions.Function10                                                 : loaded 16 times (x 66B)
Class [Lkotlin.reflect.jvm.internal.impl.name.ClassId;                                : loaded 16 times (x 65B)
Class kotlin.reflect.jvm.internal.impl.resolve.jvm.JvmPrimitiveType                   : loaded 16 times (x 75B)
Class kotlin.jvm.internal.Reflection                                                  : loaded 16 times (x 67B)
Class kotlin.reflect.KProperty                                                        : loaded 16 times (x 66B)
Class kotlin.reflect.jvm.internal.KPropertyImpl                                       : loaded 16 times (x 111B)
Class kotlin.jvm.JvmClassMappingKt                                                    : loaded 16 times (x 67B)
Class kotlin.reflect.jvm.internal.impl.builtins.jvm.JavaToKotlinClassMap              : loaded 16 times (x 67B)
Class kotlin.reflect.jvm.internal.KotlinReflectionInternalError                       : loaded 16 times (x 78B)
Class kotlin.reflect.KMutableProperty2                                                : loaded 16 times (x 66B)
Class kotlin.reflect.KProperty$Accessor                                               : loaded 16 times (x 66B)
Class kotlin.reflect.jvm.internal.KCallableImpl                                       : loaded 16 times (x 101B)
Class kotlin.reflect.jvm.internal.impl.builtins.functions.FunctionTypeKind$Function   : loaded 16 times (x 68B)
Class kotlin.reflect.jvm.internal.KClassImpl                                          : loaded 16 times (x 111B)
Class kotlin.reflect.jvm.internal.impl.name.FqNameUnsafe                              : loaded 16 times (x 68B)
Class kotlin.jvm.functions.Function8                                                  : loaded 16 times (x 66B)
Class kotlin.reflect.KProperty2                                                       : loaded 16 times (x 66B)
Class androidx.room.compiler.processing.javac.JavacBasicAnnotationProcessor$commonDelegate$2: loaded 16 times (x 75B)
Class kotlin.reflect.jvm.internal.KPropertyImpl$Companion                             : loaded 16 times (x 67B)
Class kotlin.reflect.jvm.internal.impl.name.Name                                      : loaded 16 times (x 71B)
Class kotlin.jvm.functions.Function7                                                  : loaded 16 times (x 66B)
Class com.bumptech.glide.annotation.compiler.GlideAnnotationProcessor                 : loaded 16 times (x 83B)
Class kotlin.text.Regex$Companion                                                     : loaded 16 times (x 67B)
Class androidx.room.compiler.processing.javac.JavacBasicAnnotationProcessor           : loaded 16 times (x 94B)
Class kotlin.reflect.KProperty1                                                       : loaded 16 times (x 66B)
Class kotlin.reflect.jvm.internal.KTypeParameterOwnerImpl                             : loaded 16 times (x 66B)
Class kotlin.reflect.KClass                                                           : loaded 16 times (x 66B)
Class kotlin.jvm.functions.Function6                                                  : loaded 16 times (x 66B)
Class kotlin.reflect.jvm.internal.ReflectProperties$LazySoftVal                       : loaded 16 times (x 74B)
Class kotlin.reflect.jvm.internal.impl.builtins.StandardNames                         : loaded 16 times (x 67B)
Class kotlin.reflect.jvm.internal.KClassifierImpl                                     : loaded 16 times (x 66B)
Class kotlin.reflect.jvm.internal.impl.utils.CollectionsKt                            : loaded 16 times (x 67B)
Class kotlin.jvm.functions.Function5                                                  : loaded 16 times (x 66B)
Class [Lkotlin.reflect.jvm.internal.impl.builtins.PrimitiveType;                      : loaded 16 times (x 65B)
Class kotlin.reflect.jvm.internal.KProperty1Impl                                      : loaded 16 times (x 124B)
Class kotlin.reflect.jvm.internal.impl.name.FqNameUnsafe$1                            : loaded 16 times (x 70B)
Class kotlin.reflect.jvm.internal.RuntimeTypeMapper                                   : loaded 16 times (x 67B)
Class kotlin.reflect.jvm.internal.KDeclarationContainerImpl$Data                      : loaded 16 times (x 68B)
Class [Lkotlin.reflect.KProperty;                                                     : loaded 16 times (x 65B)
Class kotlin.jvm.internal.PropertyReference                                           : loaded 16 times (x 111B)
Class kotlin.reflect.KMutableProperty                                                 : loaded 16 times (x 66B)
Class kotlin.reflect.jvm.internal.impl.builtins.PrimitiveType$Companion               : loaded 16 times (x 67B)
Class kotlin.jvm.functions.Function4                                                  : loaded 16 times (x 66B)
Class kotlin.reflect.jvm.internal.KClassImpl$Data                                     : loaded 16 times (x 68B)
Class kotlin.reflect.jvm.internal.impl.builtins.functions.FunctionTypeKind            : loaded 16 times (x 68B)
Class [Landroidx.room.processor.Context$BooleanProcessorOptions;                      : loaded 15 times (x 65B)
Class kotlin.reflect.jvm.internal.KClassImpl$Data$simpleName$2                        : loaded 15 times (x 75B)
Class kotlin.reflect.jvm.internal.KClassImpl$Data$allMembers$2                        : loaded 15 times (x 75B)
Class androidx.room.compiler.processing.javac.JavacFiler                              : loaded 15 times (x 74B)
Class com.bumptech.glide.annotation.GlideExtension                                    : loaded 15 times (x 66B)
Class com.bumptech.glide.repackaged.com.google.common.collect.ObjectArrays            : loaded 15 times (x 67B)
Class kotlin.reflect.jvm.internal.CachesKt$CACHE_FOR_NULLABLE_BASE_CLASSIFIERS$1      : loaded 15 times (x 74B)
Class kotlin.reflect.jvm.internal.KProperty1Impl$_getter$1                            : loaded 15 times (x 75B)
Class com.bumptech.glide.repackaged.com.google.common.collect.SingletonImmutableSet   : loaded 15 times (x 139B)
Class androidx.room.compiler.processing.XProcessingStep                               : loaded 15 times (x 66B)
Class com.bumptech.glide.repackaged.com.google.common.collect.ImmutableList           : loaded 15 times (x 201B)
Class kotlin.reflect.jvm.internal.KClassImpl$Data$allStaticMembers$2                  : loaded 15 times (x 75B)
Class kotlin.reflect.jvm.internal.KClassImpl$Data$nestedClasses$2                     : loaded 15 times (x 75B)
Class androidx.room.compiler.processing.XFiler                                        : loaded 15 times (x 66B)
Class androidx.room.Database                                                          : loaded 15 times (x 66B)
Class kotlin.reflect.jvm.internal.CachesKt$CACHE_FOR_BASE_CLASSIFIERS$1               : loaded 15 times (x 74B)
Class kotlin.reflect.jvm.internal.KCallableImpl$_typeParameters$1                     : loaded 15 times (x 75B)
Class kotlin.reflect.jvm.internal.KClassImpl$Data$inheritedNonStaticMembers$2         : loaded 15 times (x 75B)
Class com.bumptech.glide.repackaged.com.google.common.base.Function                   : loaded 15 times (x 66B)
Class kotlin.reflect.jvm.internal.CachesKt$K_CLASS_CACHE$1                            : loaded 15 times (x 74B)
Class androidx.room.compiler.processing.javac.JavacProcessingEnv$Companion            : loaded 15 times (x 67B)
Class kotlin.reflect.jvm.internal.KCallableImpl$_annotations$1                        : loaded 15 times (x 75B)
Class kotlin.reflect.jvm.internal.KClassImpl$Data$objectInstance$2                    : loaded 15 times (x 75B)
Class kotlin.reflect.jvm.internal.KClassImpl$Data$descriptor$2                        : loaded 15 times (x 75B)
Class kotlin.reflect.jvm.internal.KClassImpl$Data$annotations$2                       : loaded 15 times (x 75B)
Class androidx.room.compiler.processing.XProcessingEnv                                : loaded 15 times (x 66B)
Class androidx.room.util.SimpleJavaVersion                                            : loaded 15 times (x 71B)
Class kotlin.reflect.jvm.internal.KPropertyImpl$_descriptor$1                         : loaded 15 times (x 75B)
Class [Landroidx.room.compiler.processing.XProcessingEnv$Platform;                    : loaded 15 times (x 65B)
Class com.bumptech.glide.repackaged.com.google.common.collect.ImmutableCollection     : loaded 15 times (x 119B)
Class kotlin.reflect.jvm.internal.KClassImpl$Data$qualifiedName$2                     : loaded 15 times (x 75B)
Class com.bumptech.glide.repackaged.com.squareup.javapoet.TypeName                    : loaded 15 times (x 75B)
Class com.bumptech.glide.repackaged.com.squareup.javapoet.TypeVariableName            : loaded 15 times (x 75B)
Class kotlin.reflect.jvm.internal.KClassImpl$Data$declaredMembers$2                   : loaded 15 times (x 75B)
Class [Landroidx.room.processor.Context$ProcessorOptions;                             : loaded 15 times (x 65B)
Class androidx.room.processor.Context$ProcessorOptions                                : loaded 15 times (x 75B)
Class com.bumptech.glide.repackaged.com.squareup.javapoet.ClassName                   : loaded 15 times (x 78B)
Class com.bumptech.glide.repackaged.com.squareup.javapoet.ArrayTypeName               : loaded 15 times (x 75B)
Class com.bumptech.glide.repackaged.com.squareup.javapoet.ParameterizedTypeName       : loaded 15 times (x 75B)
Class com.bumptech.glide.annotation.compiler.IndexerGenerator                         : loaded 15 times (x 68B)
Class kotlin.reflect.jvm.internal.CachesKt$CACHE_FOR_GENERIC_CLASSIFIERS$1            : loaded 15 times (x 74B)
Class androidx.room.compiler.processing.javac.JavacProcessingEnv                      : loaded 15 times (x 117B)
Class com.bumptech.glide.repackaged.com.google.common.collect.RegularImmutableAsList  : loaded 15 times (x 205B)
Class com.bumptech.glide.repackaged.com.google.common.collect.ImmutableAsList         : loaded 15 times (x 203B)
Class androidx.room.compiler.processing.XProcessingEnvConfig$Builder                  : loaded 15 times (x 68B)
Class androidx.room.compiler.processing.javac.JavacProcessingEnv$messager$2           : loaded 15 times (x 75B)
Class com.bumptech.glide.repackaged.com.google.common.collect.RegularImmutableSet     : loaded 15 times (x 139B)
Class androidx.room.compiler.processing.javac.JavacProcessingEnv$typeElementStore$3   : loaded 15 times (x 75B)
Class kotlin.reflect.jvm.internal.impl.builtins.PrimitiveType$typeFqName$2            : loaded 15 times (x 75B)
Class com.bumptech.glide.annotation.compiler.RequestManagerFactoryGenerator           : loaded 15 times (x 68B)
Class kotlin.reflect.jvm.internal.KCallableImpl$_parameters$1                         : loaded 15 times (x 75B)
Class kotlin.reflect.jvm.internal.KDeclarationContainerImpl$Data$moduleData$2         : loaded 15 times (x 75B)
Class kotlin.reflect.jvm.internal.KPropertyImpl$_javaField$1                          : loaded 15 times (x 75B)
Class kotlin.reflect.jvm.internal.KClassImpl$data$1                                   : loaded 15 times (x 75B)
Class com.bumptech.glide.repackaged.com.google.common.collect.ImmutableSet            : loaded 15 times (x 138B)
Class kotlin.reflect.jvm.internal.KClassImpl$Data$allNonStaticMembers$2               : loaded 15 times (x 75B)
Class com.bumptech.glide.annotation.compiler.AppModuleGenerator                       : loaded 15 times (x 68B)
Class kotlin.reflect.jvm.internal.KClassImpl$Data$declaredNonStaticMembers$2          : loaded 15 times (x 75B)
Class kotlin.reflect.jvm.internal.KClassImpl$Data$inheritedStaticMembers$2            : loaded 15 times (x 75B)
Class kotlin.reflect.jvm.internal.KCallableImpl$_returnType$1                         : loaded 15 times (x 75B)
Class androidx.room.processor.Context$Companion                                       : loaded 15 times (x 67B)
Class androidx.room.compiler.processing.XProcessingEnv$Platform                       : loaded 15 times (x 75B)
Class com.bumptech.glide.annotation.compiler.GlideExtensionValidator                  : loaded 15 times (x 68B)
Class com.bumptech.glide.annotation.compiler.GlideGenerator                           : loaded 15 times (x 68B)
Class com.bumptech.glide.annotation.compiler.RequestManagerGenerator                  : loaded 15 times (x 68B)
Class androidx.room.processor.Context                                                 : loaded 15 times (x 68B)
Class com.bumptech.glide.annotation.compiler.LibraryModuleProcessor                   : loaded 15 times (x 68B)
Class com.bumptech.glide.repackaged.com.google.common.base.Predicate                  : loaded 15 times (x 66B)
Class com.bumptech.glide.annotation.compiler.RequestOptionsGenerator                  : loaded 15 times (x 68B)
Class kotlin.reflect.jvm.internal.KClassImpl$Data$sealedSubclasses$2                  : loaded 15 times (x 75B)
Class androidx.room.compiler.processing.javac.JavacProcessingEnv$typeElementStore$2   : loaded 15 times (x 74B)
Class kotlin.reflect.jvm.internal.impl.builtins.PrimitiveType$arrayTypeFqName$2       : loaded 15 times (x 75B)
Class com.bumptech.glide.annotation.compiler.ExtensionProcessor                       : loaded 15 times (x 68B)
Class com.bumptech.glide.annotation.compiler.AppModuleProcessor                       : loaded 15 times (x 68B)
Class androidx.room.util.SimpleJavaVersion$compareTo$$inlined$thenBy$2                : loaded 15 times (x 86B)
Class androidx.room.util.SimpleJavaVersion$compareTo$$inlined$thenBy$1                : loaded 15 times (x 86B)
Class androidx.room.compiler.processing.javac.XTypeElementStore                       : loaded 15 times (x 68B)
Class androidx.room.compiler.processing.XProcessingEnv$Backend                        : loaded 15 times (x 75B)
Class kotlin.reflect.jvm.internal.KClassImpl$Data$constructors$2                      : loaded 15 times (x 75B)
Class com.bumptech.glide.annotation.GlideModule                                       : loaded 15 times (x 66B)
Class kotlin.reflect.jvm.internal.KClassImpl$Data$declaredStaticMembers$2             : loaded 15 times (x 75B)
Class androidx.room.processor.Context$BooleanProcessorOptions                         : loaded 15 times (x 76B)
Class kotlin.reflect.jvm.internal.KProperty1Impl$delegateSource$1                     : loaded 15 times (x 75B)
Class [Landroidx.room.compiler.processing.XProcessingEnv$Backend;                     : loaded 15 times (x 65B)
Class androidx.room.compiler.processing.XProcessingEnv$Companion                      : loaded 15 times (x 67B)
Class androidx.room.util.SimpleJavaVersion$Companion                                  : loaded 15 times (x 67B)
Class androidx.room.DatabaseProcessingStep$Companion                                  : loaded 15 times (x 67B)
Class com.bumptech.glide.repackaged.com.squareup.javapoet.Util                        : loaded 15 times (x 67B)
Class androidx.room.util.SimpleJavaVersion$compareTo$$inlined$compareBy$1             : loaded 15 times (x 85B)
Class kotlin.reflect.jvm.internal.KCallableImpl$parametersNeedMFVCFlattening$1        : loaded 15 times (x 75B)
Class androidx.room.DatabaseProcessingStep                                            : loaded 15 times (x 75B)
Class androidx.room.compiler.processing.javac.JavacProcessingEnv$typeElementStore$1   : loaded 15 times (x 75B)
Class com.bumptech.glide.annotation.compiler.RequestBuilderGenerator                  : loaded 15 times (x 68B)
Class kotlin.reflect.jvm.internal.CachesKt$K_PACKAGE_CACHE$1                          : loaded 15 times (x 74B)
Class androidx.room.compiler.processing.XProcessingEnvConfig$Companion                : loaded 15 times (x 67B)
Class kotlin.reflect.jvm.internal.KCallableImpl$_absentArguments$1                    : loaded 15 times (x 75B)
Class kotlin.reflect.jvm.internal.KClassImpl$Data$supertypes$2                        : loaded 15 times (x 75B)
Class com.bumptech.glide.annotation.compiler.ProcessorUtil                            : loaded 15 times (x 68B)
Class com.bumptech.glide.repackaged.com.google.common.collect.Hashing                 : loaded 15 times (x 67B)
Class com.bumptech.glide.annotation.compiler.RequestOptionsOverrideGenerator          : loaded 15 times (x 68B)
Class kotlin.reflect.jvm.internal.KClassImpl$Data$typeParameters$2                    : loaded 15 times (x 75B)
Class kotlin.sequences.SequencesKt__SequencesJVMKt                                    : loaded 8 times (x 67B)
Class kotlin.collections.EmptySet                                                     : loaded 8 times (x 118B)
Class kotlin.sequences.SequencesKt___SequencesKt                                      : loaded 8 times (x 67B)
Class kotlin.sequences.SequencesKt__SequenceBuilderKt                                 : loaded 8 times (x 67B)
Class kotlin.sequences.FilteringSequence$iterator$1                                   : loaded 8 times (x 75B)
Class kotlin.sequences.Sequence                                                       : loaded 8 times (x 66B)
Class kotlin.io.CloseableKt                                                           : loaded 8 times (x 67B)
Class kotlin.collections.EmptyList                                                    : loaded 8 times (x 170B)
Class kotlin.sequences.SequencesKt___SequencesJvmKt                                   : loaded 8 times (x 67B)
Class kotlin.Unit                                                                     : loaded 8 times (x 67B)
Class kotlin.sequences.SequencesKt                                                    : loaded 8 times (x 67B)
Class kotlin.collections.EmptyIterator                                                : loaded 8 times (x 85B)
Class kotlin.sequences.FilteringSequence                                              : loaded 8 times (x 71B)
Class kotlin.sequences.SequencesKt__SequencesKt                                       : loaded 8 times (x 67B)
Class com.google.common.base.Platform                                                 : loaded 7 times (x 67B)
Class com.google.common.collect.ImmutableSet$SetBuilderImpl                           : loaded 7 times (x 72B)
Class com.google.common.collect.Iterators$4                                           : loaded 7 times (x 78B)
Class com.google.common.collect.ImmutableBiMap                                        : loaded 7 times (x 139B)
Class com.google.common.collect.RegularImmutableSet                                   : loaded 7 times (x 145B)
Class kotlin.collections.EmptyMap                                                     : loaded 7 times (x 105B)
Class com.google.common.collect.ImmutableList$ReverseImmutableList                    : loaded 7 times (x 205B)
Class com.google.common.base.JdkPattern                                               : loaded 7 times (x 71B)
Class com.google.common.collect.IndexedImmutableSet                                   : loaded 7 times (x 148B)
Class com.google.common.base.Optional                                                 : loaded 7 times (x 76B)
Class [Lcom.google.common.collect.ImmutableEntry;                                     : loaded 7 times (x 65B)
Class com.google.common.collect.Iterators$MergingIterator                             : loaded 7 times (x 77B)
Class com.google.common.collect.ImmutableMap$1                                        : loaded 7 times (x 77B)
Class com.google.common.collect.BiMap                                                 : loaded 7 times (x 66B)
Class com.google.common.collect.RegularImmutableBiMap                                 : loaded 7 times (x 145B)
Class com.google.common.collect.SetMultimap                                           : loaded 7 times (x 66B)
Class com.google.common.collect.ImmutableList                                         : loaded 7 times (x 202B)
Class com.google.common.collect.Iterators$5                                           : loaded 7 times (x 78B)
Class com.google.common.base.PatternCompiler                                          : loaded 7 times (x 66B)
Class com.google.common.collect.Maps                                                  : loaded 7 times (x 67B)
Class com.google.common.base.Platform$JdkPatternCompiler                              : loaded 7 times (x 71B)
Class com.google.common.collect.Hashing                                               : loaded 7 times (x 67B)
Class com.google.common.collect.RegularImmutableMap$KeySet                            : loaded 7 times (x 148B)
Class com.google.common.collect.SingletonImmutableList                                : loaded 7 times (x 203B)
Class com.google.common.base.Equivalence$Equals                                       : loaded 7 times (x 78B)
Class com.google.common.collect.Iterators$1                                           : loaded 7 times (x 77B)
Class com.google.common.collect.AbstractIterator                                      : loaded 7 times (x 78B)
Class com.google.common.collect.ImmutableMap$MapViewOfValuesAsSingletonSets           : loaded 7 times (x 122B)
Class com.google.common.base.Absent                                                   : loaded 7 times (x 76B)
Class com.google.common.collect.RegularImmutableMap                                   : loaded 7 times (x 117B)
Class com.google.common.collect.RegularImmutableList                                  : loaded 7 times (x 209B)
Class com.google.common.collect.RegularImmutableMap$Values                            : loaded 7 times (x 203B)
Class com.google.common.collect.ImmutableSet                                          : loaded 7 times (x 141B)
Class kotlin.collections.ArrayAsCollection                                            : loaded 7 times (x 101B)
Class com.google.common.base.Equivalence                                              : loaded 7 times (x 78B)
Class com.google.common.collect.ImmutableMapEntry$NonTerminalImmutableMapEntry        : loaded 7 times (x 81B)
Class com.google.common.base.Function                                                 : loaded 7 times (x 66B)
Class com.google.common.collect.ImmutableList$Builder                                 : loaded 7 times (x 73B)
Class com.google.common.collect.RegularImmutableAsList                                : loaded 7 times (x 213B)
Class com.google.common.base.Preconditions                                            : loaded 7 times (x 67B)
Class com.google.common.collect.Multimap                                              : loaded 7 times (x 66B)
Class com.google.common.collect.ImmutableMapEntry                                     : loaded 7 times (x 81B)
Class com.google.common.collect.UnmodifiableIterator                                  : loaded 7 times (x 76B)
Class com.google.common.collect.AbstractIndexedListIterator                           : loaded 7 times (x 92B)
Class com.google.common.collect.Iterators$ArrayItr                                    : loaded 7 times (x 93B)
Class com.google.common.collect.ImmutableCollection$Builder                           : loaded 7 times (x 72B)
Class kotlin.collections.IndexingIterable                                             : loaded 7 times (x 75B)
Class com.google.common.base.PairwiseEquivalence                                      : loaded 7 times (x 79B)
Class com.google.common.collect.UnmodifiableListIterator                              : loaded 7 times (x 91B)
Class com.google.common.collect.SingletonImmutableSet                                 : loaded 7 times (x 142B)
Class com.google.common.base.CommonPattern                                            : loaded 7 times (x 70B)
Class com.google.common.base.Present                                                  : loaded 7 times (x 77B)
Class kotlin.Metadata                                                                 : loaded 7 times (x 66B)
Class com.google.common.collect.ImmutableEnumMap                                      : loaded 7 times (x 122B)
Class com.google.common.collect.Maps$8                                                : loaded 7 times (x 78B)
Class com.google.common.collect.SortedMapDifference                                   : loaded 7 times (x 66B)
Class com.google.common.collect.ImmutableCollection                                   : loaded 7 times (x 121B)
Class com.google.common.collect.PeekingIterator                                       : loaded 7 times (x 66B)
Class com.google.common.collect.Lists$StringAsImmutableList                           : loaded 7 times (x 203B)
Class com.google.common.collect.ImmutableMapEntrySet                                  : loaded 7 times (x 148B)
Class kotlin.annotation.Retention                                                     : loaded 7 times (x 66B)
Class com.google.common.collect.Maps$EntryTransformer                                 : loaded 7 times (x 66B)
Class com.google.common.base.Equivalence$Identity                                     : loaded 7 times (x 78B)
Class com.google.common.collect.CollectPreconditions                                  : loaded 7 times (x 67B)
Class com.google.common.collect.ImmutableList$1                                       : loaded 7 times (x 93B)
Class kotlin.collections.IndexingIterator                                             : loaded 7 times (x 75B)
Class com.google.common.collect.ImmutableMap$Builder                                  : loaded 7 times (x 78B)
Class com.google.common.collect.ImmutableMap                                          : loaded 7 times (x 116B)
Class com.google.common.collect.SingletonImmutableBiMap                               : loaded 7 times (x 139B)
Class com.google.common.base.Predicate                                                : loaded 7 times (x 66B)
Class com.google.common.collect.ImmutableList$SubList                                 : loaded 7 times (x 205B)
Class com.google.common.collect.Lists                                                 : loaded 7 times (x 67B)
Class com.google.common.collect.ImmutableMap$IteratorBasedImmutableMap                : loaded 7 times (x 122B)
Class kotlin.annotation.Target                                                        : loaded 7 times (x 66B)
Class com.google.common.base.Converter                                                : loaded 7 times (x 86B)
Class com.google.common.collect.MapDifference                                         : loaded 7 times (x 66B)
Class com.google.common.base.FunctionalEquivalence                                    : loaded 7 times (x 79B)
Class com.google.common.collect.ImmutableAsList                                       : loaded 7 times (x 205B)
Class com.google.common.collect.Iterators$9                                           : loaded 7 times (x 77B)
Class com.google.common.collect.ImmutableSet$RegularSetBuilderImpl                    : loaded 7 times (x 73B)
Class [Lcom.google.common.collect.ImmutableMapEntry;                                  : loaded 7 times (x 65B)
Class com.google.common.collect.ImmutableMapEntrySet$RegularEntrySet                  : loaded 7 times (x 148B)
Class com.google.common.collect.Maps$BiMapConverter                                   : loaded 7 times (x 86B)
Class com.google.common.collect.ImmutableEntry                                        : loaded 7 times (x 78B)
Class [Lcom.google.common.collect.AbstractMapEntry;                                   : loaded 7 times (x 65B)
Class com.google.common.collect.AbstractMapEntry                                      : loaded 7 times (x 77B)
Class com.google.common.collect.RegularImmutableMap$BucketOverflowException           : loaded 7 times (x 78B)
Class kotlin.collections.IndexedValue                                                 : loaded 7 times (x 68B)
Class com.google.common.collect.Iterators                                             : loaded 7 times (x 67B)
Class com.google.common.collect.ImmutableSet$CachingAsList                            : loaded 7 times (x 144B)
Class kotlin.collections.builders.MapBuilder$Itr                                      : loaded 6 times (x 68B)
Class com.squareup.javapoet.TypeName                                                  : loaded 6 times (x 77B)
Class [Lcom.squareup.kotlinpoet.Import;                                               : loaded 6 times (x 65B)
Class com.squareup.javapoet.ParameterSpec                                             : loaded 6 times (x 68B)
Class com.squareup.javapoet.FieldSpec$Builder                                         : loaded 6 times (x 68B)
Class kotlin.jvm.internal.markers.KMutableSet                                         : loaded 6 times (x 66B)
Class kotlin.coroutines.jvm.internal.RestrictedContinuationImpl                       : loaded 6 times (x 83B)
Class com.squareup.kotlinpoet.MemberSpecHolder$Builder                                : loaded 6 times (x 66B)
Class kotlin.jvm.internal.markers.KMutableList                                        : loaded 6 times (x 66B)
Class com.squareup.kotlinpoet.UtilKt                                                  : loaded 6 times (x 67B)
Class com.squareup.kotlinpoet.CodeWriter                                              : loaded 6 times (x 74B)
Class kotlin.collections.MapWithDefault                                               : loaded 6 times (x 66B)
Class kotlin.annotation.AnnotationRetention                                           : loaded 6 times (x 75B)
Class kotlin.jvm.internal.MutablePropertyReference1Impl                               : loaded 6 times (x 133B)
Class com.squareup.javapoet.LineWrapper                                               : loaded 6 times (x 68B)
Class kotlin.coroutines.jvm.internal.ContinuationImpl                                 : loaded 6 times (x 83B)
Class kotlin.coroutines.intrinsics.IntrinsicsKt__IntrinsicsKt                         : loaded 6 times (x 67B)
Class kotlin.text.RegexKt                                                             : loaded 6 times (x 67B)
Class com.squareup.kotlinpoet.AnnotationSpec                                          : loaded 6 times (x 73B)
Class com.squareup.javapoet.JavaFile$1                                                : loaded 6 times (x 75B)
Class kotlin.collections.AbstractList$IteratorImpl                                    : loaded 6 times (x 78B)
Class kotlin.ranges.IntRange                                                          : loaded 6 times (x 89B)
Class kotlin.jvm.internal.markers.KMutableMap                                         : loaded 6 times (x 66B)
Class [Lcom.squareup.kotlinpoet.KModifier$Target;                                     : loaded 6 times (x 65B)
Class kotlin.coroutines.jvm.internal.CoroutineStackFrame                              : loaded 6 times (x 66B)
Class kotlin.ranges.IntProgressionIterator                                            : loaded 6 times (x 78B)
Class com.squareup.kotlinpoet.ClassName$special$$inlined$compareBy$1                  : loaded 6 times (x 85B)
Class com.squareup.javapoet.TypeVariableName                                          : loaded 6 times (x 77B)
Class kotlin.jvm.internal.ArrayIterator                                               : loaded 6 times (x 75B)
Class com.squareup.kotlinpoet.FileSpec                                                : loaded 6 times (x 83B)
Class kotlin.coroutines.intrinsics.IntrinsicsKt__IntrinsicsJvmKt                      : loaded 6 times (x 67B)
Class kotlin.jvm.internal.SpreadBuilder                                               : loaded 6 times (x 72B)
Class [Lkotlin.coroutines.intrinsics.CoroutineSingletons;                             : loaded 6 times (x 65B)
Class com.squareup.javapoet.ArrayTypeName                                             : loaded 6 times (x 77B)
Class kotlin.jvm.internal.StringCompanionObject                                       : loaded 6 times (x 67B)
Class kotlin.collections.CollectionsKt___CollectionsKt$asSequence$$inlined$Sequence$1 : loaded 6 times (x 71B)
Class com.squareup.kotlinpoet.ClassName                                               : loaded 6 times (x 85B)
Class com.squareup.kotlinpoet.WildcardTypeName                                        : loaded 6 times (x 82B)
Class [Lkotlin.annotation.AnnotationTarget;                                           : loaded 6 times (x 65B)
Class com.squareup.javapoet.LineWrapper$1                                             : loaded 6 times (x 67B)
Class com.squareup.kotlinpoet.CodeBlock$Builder                                       : loaded 6 times (x 68B)
Class com.squareup.kotlinpoet.OriginatingElementsHolder                               : loaded 6 times (x 66B)
Class kotlin.collections.AbstractMutableSet                                           : loaded 6 times (x 138B)
Class kotlin.coroutines.jvm.internal.RestrictedSuspendLambda                          : loaded 6 times (x 87B)
Class com.squareup.kotlinpoet.OriginatingElementsHolder$Builder                       : loaded 6 times (x 66B)
Class kotlin.coroutines.CoroutineContext                                              : loaded 6 times (x 66B)
Class kotlin.collections.MutableMapWithDefaultImpl                                    : loaded 6 times (x 140B)
Class com.squareup.kotlinpoet.TypeName$Companion                                      : loaded 6 times (x 67B)
Class com.squareup.kotlinpoet.AnnotationSpec$Builder                                  : loaded 6 times (x 75B)
Class kotlin.Triple                                                                   : loaded 6 times (x 68B)
Class kotlin.coroutines.jvm.internal.CompletedContinuation                            : loaded 6 times (x 71B)
Class kotlin.coroutines.jvm.internal.DebugProbesKt                                    : loaded 6 times (x 67B)
Class kotlin.sequences.SequencesKt__SequenceBuilderKt$sequence$$inlined$Sequence$1    : loaded 6 times (x 71B)
Class com.squareup.kotlinpoet.MemberName                                              : loaded 6 times (x 68B)
Class com.squareup.kotlinpoet.FunSpec$Builder                                         : loaded 6 times (x 99B)
Class com.squareup.javapoet.MethodSpec                                                : loaded 6 times (x 68B)
Class com.squareup.javapoet.TypeSpec$Builder                                          : loaded 6 times (x 68B)
Class com.squareup.javapoet.ParameterSpec$Builder                                     : loaded 6 times (x 68B)
Class kotlin.sequences.SequenceScope                                                  : loaded 6 times (x 69B)
Class [Lcom.squareup.javapoet.LineWrapper$FlushType;                                  : loaded 6 times (x 65B)
Class kotlin.coroutines.jvm.internal.SuspendFunction                                  : loaded 6 times (x 66B)
Class com.squareup.kotlinpoet.ContextReceivableKt                                     : loaded 6 times (x 67B)
Class com.squareup.kotlinpoet.ParameterSpec                                           : loaded 6 times (x 79B)
Class kotlin.reflect.jvm.internal.KPackageImpl                                        : loaded 6 times (x 81B)
Class com.squareup.kotlinpoet.FileSpec$Companion                                      : loaded 6 times (x 67B)
Class com.squareup.kotlinpoet.Documentable$Builder                                    : loaded 6 times (x 66B)
Class com.squareup.kotlinpoet.KModifier$Target                                        : loaded 6 times (x 75B)
Class com.squareup.kotlinpoet.LineWrapper$Companion                                   : loaded 6 times (x 67B)
Class kotlin.coroutines.Continuation                                                  : loaded 6 times (x 66B)
Class com.squareup.javapoet.TypeSpec                                                  : loaded 6 times (x 68B)
Class kotlin.coroutines.jvm.internal.BaseContinuationImpl                             : loaded 6 times (x 83B)
Class com.squareup.kotlinpoet.ClassName$Companion                                     : loaded 6 times (x 67B)
Class com.squareup.javapoet.JavaFile                                                  : loaded 6 times (x 68B)
Class com.squareup.kotlinpoet.ClassNames                                              : loaded 6 times (x 67B)
Class kotlin.collections.IntIterator                                                  : loaded 6 times (x 78B)
Class com.squareup.javapoet.ClassName                                                 : loaded 6 times (x 80B)
Class com.squareup.kotlinpoet.KModifier                                               : loaded 6 times (x 75B)
Class com.squareup.kotlinpoet.AnnotationSpec$Companion                                : loaded 6 times (x 67B)
Class com.squareup.kotlinpoet.ContextReceivable$Builder                               : loaded 6 times (x 66B)
Class kotlin.jvm.internal.FunctionReferenceImpl                                       : loaded 6 times (x 118B)
Class com.squareup.kotlinpoet.TagMap$Companion                                        : loaded 6 times (x 67B)
Class [Lcom.squareup.kotlinpoet.KModifier;                                            : loaded 6 times (x 65B)
Class kotlin.annotation.AnnotationTarget                                              : loaded 6 times (x 75B)
Class com.squareup.kotlinpoet.TypeSpec$Kind                                           : loaded 6 times (x 75B)
Class com.squareup.javapoet.CodeBlock$Builder                                         : loaded 6 times (x 68B)
Class kotlin.ranges.ClosedRange                                                       : loaded 6 times (x 66B)
Class [Lcom.squareup.kotlinpoet.Taggable;                                             : loaded 6 times (x 65B)
Class com.squareup.kotlinpoet.PropertySpec$Builder                                    : loaded 6 times (x 100B)
Class kotlin.jvm.internal.ArrayIteratorKt                                             : loaded 6 times (x 67B)
Class kotlin.jvm.internal.markers.KMutableIterable                                    : loaded 6 times (x 66B)
Class com.squareup.kotlinpoet.TaggableKt                                              : loaded 6 times (x 67B)
Class kotlin.sequences.FlatteningSequence$iterator$1                                  : loaded 6 times (x 75B)
Class com.squareup.kotlinpoet.TypeSpec$Companion                                      : loaded 6 times (x 67B)
Class kotlin.sequences.GeneratorSequence                                              : loaded 6 times (x 71B)
Class com.google.common.base.Verify                                                   : loaded 6 times (x 67B)
Class [Lkotlin.DeprecationLevel;                                                      : loaded 6 times (x 65B)
Class com.squareup.javapoet.LineWrapper$FlushType                                     : loaded 6 times (x 75B)
Class com.squareup.kotlinpoet.Import                                                  : loaded 6 times (x 71B)
Class com.squareup.kotlinpoet.FunSpec                                                 : loaded 6 times (x 85B)
Class com.squareup.kotlinpoet.Annotatable$Builder                                     : loaded 6 times (x 66B)
Class com.squareup.javapoet.FieldSpec                                                 : loaded 6 times (x 68B)
Class kotlin.collections.AbstractMutableList                                          : loaded 6 times (x 202B)
Class com.squareup.kotlinpoet.TypeName                                                : loaded 6 times (x 82B)
Class kotlin.KotlinNothingValueException                                              : loaded 6 times (x 78B)
Class kotlin.jvm.internal.markers.KMutableIterator                                    : loaded 6 times (x 66B)
Class com.squareup.kotlinpoet.PropertySpec$Companion                                  : loaded 6 times (x 67B)
Class kotlin.sequences.TransformingSequence$iterator$1                                : loaded 6 times (x 75B)
Class kotlin.internal.ProgressionUtilKt                                               : loaded 6 times (x 67B)
Class com.google.common.base.Enums$StringConverter                                    : loaded 6 times (x 86B)
Class com.squareup.kotlinpoet.PropertySpec                                            : loaded 6 times (x 85B)
Class com.squareup.kotlinpoet.CodeBlock                                               : loaded 6 times (x 68B)
Class com.squareup.javapoet.AnnotationSpec$Builder                                    : loaded 6 times (x 68B)
Class com.squareup.kotlinpoet.TypeSpecHolder                                          : loaded 6 times (x 66B)
Class com.squareup.javapoet.CodeBlock                                                 : loaded 6 times (x 68B)
Class com.squareup.javapoet.ParameterizedTypeName                                     : loaded 6 times (x 77B)
Class com.squareup.kotlinpoet.Dynamic                                                 : loaded 6 times (x 82B)
Class [Lcom.squareup.kotlinpoet.TypeName;                                             : loaded 6 times (x 65B)
Class com.squareup.kotlinpoet.LineWrapper                                             : loaded 6 times (x 74B)
Class com.squareup.kotlinpoet.FunSpec$Companion                                       : loaded 6 times (x 67B)
Class [Lcom.squareup.kotlinpoet.TypeSpec$Kind;                                        : loaded 6 times (x 65B)
Class com.squareup.javapoet.AnnotationSpec                                            : loaded 6 times (x 68B)
Class kotlin.sequences.FlatteningSequence                                             : loaded 6 times (x 71B)
Class kotlin.jvm.internal.CollectionToArray                                           : loaded 6 times (x 67B)
Class com.squareup.kotlinpoet.ParameterSpecKt                                         : loaded 6 times (x 67B)
Class com.squareup.kotlinpoet.AnnotationSpec$Builder$Companion                        : loaded 6 times (x 67B)
Class com.squareup.kotlinpoet.Taggable$Builder                                        : loaded 6 times (x 66B)
Class com.squareup.kotlinpoet.ContextReceivers                                        : loaded 6 times (x 71B)
Class [Lcom.squareup.kotlinpoet.Annotatable;                                          : loaded 6 times (x 65B)
Class kotlin.sequences.GeneratorSequence$iterator$1                                   : loaded 6 times (x 75B)
Class com.squareup.kotlinpoet.Documentable                                            : loaded 6 times (x 66B)
Class kotlin.collections.builders.MapBuilder$Companion                                : loaded 6 times (x 67B)
Class com.squareup.kotlinpoet.TypeSpec$Builder                                        : loaded 6 times (x 115B)
Class com.squareup.javapoet.Util                                                      : loaded 6 times (x 67B)
Class kotlin.Deprecated                                                               : loaded 6 times (x 66B)
Class com.squareup.javapoet.MethodSpec$Builder                                        : loaded 6 times (x 68B)
Class kotlin.ranges.IntProgression                                                    : loaded 6 times (x 77B)
Class [Lkotlin.annotation.AnnotationRetention;                                        : loaded 6 times (x 65B)
Class com.google.common.base.VerifyException                                          : loaded 6 times (x 78B)
Class com.google.common.base.Enums                                                    : loaded 6 times (x 67B)
Class com.squareup.kotlinpoet.TypeNames                                               : loaded 6 times (x 67B)
Class kotlin.annotation.MustBeDocumented                                              : loaded 6 times (x 66B)
Class kotlin.ResultKt                                                                 : loaded 6 times (x 67B)
Class com.squareup.kotlinpoet.OriginatingElementsHolderKt                             : loaded 6 times (x 67B)
Class com.squareup.kotlinpoet.TypeSpec                                                : loaded 6 times (x 92B)
Class com.squareup.kotlinpoet.ContextReceivable                                       : loaded 6 times (x 66B)
Class kotlin.collections.builders.ListBuilderKt                                       : loaded 6 times (x 67B)
Class kotlin.ranges.IntRange$Companion                                                : loaded 6 times (x 67B)
Class kotlin.coroutines.intrinsics.IntrinsicsKt                                       : loaded 6 times (x 67B)
Class kotlin.jvm.internal.markers.KMutableCollection                                  : loaded 6 times (x 66B)
Class com.squareup.kotlinpoet.TypeSpecHolder$Builder                                  : loaded 6 times (x 66B)
Class com.squareup.javapoet.JavaFile$Builder                                          : loaded 6 times (x 68B)
Class com.squareup.kotlinpoet.WildcardTypeName$Companion                              : loaded 6 times (x 67B)
Class com.squareup.kotlinpoet.TagMap                                                  : loaded 6 times (x 75B)
Class com.squareup.kotlinpoet.ParameterSpec$Companion                                 : loaded 6 times (x 67B)
Class com.squareup.kotlinpoet.CodeWriter$Companion                                    : loaded 6 times (x 67B)
Class kotlin.sequences.TransformingSequence                                           : loaded 6 times (x 71B)
Class kotlin.coroutines.intrinsics.CoroutineSingletons                                : loaded 6 times (x 75B)
Class kotlin.ranges.OpenEndRange                                                      : loaded 6 times (x 66B)
Class com.squareup.kotlinpoet.Annotatable                                             : loaded 6 times (x 66B)
Class kotlin.sequences.SequenceBuilderIterator                                        : loaded 6 times (x 81B)
Class kotlin.DeprecationLevel                                                         : loaded 6 times (x 75B)
Class com.squareup.kotlinpoet.ClassName$special$$inlined$thenBy$1                     : loaded 6 times (x 86B)
Class kotlin.ReplaceWith                                                              : loaded 6 times (x 66B)
Class kotlin.collections.builders.MapBuilder                                          : loaded 6 times (x 108B)
Class com.squareup.kotlinpoet.ClassName$special$$inlined$thenBy$2                     : loaded 6 times (x 86B)
Class kotlin.ranges.IntProgression$Companion                                          : loaded 6 times (x 67B)
Class com.squareup.kotlinpoet.FileSpec$Builder                                        : loaded 6 times (x 107B)
Class com.squareup.kotlinpoet.Taggable                                                : loaded 6 times (x 66B)
Class [Lcom.squareup.javapoet.TypeSpec$Kind;                                          : loaded 6 times (x 65B)
Class kotlin.coroutines.EmptyCoroutineContext                                         : loaded 6 times (x 73B)
Class com.squareup.javapoet.CodeWriter                                                : loaded 6 times (x 68B)
Class kotlin.reflect.jvm.internal.KMutableProperty1Impl                               : loaded 6 times (x 131B)
Class kotlin.Suppress                                                                 : loaded 6 times (x 66B)
Class com.squareup.kotlinpoet.MemberSpecHolder                                        : loaded 6 times (x 66B)
Class com.squareup.kotlinpoet.CodeWriterKt                                            : loaded 6 times (x 67B)
Class kotlin.reflect.KMutableProperty$Setter                                          : loaded 6 times (x 66B)
Class com.squareup.javapoet.TypeSpec$Kind                                             : loaded 6 times (x 75B)
Class com.squareup.kotlinpoet.OriginatingElements                                     : loaded 6 times (x 71B)
Class kotlin.collections.MutableMapWithDefault                                        : loaded 6 times (x 66B)
Class com.squareup.kotlinpoet.CodeBlock$Companion                                     : loaded 6 times (x 67B)
Class kotlin.UnsafeLazyImpl                                                           : loaded 6 times (x 72B)
Class com.squareup.kotlinpoet.ParameterSpec$Builder                                   : loaded 6 times (x 88B)
Class androidx.room.parser.ParsedQuery                                                : loaded 5 times (x 68B)
Class androidx.room.compiler.processing.XTypeVariableType                             : loaded 5 times (x 66B)
Class androidx.room.compiler.processing.javac.JavacFieldElement$enclosingElement$2    : loaded 5 times (x 75B)
Class androidx.room.compiler.processing.DeclarationCollectorKt                        : loaded 5 times (x 67B)
Class kotlin.metadata.internal.metadata.ProtoBuf$Effect$EffectType$1                  : loaded 5 times (x 70B)
Class androidx.room.compiler.processing.javac.JavacExecutableElement$jvmDescriptor$2  : loaded 5 times (x 75B)
Class androidx.room.jarjarred.org.antlr.v4.runtime.atn.RuleStartState                 : loaded 5 times (x 78B)
Class androidx.room.parser.SQLiteParser$Frame_clauseContext                           : loaded 5 times (x 155B)
Class androidx.room.ext.RoomRxJava2TypeNames                                          : loaded 5 times (x 67B)
Class kotlin.metadata.jvm.internal.JvmTypeExtension                                   : loaded 5 times (x 74B)
Class kotlin.metadata.internal.protobuf.AbstractMessageLite$Builder                   : loaded 5 times (x 118B)
Class kotlin.metadata.internal.metadata.ProtoBuf$Constructor$1                        : loaded 5 times (x 140B)
Class kotlin.metadata.internal.metadata.jvm.deserialization.JvmProtoBufUtil           : loaded 5 times (x 67B)
Class kotlin.metadata.jvm.internal.JvmExceptionUtilsKt                                : loaded 5 times (x 67B)
Class androidx.room.compiler.processing.javac.JavacTypeElement$superClass$2           : loaded 5 times (x 75B)
Class androidx.room.compiler.processing.javac.JavacProcessingEnvMessager              : loaded 5 times (x 69B)
Class androidx.room.compiler.processing.javac.kotlin.KmClassContainer$superTypes$2    : loaded 5 times (x 75B)
Class kotlin.metadata.Attributes$visibility$22                                        : loaded 5 times (x 133B)
Class org.sqlite.date.FastDateParser$2                                                : loaded 5 times (x 75B)
Class androidx.room.jarjarred.org.antlr.v4.runtime.DefaultErrorStrategy               : loaded 5 times (x 101B)
Class androidx.room.compiler.codegen.kotlin.KotlinFileSpec$Builder                    : loaded 5 times (x 74B)
Class kotlin.metadata.KmVersionRequirement                                            : loaded 5 times (x 68B)
Class androidx.room.solver.shortcut.binder.InsertOrUpsertFunctionBinder               : loaded 5 times (x 69B)
Class androidx.room.parser.SQLiteParser$Release_stmtContext                           : loaded 5 times (x 150B)
Class androidx.room.processor.OnConflictProcessor                                     : loaded 5 times (x 67B)
Class androidx.room.jarjarred.org.antlr.v4.runtime.atn.SemanticContext$PrecedencePredicate: loaded 5 times (x 74B)
Class androidx.room.ext.GuavaTypeNames                                                : loaded 5 times (x 67B)
Class androidx.room.jarjarred.org.antlr.v4.runtime.tree.AbstractParseTreeVisitor      : loaded 5 times (x 80B)
Class [Landroidx.room.jarjarred.org.antlr.v4.runtime.dfa.DFAState;                    : loaded 5 times (x 65B)
Class androidx.room.parser.SQLiteParser$Delete_stmtContext                            : loaded 5 times (x 154B)
Class [Landroidx.room.jarjarred.org.antlr.v4.runtime.atn.LexerAction;                 : loaded 5 times (x 65B)
Class androidx.room.vo.Constructor                                                    : loaded 5 times (x 68B)
Class androidx.room.parser.QueryVisitor                                               : loaded 5 times (x 311B)
Class androidx.room.ext.RoomPagingRx3TypeNames                                        : loaded 5 times (x 67B)
Class androidx.room.solver.types.PrimitiveBooleanToIntConverter                       : loaded 5 times (x 67B)
Class kotlin.metadata.KmTypeParameter                                                 : loaded 5 times (x 68B)
Class kotlin.metadata.internal.metadata.ProtoBuf$Visibility                           : loaded 5 times (x 78B)
Class [Landroidx.room.compiler.codegen.XCodeBlock;                                    : loaded 5 times (x 65B)
Class kotlin.metadata.internal.metadata.jvm.deserialization.JvmNameResolverBase       : loaded 5 times (x 76B)
Class androidx.room.ext.SQLiteDriverTypeNames                                         : loaded 5 times (x 67B)
Class androidx.room.compiler.codegen.XCodeBlock$Companion$ofExtensionCall$1           : loaded 5 times (x 75B)
Class kotlinx.serialization.descriptors.StructureKind$CLASS                           : loaded 5 times (x 67B)
Class kotlin.metadata.internal.protobuf.MessageLite                                   : loaded 5 times (x 66B)
Class androidx.room.solver.binderprovider.DataSourceQueryResultBinderProvider         : loaded 5 times (x 72B)
Class androidx.room.parser.Section$NewLine                                            : loaded 5 times (x 68B)
Class [Landroidx.room.compiler.codegen.XFileSpec$Builder;                             : loaded 5 times (x 65B)
Class androidx.room.compiler.processing.javac.kotlin.KmValueParameterContainer        : loaded 5 times (x 68B)
Class androidx.room.compiler.codegen.impl.XFileSpecImpl$Builder                       : loaded 5 times (x 74B)
Class androidx.room.vo.QueryParameter                                                 : loaded 5 times (x 68B)
Class androidx.room.Transaction                                                       : loaded 5 times (x 66B)
Class androidx.room.parser.SQLiteParser$Default_valueContext                          : loaded 5 times (x 149B)
Class androidx.room.parser.SQLiteParser$Recursive_cteContext                          : loaded 5 times (x 155B)
Class androidx.room.jarjarred.org.antlr.v4.runtime.NoViableAltException               : loaded 5 times (x 87B)
Class androidx.room.jarjarred.org.antlr.v4.runtime.atn.TokensStartState               : loaded 5 times (x 78B)
Class androidx.room.jarjarred.org.antlr.v4.runtime.atn.ATNSimulator                   : loaded 5 times (x 72B)
Class kotlin.metadata.jvm.KotlinClassMetadata$SyntheticClass                          : loaded 5 times (x 73B)
Class androidx.room.vo.PrimaryKey$Companion                                           : loaded 5 times (x 67B)
Class androidx.room.compiler.processing.XAnnotationValue                              : loaded 5 times (x 66B)
Class androidx.room.solver.binderprovider.ListenableFuturePagingSourceQueryResultBinderProviderKt: loaded 5 times (x 67B)
Class androidx.room.solver.binderprovider.RxQueryResultBinderProvider                 : loaded 5 times (x 75B)
Class kotlin.metadata.KmFunction                                                      : loaded 5 times (x 68B)
Class kotlin.metadata.internal.metadata.jvm.deserialization.JvmNameResolverBase$WhenMappings: loaded 5 times (x 67B)
Class kotlin.metadata.internal.metadata.jvm.JvmProtoBuf$StringTableTypes$Record$Operation$1: loaded 5 times (x 70B)
Class androidx.room.solver.types.StringColumnTypeAdapter                              : loaded 5 times (x 81B)
Class androidx.room.parser.SQLiteParser$Table_aliasContext                            : loaded 5 times (x 152B)
Class androidx.room.parser.SQLiteParser$Table_or_subqueryContext                      : loaded 5 times (x 167B)
Class kotlin.metadata.internal.metadata.ProtoBuf$ValueParameter$1                     : loaded 5 times (x 140B)
Class kotlin.metadata.jvm.internal.JvmClassExtension                                  : loaded 5 times (x 73B)
Class kotlin.reflect.jvm.internal.KPackageImpl$data$1                                 : loaded 5 times (x 75B)
Class androidx.room.parser.QueryType$Companion                                        : loaded 5 times (x 67B)
Class androidx.room.jarjarred.org.antlr.v4.runtime.ConsoleErrorListener               : loaded 5 times (x 77B)
Class androidx.room.jarjarred.org.antlr.v4.runtime.tree.ParseTreeVisitor              : loaded 5 times (x 66B)
Class androidx.room.writer.EntityInsertAdapterWriter$Companion                        : loaded 5 times (x 67B)
Class kotlin.metadata.ClassKind                                                       : loaded 5 times (x 75B)
Class androidx.room.writer.QueryWriter$WhenMappings                                   : loaded 5 times (x 67B)
Class androidx.room.compiler.codegen.java.JavaCodeBlock$Builder                       : loaded 5 times (x 84B)
Class androidx.room.compiler.codegen.XTypeSpec$Companion                              : loaded 5 times (x 67B)
Class androidx.room.vo.SchemaIdentityKey$Companion                                    : loaded 5 times (x 67B)
Class androidx.room.solver.query.result.QueryResultBinder                             : loaded 5 times (x 70B)
Class androidx.room.parser.Table                                                      : loaded 5 times (x 68B)
Class androidx.room.parser.SQLiteParser$Simple_function_invocationContext             : loaded 5 times (x 155B)
Class androidx.room.parser.SQLiteParser$Over_clauseContext                            : loaded 5 times (x 163B)
Class androidx.room.jarjarred.org.antlr.v4.runtime.TokenFactory                       : loaded 5 times (x 66B)
Class androidx.room.jarjarred.org.antlr.v4.runtime.Recognizer$1                       : loaded 5 times (x 202B)
Class org.sqlite.SQLiteConfig$HexKeyMode                                              : loaded 5 times (x 78B)
Class androidx.room.processor.cache.Cache$DataClassKey                                : loaded 5 times (x 68B)
Class androidx.room.compiler.codegen.kotlin.KotlinCodeBlock$Builder$Companion         : loaded 5 times (x 67B)
Class androidx.room.compiler.processing.InternalXAnnotationValue$Companion            : loaded 5 times (x 67B)
Class kotlin.collections.builders.SetBuilder$Companion                                : loaded 5 times (x 67B)
Class androidx.room.solver.shortcut.binderprovider.RxSingleOrMaybeDeleteOrUpdateFunctionBinderProvider: loaded 5 times (x 75B)
Class kotlin.metadata.Attributes$isReified$2                                          : loaded 5 times (x 133B)
Class kotlin.metadata.internal.metadata.ProtoBuf$ContractOrBuilder                    : loaded 5 times (x 66B)
Class kotlin.metadata.internal.protobuf.AbstractParser                                : loaded 5 times (x 140B)
Class androidx.room.compiler.codegen.XFunSpec$Builder$Companion                       : loaded 5 times (x 67B)
Class androidx.room.compiler.codegen.java.JavaParameterSpec$Builder                   : loaded 5 times (x 74B)
Class [Landroidx.room.compiler.processing.XNullability;                               : loaded 5 times (x 65B)
Class androidx.room.compiler.processing.javac.ElementExtKt                            : loaded 5 times (x 67B)
Class [Lkotlin.metadata.MemberKind;                                                   : loaded 5 times (x 65B)
Class [Landroidx.room.solver.types.TypeConverter;                                     : loaded 5 times (x 65B)
Class androidx.room.solver.binderprovider.RxJava2PagingSourceQueryResultBinderProviderKt: loaded 5 times (x 67B)
Class androidx.room.solver.prepared.binderprovider.RxCompletablePreparedQueryResultBinderProvider: loaded 5 times (x 75B)
Class org.sqlite.date.FastDateParser$1                                                : loaded 5 times (x 75B)
Class androidx.room.compiler.codegen.XTypeName$WhenMappings                           : loaded 5 times (x 67B)
Class com.squareup.kotlinpoet.CodeWriter$importableTypes$1                            : loaded 5 times (x 74B)
Class kotlin.metadata.internal.metadata.deserialization.VersionRequirement$Version    : loaded 5 times (x 67B)
Class androidx.room.jarjarred.org.antlr.v4.runtime.dfa.DFASerializer                  : loaded 5 times (x 70B)
Class androidx.room.solver.shortcut.result.DeleteOrUpdateFunctionAdapter              : loaded 5 times (x 68B)
Class androidx.room.compiler.codegen.XCodeBlockKt$buildCodeBlock$1                    : loaded 5 times (x 75B)
Class androidx.room.jarjarred.org.antlr.v4.runtime.TokenSource                        : loaded 5 times (x 66B)
Class androidx.room.writer.PropertyReadWriteWriter$Companion                          : loaded 5 times (x 67B)
Class androidx.room.solver.CodeGenScope$Companion                                     : loaded 5 times (x 67B)
Class androidx.room.compiler.codegen.XAnnotationSpec                                  : loaded 5 times (x 66B)
Class androidx.room.processor.CustomConverterProcessor$ProcessResult$Companion        : loaded 5 times (x 67B)
Class kotlinx.serialization.SealedClassSerializer$special$$inlined$groupingBy$1       : loaded 5 times (x 72B)
Class androidx.room.parser.SQLiteParser$Expr_asc_descContext                          : loaded 5 times (x 153B)
Class androidx.room.jarjarred.org.antlr.v4.runtime.BufferedTokenStream                : loaded 5 times (x 122B)
Class [Landroidx.room.jarjarred.org.antlr.v4.runtime.atn.RuleStopState;               : loaded 5 times (x 65B)
Class androidx.room.jarjarred.org.antlr.v4.runtime.tree.Tree                          : loaded 5 times (x 66B)
Class kotlin.metadata.internal.metadata.deserialization.VersionRequirement$Companion  : loaded 5 times (x 67B)
Class kotlin.jvm.JvmName                                                              : loaded 5 times (x 66B)
Class kotlin.text.LinesIterator$State                                                 : loaded 5 times (x 67B)
Class androidx.room.ColumnInfo                                                        : loaded 5 times (x 66B)
Class kotlin.metadata.internal.protobuf.GeneratedMessageLite$ExtendableMessage        : loaded 5 times (x 109B)
Class kotlin.metadata.internal.metadata.ProtoBuf$TypeTableOrBuilder                   : loaded 5 times (x 66B)
Class kotlin.metadata.internal.metadata.ProtoBuf$Class$Kind                           : loaded 5 times (x 78B)
Class androidx.room.compiler.processing.XHasModifiers                                 : loaded 5 times (x 66B)
Class [Landroidx.room.solver.prepared.binderprovider.PreparedQueryResultBinderProvider;: loaded 5 times (x 65B)
Class kotlin.metadata.internal.protobuf.SmallSortedMap$Entry                          : loaded 5 times (x 84B)
Class androidx.room.compiler.processing.XAnnotated                                    : loaded 5 times (x 66B)
Class androidx.room.solver.binderprovider.RxJava3PagingSourceQueryResultBinderProviderKt: loaded 5 times (x 67B)
Class androidx.room.processor.CustomConverterProcessor                                : loaded 5 times (x 68B)
Class org.sqlite.date.FastDateParser$3                                                : loaded 5 times (x 75B)
Class org.sqlite.Function$Window                                                      : loaded 5 times (x 73B)
Class androidx.room.compiler.processing.javac.JavacTypeElement$packageElement$2       : loaded 5 times (x 75B)
Class androidx.room.solver.query.result.CoroutineFlowResultBinder$convertAndReturn$createBlock$1: loaded 5 times (x 69B)
Class androidx.room.writer.DaoWriter$PreparedStmtQuery$Companion                      : loaded 5 times (x 67B)
Class [Landroidx.room.compiler.codegen.XFunSpec$Builder;                              : loaded 5 times (x 65B)
Class androidx.room.processor.cache.Cache                                             : loaded 5 times (x 68B)
Class com.squareup.javapoet.CodeWriter$Multiset                                       : loaded 5 times (x 68B)
Class androidx.room.compiler.codegen.XSpec                                            : loaded 5 times (x 67B)
Class kotlinx.serialization.internal.PluginGeneratedSerialDescriptor$_hashCode$2      : loaded 5 times (x 75B)
Class org.apache.commons.codec.EncoderException                                       : loaded 5 times (x 78B)
Class org.sqlite.core.SafeStmtPtr$SafePtrFunction                                     : loaded 5 times (x 66B)
Class androidx.room.jarjarred.org.antlr.v4.runtime.atn.LexerIndexedCustomAction       : loaded 5 times (x 73B)
Class [Landroidx.room.jarjarred.org.antlr.v4.runtime.atn.PredictionMode;              : loaded 5 times (x 65B)
Class androidx.room.parser.SQLiteParser$Partition_byContext                           : loaded 5 times (x 151B)
Class androidx.room.parser.SQLiteParser$Indexed_columnContext                         : loaded 5 times (x 152B)
Class androidx.room.jarjarred.org.antlr.v4.runtime.CodePointBuffer                    : loaded 5 times (x 77B)
Class org.sqlite.date.FastDatePrinter$TwoDigitMonthField                              : loaded 5 times (x 76B)
Class org.sqlite.util.ProcessRunner                                                   : loaded 5 times (x 69B)
Class kotlin.metadata.jvm.internal.JvmTypeParameterExtension                          : loaded 5 times (x 73B)
Class androidx.room.vo.PropertyGetter                                                 : loaded 5 times (x 68B)
Class [Lkotlin.metadata.internal.protobuf.WireFormat$JavaType;                        : loaded 5 times (x 65B)
Class androidx.room.compiler.processing.javac.JavacExecutableElement$thrownTypes$2    : loaded 5 times (x 75B)
Class kotlin.metadata.jvm.internal.JvmFunctionExtension                               : loaded 5 times (x 73B)
Class kotlin.metadata.jvm.internal.JvmFunctionExtension$Companion                     : loaded 5 times (x 67B)
Class com.google.auto.common.Overrides                                                : loaded 5 times (x 68B)
Class androidx.room.compiler.processing.javac.JavacTypeElement$superInterfaces$2      : loaded 5 times (x 75B)
Class androidx.room.compiler.processing.javac.JavacMethodElement$executableType$2     : loaded 5 times (x 75B)
Class kotlin.metadata.KmVariance                                                      : loaded 5 times (x 75B)
Class androidx.room.compiler.processing.javac.kotlin.JvmDescriptorTypeVisitor$WhenMappings: loaded 5 times (x 67B)
Class androidx.room.compiler.processing.ksp.KSTypeJavaPoetExtKt$typeVarNameConstructor$2: loaded 5 times (x 74B)
Class androidx.room.solver.binderprovider.LiveDataQueryResultBinderProvider           : loaded 5 times (x 75B)
Class androidx.room.solver.binderprovider.CoroutineFlowResultBinderProvider$Companion : loaded 5 times (x 67B)
Class org.sqlite.SQLiteConfig$DateClass                                               : loaded 5 times (x 78B)
Class androidx.room.compiler.codegen.XCodeBlock$Companion$ofCast$1$WhenMappings       : loaded 5 times (x 67B)
Class org.sqlite.date.FastDatePrinter$TwoDigitNumberField                             : loaded 5 times (x 76B)
Class androidx.room.jarjarred.org.antlr.v4.runtime.misc.IntegerStack                  : loaded 5 times (x 68B)
Class org.sqlite.core.CorePreparedStatement                                           : loaded 5 times (x 202B)
Class androidx.room.parser.SQLiteParser$Savepoint_nameContext                         : loaded 5 times (x 148B)
Class androidx.room.parser.SQLiteParser$Foreign_tableContext                          : loaded 5 times (x 148B)
Class androidx.room.jarjarred.org.antlr.v4.runtime.CommonTokenFactory                 : loaded 5 times (x 75B)
Class androidx.room.jarjarred.org.antlr.v4.runtime.misc.Pair                          : loaded 5 times (x 68B)
Class [Lorg.sqlite.SQLiteConfig$DateClass;                                            : loaded 5 times (x 65B)
Class androidx.room.compiler.processing.javac.JavacMethodParameter$jvmName$2          : loaded 5 times (x 75B)
Class androidx.room.compiler.processing.XPackageElement                               : loaded 5 times (x 66B)
Class androidx.room.processor.cache.Cache$FullKey                                     : loaded 5 times (x 68B)
Class androidx.room.parser.SQLiteParser$Initial_selectContext                         : loaded 5 times (x 148B)
Class androidx.room.ext.RoomPagingRx2TypeNames                                        : loaded 5 times (x 67B)
Class kotlin.metadata.internal.metadata.deserialization.Flags                         : loaded 5 times (x 67B)
Class kotlin.metadata.jvm.internal.JvmConstructorExtension                            : loaded 5 times (x 73B)
Class androidx.room.parser.SQLiteParser$ParseContext                                  : loaded 5 times (x 150B)
Class kotlin.metadata.internal.metadata.deserialization.NameResolver                  : loaded 5 times (x 66B)
Class kotlin.metadata.internal.metadata.ProtoBuf$Annotation                           : loaded 5 times (x 105B)
Class androidx.room.ext.CommonTypeNames                                               : loaded 5 times (x 67B)
Class androidx.room.processor.QueryRewriter                                           : loaded 5 times (x 66B)
Class androidx.room.compiler.processing.XTypeElement                                  : loaded 5 times (x 66B)
Class [Lkotlin.metadata.internal.metadata.ProtoBuf$Effect$InvocationKind;             : loaded 5 times (x 65B)
Class androidx.room.compiler.processing.javac.JavacFieldElement$setter$2              : loaded 5 times (x 75B)
Class [Landroidx.room.vo.CallType;                                                    : loaded 5 times (x 65B)
Class [Lorg.sqlite.SQLiteConfig$TransactionMode;                                      : loaded 5 times (x 65B)
Class org.sqlite.jdbc3.JDBC3Statement                                                 : loaded 5 times (x 124B)
Class androidx.room.compiler.processing.javac.JavacAnnotationValue                    : loaded 5 times (x 151B)
Class androidx.room.parser.SQLiteParser$Aggregate_function_invocationContext          : loaded 5 times (x 157B)
Class androidx.room.parser.Section$Companion                                          : loaded 5 times (x 67B)
Class androidx.room.migration.bundle.FieldBundle$$serializer                          : loaded 5 times (x 82B)
Class androidx.room.compiler.codegen.XPropertySpec                                    : loaded 5 times (x 66B)
Class androidx.room.parser.SQLiteParser$Join_constraintContext                        : loaded 5 times (x 156B)
Class androidx.room.jarjarred.org.antlr.v4.runtime.FailedPredicateException           : loaded 5 times (x 89B)
Class androidx.room.compiler.processing.KotlinPoetExtKt                               : loaded 5 times (x 67B)
Class androidx.room.compiler.codegen.XCodeBlockKt                                     : loaded 5 times (x 67B)
Class [Landroidx.room.compiler.codegen.XCodeBlock$Builder;                            : loaded 5 times (x 65B)
Class androidx.room.parser.SQLiteParser$Filter_clauseContext                          : loaded 5 times (x 152B)
Class androidx.room.vo.FtsEntity                                                      : loaded 5 times (x 83B)
Class androidx.room.compiler.processing.javac.JavacPackageElement$qualifiedName$2     : loaded 5 times (x 75B)
Class kotlin.metadata.internal.metadata.ProtoBuf$Effect$EffectType                    : loaded 5 times (x 78B)
Class androidx.room.parser.SQLiteParserBaseVisitor                                    : loaded 5 times (x 310B)
Class kotlin.metadata.internal.metadata.ProtoBuf$Package                              : loaded 5 times (x 125B)
Class androidx.room.parser.Section$Text                                               : loaded 5 times (x 69B)
Class androidx.room.solver.query.result.DataClassIndexAdapter                         : loaded 5 times (x 72B)
Class androidx.room.compiler.processing.javac.JavacTypeElement$className$2            : loaded 5 times (x 75B)
Class androidx.room.vo.TransactionFunction$CallType                                   : loaded 5 times (x 75B)
Class androidx.room.compiler.codegen.impl.XCodeBlockImpl$Builder                      : loaded 5 times (x 84B)
Class androidx.room.compiler.processing.javac.JavacTypeElement$_declaredMethods$2     : loaded 5 times (x 75B)
Class kotlin.metadata.internal.metadata.ProtoBuf$Class                                : loaded 5 times (x 176B)
Class kotlin.metadata.internal.protobuf.CodedInputStream                              : loaded 5 times (x 68B)
Class kotlin.metadata.jvm.JvmMetadataVersion$Companion                                : loaded 5 times (x 67B)
Class androidx.room.solver.types.PrimitiveBooleanToIntConverter$create$2              : loaded 5 times (x 71B)
Class androidx.room.migration.bundle.FtsEntityBundle$$serializer                      : loaded 5 times (x 82B)
Class androidx.room.parser.SQLiteParser$Sql_stmtContext                               : loaded 5 times (x 174B)
Class [Lorg.sqlite.date.FastDatePrinter$Rule;                                         : loaded 5 times (x 65B)
Class androidx.room.SkipQueryVerification                                             : loaded 5 times (x 66B)
Class kotlin.metadata.internal.metadata.deserialization.Flags$BooleanFlagField        : loaded 5 times (x 72B)
Class com.google.common.collect.Iterators$SingletonIterator                           : loaded 5 times (x 77B)
Class [Lkotlin.metadata.internal.protobuf.Internal$EnumLite;                          : loaded 5 times (x 65B)
Class kotlin.metadata.internal.metadata.ProtoBuf$Property                             : loaded 5 times (x 144B)
Class androidx.room.compiler.processing.javac.JavacTypeElement$typeParameters$2       : loaded 5 times (x 75B)
Class androidx.room.compiler.processing.XParameterizable                              : loaded 5 times (x 66B)
Class androidx.room.solver.types.CustomTypeConverterWrapperKt                         : loaded 5 times (x 67B)
Class kotlin.metadata.internal.metadata.ProtoBuf$Contract$1                           : loaded 5 times (x 140B)
Class androidx.room.solver.types.BoxedPrimitiveColumnTypeAdapter                      : loaded 5 times (x 81B)
Class androidx.room.compiler.processing.javac.JavacMethodParameter$name$2             : loaded 5 times (x 75B)
Class androidx.room.solver.types.StringColumnTypeAdapter$Companion                    : loaded 5 times (x 67B)
Class androidx.room.migration.bundle.DatabaseBundle                                   : loaded 5 times (x 71B)
Class androidx.room.parser.SQLiteParser$Column_defContext                             : loaded 5 times (x 151B)
Class androidx.room.jarjarred.org.antlr.v4.runtime.atn.ParserATNSimulator             : loaded 5 times (x 113B)
Class androidx.room.ext.String_extKt                                                  : loaded 5 times (x 67B)
Class androidx.room.compiler.processing.XExecutableParameterElement                   : loaded 5 times (x 66B)
Class androidx.room.vo.DataClassFunction                                              : loaded 5 times (x 68B)
Class androidx.room.compiler.processing.util.MemoizedSequence$CachedIterator          : loaded 5 times (x 75B)
Class kotlin.metadata.KmDeclarationContainer                                          : loaded 5 times (x 66B)
Class kotlin.metadata.internal.metadata.jvm.JvmProtoBuf$JvmFieldSignature$1           : loaded 5 times (x 140B)
Class kotlin.metadata.internal.metadata.ProtoBuf$FunctionOrBuilder                    : loaded 5 times (x 66B)
Class androidx.room.solver.types.ByteArrayWrapperColumnTypeAdapter$Companion          : loaded 5 times (x 67B)
Class kotlin.metadata.internal.metadata.jvm.deserialization.JvmMemberSignature$Method : loaded 5 times (x 71B)
Class kotlin.metadata.internal.metadata.ProtoBuf$Visibility$1                         : loaded 5 times (x 70B)
Class androidx.room.solver.shortcut.binderprovider.RxCallableInsertOrUpsertFunctionBinderProvider$Companion: loaded 5 times (x 67B)
Class androidx.room.compiler.processing.XFieldElement                                 : loaded 5 times (x 66B)
Class kotlin.metadata.jvm.internal.JvmTypeParameterExtension$Companion                : loaded 5 times (x 67B)
Class androidx.room.parser.SQLiteParser$Result_columnContext                          : loaded 5 times (x 153B)
Class androidx.room.compiler.codegen.XTypeSpec$Builder                                : loaded 5 times (x 66B)
Class androidx.room.vo.InsertOrUpsertShortcutFunction                                 : loaded 5 times (x 68B)
Class com.squareup.kotlinpoet.ParameterizedTypeName$Companion                         : loaded 5 times (x 67B)
Class androidx.room.solver.shortcut.result.InsertOrUpsertFunctionAdapter$FunctionInfo : loaded 5 times (x 69B)
Class androidx.room.parser.SQLiteParser$Pragma_stmtContext                            : loaded 5 times (x 155B)
Class androidx.room.jarjarred.org.antlr.v4.runtime.dfa.LexerDFASerializer             : loaded 5 times (x 70B)
Class org.sqlite.util.LibraryLoaderUtil                                               : loaded 5 times (x 67B)
Class androidx.room.vo.Property                                                       : loaded 5 times (x 71B)
Class androidx.room.parser.SQLiteParser$Module_argumentContext                        : loaded 5 times (x 149B)
Class androidx.room.compiler.processing.XRawType                                      : loaded 5 times (x 66B)
Class kotlin.metadata.jvm.internal.JvmConstructorExtension$Companion                  : loaded 5 times (x 67B)
Class kotlin.metadata.internal.metadata.deserialization.VersionRequirementTable$Companion: loaded 5 times (x 67B)
Class androidx.room.parser.SQLiteParser$Create_index_stmtContext                      : loaded 5 times (x 166B)
Class kotlin.metadata.internal.protobuf.ExtensionRegistryLite$ObjectIntPair           : loaded 5 times (x 68B)
Class androidx.room.parser.SqlParser                                                  : loaded 5 times (x 67B)
Class [Lorg.sqlite.SQLiteConfig$JournalMode;                                          : loaded 5 times (x 65B)
Class org.sqlite.SQLiteConnectionConfig                                               : loaded 5 times (x 84B)
Class androidx.room.vo.WriteQueryFunction                                             : loaded 5 times (x 68B)
Class kotlinx.serialization.SerializationException                                    : loaded 5 times (x 78B)
Class androidx.room.migration.bundle.FtsEntityBundle                                  : loaded 5 times (x 78B)
Class [Landroidx.room.compiler.codegen.VisibilityModifier;                            : loaded 5 times (x 65B)
Class androidx.room.compiler.codegen.XFileSpec$Companion                              : loaded 5 times (x 67B)
Class androidx.room.writer.EntityDeleteAdapterWriter$Companion                        : loaded 5 times (x 67B)
Class androidx.room.compiler.processing.XEquality                                     : loaded 5 times (x 66B)
Class kotlin.metadata.internal.protobuf.FieldSet$FieldDescriptorLite                  : loaded 5 times (x 66B)
Class androidx.room.jarjarred.org.antlr.v4.runtime.atn.LoopEndState                   : loaded 5 times (x 78B)
Class androidx.room.jarjarred.org.antlr.v4.runtime.atn.PredicateTransition            : loaded 5 times (x 72B)
Class androidx.room.jarjarred.org.antlr.v4.runtime.atn.BlockStartState                : loaded 5 times (x 79B)
Class kotlin.metadata.KmVersionRequirementVersionKind                                 : loaded 5 times (x 75B)
Class [Landroidx.room.parser.QueryType;                                               : loaded 5 times (x 65B)
Class androidx.room.compiler.processing.XTypeElement$getAllNonPrivateInstanceMethods$1: loaded 5 times (x 74B)
Class androidx.room.compiler.processing.javac.JavacMethodElement$kotlinMetadata$2     : loaded 5 times (x 75B)
Class kotlin.metadata.internal.metadata.ProtoBuf$Property$1                           : loaded 5 times (x 140B)
Class androidx.room.processor.SuppressWarningProcessor                                : loaded 5 times (x 67B)
Class androidx.room.solver.binderprovider.QueryResultBinderProviderWithRequiredArtifact: loaded 5 times (x 72B)
Class kotlin.metadata.internal.metadata.ProtoBuf$Function                             : loaded 5 times (x 145B)
Class androidx.room.compiler.processing.CommonProcessorDelegate$processRound$currentElementsDeferredByStep$1$stepDeferredElementsByAnnotation$1: loaded 5 times (x 74B)
Class kotlin.metadata.Attributes$isNegated$2                                          : loaded 5 times (x 133B)
Class androidx.room.compiler.codegen.kotlin.KotlinParameterSpec$Builder               : loaded 5 times (x 74B)
Class androidx.room.Insert                                                            : loaded 5 times (x 66B)
Class org.sqlite.SQLiteConfig$TempStore                                               : loaded 5 times (x 78B)
Class org.sqlite.core.CoreResultSet                                                   : loaded 5 times (x 78B)
Class androidx.room.ext.ReactiveStreamsTypeNames                                      : loaded 5 times (x 67B)
Class androidx.room.jarjarred.org.antlr.v4.runtime.RuleContext                        : loaded 5 times (x 128B)
Class [Landroidx.room.jarjarred.org.antlr.v4.runtime.atn.ATNState;                    : loaded 5 times (x 65B)
Class androidx.room.jarjarred.org.antlr.v4.runtime.atn.OrderedATNConfigSet            : loaded 5 times (x 144B)
Class androidx.room.compiler.processing.javac.JavacTypeElement$DefaultJavacTypeElement: loaded 5 times (x 294B)
Class kotlin.metadata.jvm.internal.JvmClassExtension$Companion                        : loaded 5 times (x 67B)
Class androidx.room.compiler.codegen.impl.XFileSpecImpl$WhenMappings                  : loaded 5 times (x 67B)
Class androidx.room.compiler.codegen.kotlin.KotlinFunSpecKt$WhenMappings              : loaded 5 times (x 67B)
Class kotlinx.serialization.descriptors.SerialDescriptorImpl$_hashCode$2              : loaded 5 times (x 75B)
Class androidx.room.solver.query.result.ListQueryResultAdapter                        : loaded 5 times (x 69B)
Class androidx.room.parser.expansion.ExpandableSqlParserKt                            : loaded 5 times (x 67B)
Class androidx.room.parser.SQLiteParser$View_nameContext                              : loaded 5 times (x 148B)
Class androidx.room.jarjarred.org.antlr.v4.runtime.atn.WildcardTransition             : loaded 5 times (x 72B)
Class androidx.room.solver.types.PrimitiveBooleanToIntConverter$create$1              : loaded 5 times (x 71B)
Class org.sqlite.core.SafeStmtPtr                                                     : loaded 5 times (x 75B)
Class org.sqlite.date.FastDatePrinter$CharacterLiteral                                : loaded 5 times (x 73B)
Class androidx.room.compiler.processing.javac.JavacMethodParameter                    : loaded 5 times (x 219B)
Class com.google.auto.common.Visibility                                               : loaded 5 times (x 75B)
Class androidx.room.solver.binderprovider.MultiTypedPagingSourceQueryResultBinderProvider: loaded 5 times (x 72B)
Class androidx.room.ext.RoomRxJava2MemberNames                                        : loaded 5 times (x 67B)
Class kotlin.metadata.internal.BooleanFlagDelegate                                    : loaded 5 times (x 68B)
Class androidx.room.Relation                                                          : loaded 5 times (x 66B)
Class kotlinx.serialization.internal.PrimitiveSerialDescriptor                        : loaded 5 times (x 81B)
Class androidx.room.compiler.processing.javac.JavacTypeElement$allMethods$1           : loaded 5 times (x 75B)
Class androidx.room.compiler.codegen.XAnnotationSpec$Builder                          : loaded 5 times (x 66B)
Class [Landroidx.room.jarjarred.org.antlr.v4.runtime.dfa.DFAState$PredPrediction;     : loaded 5 times (x 65B)
Class androidx.room.compiler.processing.XFiler$Mode                                   : loaded 5 times (x 75B)
Class androidx.room.compiler.codegen.XCodeBlock$Companion$ofCast$1                    : loaded 5 times (x 75B)
Class kotlinx.serialization.SealedClassSerializer$descriptor$2$1$elementDescriptor$1  : loaded 5 times (x 75B)
Class kotlin.metadata.internal.extensions.KmConstructorExtension                      : loaded 5 times (x 66B)
Class [Landroidx.room.solver.shortcut.binderprovider.DeleteOrUpdateFunctionBinderProvider;: loaded 5 times (x 65B)
Class androidx.room.vo.Database$legacyIdentityHash_delegate$lambda$12$$inlined$sortedBy$2: loaded 5 times (x 85B)
Class kotlinx.serialization.internal.ArrayListSerializer                              : loaded 5 times (x 94B)
Class kotlin.metadata.internal.metadata.ProtoBuf$Type$ArgumentOrBuilder               : loaded 5 times (x 66B)
Class androidx.room.processor.QueryRewriter$Companion$NoOpRewriter$1                  : loaded 5 times (x 70B)
Class androidx.room.compiler.codegen.XPropertySpec$Builder$Companion                  : loaded 5 times (x 67B)
Class androidx.room.compiler.processing.XElementKt                                    : loaded 5 times (x 67B)
Class androidx.room.compiler.codegen.impl.XFunSpecImpl$Builder                        : loaded 5 times (x 87B)
Class androidx.room.migration.bundle.EntityBundle                                     : loaded 5 times (x 80B)
Class androidx.room.solver.transaction.binder.CoroutineTransactionFunctionBinder      : loaded 5 times (x 69B)
Class androidx.room.solver.query.result.IndexAdapter                                  : loaded 5 times (x 66B)
Class androidx.room.solver.query.result.RowAdapter                                    : loaded 5 times (x 71B)
Class androidx.room.parser.SQLiteParser$Commit_stmtContext                            : loaded 5 times (x 150B)
Class androidx.room.parser.SQLiteParser$Table_nameContext                             : loaded 5 times (x 148B)
Class androidx.room.parser.SQLiteParser$Order_by_exprContext                          : loaded 5 times (x 151B)
Class androidx.room.jarjarred.org.antlr.v4.runtime.misc.IntervalSet                   : loaded 5 times (x 117B)
Class androidx.room.jarjarred.org.antlr.v4.runtime.atn.AbstractPredicateTransition    : loaded 5 times (x 72B)
Class androidx.room.compiler.processing.javac.JavacExecutableType                     : loaded 5 times (x 77B)
Class org.sqlite.SQLiteConfig$PragmaValue                                             : loaded 5 times (x 66B)
Class org.sqlite.core.Codes                                                           : loaded 5 times (x 66B)
Class kotlin.metadata.jvm.JvmExtensionsKt                                             : loaded 5 times (x 67B)
Class kotlin.metadata.jvm.internal.JvmPropertyExtension                               : loaded 5 times (x 73B)
Class kotlin.metadata.internal.metadata.ProtoBuf$VersionRequirementTable$1            : loaded 5 times (x 140B)
Class kotlin.metadata.internal.metadata.deserialization.VersionRequirement            : loaded 5 times (x 68B)
Class androidx.room.jarjarred.org.antlr.v4.runtime.CodePointBuffer$Builder            : loaded 5 times (x 75B)
Class [Landroidx.room.jarjarred.org.antlr.v4.runtime.atn.RuleStartState;              : loaded 5 times (x 65B)
Class [Landroidx.room.jarjarred.org.antlr.v4.runtime.dfa.DFA;                         : loaded 5 times (x 65B)
Class androidx.room.parser.SQLiteParser$Literal_valueContext                          : loaded 5 times (x 156B)
Class androidx.room.parser.SQLiteParser$Table_function_nameContext                    : loaded 5 times (x 148B)
Class androidx.room.jarjarred.org.antlr.v4.runtime.atn.ArrayPredictionContext         : loaded 5 times (x 76B)
Class androidx.room.jarjarred.org.antlr.v4.runtime.atn.SemanticContext$Operator       : loaded 5 times (x 70B)
Class androidx.room.compiler.codegen.XCodeBlock$Companion$ofKotlinClassLiteral$1      : loaded 5 times (x 75B)
Class androidx.room.compiler.codegen.kotlin.KotlinFunSpec                             : loaded 5 times (x 71B)
Class androidx.room.jarjarred.org.antlr.v4.runtime.atn.LL1Analyzer                    : loaded 5 times (x 72B)
Class androidx.room.jarjarred.org.antlr.v4.runtime.misc.MurmurHash                    : loaded 5 times (x 67B)
Class androidx.room.parser.SQLiteParser$Select_stmtContext                            : loaded 5 times (x 154B)
Class androidx.room.parser.SQLiteParser$Asc_descContext                               : loaded 5 times (x 149B)
Class androidx.room.jarjarred.org.antlr.v4.runtime.Recognizer                         : loaded 5 times (x 94B)
Class com.google.auto.common.MoreTypes$PrimitiveTypeVisitor                           : loaded 5 times (x 98B)
Class androidx.room.compiler.processing.javac.JavacAnnotation$declaredAnnotationValues$2: loaded 5 times (x 75B)
Class androidx.room.solver.shortcut.binderprovider.RxCallableInsertOrUpsertFunctionBinderProvider: loaded 5 times (x 75B)
Class androidx.room.solver.TypeConverterStore                                         : loaded 5 times (x 66B)
Class kotlin.metadata.internal.metadata.jvm.deserialization.BitEncoding               : loaded 5 times (x 67B)
Class kotlin.metadata.internal.metadata.ProtoBuf$TypeParameter$Variance$1             : loaded 5 times (x 70B)
Class androidx.room.jarjarred.org.antlr.v4.runtime.misc.FlexibleHashMap               : loaded 5 times (x 121B)
Class androidx.room.compiler.codegen.java.JavaCodeBlock                               : loaded 5 times (x 68B)
Class androidx.room.jarjarred.org.antlr.v4.runtime.WritableToken                      : loaded 5 times (x 66B)
Class androidx.room.compiler.codegen.kotlin.KotlinParameterSpec                       : loaded 5 times (x 72B)
Class androidx.room.solver.CodeGenScope                                               : loaded 5 times (x 68B)
Class androidx.room.parser.SQLiteParser$Function_nameContext                          : loaded 5 times (x 148B)
Class kotlin.metadata.internal.metadata.jvm.JvmProtoBuf$JvmMethodSignatureOrBuilder   : loaded 5 times (x 66B)
Class kotlin.metadata.internal.metadata.ProtoBuf$Annotation$1                         : loaded 5 times (x 140B)
Class kotlin.metadata.KmProperty                                                      : loaded 5 times (x 68B)
Class androidx.room.solver.shortcut.result.InsertOrUpsertFunctionAdapter$WhenMappings : loaded 5 times (x 67B)
Class androidx.room.compiler.codegen.impl.XParameterSpecImpl$Builder                  : loaded 5 times (x 74B)
Class kotlin.metadata.internal.extensions.KmPropertyExtension                         : loaded 5 times (x 66B)
Class androidx.room.solver.query.result.CoroutineResultBinder                         : loaded 5 times (x 70B)
Class [Landroidx.room.jarjarred.org.antlr.v4.runtime.atn.PredictionContext;           : loaded 5 times (x 65B)
Class androidx.room.jarjarred.org.antlr.v4.runtime.atn.SemanticContext$OR             : loaded 5 times (x 71B)
Class androidx.room.parser.SQLiteParser$Vacuum_stmtContext                            : loaded 5 times (x 151B)
Class androidx.room.parser.SQLiteParser$Insert_stmtContext                            : loaded 5 times (x 173B)
Class androidx.room.parser.SQLiteParser$Factored_select_stmtContext                   : loaded 5 times (x 148B)
Class org.sqlite.date.DateParser                                                      : loaded 5 times (x 66B)
Class org.sqlite.core.DB                                                              : loaded 5 times (x 139B)
Class androidx.room.ext.RoomRxJava3TypeNames                                          : loaded 5 times (x 67B)
Class androidx.room.compiler.processing.InternalXAnnotationValue$kind$2               : loaded 5 times (x 75B)
Class androidx.room.processor.EntityOrViewProcessor                                   : loaded 5 times (x 66B)
Class androidx.room.compiler.processing.XMethodElement                                : loaded 5 times (x 66B)
Class androidx.room.ext.RoomRxJava3MemberNames                                        : loaded 5 times (x 67B)
Class kotlin.metadata.internal.FlagDelegatesImplKt$valueParameterBooleanFlag$1        : loaded 5 times (x 133B)
Class kotlin.metadata.Attributes$kind$11                                              : loaded 5 times (x 133B)
Class androidx.room.compiler.processing.javac.JavacMethodType$typeVariableNames$2     : loaded 5 times (x 75B)
Class kotlin.metadata.internal.metadata.jvm.deserialization.JvmMemberSignature        : loaded 5 times (x 70B)
Class kotlin.metadata.internal.ReadUtilsKt                                            : loaded 5 times (x 67B)
Class kotlin.metadata.internal.protobuf.GeneratedMessageLite$Builder                  : loaded 5 times (x 124B)
Class kotlin.metadata.internal.protobuf.CodedOutputStream$ByteBufferOutputStream      : loaded 5 times (x 82B)
Class androidx.room.log.RLog$CollectingMessager                                       : loaded 5 times (x 69B)
Class androidx.room.compiler.processing.XNullability                                  : loaded 5 times (x 75B)
Class org.sqlite.date.FastDateParser$4                                                : loaded 5 times (x 75B)
Class androidx.room.compiler.processing.javac.kotlin.KmClassContainer$Companion       : loaded 5 times (x 67B)
Class androidx.room.compiler.codegen.XTypeName                                        : loaded 5 times (x 71B)
Class org.sqlite.date.FastDatePrinter$PaddedNumberField                               : loaded 5 times (x 76B)
Class androidx.room.compiler.processing.KnownTypeNames                                : loaded 5 times (x 67B)
Class androidx.room.migration.bundle.PrimaryKeyBundle                                 : loaded 5 times (x 71B)
Class kotlinx.serialization.descriptors.PolymorphicKind$SEALED                        : loaded 5 times (x 67B)
Class kotlin.collections.builders.ListBuilder                                         : loaded 5 times (x 203B)
Class kotlin.collections.builders.ListBuilder$Companion                               : loaded 5 times (x 67B)
Class kotlinx.serialization.descriptors.SerialDescriptor                              : loaded 5 times (x 66B)
Class androidx.room.solver.query.parameter.QueryParameterAdapter                      : loaded 5 times (x 69B)
Class androidx.room.vo.RelationCollector$Companion                                    : loaded 5 times (x 67B)
Class androidx.room.jarjarred.org.antlr.v4.runtime.CommonTokenStream                  : loaded 5 times (x 123B)
Class androidx.room.jarjarred.org.antlr.v4.runtime.CodePointCharStream$1              : loaded 5 times (x 67B)
Class androidx.room.jarjarred.org.antlr.v4.runtime.CodePointCharStream$CodePoint16BitCharStream: loaded 5 times (x 84B)
Class [Lorg.sqlite.date.FastDateParser$Strategy;                                      : loaded 5 times (x 65B)
Class androidx.room.compiler.processing.XExecutableType                               : loaded 5 times (x 66B)
Class androidx.room.compiler.processing.javac.JavacVariableElement$type$2             : loaded 5 times (x 75B)
Class androidx.room.vo.Entity                                                         : loaded 5 times (x 83B)
Class androidx.room.solver.types.PrimitiveColumnTypeAdapter$Companion                 : loaded 5 times (x 67B)
Class androidx.room.compiler.processing.javac.JavacDeclaredType$equalityItems$2       : loaded 5 times (x 75B)
Class com.google.auto.common.MoreTypes$TypeEquivalence                                : loaded 5 times (x 78B)
Class androidx.room.compiler.processing.javac.JavacElement$equalityItems$2            : loaded 5 times (x 75B)
Class androidx.room.compiler.processing.CommonProcessorDelegate                       : loaded 5 times (x 68B)
Class androidx.room.compiler.codegen.XTypeName$Companion                              : loaded 5 times (x 67B)
Class [Lkotlin.metadata.internal.metadata.jvm.JvmProtoBuf$StringTableTypes$Record$Operation;: loaded 5 times (x 65B)
Class kotlin.metadata.internal.FlagDelegatesImplKt$propertyAccessorBooleanFlag$1      : loaded 5 times (x 133B)
Class kotlin.metadata.KmEffectExpression                                              : loaded 5 times (x 68B)
Class androidx.room.writer.DaoWriter$WhenMappings                                     : loaded 5 times (x 67B)
Class androidx.room.compiler.codegen.kotlin.KotlinFunSpec$Builder                     : loaded 5 times (x 87B)
Class androidx.room.vo.Database$legacyIdentityHash_delegate$lambda$12$$inlined$sortedBy$1: loaded 5 times (x 85B)
Class kotlinx.serialization.descriptors.ClassSerialDescriptorBuilder                  : loaded 5 times (x 68B)
Class androidx.room.parser.SQLiteParser$Error_messageContext                          : loaded 5 times (x 148B)
Class androidx.room.parser.SQLiteParser$Create_virtual_table_stmtContext              : loaded 5 times (x 164B)
Class androidx.room.jarjarred.org.antlr.v4.runtime.misc.Interval                      : loaded 5 times (x 79B)
Class androidx.room.jarjarred.org.antlr.v4.runtime.RuntimeMetaData                    : loaded 5 times (x 67B)
Class androidx.room.vo.PropertySetter                                                 : loaded 5 times (x 68B)
Class kotlin.metadata.internal.metadata.ProtoBuf$Expression$ConstantValue$1           : loaded 5 times (x 70B)
Class [Lorg.sqlite.SQLiteConfig$HexKeyMode;                                           : loaded 5 times (x 65B)
Class kotlin.metadata.Attributes$modality$10                                          : loaded 5 times (x 133B)
Class [Lkotlin.metadata.internal.metadata.ProtoBuf$Class$Kind;                        : loaded 5 times (x 65B)
Class kotlin.metadata.internal.metadata.ProtoBuf$Modality$1                           : loaded 5 times (x 70B)
Class kotlin.metadata.internal.protobuf.UninitializedMessageException                 : loaded 5 times (x 80B)
Class kotlin.metadata.internal.protobuf.Parser                                        : loaded 5 times (x 66B)
Class androidx.room.parser.SQLTypeAffinity$Companion                                  : loaded 5 times (x 67B)
Class androidx.room.Entity                                                            : loaded 5 times (x 66B)
Class androidx.room.compiler.processing.InternalXAnnotated                            : loaded 5 times (x 66B)
Class androidx.room.compiler.processing.javac.JavacMethodElement$parameters$2$1$1     : loaded 5 times (x 75B)
Class org.sqlite.Collation                                                            : loaded 5 times (x 69B)
Class [Lorg.sqlite.SQLiteConfig$TempStore;                                            : loaded 5 times (x 65B)
Class org.sqlite.date.FastDateParser                                                  : loaded 5 times (x 87B)
Class androidx.room.processor.InternalQueryProcessor$Companion                        : loaded 5 times (x 67B)
Class androidx.room.writer.DaoWriter                                                  : loaded 5 times (x 70B)
Class [Landroidx.room.jarjarred.org.antlr.v4.runtime.atn.SemanticContext;             : loaded 5 times (x 65B)
Class kotlinx.serialization.descriptors.StructureKind                                 : loaded 5 times (x 67B)
Class kotlinx.serialization.internal.PluginGeneratedSerialDescriptor$typeParameterDescriptors$2: loaded 5 times (x 75B)
Class androidx.room.parser.SQLiteParser$Ordering_termContext                          : loaded 5 times (x 154B)
Class org.sqlite.SQLiteConfig$LockingMode                                             : loaded 5 times (x 78B)
Class androidx.room.compiler.processing.javac.JavacExecutableElement$Companion        : loaded 5 times (x 67B)
Class androidx.room.jarjarred.org.antlr.v4.runtime.atn.ATNState                       : loaded 5 times (x 78B)
Class androidx.room.jarjarred.org.antlr.v4.runtime.tree.ParseTreeListener             : loaded 5 times (x 66B)
Class androidx.room.compiler.codegen.impl.XPropertySpecImpl$Builder                   : loaded 5 times (x 73B)
Class androidx.room.compiler.processing.XExecutableElement                            : loaded 5 times (x 66B)
Class androidx.room.compiler.codegen.PoetExtKt                                        : loaded 5 times (x 67B)
Class kotlin.metadata.jvm.JvmMemberSignature                                          : loaded 5 times (x 69B)
Class androidx.room.writer.EntityInsertAdapterWriter                                  : loaded 5 times (x 68B)
Class androidx.room.compiler.processing.javac.JavacTypeElement$type$2                 : loaded 5 times (x 75B)
Class androidx.room.solver.types.BoxedPrimitiveColumnTypeAdapter$Companion            : loaded 5 times (x 67B)
Class androidx.room.solver.types.ByteArrayColumnTypeAdapter$Companion                 : loaded 5 times (x 67B)
Class kotlin.metadata.internal.metadata.ProtoBuf$TypeTable$1                          : loaded 5 times (x 140B)
Class androidx.room.compiler.processing.javac.JavacTypeElement                        : loaded 5 times (x 294B)
Class androidx.room.ext.RoomPagingTypeNames                                           : loaded 5 times (x 67B)
Class androidx.room.solver.transaction.binder.CoroutineTransactionFunctionBinder$executeAndReturn$performBlock$1$WhenMappings: loaded 5 times (x 67B)
Class androidx.room.processor.DeleteFunctionProcessor                                 : loaded 5 times (x 68B)
Class androidx.room.solver.transaction.result.TransactionFunctionAdapter              : loaded 5 times (x 68B)
Class androidx.room.jarjarred.org.antlr.v4.runtime.atn.SemanticContext$Predicate      : loaded 5 times (x 69B)
Class androidx.room.parser.SQLiteParser$Pragma_valueContext                           : loaded 5 times (x 150B)
Class androidx.room.jarjarred.org.antlr.v4.runtime.CodePointCharStream                : loaded 5 times (x 84B)
Class org.sqlite.ProgressHandler                                                      : loaded 5 times (x 68B)
Class androidx.room.compiler.processing.javac.kotlin.KmConstructorContainer$parameters$2: loaded 5 times (x 75B)
Class kotlin.metadata.internal.EnumFlagDelegate                                       : loaded 5 times (x 68B)
Class kotlin.metadata.Attributes                                                      : loaded 5 times (x 67B)
Class kotlin.metadata.internal.metadata.jvm.JvmProtoBuf$StringTableTypes$RecordOrBuilder: loaded 5 times (x 66B)
Class kotlin.metadata.internal.FlagDelegatesImplKt                                    : loaded 5 times (x 67B)
Class [Landroidx.room.BuiltInTypeConverters$State;                                    : loaded 5 times (x 65B)
Class androidx.room.processor.CustomConverterProcessor$ProcessResult                  : loaded 5 times (x 68B)
Class com.google.auto.common.MoreTypes$1                                              : loaded 5 times (x 67B)
Class androidx.room.compiler.processing.javac.JavacTypeElement$xClassName$2           : loaded 5 times (x 75B)
Class androidx.room.processor.PropertyProcessor$BindingScope                          : loaded 5 times (x 75B)
Class androidx.room.compiler.processing.javac.JavacConstructorElement                 : loaded 5 times (x 250B)
Class org.sqlite.jdbc3.JDBC3DatabaseMetaData                                          : loaded 5 times (x 437B)
Class androidx.room.compiler.processing.javac.JavacMethodElement$name$2               : loaded 5 times (x 75B)
Class androidx.room.compiler.processing.javac.JavacExecutableType$parameterTypes$2    : loaded 5 times (x 75B)
Class androidx.room.compiler.processing.javac.JavacMethodParameter$kotlinMetadata$2   : loaded 5 times (x 75B)
Class org.sqlite.date.FastDatePrinter                                                 : loaded 5 times (x 95B)
Class androidx.room.writer.QueryWriter                                                : loaded 5 times (x 68B)
Class androidx.room.parser.SQLiteParser$Simple_funcContext                            : loaded 5 times (x 148B)
Class androidx.room.jarjarred.org.antlr.v4.runtime.atn.ATNConfigSet$ConfigHashSet     : loaded 5 times (x 136B)
Class androidx.room.ext.LifecyclesTypeNames                                           : loaded 5 times (x 67B)
Class org.sqlite.date.FastDateParser$Strategy                                         : loaded 5 times (x 70B)
Class [Lorg.sqlite.SQLiteConfig$DatePrecision;                                        : loaded 5 times (x 65B)
Class org.sqlite.util.OSInfo                                                          : loaded 5 times (x 67B)
Class org.sqlite.jdbc3.JDBC3Connection                                                : loaded 5 times (x 219B)
Class org.sqlite.date.DatePrinter                                                     : loaded 5 times (x 66B)
Class androidx.room.solver.shortcut.binderprovider.RxCompletableInsertOrUpsertFunctionBinderProvider: loaded 5 times (x 75B)
Class androidx.room.solver.shortcut.binderprovider.InsertOrUpsertFunctionBinderProvider: loaded 5 times (x 66B)
Class kotlin.metadata.Attributes$hasAnnotations$10                                    : loaded 5 times (x 133B)
Class kotlin.metadata.jvm.internal.JvmExtensionNodesKt                                : loaded 5 times (x 67B)
Class kotlin.metadata.internal.extensions.MetadataExtensions$Companion                : loaded 5 times (x 67B)
Class kotlin.metadata.internal.metadata.jvm.JvmProtoBuf$JvmFieldSignature             : loaded 5 times (x 104B)
Class androidx.room.solver.types.StatementValueBinder                                 : loaded 5 times (x 66B)
Class com.google.auto.common.Overrides$ExplicitOverrides                              : loaded 5 times (x 72B)
Class org.sqlite.SQLiteLimits                                                         : loaded 5 times (x 75B)
Class androidx.room.jarjarred.org.antlr.v4.runtime.Lexer                              : loaded 5 times (x 138B)
Class androidx.room.solver.shortcut.result.InsertOrUpsertFunctionAdapter$ReturnInfo   : loaded 5 times (x 75B)
Class org.sqlite.SQLiteConfig$Encoding                                                : loaded 5 times (x 78B)
Class kotlin.text.LinesIterator                                                       : loaded 5 times (x 75B)
Class androidx.room.compiler.codegen.java.JavaFileSpec$Builder                        : loaded 5 times (x 74B)
Class androidx.room.compiler.processing.javac.JavacType$WhenMappings                  : loaded 5 times (x 67B)
Class androidx.room.compiler.codegen.impl.XTypeSpecImpl                               : loaded 5 times (x 71B)
Class [Landroidx.room.vo.TransactionFunction$CallType;                                : loaded 5 times (x 65B)
Class androidx.room.parser.SQLiteParser$Window_defnContext                            : loaded 5 times (x 161B)
Class androidx.room.parser.SQLiteParser$Conflict_clauseContext                        : loaded 5 times (x 154B)
Class org.sqlite.jdbc3.JDBC3ResultSet                                                 : loaded 5 times (x 160B)
Class androidx.room.verifier.Jdbc_extKt                                               : loaded 5 times (x 67B)
Class kotlin.metadata.Attributes$modality$14                                          : loaded 5 times (x 133B)
Class androidx.room.compiler.processing.javac.kotlin.KmClassContainer$primaryConstructorSignature$2: loaded 5 times (x 75B)
Class kotlin.metadata.internal.protobuf.RopeByteString$RopeInputStream                : loaded 5 times (x 88B)
Class com.google.auto.common.Overrides$NativeOverrides                                : loaded 5 times (x 70B)
Class androidx.room.compiler.processing.javac.JavacAnnotation                         : loaded 5 times (x 136B)
Class androidx.room.solver.binderprovider.RxLambdaQueryResultBinderProvider           : loaded 5 times (x 72B)
Class androidx.room.solver.types.TypeConverter$Cost$Companion                         : loaded 5 times (x 67B)
Class kotlin.metadata.Attributes$kind$2                                               : loaded 5 times (x 133B)
Class androidx.room.compiler.processing.javac.kotlin.KmClassContainer$typeParameters$2: loaded 5 times (x 75B)
Class kotlin.metadata.internal.protobuf.FieldSet$1                                    : loaded 5 times (x 67B)
Class kotlin.metadata.internal.metadata.ProtoBuf$TypeOrBuilder                        : loaded 5 times (x 66B)
Class androidx.room.BuiltInTypeConverters$State                                       : loaded 5 times (x 75B)
Class androidx.room.vo.PropertyGetter$WhenMappings                                    : loaded 5 times (x 67B)
Class androidx.room.solver.types.StatementValueReader                                 : loaded 5 times (x 66B)
Class androidx.room.migration.bundle.IndexBundle$$serializer                          : loaded 5 times (x 82B)
Class kotlinx.serialization.descriptors.PrimitiveKind                                 : loaded 5 times (x 67B)
Class kotlinx.serialization.KSerializer                                               : loaded 5 times (x 66B)
Class androidx.room.solver.query.result.QueryResultAdapter                            : loaded 5 times (x 69B)
Class androidx.room.parser.SQLiteParser$Create_view_stmtContext                       : loaded 5 times (x 165B)
Class androidx.room.parser.SQLiteParser$Cte_table_nameContext                         : loaded 5 times (x 154B)
Class androidx.room.jarjarred.org.antlr.v4.runtime.atn.LexerATNConfig                 : loaded 5 times (x 71B)
Class androidx.room.jarjarred.org.antlr.v4.runtime.atn.RuleStopState                  : loaded 5 times (x 78B)
Class androidx.room.Dao                                                               : loaded 5 times (x 66B)
Class org.sqlite.date.FormatCache$MultipartKey                                        : loaded 5 times (x 68B)
Class [Lorg.sqlite.SQLiteConfig$Pragma;                                               : loaded 5 times (x 65B)
Class androidx.room.parser.SqlParser$Companion                                        : loaded 5 times (x 67B)
Class androidx.room.compiler.processing.JavaPoetExtKt                                 : loaded 5 times (x 67B)
Class kotlin.metadata.internal.protobuf.SmallSortedMap$EmptySet$2                     : loaded 5 times (x 74B)
Class androidx.room.processor.DataClassProcessor$DefaultDelegate                      : loaded 5 times (x 73B)
Class androidx.room.solver.shortcut.binderprovider.GuavaListenableFutureInsertOrUpsertFunctionBinderProvider: loaded 5 times (x 72B)
Class androidx.room.solver.ObservableQueryResultBinderProvider                        : loaded 5 times (x 75B)
Class kotlin.metadata.Visibility                                                      : loaded 5 times (x 75B)
Class kotlin.metadata.internal.metadata.jvm.JvmProtoBuf$StringTableTypes$Record       : loaded 5 times (x 115B)
Class kotlin.metadata.internal.protobuf.SmallSortedMap                                : loaded 5 times (x 126B)
Class androidx.room.compiler.processing.javac.JavacTypeElement$enclosingTypeElement$2 : loaded 5 times (x 75B)
Class kotlin.metadata.internal.metadata.ProtoBuf$PackageOrBuilder                     : loaded 5 times (x 66B)
Class kotlin.metadata.jvm.JvmMetadataVersion                                          : loaded 5 times (x 70B)
Class kotlin.metadata.internal.FlagImpl                                               : loaded 5 times (x 67B)
Class androidx.room.compiler.processing.javac.JavacArrayType                          : loaded 5 times (x 205B)
Class androidx.room.vo.HasPropertiesKt                                                : loaded 5 times (x 67B)
Class androidx.room.vo.DaoFunction                                                    : loaded 5 times (x 68B)
Class androidx.room.jarjarred.org.antlr.v4.runtime.atn.PlusBlockStartState            : loaded 5 times (x 79B)
Class androidx.room.jarjarred.org.antlr.v4.runtime.misc.Array2DHashSet                : loaded 5 times (x 136B)
Class androidx.room.jarjarred.org.antlr.v4.runtime.Parser                             : loaded 5 times (x 149B)
Class androidx.room.parser.SQLiteParser$Column_nameContext                            : loaded 5 times (x 148B)
Class androidx.room.parser.SQLiteParser$AliasContext                                  : loaded 5 times (x 148B)
Class androidx.room.vo.BuiltInConverterFlags$Companion                                : loaded 5 times (x 67B)
Class androidx.room.jarjarred.org.antlr.v4.runtime.atn.SemanticContext$Empty          : loaded 5 times (x 69B)
Class androidx.room.parser.SQLiteParser$Create_trigger_stmtContext                    : loaded 5 times (x 188B)
Class [[Landroidx.room.jarjarred.org.antlr.v4.runtime.atn.ATNConfig;                  : loaded 5 times (x 65B)
Class androidx.room.processor.InternalQueryProcessor                                  : loaded 5 times (x 68B)
Class androidx.room.compiler.processing.javac.VisitorData                             : loaded 5 times (x 68B)
Class kotlin.metadata.internal.FlagDelegatesImplKt$constructorBooleanFlag$1           : loaded 5 times (x 133B)
Class [Landroidx.room.compiler.codegen.XTypeName;                                     : loaded 5 times (x 65B)
Class [Landroidx.room.solver.RxVersion;                                               : loaded 5 times (x 65B)
Class androidx.room.solver.types.ColumnTypeAdapter                                    : loaded 5 times (x 81B)
Class androidx.room.ConstructedBy                                                     : loaded 5 times (x 66B)
Class androidx.room.compiler.processing.javac.kotlin.KmClassContainer                 : loaded 5 times (x 75B)
Class androidx.room.vo.DataClass                                                      : loaded 5 times (x 72B)
Class androidx.room.processor.DataClassProcessor$Delegate                             : loaded 5 times (x 66B)
Class org.sqlite.jdbc4.JDBC4Statement                                                 : loaded 5 times (x 200B)
Class org.sqlite.ExtendedCommand$SQLExtension                                         : loaded 5 times (x 66B)
Class androidx.room.solver.TypeAdapterStore                                           : loaded 5 times (x 68B)
Class androidx.room.solver.query.result.CoroutineResultBinder$convertAndReturn$performBlock$1: loaded 5 times (x 69B)
Class [Lkotlin.metadata.KmVersionRequirementLevel;                                    : loaded 5 times (x 65B)
Class kotlinx.serialization.internal.CachedNames                                      : loaded 5 times (x 66B)
Class androidx.room.processor.ShortcutFunctionProcessor                               : loaded 5 times (x 68B)
Class androidx.room.jarjarred.org.antlr.v4.runtime.atn.PredictionMode$AltAndContextMap: loaded 5 times (x 121B)
Class androidx.room.jarjarred.org.antlr.v4.runtime.atn.SemanticContext                : loaded 5 times (x 69B)
Class androidx.room.parser.SQLiteParser$KeywordContext                                : loaded 5 times (x 302B)
Class [Lorg.sqlite.SQLiteConfig$SynchronousMode;                                      : loaded 5 times (x 65B)
Class androidx.room.compiler.processing.javac.JavacRawType$typeName$2                 : loaded 5 times (x 75B)
Class androidx.room.parser.SQLiteParser$Sql_stmt_listContext                          : loaded 5 times (x 151B)
Class kotlinx.serialization.descriptors.SerialKind                                    : loaded 5 times (x 67B)
Class androidx.room.compiler.codegen.kotlin.KotlinTypeSpec                            : loaded 5 times (x 71B)
Class androidx.room.compiler.processing.InternalXAnnotation$valuesByName$2            : loaded 5 times (x 75B)
Class androidx.room.log.RLog                                                          : loaded 5 times (x 68B)
Class androidx.room.ext.RxJava3TypeNames                                              : loaded 5 times (x 67B)
Class kotlin.metadata.KmTypeAlias                                                     : loaded 5 times (x 68B)
Class kotlin.metadata.Attributes$hasAnnotations$14                                    : loaded 5 times (x 133B)
Class kotlin.metadata.internal.ReadersKt                                              : loaded 5 times (x 67B)
Class androidx.room.solver.types.PrimitiveColumnTypeAdapter                           : loaded 5 times (x 81B)
Class kotlin.metadata.internal.metadata.ProtoBuf$TypeParameter                        : loaded 5 times (x 126B)
Class kotlin.metadata.internal.metadata.ProtoBuf$PropertyOrBuilder                    : loaded 5 times (x 66B)
Class kotlin.metadata.internal.protobuf.Internal$EnumLite                             : loaded 5 times (x 66B)
Class kotlin.metadata.internal.protobuf.SmallSortedMap$EmptySet$1                     : loaded 5 times (x 74B)
Class kotlin.metadata.internal.metadata.ProtoBuf$Package$1                            : loaded 5 times (x 140B)
Class kotlin.metadata.internal.extensions.ExtensionNodesKt                            : loaded 5 times (x 67B)
Class kotlin.metadata.KmConstructor                                                   : loaded 5 times (x 68B)
Class androidx.room.compiler.processing.javac.kotlin.JvmDescriptorTypeVisitor         : loaded 5 times (x 95B)
Class androidx.room.processor.DaoProcessor$Companion                                  : loaded 5 times (x 67B)
Class androidx.room.jarjarred.org.antlr.v4.runtime.atn.DecisionState                  : loaded 5 times (x 78B)
Class androidx.room.jarjarred.org.antlr.v4.runtime.misc.IntegerList                   : loaded 5 times (x 68B)
Class androidx.room.jarjarred.org.antlr.v4.runtime.atn.ATNConfigSet$ConfigEqualityComparator: loaded 5 times (x 73B)
Class androidx.room.parser.Section$BindVar                                            : loaded 5 times (x 69B)
Class kotlin.metadata.internal.metadata.ProtoBuf$VersionRequirementTable              : loaded 5 times (x 103B)
Class androidx.room.compiler.codegen.XCodeBlock$Companion$ofNewInstance$1             : loaded 5 times (x 75B)
Class androidx.room.compiler.codegen.XParameterSpec$Companion$WhenMappings            : loaded 5 times (x 67B)
Class androidx.room.compiler.processing.javac.JavacAnnotation$defaultValues$2         : loaded 5 times (x 75B)
Class androidx.room.compiler.processing.javac.JavacAnnotation$annotationValues$2      : loaded 5 times (x 75B)
Class androidx.room.jarjarred.org.antlr.v4.runtime.misc.FlexibleHashMap$Entry         : loaded 5 times (x 68B)
Class androidx.room.parser.SQLiteParser$Create_table_stmtContext                      : loaded 5 times (x 169B)
Class androidx.room.jarjarred.org.antlr.v4.runtime.atn.PrecedencePredicateTransition  : loaded 5 times (x 72B)
Class androidx.room.compiler.processing.XEnumTypeElement                              : loaded 5 times (x 66B)
Class [Lorg.sqlite.SQLiteOpenMode;                                                    : loaded 5 times (x 65B)
Class kotlin.metadata.internal.metadata.ProtoBuf$Effect$InvocationKind                : loaded 5 times (x 78B)
Class androidx.room.vo.EntityOrView                                                   : loaded 5 times (x 66B)
Class androidx.room.processor.DataClassProcessor$Companion                            : loaded 5 times (x 67B)
Class androidx.room.compiler.processing.javac.JavacConstructorElement$executableType$2: loaded 5 times (x 75B)
Class androidx.room.compiler.processing.javac.kotlin.KmClassContainer$constructorList$2: loaded 5 times (x 75B)
Class kotlin.metadata.internal.metadata.ProtoBuf$TypeTable                            : loaded 5 times (x 105B)
Class com.google.auto.common.MoreTypes$ArrayTypeVisitor                               : loaded 5 times (x 98B)
Class androidx.room.vo.RelationCollector$LongSparseArrayKeyQueryParameterAdapter      : loaded 5 times (x 69B)
Class androidx.room.compiler.codegen.impl.XPropertySpecImpl                           : loaded 5 times (x 72B)
Class org.sqlite.SQLiteConfig                                                         : loaded 5 times (x 119B)
Class org.sqlite.date.FastDateParser$CaseInsensitiveTextStrategy                      : loaded 5 times (x 73B)
Class androidx.room.compiler.codegen.XCodeBlock$Companion$ofExtensionCall$1$WhenMappings: loaded 5 times (x 67B)
Class androidx.room.vo.UpdateFunction                                                 : loaded 5 times (x 68B)
Class androidx.room.compiler.codegen.XCodeBlock$Companion$ofNewInstance$1$WhenMappings: loaded 5 times (x 67B)
Class androidx.room.vo.PropertyWithIndex                                              : loaded 5 times (x 68B)
Class org.apache.commons.codec.Decoder                                                : loaded 5 times (x 66B)
Class androidx.room.solver.prepared.result.PreparedQueryResultAdapter                 : loaded 5 times (x 68B)
Class androidx.room.parser.SQLiteParser$NameContext                                   : loaded 5 times (x 148B)
Class androidx.room.jarjarred.org.antlr.v4.runtime.atn.ATNConfigSet$AbstractConfigHashSet: loaded 5 times (x 136B)
Class androidx.room.jarjarred.org.antlr.v4.runtime.atn.BlockEndState                  : loaded 5 times (x 78B)
Class androidx.room.jarjarred.org.antlr.v4.runtime.atn.SingletonPredictionContext     : loaded 5 times (x 76B)
Class [Lkotlin.metadata.internal.metadata.ProtoBuf$VersionRequirement$Level;          : loaded 5 times (x 65B)
Class androidx.room.compiler.processing.javac.JavacConstructorElement$parameters$2    : loaded 5 times (x 75B)
Class androidx.room.processor.FunctionProcessorDelegateKt                             : loaded 5 times (x 67B)
Class androidx.room.compiler.processing.javac.kotlin.KmClassContainer$propertyList$2  : loaded 5 times (x 75B)
Class androidx.room.compiler.processing.javac.kotlin.KmClassContainer$superType$2     : loaded 5 times (x 75B)
Class kotlin.metadata.internal.FlagDelegatesImplKt$propertyBooleanFlag$1              : loaded 5 times (x 133B)
Class kotlin.metadata.internal.protobuf.CodedOutputStream                             : loaded 5 times (x 68B)
Class kotlin.metadata.internal.protobuf.MessageLite$Builder                           : loaded 5 times (x 66B)
Class androidx.room.solver.types.ByteArrayColumnTypeAdapter                           : loaded 5 times (x 81B)
Class androidx.room.compiler.codegen.XFunSpec$Companion                               : loaded 5 times (x 67B)
Class androidx.room.compiler.processing.javac.JavacTypeElement$allFieldsIncludingPrivateSupers$1: loaded 5 times (x 75B)
Class androidx.room.compiler.processing.XMessager                                     : loaded 5 times (x 69B)
Class kotlin.metadata.internal.metadata.deserialization.TypeTable                     : loaded 5 times (x 68B)
Class [Landroidx.room.compiler.codegen.XTypeSpec$Builder;                             : loaded 5 times (x 65B)
Class androidx.room.jarjarred.org.antlr.v4.runtime.VocabularyImpl                     : loaded 5 times (x 81B)
Class androidx.room.vo.RelationCollector                                              : loaded 5 times (x 68B)
Class androidx.room.solver.prepared.binderprovider.InstantPreparedQueryResultBinderProvider: loaded 5 times (x 72B)
Class androidx.room.solver.TypeConverterStoreImpl$getAllTypeConverters$$inlined$sortedByDescending$1: loaded 5 times (x 86B)
Class androidx.room.compiler.codegen.XCodeBlock$Companion$ofJavaClassLiteral$1        : loaded 5 times (x 75B)
Class androidx.room.compiler.processing.javac.kotlin.KmFunctionContainer              : loaded 5 times (x 66B)
Class androidx.room.jarjarred.org.antlr.v4.runtime.misc.IntSet                        : loaded 5 times (x 66B)
Class org.sqlite.core.CoreStatement                                                   : loaded 5 times (x 77B)
Class androidx.room.compiler.processing.XTypeKt                                       : loaded 5 times (x 67B)
Class androidx.room.Upsert                                                            : loaded 5 times (x 66B)
Class androidx.room.solver.shortcut.result.DeleteOrUpdateFunctionAdapter$Companion    : loaded 5 times (x 67B)
Class androidx.room.compiler.processing.javac.JavacPackageElement$name$2              : loaded 5 times (x 75B)
Class kotlin.metadata.internal.metadata.ProtoBuf$VersionRequirement$VersionKind$1     : loaded 5 times (x 70B)
Class androidx.room.RewriteQueriesToDropUnusedColumns                                 : loaded 5 times (x 66B)
Class androidx.room.processor.CustomConverterProcessor$Companion                      : loaded 5 times (x 67B)
Class [Landroidx.room.compiler.codegen.XClassName;                                    : loaded 5 times (x 65B)
Class kotlin.metadata.internal.protobuf.WireFormat$FieldType$1                        : loaded 5 times (x 79B)
Class kotlin.metadata.internal.protobuf.ByteString                                    : loaded 5 times (x 104B)
Class org.sqlite.date.FastDateFormat                                                  : loaded 5 times (x 110B)
Class org.sqlite.date.FastDatePrinter$NumberRule                                      : loaded 5 times (x 66B)
Class androidx.room.parser.SQLiteParser$Column_constraintContext                      : loaded 5 times (x 172B)
Class kotlinx.serialization.internal.AbstractCollectionSerializer                     : loaded 5 times (x 90B)
Class androidx.room.solver.types.PrimitiveColumnTypeAdapter$WhenMappings              : loaded 5 times (x 67B)
Class androidx.room.ext.Xelement_extKt                                                : loaded 5 times (x 67B)
Class androidx.room.parser.SQLiteParser$Comma_separated_exprContext                   : loaded 5 times (x 151B)
Class androidx.room.parser.SQLiteParser$Recursive_selectContext                       : loaded 5 times (x 148B)
Class androidx.room.vo.ColumnIndexVar                                                 : loaded 5 times (x 68B)
Class androidx.room.solver.transaction.binder.CoroutineTransactionFunctionBinder$executeAndReturn$performBlock$1: loaded 5 times (x 69B)
Class kotlinx.serialization.descriptors.SerialKind$CONTEXTUAL                         : loaded 5 times (x 67B)
Class androidx.room.solver.shortcut.result.InsertOrUpsertFunctionAdapter              : loaded 5 times (x 68B)
Class androidx.room.jarjarred.org.antlr.v4.runtime.atn.LexerActionExecutor            : loaded 5 times (x 71B)
Class kotlin.metadata.internal.metadata.deserialization.VersionRequirement$Version$Companion: loaded 5 times (x 67B)
Class org.sqlite.SQLiteConnection                                                     : loaded 5 times (x 218B)
Class org.sqlite.core.DB$ProgressObserver                                             : loaded 5 times (x 66B)
Class androidx.room.compiler.processing.javac.JavacConstructorElement$kotlinMetadata$2: loaded 5 times (x 75B)
Class kotlin.metadata.Attributes$hasAnnotations$18                                    : loaded 5 times (x 133B)
Class androidx.room.compiler.processing.javac.JavacArrayType$equalityItems$2          : loaded 5 times (x 75B)
Class kotlin.metadata.KmType                                                          : loaded 5 times (x 68B)
Class kotlin.metadata.jvm.internal.JvmMetadataExtensions                              : loaded 5 times (x 99B)
Class kotlin.metadata.internal.extensions.MetadataExtensions                          : loaded 5 times (x 66B)
Class kotlin.metadata.internal.protobuf.WireFormat$FieldType$2                        : loaded 5 times (x 79B)
Class kotlin.metadata.internal.protobuf.GeneratedMessageLite                          : loaded 5 times (x 97B)
Class kotlin.metadata.InconsistentKotlinMetadataException                             : loaded 5 times (x 78B)
Class kotlin.metadata.internal.protobuf.SmallSortedMap$EmptySet                       : loaded 5 times (x 67B)
Class com.squareup.kotlinpoet.TypeName$cachedString$2                                 : loaded 5 times (x 75B)
Class androidx.room.compiler.processing.javac.JavacTypeElement$enclosingElement$2     : loaded 5 times (x 75B)
Class androidx.room.jarjarred.org.antlr.v4.runtime.ANTLRErrorStrategy                 : loaded 5 times (x 66B)
Class org.sqlite.ExtendedCommand                                                      : loaded 5 times (x 67B)
Class org.sqlite.SQLiteConfig$Pragma                                                  : loaded 5 times (x 75B)
Class androidx.room.compiler.processing.XType                                         : loaded 5 times (x 66B)
Class kotlin.metadata.jvm.internal.JvmReadUtils                                       : loaded 5 times (x 67B)
Class kotlin.metadata.internal.metadata.ProtoBuf$ValueParameter                       : loaded 5 times (x 124B)
Class kotlin.metadata.internal.metadata.ProtoBuf$ClassOrBuilder                       : loaded 5 times (x 66B)
Class androidx.room.solver.types.TypeConverter$Cost                                   : loaded 5 times (x 71B)
Class androidx.room.writer.EntityDeleteAdapterWriter                                  : loaded 5 times (x 68B)
Class androidx.room.solver.prepared.result.PreparedQueryResultAdapter$WhenMappings    : loaded 5 times (x 67B)
Class org.apache.commons.codec.digest.DigestUtils                                     : loaded 5 times (x 81B)
Class androidx.room.parser.QueryVisitor$Companion                                     : loaded 5 times (x 67B)
Class androidx.room.parser.SQLiteParser$With_clauseContext                            : loaded 5 times (x 161B)
Class [Landroidx.room.jarjarred.org.antlr.v4.runtime.misc.Interval;                   : loaded 5 times (x 65B)
Class androidx.room.jarjarred.org.antlr.v4.runtime.atn.LexerAction                    : loaded 5 times (x 66B)
Class org.sqlite.date.FastDateParser$NumberStrategy                                   : loaded 5 times (x 74B)
Class org.sqlite.date.FastDateParser$TimeZoneStrategy                                 : loaded 5 times (x 73B)
Class androidx.room.processor.PropertyProcessor                                       : loaded 5 times (x 68B)
Class androidx.room.solver.binderprovider.GuavaListenableFutureQueryResultBinderProviderKt: loaded 5 times (x 67B)
Class androidx.room.compiler.processing.KClassExtKt                                   : loaded 5 times (x 67B)
Class androidx.room.ext.RxJava2TypeNames                                              : loaded 5 times (x 67B)
Class kotlin.metadata.Attributes$visibility$2                                         : loaded 5 times (x 133B)
Class kotlin.metadata.internal.metadata.jvm.JvmProtoBuf$StringTableTypes$Record$Operation: loaded 5 times (x 78B)
Class kotlin.metadata.internal.protobuf.WireFormat$FieldType$3                        : loaded 5 times (x 79B)
Class kotlin.metadata.internal.protobuf.AbstractMessageLite                           : loaded 5 times (x 94B)
Class kotlin.metadata.internal.metadata.deserialization.BinaryVersion                 : loaded 5 times (x 70B)
Class kotlin.metadata.internal.metadata.jvm.deserialization.JvmMetadataVersion        : loaded 5 times (x 70B)
Class kotlin.metadata.internal.metadata.jvm.deserialization.JvmMetadataVersion$Companion: loaded 5 times (x 67B)
Class kotlin.metadata.internal.protobuf.WireFormat$FieldType                          : loaded 5 times (x 79B)
Class kotlin.metadata.internal.protobuf.WireFormat                                    : loaded 5 times (x 67B)
Class kotlin.metadata.MemberKind                                                      : loaded 5 times (x 75B)
Class androidx.room.solver.binderprovider.RxLambdaQueryResultBinderProvider$Companion : loaded 5 times (x 67B)
Class androidx.room.processor.EntityProcessor$Companion                               : loaded 5 times (x 67B)
Class org.sqlite.date.FastDateParser$ISO8601TimeZoneStrategy                          : loaded 5 times (x 73B)
Class androidx.room.compiler.processing.MethodSpecHelper                              : loaded 5 times (x 67B)
Class androidx.room.compiler.codegen.XParameterSpec$Companion                         : loaded 5 times (x 67B)
Class androidx.room.solver.shortcut.binder.CoroutineDeleteOrUpdateFunctionBinder      : loaded 5 times (x 69B)
Class kotlinx.serialization.internal.Platform_commonKt                                : loaded 5 times (x 67B)
Class androidx.room.vo.InsertFunction                                                 : loaded 5 times (x 68B)
Class androidx.room.solver.prepared.result.PreparedQueryResultAdapter$Companion       : loaded 5 times (x 67B)
Class androidx.room.jarjarred.org.antlr.v4.runtime.atn.PredictionMode$AltAndContextConfigEqualityComparator: loaded 5 times (x 73B)
Class androidx.room.parser.SQLiteParser$Column_aliasContext                           : loaded 5 times (x 149B)
Class androidx.room.parser.SQLiteParser$Window_functionContext                        : loaded 5 times (x 172B)
Class androidx.room.compiler.processing.javac.JavacRawType                            : loaded 5 times (x 75B)
Class androidx.room.compiler.processing.javac.JavacMethodType$SuspendMethodType       : loaded 5 times (x 90B)
Class org.sqlite.core.NativeDB                                                        : loaded 5 times (x 139B)
Class androidx.room.vo.Constructor$Param$PropertyParam                                : loaded 5 times (x 69B)
Class androidx.room.vo.Property$Companion                                             : loaded 5 times (x 67B)
Class androidx.room.compiler.processing.ksp.KSTypeJavaPoetExtKt                       : loaded 5 times (x 67B)
Class [Landroidx.room.solver.shortcut.binderprovider.RxCallableDeleteOrUpdateFunctionBinderProvider;: loaded 5 times (x 65B)
Class androidx.room.solver.binderprovider.GuavaListenableFutureQueryResultBinderProviderImpl: loaded 5 times (x 72B)
Class kotlin.metadata.KmVersionRequirementLevel                                       : loaded 5 times (x 75B)
Class kotlin.metadata.KmClass                                                         : loaded 5 times (x 73B)
Class kotlin.metadata.internal.metadata.ProtoBuf$AnnotationOrBuilder                  : loaded 5 times (x 66B)
Class kotlin.metadata.internal.protobuf.WireFormat$FieldType$4                        : loaded 5 times (x 79B)
Class com.squareup.javapoet.WildcardTypeName                                          : loaded 5 times (x 77B)
Class com.google.auto.common.SuperficialValidation                                    : loaded 5 times (x 67B)
Class androidx.room.compiler.processing.javac.JavacTypeElement$_declaredFields$2      : loaded 5 times (x 75B)
Class [Lkotlin.metadata.internal.metadata.ProtoBuf$VersionRequirement$VersionKind;    : loaded 5 times (x 65B)
Class androidx.room.Embedded                                                          : loaded 5 times (x 66B)
Class androidx.room.Ignore                                                            : loaded 5 times (x 66B)
Class org.sqlite.core.CoreDatabaseMetaData                                            : loaded 5 times (x 436B)
Class androidx.room.parser.SQLiteParser$Foreign_key_clauseContext                     : loaded 5 times (x 184B)
Class androidx.room.parser.SQLiteParser$Frame_rightContext                            : loaded 5 times (x 153B)
Class com.google.auto.common.GeneratedAnnotations                                     : loaded 5 times (x 67B)
Class androidx.room.compiler.codegen.kotlin.KotlinCodeBlock$Builder                   : loaded 5 times (x 84B)
Class androidx.room.compiler.codegen.java.JavaPropertySpec$Builder                    : loaded 5 times (x 73B)
Class androidx.room.migration.bundle.EntityBundle$$serializer                         : loaded 5 times (x 82B)
Class kotlinx.serialization.DeserializationStrategy                                   : loaded 5 times (x 66B)
Class androidx.room.jarjarred.org.antlr.v4.runtime.tree.SyntaxTree                    : loaded 5 times (x 66B)
Class androidx.room.vo.QueryFunction                                                  : loaded 5 times (x 68B)
Class androidx.room.jarjarred.org.antlr.v4.runtime.atn.SemanticContext$AND            : loaded 5 times (x 71B)
Class com.google.auto.common.Overrides$ExplicitOverrides$TypeSubstVisitor             : loaded 5 times (x 102B)
Class androidx.room.compiler.processing.javac.kotlin.JvmAbi                           : loaded 5 times (x 67B)
Class kotlinx.serialization.SealedClassSerializer                                     : loaded 5 times (x 83B)
Class kotlin.collections.Grouping                                                     : loaded 5 times (x 66B)
Class kotlin.metadata.internal.protobuf.SmallSortedMap$1                              : loaded 5 times (x 126B)
Class androidx.room.compiler.processing.javac.DefaultJavacType                        : loaded 5 times (x 181B)
Class androidx.room.jarjarred.org.antlr.v4.runtime.atn.StarLoopEntryState             : loaded 5 times (x 79B)
Class androidx.room.jarjarred.org.antlr.v4.runtime.atn.ATN                            : loaded 5 times (x 76B)
Class androidx.room.parser.SQLiteParser$Compound_select_stmtContext                   : loaded 5 times (x 160B)
Class androidx.room.jarjarred.org.antlr.v4.runtime.atn.ParserATNSimulator$1           : loaded 5 times (x 73B)
Class androidx.room.solver.shortcut.result.InsertOrUpsertFunctionAdapter$Companion$createInsert$1: loaded 5 times (x 121B)
Class org.apache.commons.codec.Encoder                                                : loaded 5 times (x 66B)
Class androidx.room.compiler.codegen.kotlin.KotlinPropertySpec$Builder                : loaded 5 times (x 73B)
Class androidx.room.compiler.codegen.XTypeSpec                                        : loaded 5 times (x 66B)
Class androidx.room.compiler.codegen.XFileSpec$Builder                                : loaded 5 times (x 66B)
Class androidx.room.compiler.codegen.XSpec$Builder                                    : loaded 5 times (x 67B)
Class kotlinx.serialization.internal.AbstractPolymorphicSerializer                    : loaded 5 times (x 82B)
Class androidx.room.parser.ParsedQuery$Companion                                      : loaded 5 times (x 67B)
Class androidx.room.parser.SQLiteParser$Common_table_expressionContext                : loaded 5 times (x 158B)
Class androidx.room.jarjarred.org.antlr.v4.runtime.tree.TerminalNode                  : loaded 5 times (x 66B)
Class androidx.room.jarjarred.org.antlr.v4.runtime.atn.EmptyPredictionContext         : loaded 5 times (x 76B)
Class org.sqlite.jdbc4.JDBC4Connection                                                : loaded 5 times (x 219B)
Class androidx.room.compiler.codegen.XFunSpec$Builder                                 : loaded 5 times (x 66B)
Class androidx.room.processor.EntityProcessorKt                                       : loaded 5 times (x 67B)
Class androidx.room.compiler.processing.javac.JavacAnnotationValueKt$UNWRAP_VISITOR$1$visitArray$1$1: loaded 5 times (x 75B)
Class androidx.room.compiler.processing.XFilerKt                                      : loaded 5 times (x 67B)
Class androidx.room.solver.prepared.binderprovider.RxPreparedQueryResultBinderProvider$Companion: loaded 5 times (x 67B)
Class androidx.room.ext.RoomGuavaTypeNames                                            : loaded 5 times (x 67B)
Class kotlin.metadata.internal.extensions.KmExtension                                 : loaded 5 times (x 66B)
Class kotlin.metadata.internal.protobuf.Internal$EnumLiteMap                          : loaded 5 times (x 66B)
Class com.squareup.kotlinpoet.CodeWriter$importableMembers$1                          : loaded 5 times (x 74B)
Class org.sqlite.SQLiteJDBCLoader                                                     : loaded 5 times (x 67B)
Class androidx.room.vo.Properties                                                     : loaded 5 times (x 169B)
Class [Lkotlin.metadata.Visibility;                                                   : loaded 5 times (x 65B)
Class kotlin.metadata.Attributes$modality$2                                           : loaded 5 times (x 133B)
Class kotlin.metadata.internal.extensions.KmFunctionExtension                         : loaded 5 times (x 66B)
Class androidx.room.migration.bundle.DatabaseBundle$FtsEntityCreateComparator         : loaded 5 times (x 85B)
Class com.google.auto.common.MoreTypes$IsTypeOf                                       : loaded 5 times (x 97B)
Class androidx.room.writer.DatabaseWriter                                             : loaded 5 times (x 70B)
Class kotlin.jvm.internal.markers.KMutableListIterator                                : loaded 5 times (x 66B)
Class kotlinx.serialization.internal.PluginGeneratedSerialDescriptor                  : loaded 5 times (x 95B)
Class androidx.room.parser.SQLiteParser$Value_rowContext                              : loaded 5 times (x 150B)
Class androidx.room.parser.SQLiteParser$Join_clauseContext                            : loaded 5 times (x 153B)
Class androidx.room.jarjarred.org.antlr.v4.runtime.atn.StarBlockStartState            : loaded 5 times (x 79B)
Class androidx.room.compiler.processing.javac.JavacRawType$xTypeName$2                : loaded 5 times (x 75B)
Class org.sqlite.date.FastDateParser$CopyQuotedStrategy                               : loaded 5 times (x 73B)
Class kotlin.metadata.internal.metadata.ProtoBuf$Effect$InvocationKind$1              : loaded 5 times (x 70B)
Class kotlin.metadata.jvm.KotlinClassMetadata                                         : loaded 5 times (x 72B)
Class kotlin.metadata.Attributes$visibility$6                                         : loaded 5 times (x 133B)
Class kotlin.metadata.Attributes$hasAnnotations$2                                     : loaded 5 times (x 133B)
Class kotlin.metadata.internal.metadata.deserialization.Flags$EnumLiteFlagField       : loaded 5 times (x 72B)
Class kotlin.metadata.internal.protobuf.RopeByteString                                : loaded 5 times (x 106B)
Class kotlin.metadata.internal.metadata.ProtoBuf$Contract                             : loaded 5 times (x 103B)
Class androidx.room.compiler.processing.javac.JavacProcessingEnvMessager$Companion    : loaded 5 times (x 67B)
Class kotlin.metadata.internal.metadata.jvm.JvmProtoBuf                               : loaded 5 times (x 67B)
Class kotlin.metadata.internal.protobuf.MessageLiteOrBuilder                          : loaded 5 times (x 66B)
Class kotlin.metadata.internal.metadata.ProtoBuf$ValueParameterOrBuilder              : loaded 5 times (x 66B)
Class kotlin.metadata.internal.metadata.jvm.deserialization.UtfEncodingKt             : loaded 5 times (x 67B)
Class kotlin.metadata.internal.metadata.jvm.deserialization.ClassMapperLite           : loaded 5 times (x 67B)
Class kotlin.metadata.KmPropertyAccessorAttributes                                    : loaded 5 times (x 67B)
Class androidx.room.ext.PagingTypeNames                                               : loaded 5 times (x 67B)
Class androidx.room.solver.shortcut.binderprovider.InstantInsertOrUpsertFunctionBinderProvider: loaded 5 times (x 72B)
Class androidx.room.solver.query.result.SingleColumnRowAdapter$getDefaultIndexAdapter$1: loaded 5 times (x 71B)
Class kotlinx.serialization.internal.ListLikeDescriptor                               : loaded 5 times (x 92B)
Class androidx.room.processor.DefaultFunctionProcessorDelegate                        : loaded 5 times (x 76B)
Class androidx.room.parser.SQLiteParser$Delete_stmt_limitedContext                    : loaded 5 times (x 156B)
Class androidx.room.compiler.processing.util.NamingUtilsKt                            : loaded 5 times (x 67B)
Class androidx.room.vo.Constructor$Param                                              : loaded 5 times (x 68B)
Class androidx.room.compiler.processing.javac.JavacMethodType$typeVariables$2         : loaded 5 times (x 75B)
Class androidx.room.processor.PropertyProcessor$WhenMappings                          : loaded 5 times (x 67B)
Class kotlin.text.StringsKt__StringsKt$lineSequence$$inlined$Sequence$1               : loaded 5 times (x 71B)
Class androidx.room.compiler.processing.javac.kotlin.JvmDescriptorUtilsKt             : loaded 5 times (x 67B)
Class androidx.room.compiler.processing.javac.kotlin.KmPropertyFunctionContainerImpl  : loaded 5 times (x 105B)
Class androidx.room.solver.shortcut.binderprovider.RxCallableDeleteOrUpdateFunctionBinderProvider: loaded 5 times (x 75B)
Class [Landroidx.room.solver.prepared.binderprovider.RxPreparedQueryResultBinderProvider;: loaded 5 times (x 65B)
Class androidx.room.solver.prepared.binderprovider.PreparedQueryResultBinderProvider  : loaded 5 times (x 66B)
Class kotlin.metadata.internal.protobuf.LazyFieldLite                                 : loaded 5 times (x 78B)
Class androidx.room.compiler.processing.javac.JavacTypeElement$Companion              : loaded 5 times (x 67B)
Class androidx.room.PrimaryKey                                                        : loaded 5 times (x 66B)
Class androidx.room.Update                                                            : loaded 5 times (x 66B)
Class org.sqlite.SQLiteConfig$TransactionMode                                         : loaded 5 times (x 78B)
Class androidx.room.parser.SQLiteParser$Returning_clauseContext                       : loaded 5 times (x 152B)
Class androidx.room.jarjarred.org.antlr.v4.runtime.InputMismatchException             : loaded 5 times (x 85B)
Class androidx.room.vo.Dao                                                            : loaded 5 times (x 68B)
Class androidx.room.jarjarred.org.antlr.v4.runtime.dfa.DFAState$PredPrediction        : loaded 5 times (x 68B)
Class androidx.room.solver.query.result.CoroutineResultBinder$convertAndReturn$performBlock$1$WhenMappings: loaded 5 times (x 67B)
Class [Landroidx.room.compiler.processing.XFiler$Mode;                                : loaded 5 times (x 65B)
Class androidx.room.compiler.codegen.kotlin.KotlinFunSpecKt                           : loaded 5 times (x 67B)
Class androidx.room.vo.SchemaIdentityKey                                              : loaded 5 times (x 68B)
Class androidx.room.jarjarred.org.antlr.v4.runtime.atn.LexerActionType                : loaded 5 times (x 75B)
Class androidx.room.jarjarred.org.antlr.v4.runtime.CharStreams                        : loaded 5 times (x 67B)
Class kotlin.metadata.internal.metadata.deserialization.VersionRequirement$Companion$WhenMappings: loaded 5 times (x 67B)
Class androidx.room.compiler.processing.javac.JavacFieldElement$getter$2              : loaded 5 times (x 75B)
Class kotlin.collections.builders.SetBuilder                                          : loaded 5 times (x 139B)
Class kotlin.metadata.internal.FlagDelegatesImplKt$classBooleanFlag$1                 : loaded 5 times (x 133B)
Class kotlin.metadata.internal.metadata.jvm.JvmProtoBuf$StringTableTypes$Record$1     : loaded 5 times (x 140B)
Class androidx.room.compiler.processing.XArrayType                                    : loaded 5 times (x 66B)
Class androidx.room.compiler.processing.util.MemoizedSequence                         : loaded 5 times (x 71B)
Class androidx.room.compiler.codegen.XCodeBlock$Builder                               : loaded 5 times (x 66B)
Class androidx.room.compiler.codegen.XParameterSpec$Builder                           : loaded 5 times (x 66B)
Class androidx.room.compiler.codegen.java.JavaTypeSpec                                : loaded 5 times (x 71B)
Class androidx.room.compiler.codegen.XFileSpec                                        : loaded 5 times (x 66B)
Class androidx.room.ext.SQLiteDriverMemberNames                                       : loaded 5 times (x 67B)
Class kotlin.metadata.internal.metadata.deserialization.BinaryVersion$Companion       : loaded 5 times (x 67B)
Class kotlin.metadata.internal.metadata.jvm.JvmProtoBuf$JvmMethodSignature$1          : loaded 5 times (x 140B)
Class androidx.room.solver.TypeConverterStore$Companion                               : loaded 5 times (x 67B)
Class androidx.room.migration.bundle.BundleUtil                                       : loaded 5 times (x 67B)
Class androidx.room.writer.PropertyReadWriteWriter                                    : loaded 5 times (x 68B)
Class androidx.room.compiler.codegen.XFunSpec                                         : loaded 5 times (x 66B)
Class androidx.room.writer.TypeWriter$WriterContext$Companion                         : loaded 5 times (x 67B)
Class androidx.room.parser.SQLiteParserVisitor                                        : loaded 5 times (x 66B)
Class androidx.room.parser.SingleQuerySqlParser$parse$1                               : loaded 5 times (x 78B)
Class androidx.room.parser.SQLiteParser$ExprContext                                   : loaded 5 times (x 213B)
Class androidx.room.processor.DaoProcessor                                            : loaded 5 times (x 68B)
Class androidx.room.compiler.processing.DeclarationCollectorKt$collectFieldsIncludingPrivateSupers$1: loaded 5 times (x 91B)
Class androidx.room.solver.shortcut.binderprovider.DeleteOrUpdateFunctionBinderProvider: loaded 5 times (x 66B)
Class androidx.room.compiler.processing.javac.kotlin.KotlinClassMetadataUtilsKt       : loaded 5 times (x 67B)
Class kotlin.metadata.internal.metadata.ProtoBuf$VersionRequirementTableOrBuilder     : loaded 5 times (x 66B)
Class kotlin.metadata.internal.protobuf.LazyField                                     : loaded 5 times (x 79B)
Class org.sqlite.core.SafeStmtPtr$SafePtrIntFunction                                  : loaded 5 times (x 66B)
Class androidx.room.compiler.processing.javac.JavacTypeElement$JavacEnumTypeElement   : loaded 5 times (x 346B)
Class androidx.room.compiler.processing.XElement                                      : loaded 5 times (x 66B)
Class androidx.room.writer.TableInfoValidationWriter                                  : loaded 5 times (x 69B)
Class androidx.room.writer.ValidationWriter$CountingCodeGenScope                      : loaded 5 times (x 68B)
Class kotlin.metadata.internal.metadata.ProtoBuf$Function$1                           : loaded 5 times (x 140B)
Class kotlin.metadata.internal.protobuf.BoundedByteString                             : loaded 5 times (x 108B)
Class androidx.room.jarjarred.org.antlr.v4.runtime.LexerNoViableAltException          : loaded 5 times (x 89B)
Class androidx.room.MapInfo                                                           : loaded 5 times (x 66B)
Class androidx.room.solver.query.parameter.BasicQueryParameterAdapter                 : loaded 5 times (x 70B)
Class androidx.room.compiler.codegen.XPropertySpec$Companion                          : loaded 5 times (x 67B)
Class androidx.room.compiler.processing.javac.kotlin.KmData                           : loaded 5 times (x 66B)
Class androidx.room.migration.bundle.DatabaseBundle$Companion                         : loaded 5 times (x 67B)
Class androidx.room.migration.bundle.EntityBundle$Companion                           : loaded 5 times (x 67B)
Class org.apache.commons.codec.binary.StringUtils                                     : loaded 5 times (x 67B)
Class androidx.room.processor.InsertFunctionProcessor                                 : loaded 5 times (x 68B)
Class androidx.room.parser.SQLiteParser$Reindex_stmtContext                           : loaded 5 times (x 153B)
Class androidx.room.parser.SQLiteParser$Limit_stmtContext                             : loaded 5 times (x 152B)
Class androidx.room.parser.SQLiteParser$Transaction_nameContext                       : loaded 5 times (x 148B)
Class androidx.room.jarjarred.org.antlr.v4.runtime.CodePointBuffer$Type               : loaded 5 times (x 75B)
Class androidx.room.jarjarred.org.antlr.v4.runtime.IntStream                          : loaded 5 times (x 66B)
Class androidx.room.processor.TableEntityProcessor                                    : loaded 5 times (x 74B)
Class kotlin.metadata.internal.protobuf.AbstractMessageLite$Builder$LimitedInputStream: loaded 5 times (x 88B)
Class androidx.room.TypeConverters                                                    : loaded 5 times (x 66B)
Class com.squareup.kotlinpoet.MemberName$Companion                                    : loaded 5 times (x 67B)
Class [Landroidx.room.solver.RxType;                                                  : loaded 5 times (x 65B)
Class kotlin.metadata.internal.protobuf.GeneratedMessageLite$GeneratedExtension       : loaded 5 times (x 75B)
Class androidx.room.solver.QueryResultBinderProvider                                  : loaded 5 times (x 66B)
Class kotlin.metadata.Attributes$hasAnnotations$6                                     : loaded 5 times (x 133B)
Class kotlin.metadata.internal.metadata.deserialization.Flags$FlagField               : loaded 5 times (x 69B)
Class kotlin.metadata.internal.metadata.ProtoBuf$Modality                             : loaded 5 times (x 78B)
Class com.google.auto.common.MoreTypes$DeclaredTypeVisitor                            : loaded 5 times (x 98B)
Class com.google.auto.common.AnnotationMirrors$1                                      : loaded 5 times (x 80B)
Class kotlin.metadata.internal.metadata.ProtoBuf$Type$Argument                        : loaded 5 times (x 106B)
Class [Lcom.google.auto.common.Visibility;                                            : loaded 5 times (x 65B)
Class androidx.room.compiler.processing.XVariableElement                              : loaded 5 times (x 66B)
Class androidx.room.jarjarred.org.antlr.v4.runtime.atn.ActionTransition               : loaded 5 times (x 72B)
Class androidx.room.jarjarred.org.antlr.v4.runtime.misc.EqualityComparator            : loaded 5 times (x 66B)
Class androidx.room.writer.PropertyReadWriteWriter$Node                               : loaded 5 times (x 68B)
Class androidx.room.compiler.codegen.XCodeBlock                                       : loaded 5 times (x 66B)
Class androidx.room.parser.SQLiteParser$Schema_nameContext                            : loaded 5 times (x 148B)
Class [Landroidx.room.solver.shortcut.result.InsertOrUpsertFunctionAdapter$ReturnInfo;: loaded 5 times (x 65B)
Class androidx.room.parser.Section                                                    : loaded 5 times (x 68B)
Class androidx.room.parser.SQLiteParser$Qualified_table_nameContext                   : loaded 5 times (x 156B)
Class androidx.room.parser.SQLiteParser$Raise_functionContext                         : loaded 5 times (x 156B)
Class androidx.room.jarjarred.org.antlr.v4.runtime.atn.ATNConfigSet                   : loaded 5 times (x 144B)
Class androidx.room.jarjarred.org.antlr.v4.runtime.atn.EpsilonTransition              : loaded 5 times (x 72B)
Class androidx.room.jarjarred.org.antlr.v4.runtime.CodePointCharStream$CodePoint32BitCharStream: loaded 5 times (x 84B)
Class androidx.room.jarjarred.org.antlr.v4.runtime.ParserRuleContext                  : loaded 5 times (x 147B)
Class kotlin.metadata.KmVersion                                                       : loaded 5 times (x 67B)
Class org.sqlite.date.FastDatePrinter$Rule                                            : loaded 5 times (x 66B)
Class androidx.room.compiler.processing.InternalXAnnotation                           : loaded 5 times (x 136B)
Class kotlin.metadata.internal.protobuf.GeneratedMessageLite$ExtensionDescriptor      : loaded 5 times (x 80B)
Class androidx.room.compiler.processing.javac.JavacType$typeElement$2                 : loaded 5 times (x 75B)
Class androidx.room.preconditions.Checks                                              : loaded 5 times (x 68B)
Class com.google.auto.common.MoreElements                                             : loaded 5 times (x 67B)
Class com.google.auto.common.MoreTypes                                                : loaded 5 times (x 67B)
Class androidx.room.jarjarred.org.antlr.v4.runtime.CommonToken                        : loaded 5 times (x 107B)
Class androidx.room.writer.TypeWriter                                                 : loaded 5 times (x 70B)
Class [Landroidx.room.parser.SQLTypeAffinity;                                         : loaded 5 times (x 65B)
Class kotlin.metadata.jvm.KotlinClassMetadata$Companion                               : loaded 5 times (x 67B)
Class androidx.room.solver.shortcut.result.DeleteOrUpdateFunctionAdapter$WhenMappings : loaded 5 times (x 67B)
Class androidx.room.compiler.codegen.java.JavaFileSpec                                : loaded 5 times (x 71B)
Class androidx.room.ProvidedTypeConverter                                             : loaded 5 times (x 66B)
Class androidx.room.solver.shortcut.binder.CoroutineInsertOrUpsertFunctionBinder$convertAndReturn$performBlock$1: loaded 5 times (x 69B)
Class androidx.room.solver.shortcut.result.InsertOrUpsertFunctionAdapter$InsertFunctionInfo: loaded 5 times (x 69B)
Class androidx.room.solver.query.result.BaseObservableQueryResultBinder               : loaded 5 times (x 70B)
Class androidx.room.parser.SQLiteParser$Alter_table_stmtContext                       : loaded 5 times (x 161B)
Class androidx.room.parser.SQLiteParser$Module_nameContext                            : loaded 5 times (x 148B)
Class androidx.room.parser.SQLiteParser$Simple_select_stmtContext                     : loaded 5 times (x 151B)
Class androidx.room.parser.SQLiteParser$Select_coreContext                            : loaded 5 times (x 172B)
Class androidx.room.jarjarred.org.antlr.v4.runtime.misc.ObjectEqualityComparator      : loaded 5 times (x 73B)
Class [Landroidx.room.jarjarred.org.antlr.v4.runtime.atn.LexerActionType;             : loaded 5 times (x 65B)
Class androidx.room.jarjarred.org.antlr.v4.runtime.atn.StarLoopbackState              : loaded 5 times (x 78B)
Class androidx.room.jarjarred.org.antlr.v4.runtime.atn.BasicBlockStartState           : loaded 5 times (x 79B)
Class org.sqlite.jdbc4.JDBC4ResultSet                                                 : loaded 5 times (x 522B)
Class androidx.room.compiler.processing.javac.JavacMethodType                         : loaded 5 times (x 87B)
Class androidx.room.Delete                                                            : loaded 5 times (x 66B)
Class kotlin.metadata.internal.metadata.jvm.JvmProtoBuf$JvmMethodSignature            : loaded 5 times (x 104B)
Class kotlin.metadata.KmTypeProjection                                                : loaded 5 times (x 68B)
Class [Lkotlin.metadata.internal.metadata.ProtoBuf$Effect$EffectType;                 : loaded 5 times (x 65B)
Class androidx.room.compiler.processing.javac.JavacMethodElement$typeParameters$2     : loaded 5 times (x 75B)
Class com.google.auto.common.AnnotationMirrors                                        : loaded 5 times (x 67B)
Class androidx.room.solver.binderprovider.DataSourceFactoryQueryResultBinderProvider  : loaded 5 times (x 72B)
Class androidx.room.compiler.codegen.XMemberName                                      : loaded 5 times (x 68B)
Class androidx.room.compiler.processing.javac.JavacMethodElement$parameters$2         : loaded 5 times (x 75B)
Class [Lkotlin.metadata.internal.metadata.ProtoBuf$Type$Argument$Projection;          : loaded 5 times (x 65B)
Class androidx.room.processor.ProcessorErrors                                         : loaded 5 times (x 67B)
Class kotlin.collections.MapWithDefaultImpl                                           : loaded 5 times (x 122B)
Class androidx.room.compiler.codegen.impl.XParameterSpecImpl                          : loaded 5 times (x 72B)
Class androidx.room.compiler.codegen.impl.XTypeSpecImpl$name$2                        : loaded 5 times (x 75B)
Class androidx.room.solver.query.result.SingleItemQueryResultAdapter                  : loaded 5 times (x 69B)
Class org.apache.commons.codec.BinaryEncoder                                          : loaded 5 times (x 66B)
Class androidx.room.parser.SQLiteParser$Window_function_invocationContext             : loaded 5 times (x 159B)
Class com.google.auto.common.MoreElements$CastingElementVisitor                       : loaded 5 times (x 89B)
Class androidx.room.jarjarred.org.antlr.v4.runtime.ANTLRErrorListener                 : loaded 5 times (x 66B)
Class org.apache.commons.codec.DecoderException                                       : loaded 5 times (x 78B)
Class androidx.room.compiler.codegen.XCodeBlock$Companion$ofKotlinClassLiteral$1$WhenMappings: loaded 5 times (x 67B)
Class androidx.room.compiler.codegen.CodeLanguage                                     : loaded 5 times (x 75B)
Class androidx.room.solver.TypeAdapterStore$Companion                                 : loaded 5 times (x 67B)
Class androidx.room.compiler.codegen.XCodeBlock$Builder$beginForEachControlFlow$1     : loaded 5 times (x 75B)
Class androidx.room.compiler.codegen.java.JavaParameterSpec                           : loaded 5 times (x 72B)
Class androidx.room.jarjarred.org.antlr.v4.runtime.BaseErrorListener                  : loaded 5 times (x 77B)
Class androidx.room.parser.SQLiteParser$Collation_nameContext                         : loaded 5 times (x 148B)
Class androidx.room.ext.GuavaUtilConcurrentTypeNames                                  : loaded 5 times (x 67B)
Class androidx.room.compiler.processing.javac.TypeMirrorExtKt                         : loaded 5 times (x 67B)
Class androidx.room.compiler.processing.javac.JavacVariableElement                    : loaded 5 times (x 194B)
Class org.sqlite.date.FormatCache                                                     : loaded 5 times (x 74B)
Class kotlin.metadata.internal.metadata.ProtoBuf$Constructor                          : loaded 5 times (x 120B)
Class kotlin.metadata.internal.metadata.jvm.JvmProtoBuf$JvmPropertySignatureOrBuilder : loaded 5 times (x 66B)
Class [Landroidx.room.processor.PropertyProcessor$BindingScope;                       : loaded 5 times (x 65B)
Class androidx.room.vo.HasProperties                                                  : loaded 5 times (x 66B)
Class androidx.room.solver.shortcut.binderprovider.RxCompletableDeleteOrUpdateFunctionBinderProvider: loaded 5 times (x 75B)
Class [Lkotlin.metadata.ClassKind;                                                    : loaded 5 times (x 65B)
Class kotlin.metadata.internal.metadata.ProtoBuf$Class$Kind$1                         : loaded 5 times (x 70B)
Class kotlin.metadata.internal.protobuf.CodedOutputStream$OutOfSpaceException         : loaded 5 times (x 78B)
Class androidx.room.ext.Package_extKt                                                 : loaded 5 times (x 67B)
Class kotlin.metadata.KmClassifier$Class                                              : loaded 5 times (x 68B)
Class kotlin.metadata.jvm.JvmMemberSignatureKt                                        : loaded 5 times (x 67B)
Class androidx.room.solver.types.SingleStatementTypeConverter                         : loaded 5 times (x 71B)
Class androidx.room.processor.DatabaseProcessor                                       : loaded 5 times (x 68B)
Class androidx.room.compiler.processing.javac.JavacAnnotation$type$2                  : loaded 5 times (x 75B)
Class [Lkotlin.metadata.Modality;                                                     : loaded 5 times (x 65B)
Class kotlin.metadata.internal.ReadersKt$WhenMappings                                 : loaded 5 times (x 67B)
Class androidx.room.processor.cache.Cache$Bucket                                      : loaded 5 times (x 68B)
Class [Lkotlin.metadata.internal.protobuf.WireFormat$FieldType;                       : loaded 5 times (x 65B)
Class androidx.room.writer.ShortcutQueryParameterWriter                               : loaded 5 times (x 67B)
Class androidx.room.compiler.codegen.XCodeBlock$Builder$Companion                     : loaded 5 times (x 67B)
Class org.apache.commons.codec.BinaryDecoder                                          : loaded 5 times (x 66B)
Class androidx.room.solver.TypeAdapterExtras                                          : loaded 5 times (x 68B)
Class androidx.room.jarjarred.org.antlr.v4.runtime.atn.OrderedATNConfigSet$LexerConfigHashSet: loaded 5 times (x 136B)
Class androidx.room.jarjarred.org.antlr.v4.runtime.atn.ATNDeserializer                : loaded 5 times (x 77B)
Class [Lkotlin.metadata.KmVersionRequirementVersionKind;                              : loaded 5 times (x 65B)
Class kotlin.metadata.internal.metadata.ProtoBuf$TypeParameterOrBuilder               : loaded 5 times (x 66B)
Class kotlin.metadata.internal.metadata.ProtoBuf$Type$Argument$Projection$1           : loaded 5 times (x 70B)
Class androidx.room.compiler.processing.javac.JavacMethodType$returnType$2            : loaded 5 times (x 75B)
Class [Lkotlin.metadata.internal.metadata.ProtoBuf$Expression$ConstantValue;          : loaded 5 times (x 65B)
Class androidx.room.compiler.processing.DeclarationCollectorKt$collectAllMethods$1    : loaded 5 times (x 91B)
Class kotlin.metadata.internal.FlagDelegatesImplKt$typeBooleanFlag$1                  : loaded 5 times (x 133B)
Class kotlin.metadata.internal.metadata.jvm.deserialization.JvmMemberSignature$Field  : loaded 5 times (x 71B)
Class kotlin.metadata.internal.metadata.jvm.deserialization.JvmNameResolverBase$Companion: loaded 5 times (x 67B)
Class kotlin.metadata.internal.metadata.ProtoBuf$TypeParameter$1                      : loaded 5 times (x 140B)
Class kotlin.metadata.internal.metadata.ProtoBuf$Type                                 : loaded 5 times (x 141B)
Class [Landroidx.room.solver.types.PrimitiveColumnTypeAdapter$Companion$Primitive;    : loaded 5 times (x 65B)
Class androidx.room.compiler.processing.javac.JavacAnnotationValueKt                  : loaded 5 times (x 67B)
Class androidx.room.compiler.processing.javac.kotlin.KmFunctionContainerImpl          : loaded 5 times (x 96B)
Class kotlin.metadata.Modality                                                        : loaded 5 times (x 75B)
Class androidx.room.processor.FunctionProcessorDelegate$Companion                     : loaded 5 times (x 67B)
Class androidx.room.jarjarred.org.antlr.v4.runtime.atn.PredictionContextCache         : loaded 5 times (x 71B)
Class androidx.room.jarjarred.org.antlr.v4.runtime.TokenStream                        : loaded 5 times (x 66B)
Class androidx.room.parser.SQLiteParser$Pragma_nameContext                            : loaded 5 times (x 148B)
Class androidx.room.parser.SQLiteParser$Frame_singleContext                           : loaded 5 times (x 152B)
Class com.google.auto.common.MoreElements$2                                           : loaded 5 times (x 67B)
Class org.sqlite.SQLiteConfig$DatePrecision                                           : loaded 5 times (x 78B)
Class org.sqlite.date.FastDateFormat$1                                                : loaded 5 times (x 75B)
Class androidx.room.writer.TableInfoValidationWriter$WhenMappings                     : loaded 5 times (x 67B)
Class androidx.room.compiler.processing.javac.JavacTypeElement$JavacEnumTypeElement$entries$2: loaded 5 times (x 75B)
Class androidx.room.compiler.codegen.java.JavaFunSpec                                 : loaded 5 times (x 71B)
Class androidx.room.jarjarred.org.antlr.v4.runtime.misc.AbstractEqualityComparator    : loaded 5 times (x 73B)
Class androidx.room.vo.PrimaryKey                                                     : loaded 5 times (x 74B)
Class androidx.room.solver.shortcut.binderprovider.GuavaListenableFutureDeleteOrUpdateFunctionBinderProvider: loaded 5 times (x 72B)
Class kotlin.metadata.internal.extensions.KmExtensionType                             : loaded 5 times (x 68B)
Class kotlin.metadata.internal.metadata.ProtoBuf$Type$1                               : loaded 5 times (x 140B)
Class androidx.room.compiler.processing.javac.JavacType$superTypes$2                  : loaded 5 times (x 75B)
Class androidx.room.parser.SQLiteParser$Trigger_nameContext                           : loaded 5 times (x 148B)
Class androidx.room.jarjarred.org.antlr.v4.runtime.atn.PredictionMode                 : loaded 5 times (x 75B)
Class androidx.room.verifier.QueryResultInfo                                          : loaded 5 times (x 68B)
Class androidx.room.jarjarred.org.antlr.v4.runtime.atn.BasicState                     : loaded 5 times (x 78B)
Class androidx.room.parser.SQLiteParser$Common_table_stmtContext                      : loaded 5 times (x 153B)
Class androidx.room.parser.SQLiteParser$Join_operatorContext                          : loaded 5 times (x 156B)
Class androidx.room.jarjarred.org.antlr.v4.runtime.ProxyErrorListener                 : loaded 5 times (x 78B)
Class androidx.room.solver.prepared.binder.CoroutinePreparedQueryResultBinder         : loaded 5 times (x 69B)
Class androidx.room.vo.KotlinDefaultFunctionDelegate                                  : loaded 5 times (x 68B)
Class androidx.room.compiler.codegen.kotlin.KotlinFileSpec                            : loaded 5 times (x 71B)
Class androidx.room.compiler.codegen.impl.XFileSpecImpl                               : loaded 5 times (x 71B)
Class androidx.room.migration.bundle.DatabaseViewBundle$$serializer                   : loaded 5 times (x 82B)
Class androidx.room.ext.Xpoet_extKt$WhenMappings                                      : loaded 5 times (x 67B)
Class androidx.room.solver.query.result.SingleColumnRowAdapter                        : loaded 5 times (x 71B)
Class androidx.room.parser.SQLiteParser$Update_stmtContext                            : loaded 5 times (x 173B)
Class androidx.room.parser.SQLiteParser$Begin_stmtContext                             : loaded 5 times (x 153B)
Class androidx.room.jarjarred.org.antlr.v4.runtime.atn.Transition$1                   : loaded 5 times (x 130B)
Class androidx.room.jarjarred.org.antlr.v4.runtime.tree.ParseTree                     : loaded 5 times (x 66B)
Class kotlin.metadata.internal.metadata.ProtoBuf$VersionRequirement$1                 : loaded 5 times (x 140B)
Class androidx.room.compiler.processing.javac.JavacMethodType$Companion               : loaded 5 times (x 67B)
Class [Landroidx.room.parser.Collate;                                                 : loaded 5 times (x 65B)
Class androidx.room.writer.DaoWriter$InsertFunctionProperty                           : loaded 5 times (x 71B)
Class androidx.room.compiler.processing.FunSpecHelper                                 : loaded 5 times (x 67B)
Class androidx.room.processor.EntityProcessor                                         : loaded 5 times (x 66B)
Class androidx.room.compiler.processing.javac.JavacMethodElement                      : loaded 5 times (x 263B)
Class androidx.room.solver.RxType                                                     : loaded 5 times (x 76B)
Class androidx.room.solver.types.BoxedBooleanToBoxedIntConverter$create$1             : loaded 5 times (x 71B)
Class androidx.room.solver.types.PrimitiveColumnTypeAdapter$Companion$WhenMappings    : loaded 5 times (x 67B)
Class kotlinx.serialization.descriptors.PrimitiveKind$STRING                          : loaded 5 times (x 67B)
Class kotlinx.serialization.internal.GeneratedSerializer                              : loaded 5 times (x 66B)
Class androidx.room.migration.bundle.ForeignKeyBundle$$serializer                     : loaded 5 times (x 82B)
Class [Landroidx.room.compiler.codegen.XParameterSpec$Builder;                        : loaded 5 times (x 65B)
Class kotlin.metadata.internal.metadata.jvm.JvmProtoBuf$JvmPropertySignature          : loaded 5 times (x 110B)
Class kotlin.metadata.jvm.KotlinClassMetadata$Class                                   : loaded 5 times (x 73B)
Class androidx.room.compiler.processing.javac.JavacTypeElement$packageName$2          : loaded 5 times (x 75B)
Class androidx.room.compiler.processing.javac.JavacElement$docComment$2               : loaded 5 times (x 75B)
Class androidx.room.writer.ValidationWriter$CodeBlockWrapper                          : loaded 5 times (x 82B)
Class androidx.room.compiler.codegen.XCodeBlock$Companion$ofJavaClassLiteral$1$WhenMappings: loaded 5 times (x 67B)
Class androidx.room.compiler.processing.javac.JavacArrayType$xTypeName$2              : loaded 5 times (x 75B)
Class androidx.room.ext.RoomTypeNames                                                 : loaded 5 times (x 67B)
Class kotlin.metadata.internal.protobuf.InvalidProtocolBufferException                : loaded 5 times (x 80B)
Class kotlinx.serialization.descriptors.SerialDescriptorImpl                          : loaded 5 times (x 84B)
Class kotlinx.serialization.SerializationStrategy                                     : loaded 5 times (x 66B)
Class androidx.room.vo.ShortcutQueryParameter                                         : loaded 5 times (x 68B)
Class androidx.room.jarjarred.org.antlr.v4.runtime.atn.LexerATNSimulator              : loaded 5 times (x 98B)
Class androidx.room.ext.Xpoet_extKt                                                   : loaded 5 times (x 67B)
Class androidx.room.RawQuery                                                          : loaded 5 times (x 66B)
Class kotlin.metadata.internal.metadata.deserialization.VersionRequirementTable       : loaded 5 times (x 68B)
Class kotlin.metadata.internal.metadata.ProtoBuf$MemberKind$1                         : loaded 5 times (x 70B)
Class androidx.room.ext.RoomPagingGuavaTypeNames                                      : loaded 5 times (x 67B)
Class androidx.room.solver.binderprovider.QueryResultBinderProviderWithRequiredArtifactKt: loaded 5 times (x 67B)
Class androidx.room.solver.types.BoxedBooleanToBoxedIntConverter$create$2             : loaded 5 times (x 71B)
Class kotlin.metadata.Attributes$visibility$10                                        : loaded 5 times (x 133B)
Class kotlin.reflect.jvm.internal.KMutableProperty1Impl$_setter$1                     : loaded 5 times (x 75B)
Class kotlin.metadata.internal.metadata.deserialization.ProtoTypeTableUtilKt          : loaded 5 times (x 67B)
Class androidx.room.solver.binderprovider.PagingSourceQueryResultBinderProviderKt     : loaded 5 times (x 67B)
Class androidx.room.solver.prepared.binderprovider.GuavaListenableFuturePreparedQueryResultBinderProvider: loaded 5 times (x 72B)
Class androidx.room.compiler.processing.javac.JavacPackageElement                     : loaded 5 times (x 187B)
Class org.sqlite.Function                                                             : loaded 5 times (x 69B)
Class androidx.room.processor.QueryFunctionProcessor                                  : loaded 5 times (x 68B)
Class androidx.room.compiler.processing.javac.JavacTypeElement$qualifiedName$2        : loaded 5 times (x 75B)
Class androidx.room.solver.types.PrimitiveColumnTypeAdapter$Companion$Primitive       : loaded 5 times (x 75B)
Class androidx.room.writer.TableInfoValidationWriter$Companion                        : loaded 5 times (x 67B)
Class androidx.room.compiler.processing.javac.DefaultJavacType$equalityItems$2        : loaded 5 times (x 75B)
Class [Landroidx.room.compiler.codegen.XPropertySpec$Builder;                         : loaded 5 times (x 65B)
Class androidx.room.processor.DataClassProcessor$FailedConstructor                    : loaded 5 times (x 68B)
Class [Lkotlinx.serialization.DeserializationStrategy;                                : loaded 5 times (x 65B)
Class androidx.room.solver.query.result.DataClassRowAdapter$DataClassMapping          : loaded 5 times (x 69B)
Class androidx.room.vo.ReadQueryFunction                                              : loaded 5 times (x 69B)
Class androidx.room.parser.SQLiteParser$Drop_stmtContext                              : loaded 5 times (x 157B)
Class androidx.room.vo.CallType                                                       : loaded 5 times (x 75B)
Class com.squareup.javapoet.ClassName$1                                               : loaded 5 times (x 93B)
Class [Lkotlin.metadata.internal.metadata.ProtoBuf$TypeParameter$Variance;            : loaded 5 times (x 65B)
Class [Lkotlin.metadata.internal.metadata.ProtoBuf$Visibility;                        : loaded 5 times (x 65B)
Class [Landroidx.room.solver.types.SingleStatementTypeConverter;                      : loaded 5 times (x 65B)
Class androidx.room.compiler.processing.javac.kotlin.KmClassContainer$functionByDescriptor$2: loaded 5 times (x 75B)
Class kotlin.metadata.internal.metadata.ProtoBuf$MemberKind                           : loaded 5 times (x 78B)
Class androidx.room.compiler.codegen.XClassName                                       : loaded 5 times (x 71B)
Class androidx.room.compiler.processing.javac.JavacType$xTypeName$2                   : loaded 5 times (x 75B)
Class kotlin.metadata.internal.metadata.ProtoBuf$VersionRequirement                   : loaded 5 times (x 112B)
Class androidx.room.jarjarred.org.antlr.v4.runtime.atn.Transition                     : loaded 5 times (x 72B)
Class [Landroidx.room.jarjarred.org.antlr.v4.runtime.atn.ATNType;                     : loaded 5 times (x 65B)
Class androidx.room.parser.SQLiteParser$Analyze_stmtContext                           : loaded 5 times (x 151B)
Class org.sqlite.jdbc3.JDBC3PreparedStatement                                         : loaded 5 times (x 251B)
Class androidx.room.solver.query.result.QueryMappedRowAdapter$Mapping                 : loaded 5 times (x 68B)
Class kotlin.metadata.internal.FlagDelegatesImplKt$functionBooleanFlag$1              : loaded 5 times (x 133B)
Class kotlin.metadata.internal.metadata.ProtoBuf$Type$Argument$Projection             : loaded 5 times (x 78B)
Class [Lkotlin.metadata.KmVariance;                                                   : loaded 5 times (x 65B)
Class androidx.room.compiler.codegen.impl.XFunSpecImpl                                : loaded 5 times (x 71B)
Class androidx.room.compiler.codegen.XCodeBlock$Companion                             : loaded 5 times (x 67B)
Class kotlin.metadata.KmTypeProjection$Companion                                      : loaded 5 times (x 67B)
Class [Lkotlinx.serialization.descriptors.SerialDescriptor;                           : loaded 5 times (x 65B)
Class androidx.room.compiler.processing.javac.JavacAnnotationValue$1                  : loaded 5 times (x 75B)
Class androidx.room.parser.SQLiteParser$FilenameContext                               : loaded 5 times (x 148B)
Class androidx.room.jarjarred.org.antlr.v4.runtime.atn.LexerATNSimulator$SimState     : loaded 5 times (x 69B)
Class androidx.room.jarjarred.org.antlr.v4.runtime.atn.LexerChannelAction             : loaded 5 times (x 72B)
Class androidx.room.jarjarred.org.antlr.v4.runtime.RecognitionException               : loaded 5 times (x 85B)
Class androidx.room.jarjarred.org.antlr.v4.runtime.CodePointBuffer$1                  : loaded 5 times (x 67B)
Class [Landroidx.room.solver.shortcut.binderprovider.RxCallableInsertOrUpsertFunctionBinderProvider;: loaded 5 times (x 65B)
Class kotlin.metadata.internal.extensions.KmTypeExtension                             : loaded 5 times (x 66B)
Class kotlin.metadata.internal.protobuf.FieldSet                                      : loaded 5 times (x 68B)
Class androidx.room.processor.FunctionProcessorDelegate                               : loaded 5 times (x 76B)
Class androidx.room.compiler.processing.javac.JavacDeclaredType$typeArguments$2       : loaded 5 times (x 75B)
Class androidx.room.compiler.processing.javac.JavacType                               : loaded 5 times (x 181B)
Class [Lcom.squareup.javapoet.TypeName;                                               : loaded 5 times (x 65B)
Class androidx.room.compiler.codegen.compat.XConverters$WhenMappings                  : loaded 5 times (x 67B)
Class androidx.room.ext.RoomMemberNames                                               : loaded 5 times (x 67B)
Class androidx.room.parser.SQLiteParser$Order_by_expr_asc_descContext                 : loaded 5 times (x 150B)
Class androidx.room.solver.query.result.ListQueryResultAdapter$WhenMappings           : loaded 5 times (x 67B)
Class androidx.room.parser.SQLiteParser$Attach_stmtContext                            : loaded 5 times (x 152B)
Class androidx.room.solver.transaction.binder.TransactionFunctionBinder               : loaded 5 times (x 69B)
Class androidx.room.migration.bundle.PrimaryKeyBundle$Companion                       : loaded 5 times (x 67B)
Class androidx.room.processor.ShortcutParameterProcessor                              : loaded 5 times (x 68B)
Class androidx.room.parser.SQLiteParser$Table_constraintContext                       : loaded 5 times (x 165B)
Class androidx.room.jarjarred.org.antlr.v4.runtime.dfa.DFAState                       : loaded 5 times (x 69B)
Class androidx.room.jarjarred.org.antlr.v4.runtime.atn.PlusLoopbackState              : loaded 5 times (x 78B)
Class kotlin.metadata.internal.metadata.ProtoBuf$VersionRequirement$Level$1           : loaded 5 times (x 70B)
Class [Lorg.sqlite.SQLiteConfig$PragmaValue;                                          : loaded 5 times (x 65B)
Class androidx.room.compiler.processing.XMethodType                                   : loaded 5 times (x 66B)
Class androidx.room.parser.Collate$Companion                                          : loaded 5 times (x 67B)
Class androidx.room.compiler.codegen.VisibilityModifier                               : loaded 5 times (x 75B)
Class com.squareup.kotlinpoet.AnnotationSpec$cachedString$2                           : loaded 5 times (x 75B)
Class androidx.room.compiler.codegen.XCodeBlock$Builder$beginForEachControlFlow$1$WhenMappings: loaded 5 times (x 67B)
Class androidx.room.compiler.codegen.XMemberName$Companion                            : loaded 5 times (x 67B)
Class kotlin.metadata.jvm.JvmMethodSignature                                          : loaded 5 times (x 70B)
Class kotlin.metadata.internal.metadata.jvm.JvmProtoBuf$StringTableTypes              : loaded 5 times (x 106B)
Class androidx.room.compiler.processing.XMemberContainer                              : loaded 5 times (x 66B)
Class androidx.room.compiler.processing.XEnumTypeElementKt                            : loaded 5 times (x 67B)
Class kotlin.collections.builders.ListBuilder$Itr                                     : loaded 5 times (x 90B)
Class kotlinx.serialization.internal.PluginGeneratedSerialDescriptor$childSerializers$2: loaded 5 times (x 75B)
Class androidx.room.migration.bundle.BaseEntityBundle$Companion                       : loaded 5 times (x 67B)
Class [Lkotlinx.serialization.KSerializer;                                            : loaded 5 times (x 65B)
Class androidx.room.jarjarred.org.antlr.v4.runtime.misc.DoubleKeyMap                  : loaded 5 times (x 74B)
Class androidx.room.compiler.processing.javac.JavacType$typeName$2                    : loaded 5 times (x 75B)
Class androidx.room.compiler.codegen.XClassName$Companion                             : loaded 5 times (x 67B)
Class kotlin.metadata.internal.metadata.ProtoBuf$TypeParameter$Variance               : loaded 5 times (x 78B)
Class androidx.room.compiler.processing.javac.TypeMirrorExtKt$extendsBound$1          : loaded 5 times (x 97B)
Class org.sqlite.JDBC                                                                 : loaded 5 times (x 83B)
Class androidx.room.solver.transaction.result.TransactionFunctionAdapter$WhenMappings : loaded 5 times (x 67B)
Class androidx.room.compiler.codegen.kotlin.KotlinCodeBlock                           : loaded 5 times (x 68B)
Class [Lorg.sqlite.SQLiteLimits;                                                      : loaded 5 times (x 65B)
Class androidx.room.compiler.codegen.java.JavaPropertySpec                            : loaded 5 times (x 72B)
Class androidx.room.compiler.codegen.java.JavaFunSpecKt$WhenMappings                  : loaded 5 times (x 67B)
Class androidx.room.vo.DeleteFunction                                                 : loaded 5 times (x 68B)
Class androidx.room.log.RLog$DiagnosticMessage                                        : loaded 5 times (x 68B)
Class androidx.room.migration.bundle.FieldBundle$Companion                            : loaded 5 times (x 67B)
Class androidx.room.jarjarred.org.antlr.v4.runtime.tree.TerminalNodeImpl              : loaded 5 times (x 119B)
Class androidx.room.parser.SQLiteParser$Frame_specContext                             : loaded 5 times (x 155B)
Class androidx.room.parser.SingleQuerySqlParser                                       : loaded 5 times (x 67B)
Class androidx.room.compiler.processing.XMethodElementKt                              : loaded 5 times (x 67B)
Class androidx.room.processor.DataClassProcessor                                      : loaded 5 times (x 68B)
Class androidx.room.vo.HasSchemaIdentity                                              : loaded 5 times (x 66B)
Class kotlin.metadata.Attributes$visibility$14                                        : loaded 5 times (x 133B)
Class androidx.room.compiler.processing.javac.kotlin.KmBaseTypeContainer              : loaded 5 times (x 66B)
Class androidx.room.parser.SQLiteLexer                                                : loaded 5 times (x 138B)
Class androidx.room.compiler.codegen.compat.XConverters                               : loaded 5 times (x 67B)
Class [Lorg.sqlite.SQLiteConfig$LockingMode;                                          : loaded 5 times (x 65B)
Class org.sqlite.SQLiteConfig$JournalMode                                             : loaded 5 times (x 78B)
Class androidx.room.compiler.processing.javac.JavacElement                            : loaded 5 times (x 173B)
Class com.google.auto.common.MoreElements$TypeElementVisitor                          : loaded 5 times (x 89B)
Class kotlin.metadata.internal.metadata.ProtoBuf$VersionRequirementOrBuilder          : loaded 5 times (x 66B)
Class androidx.room.jarjarred.org.antlr.v4.runtime.atn.SetTransition                  : loaded 5 times (x 72B)
Class androidx.room.compiler.codegen.XTypeSpec$Builder$Companion$applyTo$2            : loaded 5 times (x 75B)
Class [Landroidx.room.jarjarred.org.antlr.v4.runtime.atn.ATNConfig;                   : loaded 5 times (x 65B)
Class androidx.room.parser.SQLiteParser$Upsert_clauseContext                          : loaded 5 times (x 169B)
Class androidx.room.parser.SQLiteParser$Rollback_stmtContext                          : loaded 5 times (x 152B)
Class androidx.room.parser.SQLiteParser$Detach_stmtContext                            : loaded 5 times (x 150B)
Class androidx.room.parser.SQLiteParser$Aggregate_funcContext                         : loaded 5 times (x 148B)
Class androidx.room.jarjarred.org.antlr.v4.runtime.CodePointCharStream$CodePoint8BitCharStream: loaded 5 times (x 84B)
Class org.sqlite.jdbc3.JDBC3Statement$SQLCallable                                     : loaded 5 times (x 66B)
Class org.sqlite.Function$Aggregate                                                   : loaded 5 times (x 71B)
Class androidx.room.parser.QueryVisitor$createParsedQuery$$inlined$sortedBy$1         : loaded 5 times (x 85B)
Class com.google.auto.common.MoreTypes$AsElementVisitor                               : loaded 5 times (x 97B)
Class androidx.room.solver.prepared.binderprovider.RxSingleOrMaybePreparedQueryResultBinderProvider: loaded 5 times (x 75B)
Class androidx.room.solver.types.ByteArrayWrapperColumnTypeAdapter                    : loaded 5 times (x 81B)
Class androidx.room.vo.Database                                                       : loaded 5 times (x 68B)
Class androidx.room.compiler.codegen.XTypeNameKt                                      : loaded 5 times (x 67B)
Class kotlin.metadata.internal.metadata.jvm.deserialization.JvmNameResolver           : loaded 5 times (x 76B)
Class kotlin.metadata.internal.ReadContext                                            : loaded 5 times (x 68B)
Class kotlin.metadata.KmClassifier$TypeParameter                                      : loaded 5 times (x 67B)
Class androidx.room.vo.ShortcutEntity                                                 : loaded 5 times (x 68B)
Class androidx.room.writer.DatabaseWriter$WhenMappings                                : loaded 5 times (x 67B)
Class kotlinx.serialization.builtins.BuiltinSerializersKt                             : loaded 5 times (x 67B)
Class androidx.room.vo.PropertyWithIndex$Companion                                    : loaded 5 times (x 67B)
Class androidx.room.compiler.codegen.XParameterSpec                                   : loaded 5 times (x 66B)
Class androidx.room.vo.DeleteOrUpdateShortcutFunction                                 : loaded 5 times (x 68B)
Class androidx.room.solver.query.result.CoroutineFlowResultBinder$convertAndReturn$createBlock$1$WhenMappings: loaded 5 times (x 67B)
Class com.squareup.kotlinpoet.UtilKt$escapeSegmentsIfNecessary$2                      : loaded 5 times (x 74B)
Class kotlin.metadata.internal.metadata.ProtoBuf$Expression$ConstantValue             : loaded 5 times (x 78B)
Class kotlinx.serialization.SealedClassSerializer$descriptor$2                        : loaded 5 times (x 75B)
Class androidx.room.migration.bundle.BaseEntityBundle                                 : loaded 5 times (x 75B)
Class kotlinx.serialization.internal.CollectionSerializer                             : loaded 5 times (x 94B)
Class androidx.room.solver.shortcut.binder.CoroutineInsertOrUpsertFunctionBinder      : loaded 5 times (x 69B)
Class androidx.room.parser.SQLiteParser$OffsetContext                                 : loaded 5 times (x 149B)
Class androidx.room.jarjarred.org.antlr.v4.runtime.atn.ProfilingATNSimulator          : loaded 5 times (x 116B)
Class androidx.room.parser.SQLiteParser                                               : loaded 5 times (x 149B)
Class androidx.room.jarjarred.org.antlr.v4.runtime.atn.RuleTransition                 : loaded 5 times (x 73B)
Class androidx.room.compiler.processing.javac.JavacFieldElement                       : loaded 5 times (x 221B)
Class androidx.room.solver.TypeConverterStoreImpl                                     : loaded 5 times (x 76B)
Class kotlin.metadata.internal.extensions.KmClassExtension                            : loaded 5 times (x 66B)
Class kotlin.metadata.internal.metadata.jvm.JvmProtoBuf$JvmPropertySignature$1        : loaded 5 times (x 140B)
Class androidx.room.compiler.processing.util.MemoizedSequence$delegateIterator$2      : loaded 5 times (x 75B)
Class androidx.room.compiler.processing.XConstructorElement                           : loaded 5 times (x 66B)
Class androidx.room.compiler.processing.javac.JavacFieldElement$kotlinMetadata$2      : loaded 5 times (x 75B)
Class androidx.room.processor.DataClassFunctionProcessor                              : loaded 5 times (x 68B)
Class androidx.room.jarjarred.org.antlr.v4.runtime.atn.ATNConfig                      : loaded 5 times (x 70B)
Class androidx.room.compiler.codegen.kotlin.KotlinTypeSpec$Builder                    : loaded 5 times (x 86B)
Class androidx.room.compiler.processing.javac.kotlin.KmPropertyContainer              : loaded 5 times (x 75B)
Class androidx.room.compiler.processing.javac.JavacExecutableElement                  : loaded 5 times (x 217B)
Class androidx.room.solver.binderprovider.CursorQueryResultBinderProvider             : loaded 5 times (x 72B)
Class androidx.room.solver.types.BoxedBooleanToBoxedIntConverter                      : loaded 5 times (x 67B)
Class [Landroidx.room.compiler.codegen.CodeLanguage;                                  : loaded 5 times (x 65B)
Class androidx.room.writer.EntityDeleteComparator                                     : loaded 5 times (x 85B)
Class androidx.room.solver.shortcut.binder.CoroutineDeleteOrUpdateFunctionBinder$convertAndReturn$performBlock$1: loaded 5 times (x 69B)
Class androidx.room.solver.prepared.binder.CoroutinePreparedQueryResultBinder$executeAndReturn$performBlock$1: loaded 5 times (x 69B)
Class androidx.room.ext.LambdaSpec                                                    : loaded 5 times (x 69B)
Class kotlinx.serialization.SealedClassSerializer$descriptor$2$1                      : loaded 5 times (x 75B)
Class com.squareup.javapoet.LineWrapper$RecordingAppendable                           : loaded 5 times (x 73B)
Class androidx.room.parser.SQLiteParser$Window_nameContext                            : loaded 5 times (x 148B)
Class androidx.room.jarjarred.org.antlr.v4.runtime.Token                              : loaded 5 times (x 66B)
Class androidx.room.processor.SuspendFunctionProcessorDelegate                        : loaded 5 times (x 76B)
Class org.sqlite.SQLiteOpenMode                                                       : loaded 5 times (x 75B)
Class androidx.room.compiler.processing.javac.JavacMethodType$NormalMethodType        : loaded 5 times (x 87B)
Class kotlin.metadata.internal.protobuf.GeneratedMessageLite$ExtendableMessageOrBuilder: loaded 5 times (x 66B)
Class kotlin.metadata.internal.metadata.jvm.JvmProtoBuf$StringTableTypesOrBuilder     : loaded 5 times (x 66B)
Class kotlin.metadata.Attributes$isNullCheckPredicate$2                               : loaded 5 times (x 133B)
Class kotlin.metadata.internal.metadata.deserialization.ProtoBufUtilKt                : loaded 5 times (x 67B)
Class kotlin.metadata.internal.protobuf.GeneratedMessageLite$1                        : loaded 5 times (x 67B)
Class androidx.room.compiler.processing.XRoundEnv                                     : loaded 5 times (x 66B)
Class kotlin.metadata.internal.protobuf.LiteralByteString                             : loaded 5 times (x 108B)
Class androidx.room.Fts4                                                              : loaded 5 times (x 66B)
Class androidx.room.parser.Collate                                                    : loaded 5 times (x 75B)
Class org.sqlite.BusyHandler                                                          : loaded 5 times (x 68B)
Class androidx.room.writer.DaoWriter$DeleteOrUpdateAdapterProperty                    : loaded 5 times (x 71B)
Class androidx.room.compiler.codegen.XName                                            : loaded 5 times (x 68B)
Class androidx.room.compiler.codegen.XName$Companion                                  : loaded 5 times (x 67B)
Class androidx.room.solver.shortcut.binderprovider.InstantDeleteOrUpdateFunctionBinderProvider: loaded 5 times (x 72B)
Class kotlin.metadata.internal.metadata.ProtoBuf$Type$Argument$1                      : loaded 5 times (x 140B)
Class androidx.room.compiler.codegen.java.JavaTypeSpec$Builder                        : loaded 5 times (x 86B)
Class androidx.room.compiler.processing.javac.JavacAnnotationValue$value$2            : loaded 5 times (x 75B)
Class androidx.room.writer.TypeWriter$WriterContext                                   : loaded 5 times (x 68B)
Class kotlinx.serialization.descriptors.SerialDescriptorsKt                           : loaded 5 times (x 67B)
Class kotlinx.serialization.internal.ArrayListClassDesc                               : loaded 5 times (x 92B)
Class [Lkotlinx.serialization.SerializationStrategy;                                  : loaded 5 times (x 65B)
Class androidx.room.migration.bundle.FieldBundle                                      : loaded 5 times (x 71B)
Class androidx.room.solver.shortcut.result.InsertOrUpsertFunctionAdapter$Companion    : loaded 5 times (x 67B)
Class androidx.room.verifier.ColumnInfo                                               : loaded 5 times (x 68B)
Class androidx.room.parser.SQLiteParser$Update_stmt_limitedContext                    : loaded 5 times (x 171B)
Class androidx.room.jarjarred.org.antlr.v4.runtime.Vocabulary                         : loaded 5 times (x 66B)
Class androidx.room.jarjarred.org.antlr.v4.runtime.tree.RuleNode                      : loaded 5 times (x 66B)
Class androidx.room.compiler.processing.XMethodTypeKt                                 : loaded 5 times (x 67B)
Class org.sqlite.jdbc4.JDBC4DatabaseMetaData                                          : loaded 5 times (x 437B)
Class androidx.room.compiler.processing.javac.JavacConstructorElement$typeParameters$2: loaded 5 times (x 75B)
Class androidx.room.ext.Xtype_extKt                                                   : loaded 5 times (x 67B)
Class androidx.room.solver.prepared.binderprovider.RxPreparedQueryResultBinderProvider: loaded 5 times (x 75B)
Class kotlin.metadata.Attributes$visibility$18                                        : loaded 5 times (x 133B)
Class kotlin.metadata.internal.metadata.jvm.JvmProtoBuf$JvmPropertySignature$Builder  : loaded 5 times (x 137B)
Class androidx.room.compiler.processing.javac.JavacArrayType$componentType$2          : loaded 5 times (x 75B)
Class androidx.room.compiler.processing.javac.JavacDeclaredType                       : loaded 5 times (x 181B)
Class androidx.room.log.RLog$Companion                                                : loaded 5 times (x 67B)
Class androidx.room.compiler.processing.XSuspendMethodType                            : loaded 5 times (x 66B)
Class [Landroidx.room.jarjarred.org.antlr.v4.runtime.CodePointBuffer$Type;            : loaded 5 times (x 65B)
Class androidx.room.jarjarred.org.antlr.v4.runtime.atn.PredictionContext              : loaded 5 times (x 75B)
Class androidx.room.jarjarred.org.antlr.v4.runtime.atn.AtomTransition                 : loaded 5 times (x 72B)
Class androidx.room.solver.query.result.DataClassRowAdapter                           : loaded 5 times (x 72B)
Class androidx.room.compiler.codegen.java.JavaFunSpecKt                               : loaded 5 times (x 67B)
Class androidx.room.parser.BindParameterNode                                          : loaded 5 times (x 105B)
Class androidx.room.compiler.processing.javac.JavacFieldElement$syntheticMethodForAnnotations$2: loaded 5 times (x 75B)
Class androidx.room.jarjarred.org.antlr.v4.runtime.atn.NotSetTransition               : loaded 5 times (x 72B)
Class androidx.room.parser.SQLiteParser$Values_clauseContext                          : loaded 5 times (x 152B)
Class androidx.room.parser.SQLiteParser$Compound_operatorContext                      : loaded 5 times (x 151B)
Class androidx.room.parser.SQLiteParser$Type_nameContext                              : loaded 5 times (x 154B)
Class androidx.room.parser.SQLiteParser$Index_nameContext                             : loaded 5 times (x 148B)
Class androidx.room.writer.TypeWriter$SharedPropertySpec                              : loaded 5 times (x 71B)
Class androidx.room.solver.query.result.CoroutineFlowResultBinder                     : loaded 5 times (x 70B)
Class androidx.room.RoomMasterTable                                                   : loaded 5 times (x 67B)
Class androidx.room.vo.TransactionFunction                                            : loaded 5 times (x 68B)
Class androidx.room.parser.SQLiteParser$Base_window_nameContext                       : loaded 5 times (x 148B)
Class androidx.room.jarjarred.org.antlr.v4.runtime.atn.ATNDeserializationOptions      : loaded 5 times (x 68B)
Class androidx.room.verifier.DatabaseVerifier$Companion                               : loaded 5 times (x 67B)
Class androidx.room.compiler.processing.javac.kotlin.KmConstructorContainer           : loaded 5 times (x 96B)
Class com.squareup.javapoet.TypeName$1                                                : loaded 5 times (x 105B)
Class androidx.room.compiler.processing.javac.JavacMethodElement$returnType$2         : loaded 5 times (x 75B)
Class kotlinx.serialization.internal.CollectionLikeSerializer                         : loaded 5 times (x 92B)
Class androidx.room.processor.QueryParameterProcessor                                 : loaded 5 times (x 68B)
Class androidx.room.vo.BuiltInConverterFlagsKt$WhenMappings                           : loaded 5 times (x 67B)
Class kotlin.metadata.Attributes$hasAnnotations$22                                    : loaded 5 times (x 133B)
Class androidx.room.compiler.processing.javac.kotlin.KmTypeContainer                  : loaded 5 times (x 72B)
Class androidx.room.compiler.processing.javac.kotlin.KmClassContainer$functionList$2  : loaded 5 times (x 75B)
Class androidx.room.compiler.processing.javac.kotlin.KmClassContainer$type$2          : loaded 5 times (x 75B)
Class kotlin.metadata.internal.metadata.jvm.deserialization.JvmNameResolverKt         : loaded 5 times (x 67B)
Class kotlin.metadata.internal.metadata.ProtoBuf$ConstructorOrBuilder                 : loaded 5 times (x 66B)
Class androidx.room.compiler.processing.XProcessingEnv$WhenMappings                   : loaded 5 times (x 67B)
Class androidx.room.parser.SQLTypeAffinity                                            : loaded 5 times (x 75B)
Class androidx.room.compiler.codegen.java.JavaFunSpec$Builder                         : loaded 5 times (x 87B)
Class androidx.room.compiler.processing.javac.JavacTypeElement$Companion$WhenMappings : loaded 5 times (x 67B)
Class androidx.room.writer.DaoWriter$PreparedStmtQuery                                : loaded 5 times (x 68B)
Class androidx.room.compiler.codegen.java.ClassNamesKt                                : loaded 5 times (x 67B)
Class androidx.room.writer.ValidationWriter                                           : loaded 5 times (x 69B)
Class androidx.room.parser.QueryType                                                  : loaded 5 times (x 75B)
Class [Lorg.sqlite.SQLiteConfig$Encoding;                                             : loaded 5 times (x 65B)
Class kotlin.metadata.internal.extensions.KmTypeParameterExtension                    : loaded 5 times (x 66B)
Class androidx.room.compiler.processing.javac.JavacMethodElement$kotlinDefaultImplClass$2: loaded 5 times (x 75B)
Class androidx.room.compiler.processing.XEquality$Companion                           : loaded 5 times (x 67B)
Class androidx.room.compiler.processing.javac.kotlin.JvmDescriptorTypeVisitor$visitExecutable$parameterDescriptors$1: loaded 5 times (x 75B)
Class androidx.room.compiler.processing.javac.JavacType$rawType$2                     : loaded 5 times (x 75B)
Class androidx.room.ext.KotlinCollectionMemberNames                                   : loaded 5 times (x 67B)
Class androidx.room.compiler.codegen.XTypeSpec$Builder$Companion                      : loaded 5 times (x 67B)
Class androidx.room.parser.SQLiteParser$Table_or_index_nameContext                    : loaded 5 times (x 148B)
Class androidx.room.parser.SQLiteParser$Order_by_stmtContext                          : loaded 5 times (x 153B)
Class androidx.room.jarjarred.org.antlr.v4.runtime.atn.ATNDeserializer$1              : loaded 5 times (x 67B)
Class com.squareup.javapoet.TypeName$2                                                : loaded 5 times (x 67B)
Class androidx.room.processor.cache.Cache$EntityKey                                   : loaded 5 times (x 68B)
Class kotlin.metadata.internal.metadata.ProtoBuf$VersionRequirement$VersionKind       : loaded 5 times (x 78B)
Class androidx.room.solver.types.TypeConverter                                        : loaded 5 times (x 70B)
Class androidx.room.vo.BuiltInConverterFlagsKt                                        : loaded 5 times (x 67B)
Class androidx.room.solver.binderprovider.RxQueryResultBinderProvider$Companion       : loaded 5 times (x 67B)
Class kotlin.metadata.KmValueParameter                                                : loaded 5 times (x 68B)
Class kotlin.metadata.internal.protobuf.ByteString$Output                             : loaded 5 times (x 82B)
Class androidx.room.compiler.processing.InternalXAnnotationValue                      : loaded 5 times (x 151B)
Class androidx.room.compiler.processing.CommonProcessorDelegate$processRound$currentElementsDeferredByStep$1$previousRoundDeferredElementsByAnnotation$1: loaded 5 times (x 74B)
Class androidx.room.compiler.codegen.XClassNameKt                                     : loaded 5 times (x 67B)
Class kotlin.metadata.internal.protobuf.WireFormat$JavaType                           : loaded 5 times (x 75B)
Class kotlin.metadata.internal.metadata.ProtoBuf$Class$1                              : loaded 5 times (x 140B)
Class kotlin.metadata.jvm.JvmFieldSignature                                           : loaded 5 times (x 70B)
Class androidx.room.solver.binderprovider.CoroutineFlowResultBinderProvider           : loaded 5 times (x 72B)
Class androidx.room.solver.shortcut.binderprovider.RxCallableDeleteOrUpdateFunctionBinderProvider$Companion: loaded 5 times (x 67B)
Class androidx.room.compiler.processing.javac.JavacTypeElement$kotlinMetadata$2       : loaded 5 times (x 75B)
Class androidx.room.compiler.processing.javac.kotlin.KmVisibility                     : loaded 5 times (x 66B)
Class kotlin.metadata.internal.metadata.jvm.JvmProtoBuf$JvmFieldSignatureOrBuilder    : loaded 5 times (x 66B)
Class kotlin.metadata.internal.metadata.jvm.JvmProtoBuf$JvmMethodSignature$Builder    : loaded 5 times (x 130B)
Class kotlin.metadata.Attributes$kind$7                                               : loaded 5 times (x 133B)
Class androidx.room.migration.bundle.SchemaEquality                                   : loaded 5 times (x 66B)
Class androidx.room.parser.SQLiteParser$Any_nameContext                               : loaded 5 times (x 153B)
Class kotlin.metadata.Attributes$modality$6                                           : loaded 5 times (x 133B)
Class androidx.room.compiler.processing.javac.JavacMethodElement$propertyName$2       : loaded 5 times (x 75B)
Class androidx.room.solver.RxVersion                                                  : loaded 5 times (x 75B)
Class kotlin.metadata.KmClassifier                                                    : loaded 5 times (x 67B)
Class kotlin.metadata.internal.protobuf.ByteString$ByteIterator                       : loaded 5 times (x 66B)
Class com.google.auto.common.MoreTypes$CastingTypeVisitor                             : loaded 5 times (x 98B)
Class com.google.auto.common.SuperficialValidation$1                                  : loaded 5 times (x 93B)
Class androidx.room.compiler.processing.javac.JavacRoundEnv                           : loaded 5 times (x 73B)
Class androidx.room.compiler.processing.XAnnotation                                   : loaded 5 times (x 66B)
Class androidx.room.Fts3                                                              : loaded 5 times (x 66B)
Class androidx.room.solver.shortcut.binderprovider.RxSingleOrMaybeInsertOrUpsertFunctionBinderProvider: loaded 5 times (x 75B)
Class androidx.room.solver.binderprovider.InstantQueryResultBinderProvider            : loaded 5 times (x 72B)
Class kotlin.metadata.internal.metadata.ProtoBuf$VersionRequirement$Level             : loaded 5 times (x 78B)
Class androidx.room.jarjarred.org.antlr.v4.runtime.dfa.DFA                            : loaded 5 times (x 72B)
Class androidx.room.ext.KotlinTypeNames                                               : loaded 5 times (x 67B)
Class [Landroidx.room.solver.shortcut.binderprovider.InsertOrUpsertFunctionBinderProvider;: loaded 5 times (x 65B)
Class androidx.room.compiler.processing.javac.JavacExecutableElement$enclosingElement$2: loaded 5 times (x 75B)
Class com.google.auto.common.MoreTypes$ExecutableTypeVisitor                          : loaded 5 times (x 98B)
Class androidx.room.compiler.codegen.impl.XCodeBlockImpl                              : loaded 5 times (x 68B)
Class kotlinx.serialization.UnknownFieldException                                     : loaded 5 times (x 78B)
Class org.apache.commons.codec.binary.Hex                                             : loaded 5 times (x 88B)
Class androidx.room.processor.TransactionFunctionProcessor                            : loaded 5 times (x 68B)
Class androidx.room.solver.query.result.QueryMappedRowAdapter                         : loaded 5 times (x 72B)
Class org.sqlite.jdbc4.JDBC4PreparedStatement                                         : loaded 5 times (x 386B)
Class androidx.room.parser.SQLiteParser$Column_name_listContext                       : loaded 5 times (x 153B)
Class androidx.room.jarjarred.org.antlr.v4.runtime.atn.ATNType                        : loaded 5 times (x 75B)
Class org.sqlite.SQLiteConfig$SynchronousMode                                         : loaded 5 times (x 78B)
Class androidx.room.Query                                                             : loaded 5 times (x 66B)
Class androidx.room.compiler.processing.DeclarationCollectorKt$collectFieldsIncludingPrivateSupers$1$yieldAllFields$1: loaded 5 times (x 84B)
Class com.google.auto.value.AutoValue                                                 : loaded 5 times (x 66B)
Class androidx.room.compiler.processing.javac.JavacAnnotationValueKt$UNWRAP_VISITOR$1 : loaded 5 times (x 99B)
Class kotlin.collections.builders.MapBuilder$KeysItr                                  : loaded 5 times (x 77B)
Class [Lkotlin.metadata.internal.metadata.ProtoBuf$Modality;                          : loaded 5 times (x 65B)
Class kotlin.metadata.jvm.internal.JvmTypeExtension$Companion                         : loaded 5 times (x 67B)
Class kotlin.metadata.internal.metadata.jvm.JvmProtoBuf$StringTableTypes$1            : loaded 5 times (x 140B)
Class kotlin.metadata.internal.protobuf.ExtensionRegistryLite                         : loaded 5 times (x 70B)
Class com.google.auto.common.SuperficialValidation$2                                  : loaded 5 times (x 104B)
Class androidx.room.processor.QueryRewriter$Companion                                 : loaded 5 times (x 67B)
Class com.squareup.kotlinpoet.ParameterizedTypeName                                   : loaded 5 times (x 82B)
Class androidx.room.solver.query.parameter.CollectionQueryParameterAdapter            : loaded 5 times (x 70B)
Class androidx.room.writer.DaoWriter$Companion                                        : loaded 5 times (x 67B)
Class [Lkotlin.metadata.internal.metadata.ProtoBuf$MemberKind;                        : loaded 5 times (x 65B)
Class com.google.auto.common.SuperficialValidation$3                                  : loaded 5 times (x 115B)
Class androidx.room.vo.BuiltInConverterFlags                                          : loaded 5 times (x 68B)
Class androidx.room.compiler.processing.javac.JavacMethodParameter$closestMemberContainer$2: loaded 5 times (x 75B)
Class androidx.room.compiler.processing.javac.JavacConstructorElement$parameters$2$1$1: loaded 5 times (x 75B)
Class org.sqlite.SQLiteJDBCLoader$VersionHolder                                       : loaded 5 times (x 67B)
Class androidx.room.jarjarred.org.antlr.v4.runtime.CharStream                         : loaded 5 times (x 66B)
Class androidx.room.jarjarred.org.antlr.v4.runtime.tree.ErrorNode                     : loaded 5 times (x 66B)
Class androidx.room.parser.SQLiteParser$Frame_leftContext                             : loaded 5 times (x 153B)
Class androidx.room.writer.OpenDelegateWriter                                         : loaded 5 times (x 68B)
Class androidx.room.solver.prepared.binder.PreparedQueryResultBinder                  : loaded 5 times (x 69B)
Class androidx.room.solver.shortcut.binder.DeleteOrUpdateFunctionBinder               : loaded 5 times (x 69B)
Class androidx.room.compiler.codegen.XPropertySpec$Builder                            : loaded 5 times (x 66B)
Class kotlinx.serialization.descriptors.PolymorphicKind                               : loaded 5 times (x 67B)
Class kotlinx.serialization.internal.StringSerializer                                 : loaded 5 times (x 78B)
Class androidx.room.parser.SQLiteParser$Savepoint_stmtContext                         : loaded 5 times (x 149B)
Class androidx.room.parser.SQLiteParser$Unary_operatorContext                         : loaded 5 times (x 151B)
Class androidx.room.parser.SQLiteParser$Signed_numberContext                          : loaded 5 times (x 150B)
Class androidx.room.jarjarred.org.antlr.v4.runtime.atn.RangeTransition                : loaded 5 times (x 72B)
Class org.sqlite.SQLiteException                                                      : loaded 5 times (x 92B)
Class androidx.room.verifier.DatabaseVerifier                                         : loaded 5 times (x 68B)
Class androidx.room.compiler.codegen.kotlin.KotlinPropertySpec                        : loaded 5 times (x 72B)
Class kotlin.metadata.Attributes$hasAnnotations$26                                    : loaded 5 times (x 133B)
Class kotlin.metadata.jvm.internal.JvmPropertyExtension$Companion                     : loaded 5 times (x 67B)
Class androidx.room.compiler.codegen.impl.XTypeSpecImpl$Builder                       : loaded 5 times (x 86B)
Class androidx.room.compiler.processing.javac.JavacProcessingEnv$WhenMappings         : loaded 5 times (x 67B)
Class kotlin.io.FilesKt__FilePathComponentsKt                                         : loaded 3 times (x 67B)
Class kotlin.io.FileAlreadyExistsException                                            : loaded 3 times (x 78B)
Class kotlin.io.NoSuchFileException                                                   : loaded 3 times (x 78B)
Class kotlin.sequences.ConstrainedOnceSequence                                        : loaded 3 times (x 71B)
Class kotlin.io.FilesKt__UtilsKt                                                      : loaded 3 times (x 67B)
Class kotlin.io.FilesKt__FileTreeWalkKt                                               : loaded 3 times (x 67B)
Class kotlin.io.FilesKt__FileReadWriteKt                                              : loaded 3 times (x 67B)
Class kotlin.io.TerminateException                                                    : loaded 3 times (x 78B)
Class kotlin.io.FileSystemException                                                   : loaded 3 times (x 78B)
Class kotlin.io.FilesKt                                                               : loaded 3 times (x 67B)
Class org.gradle.internal.IoActions                                                   : loaded 2 times (x 67B)
Class com.google.common.base.Suppliers                                                : loaded 2 times (x 67B)
Class [Lcom.google.common.cache.CacheBuilder$OneWeigher;                              : loaded 2 times (x 65B)
Class com.google.common.collect.MapMakerInternalMap$Strength                          : loaded 2 times (x 76B)
Class com.google.common.collect.MapMakerInternalMap$StrongKeyDummyValueEntry$LinkedStrongKeyDummyValueEntry: loaded 2 times (x 78B)
Class org.objectweb.asm.MethodTooLargeException                                       : loaded 2 times (x 79B)
Class kotlin.io.LinesSequence                                                         : loaded 2 times (x 71B)
Class org.jetbrains.kotlin.name.FqNameUnsafe$1                                        : loaded 2 times (x 70B)
Class com.google.common.cache.LocalCache$HashIterator                                 : loaded 2 times (x 82B)
Class com.google.common.cache.LocalCache$WriteThroughEntry                            : loaded 2 times (x 75B)
Class com.google.common.collect.MapMakerInternalMap$StrongKeyDummyValueSegment        : loaded 2 times (x 138B)
Class com.google.common.collect.Iterables$4                                           : loaded 2 times (x 77B)
Class [Lorg.jetbrains.org.objectweb.asm.Symbol;                                       : loaded 2 times (x 65B)
Class com.google.common.base.CharMatcher$JavaLowerCase                                : loaded 2 times (x 107B)
Class [Lcom.google.common.io.FileWriteMode;                                           : loaded 2 times (x 65B)
Class [Lcom.google.common.collect.MapMakerInternalMap$Strength;                       : loaded 2 times (x 65B)
Class com.google.common.collect.Maps$AbstractFilteredMap                              : loaded 2 times (x 123B)
Class com.google.common.cache.RemovalCause$5                                          : loaded 2 times (x 76B)
Class com.google.common.cache.LocalCache$AbstractReferenceEntry                       : loaded 2 times (x 103B)
Class org.jetbrains.org.objectweb.asm.ClassVisitor                                    : loaded 2 times (x 83B)
Class com.google.common.base.CharMatcher$JavaIsoControl                               : loaded 2 times (x 108B)
Class org.apache.commons.io.StandardLineSeparator                                     : loaded 2 times (x 75B)
Class com.google.common.base.Suppliers$MemoizingSupplier                              : loaded 2 times (x 75B)
Class com.google.common.cache.RemovalCause$4                                          : loaded 2 times (x 76B)
Class org.jetbrains.org.objectweb.asm.SymbolTable$Entry                               : loaded 2 times (x 70B)
Class com.google.common.io.ByteSource$ConcatenatedByteSource                          : loaded 2 times (x 81B)
Class [Lcom.google.common.collect.AbstractIterator$State;                             : loaded 2 times (x 65B)
Class jdk.internal.jimage.ImageStrings                                                : loaded 2 times (x 66B)
Class org.apache.commons.io.file.PathUtils                                            : loaded 2 times (x 67B)
Class com.google.common.base.CharMatcher$None                                         : loaded 2 times (x 108B)
Class org.jetbrains.org.objectweb.asm.Attribute                                       : loaded 2 times (x 71B)
Class org.jetbrains.org.objectweb.asm.Label                                           : loaded 2 times (x 68B)
Class org.objectweb.asm.SymbolTable                                                   : loaded 2 times (x 68B)
Class com.google.common.collect.ImmutableMapKeySet                                    : loaded 2 times (x 146B)
Class com.google.common.collect.ImmutableRangeSet$ComplementRanges                    : loaded 2 times (x 203B)
Class com.google.common.base.CharMatcher$SingleWidth                                  : loaded 2 times (x 108B)
Class com.google.common.cache.CacheLoader$InvalidCacheLoadException                   : loaded 2 times (x 78B)
Class org.gradle.internal.classloader.SystemClassLoaderSpec                           : loaded 2 times (x 67B)
Class org.gradle.internal.classloader.ClassLoaderVisitor                              : loaded 2 times (x 72B)
Class org.gradle.api.GradleException                                                  : loaded 2 times (x 78B)
Class com.google.common.collect.ArrayListMultimap                                     : loaded 2 times (x 168B)
Class com.google.common.base.CharMatcher$Digit                                        : loaded 2 times (x 108B)
Class com.google.common.base.AbstractIterator$1                                       : loaded 2 times (x 67B)
Class com.google.common.cache.RemovalCause$3                                          : loaded 2 times (x 76B)
Class com.google.common.cache.CacheBuilder$2                                          : loaded 2 times (x 68B)
Class com.google.common.cache.LocalCache                                              : loaded 2 times (x 183B)
Class com.google.common.base.CharMatcher$NegatedFastMatcher                           : loaded 2 times (x 109B)
Class com.google.common.collect.AbstractRangeSet                                      : loaded 2 times (x 110B)
Class com.google.common.collect.MapMakerInternalMap$WeakValueReference                : loaded 2 times (x 66B)
Class com.google.common.cache.RemovalCause$2                                          : loaded 2 times (x 76B)
Class kotlin.io.FileTreeWalk$WalkState                                                : loaded 2 times (x 69B)
Class org.gradle.internal.classpath.DefaultClassPath$ImmutableUniqueList$Builder      : loaded 2 times (x 71B)
Class com.google.common.cache.CacheBuilder$1                                          : loaded 2 times (x 81B)
Class [Lcom.google.common.cache.LocalCache$Strength;                                  : loaded 2 times (x 65B)
Class com.google.common.reflect.TypeCapture                                           : loaded 2 times (x 67B)
Class [Lcom.google.common.cache.LocalCache$Segment;                                   : loaded 2 times (x 65B)
Class com.google.common.collect.TransformedListIterator                               : loaded 2 times (x 89B)
Class org.apache.commons.io.function.IOFunction                                       : loaded 2 times (x 66B)
Class com.google.common.cache.LocalCache$Values                                       : loaded 2 times (x 114B)
Class org.jetbrains.org.objectweb.asm.Frame                                           : loaded 2 times (x 69B)
Class com.google.common.collect.FluentIterable                                        : loaded 2 times (x 77B)
Class com.google.common.cache.LocalCache$StrongEntry                                  : loaded 2 times (x 104B)
Class com.google.common.util.concurrent.AbstractFuture$TrustedFuture                  : loaded 2 times (x 110B)
Class com.google.common.cache.LoadingCache                                            : loaded 2 times (x 66B)
Class org.objectweb.asm.ClassVisitor                                                  : loaded 2 times (x 84B)
Class [Lorg.objectweb.asm.Symbol;                                                     : loaded 2 times (x 65B)
Class com.google.common.cache.RemovalCause$1                                          : loaded 2 times (x 76B)
Class org.jetbrains.org.objectweb.asm.ClassReader                                     : loaded 2 times (x 87B)
Class kotlin.io.FileTreeWalk$FileTreeWalkIterator                                     : loaded 2 times (x 79B)
Class com.google.common.base.Ticker                                                   : loaded 2 times (x 68B)
Class com.google.common.base.Strings                                                  : loaded 2 times (x 67B)
Class jdk.internal.jrtfs.JrtFileSystem                                                : loaded 2 times (x 98B)
Class com.google.common.base.CharMatcher$FastMatcher                                  : loaded 2 times (x 107B)
Class com.google.common.collect.Sets                                                  : loaded 2 times (x 67B)
Class com.google.common.collect.MapMakerInternalMap                                   : loaded 2 times (x 157B)
Class org.objectweb.asm.Handler                                                       : loaded 2 times (x 68B)
Class com.google.common.collect.HashBiMap                                             : loaded 2 times (x 139B)
Class org.gradle.api.internal.classpath.EffectiveClassPath                            : loaded 2 times (x 86B)
Class org.gradle.api.Action                                                           : loaded 2 times (x 66B)
Class org.gradle.internal.Cast                                                        : loaded 2 times (x 67B)
Class com.google.common.util.concurrent.AbstractFuture$Waiter                         : loaded 2 times (x 68B)
Class com.google.common.collect.ImmutableList$SerializedForm                          : loaded 2 times (x 69B)
Class org.apache.commons.io.file.PathVisitor                                          : loaded 2 times (x 66B)
Class com.google.common.collect.CollectSpliterators$1WithCharacteristics              : loaded 2 times (x 86B)
Class kotlin.io.FileTreeWalk$FileTreeWalkIterator$TopDownDirectoryState               : loaded 2 times (x 70B)
Class com.google.common.io.ByteStreams$LimitedInputStream                             : loaded 2 times (x 88B)
Class org.objectweb.asm.MethodWriter                                                  : loaded 2 times (x 102B)
Class com.google.common.base.Suppliers$NonSerializableMemoizingSupplier               : loaded 2 times (x 75B)
Class [Lcom.google.common.cache.Weigher;                                              : loaded 2 times (x 65B)
Class org.gradle.internal.classloader.VisitableURLClassLoader                         : loaded 2 times (x 113B)
Class com.google.common.base.Supplier                                                 : loaded 2 times (x 66B)
Class org.objectweb.asm.Attribute                                                     : loaded 2 times (x 73B)
Class kotlin.io.FileTreeWalk$DirectoryState                                           : loaded 2 times (x 69B)
Class com.google.common.collect.AbstractIterator$1                                    : loaded 2 times (x 67B)
Class [Lorg.apache.commons.io.StandardLineSeparator;                                  : loaded 2 times (x 65B)
Class org.apache.commons.io.output.StringBuilderWriter                                : loaded 2 times (x 96B)
Class com.google.common.collect.ImmutableRangeSet                                     : loaded 2 times (x 111B)
Class com.google.common.collect.ListMultimap                                          : loaded 2 times (x 66B)
Class com.google.common.util.concurrent.AbstractFuture$Listener                       : loaded 2 times (x 68B)
Class kotlin.text.Charsets                                                            : loaded 2 times (x 67B)
Class com.google.common.collect.ImmutableMultimap$1                                   : loaded 2 times (x 78B)
Class com.google.common.collect.AbstractMapBasedMultimap$RandomAccessWrappedList      : loaded 2 times (x 201B)
Class com.google.common.base.CharMatcher$Or                                           : loaded 2 times (x 108B)
Class com.google.common.io.LineProcessor                                              : loaded 2 times (x 66B)
Class com.google.common.io.Closer$Suppressor                                          : loaded 2 times (x 66B)
Class com.google.common.collect.ImmutableMultisetGwtSerializationDependencies         : loaded 2 times (x 121B)
Class com.google.common.collect.Interners                                             : loaded 2 times (x 67B)
Class org.objectweb.asm.RecordComponentWriter                                         : loaded 2 times (x 74B)
Class com.google.common.cache.CacheStats                                              : loaded 2 times (x 67B)
Class org.objectweb.asm.AnnotationWriter                                              : loaded 2 times (x 75B)
Class com.google.common.io.ByteSource$EmptyByteSource                                 : loaded 2 times (x 81B)
Class org.gradle.internal.classloader.ClassLoaderSpec                                 : loaded 2 times (x 67B)
Class com.google.common.base.CharMatcher$Ascii                                        : loaded 2 times (x 108B)
Class com.google.common.base.CharMatcher$BitSetMatcher                                : loaded 2 times (x 108B)
Class com.google.common.io.Closer                                                     : loaded 2 times (x 74B)
Class com.google.common.io.Java8Compatibility                                         : loaded 2 times (x 67B)
Class com.google.common.collect.Sets$FilteredSet                                      : loaded 2 times (x 133B)
Class org.objectweb.asm.AnnotationVisitor                                             : loaded 2 times (x 74B)
Class com.google.common.reflect.Types$ClassOwnership                                  : loaded 2 times (x 76B)
Class org.apache.commons.io.FileSystem                                                : loaded 2 times (x 76B)
Class com.google.common.base.AbstractIterator                                         : loaded 2 times (x 76B)
Class org.objectweb.asm.Symbol                                                        : loaded 2 times (x 69B)
Class [Lorg.jetbrains.kotlin.build.report.metrics.GradleBuildTime;                    : loaded 2 times (x 65B)
Class com.google.common.collect.Iterators$EmptyModifiableIterator                     : loaded 2 times (x 82B)
Class com.google.common.collect.Sets$1                                                : loaded 2 times (x 135B)
Class com.google.common.base.Splitter                                                 : loaded 2 times (x 68B)
Class com.google.common.collect.ImmutableSet$SerializedForm                           : loaded 2 times (x 69B)
Class org.gradle.api.internal.DefaultClassPathProvider                                : loaded 2 times (x 72B)
Class com.google.common.io.ByteArrayDataOutput                                        : loaded 2 times (x 66B)
Class com.google.common.collect.AbstractIterator$State                                : loaded 2 times (x 75B)
Class com.google.common.collect.ImmutableMultimap$2                                   : loaded 2 times (x 77B)
Class com.google.common.base.CharMatcher$Negated                                      : loaded 2 times (x 109B)
Class com.google.common.base.CharMatcher$Is                                           : loaded 2 times (x 107B)
Class com.google.common.reflect.Types$JavaVersion$1                                   : loaded 2 times (x 79B)
Class com.google.common.cache.LocalCache$ValueReference                               : loaded 2 times (x 66B)
Class org.gradle.internal.classpath.DefaultClassPath                                  : loaded 2 times (x 86B)
Class org.gradle.internal.classloader.VisitableURLClassLoader$Spec                    : loaded 2 times (x 70B)
Class [Lcom.google.common.cache.CacheBuilder$NullListener;                            : loaded 2 times (x 65B)
Class com.google.common.math.IntMath$1                                                : loaded 2 times (x 67B)
Class com.google.common.io.Files$FileByteSink                                         : loaded 2 times (x 73B)
Class org.apache.commons.io.FileUtils                                                 : loaded 2 times (x 67B)
Class com.google.common.collect.MapMakerInternalMap$StrongKeyDummyValueEntry$Helper   : loaded 2 times (x 75B)
Class org.objectweb.asm.ByteVector                                                    : loaded 2 times (x 75B)
Class org.gradle.internal.classloader.VisitableURLClassLoader$InstrumentingVisitableURLClassLoader: loaded 2 times (x 119B)
Class com.google.common.graph.SuccessorsFunction                                      : loaded 2 times (x 66B)
Class org.objectweb.asm.Type                                                          : loaded 2 times (x 68B)
Class com.google.common.util.concurrent.AbstractFuture$SynchronizedHelper             : loaded 2 times (x 74B)
Class com.google.common.cache.LocalCache$StrongValueReference                         : loaded 2 times (x 86B)
Class com.google.common.base.CharMatcher$Invisible                                    : loaded 2 times (x 108B)
Class com.google.common.collect.Sets$SetView                                          : loaded 2 times (x 134B)
Class com.google.common.collect.ImmutableRangeSet$Builder                             : loaded 2 times (x 73B)
Class [Lcom.google.common.collect.Iterators$EmptyModifiableIterator;                  : loaded 2 times (x 65B)
Class com.google.common.collect.Lists$ReverseList$1                                   : loaded 2 times (x 95B)
Class com.google.common.base.Predicates$CompositionPredicate                          : loaded 2 times (x 84B)
Class [Lcom.google.common.base.Function;                                              : loaded 2 times (x 65B)
Class org.apache.commons.io.FilenameUtils                                             : loaded 2 times (x 67B)
Class com.google.common.collect.MapMakerInternalMap$Strength$1                        : loaded 2 times (x 76B)
Class com.google.common.collect.AbstractMapBasedMultimap$WrappedList                  : loaded 2 times (x 201B)
Class com.google.common.primitives.Ints$IntConverter                                  : loaded 2 times (x 86B)
Class [Lorg.objectweb.asm.AnnotationWriter;                                           : loaded 2 times (x 65B)
Class kotlin.io.FilePathComponents                                                    : loaded 2 times (x 68B)
Class com.google.common.collect.Sets$2                                                : loaded 2 times (x 135B)
Class com.google.common.collect.Maps$ViewCachingAbstractMap                           : loaded 2 times (x 121B)
Class [Lorg.gradle.api.internal.ClassPathProvider;                                    : loaded 2 times (x 65B)
Class org.gradle.api.internal.ClassPathProvider                                       : loaded 2 times (x 66B)
Class jdk.internal.jimage.ImageReader$Directory                                       : loaded 2 times (x 80B)
Class jdk.internal.jrtfs.SystemImage                                                  : loaded 2 times (x 70B)
Class com.google.common.reflect.Invokable$MethodInvokable                             : loaded 2 times (x 103B)
Class com.google.common.collect.AbstractMapBasedMultimap$AsMap                        : loaded 2 times (x 124B)
Class [Lorg.jetbrains.org.objectweb.asm.AnnotationVisitor;                            : loaded 2 times (x 65B)
Class com.google.common.hash.PrimitiveSink                                            : loaded 2 times (x 66B)
Class com.google.common.reflect.Types$JavaVersion$2                                   : loaded 2 times (x 79B)
Class com.google.common.reflect.Types                                                 : loaded 2 times (x 67B)
Class com.google.common.util.concurrent.AbstractFuture$Failure                        : loaded 2 times (x 68B)
Class com.google.common.collect.CollectSpliterators                                   : loaded 2 times (x 67B)
Class com.google.common.io.LineReader$1                                               : loaded 2 times (x 71B)
Class org.gradle.api.internal.classpath.ManifestUtil                                  : loaded 2 times (x 67B)
Class com.google.common.util.concurrent.ExecutionError                                : loaded 2 times (x 78B)
Class com.google.common.collect.AbstractMapBasedMultimap$WrappedCollection            : loaded 2 times (x 120B)
Class com.google.common.collect.MapMakerInternalMap$StrongKeyDummyValueEntry          : loaded 2 times (x 78B)
Class org.apache.commons.io.filefilter.AndFileFilter                                  : loaded 2 times (x 128B)
Class com.google.common.collect.ImmutableEnumSet                                      : loaded 2 times (x 142B)
Class com.google.common.cache.LocalCache$LoadingValueReference                        : loaded 2 times (x 92B)
Class org.jetbrains.org.objectweb.asm.Symbol                                          : loaded 2 times (x 69B)
Class [Lorg.objectweb.asm.AnnotationVisitor;                                          : loaded 2 times (x 65B)
Class com.google.common.collect.MapMakerInternalMap$Strength$2                        : loaded 2 times (x 76B)
Class com.google.common.collect.Sets$3                                                : loaded 2 times (x 135B)
Class com.google.common.base.AbstractIterator$State                                   : loaded 2 times (x 75B)
Class com.google.common.reflect.Types$ClassOwnership$1                                : loaded 2 times (x 76B)
Class com.google.common.collect.ImmutableBiMap$SerializedForm                         : loaded 2 times (x 71B)
Class com.google.common.util.concurrent.AbstractFuture$SafeAtomicHelper               : loaded 2 times (x 75B)
Class [Lcom.google.common.cache.RemovalCause;                                         : loaded 2 times (x 65B)
Class com.google.common.reflect.Types$JavaVersion                                     : loaded 2 times (x 79B)
Class org.apache.commons.io.file.PathFilter                                           : loaded 2 times (x 66B)
Class com.google.common.collect.MapMaker                                              : loaded 2 times (x 68B)
Class org.jetbrains.kotlin.name.Name                                                  : loaded 2 times (x 71B)
Class com.google.common.cache.LocalCache$LocalLoadingCache                            : loaded 2 times (x 130B)
Class org.gradle.internal.service.UnknownServiceException                             : loaded 2 times (x 79B)
Class jdk.internal.jimage.ImageReader$SharedImageReader$LocationVisitor               : loaded 2 times (x 66B)
Class com.google.common.collect.ImmutableSetMultimap                                  : loaded 2 times (x 176B)
Class org.objectweb.asm.Label                                                         : loaded 2 times (x 69B)
Class org.objectweb.asm.CurrentFrame                                                  : loaded 2 times (x 69B)
Class org.objectweb.asm.ClassTooLargeException                                        : loaded 2 times (x 79B)
Class [Lorg.apache.commons.io.file.DeleteOption;                                      : loaded 2 times (x 65B)
Class com.google.common.io.CharSink                                                   : loaded 2 times (x 75B)
Class com.google.common.base.CharMatcher                                              : loaded 2 times (x 107B)
Class com.google.common.reflect.Types$JavaVersion$3                                   : loaded 2 times (x 79B)
Class com.google.common.base.Joiner$1                                                 : loaded 2 times (x 76B)
Class org.gradle.api.specs.Spec                                                       : loaded 2 times (x 66B)
Class com.google.common.base.CharMatcher$JavaUpperCase                                : loaded 2 times (x 107B)
Class com.google.common.io.CharSource                                                 : loaded 2 times (x 81B)
Class org.jetbrains.org.objectweb.asm.ModuleVisitor                                   : loaded 2 times (x 76B)
Class [Lorg.jetbrains.org.objectweb.asm.Attribute;                                    : loaded 2 times (x 65B)
Class com.google.common.io.ByteArrayDataInput                                         : loaded 2 times (x 66B)
Class com.google.common.util.concurrent.Uninterruptibles                              : loaded 2 times (x 67B)
Class com.google.common.base.Charsets                                                 : loaded 2 times (x 67B)
Class com.google.common.reflect.TypeParameter                                         : loaded 2 times (x 68B)
Class org.objectweb.asm.ModuleVisitor                                                 : loaded 2 times (x 77B)
Class com.google.common.collect.MapMakerInternalMap$StrongValueEntry                  : loaded 2 times (x 66B)
Class [Lorg.apache.commons.io.IOCase;                                                 : loaded 2 times (x 65B)
Class org.gradle.internal.classloader.ClasspathUtil                                   : loaded 2 times (x 67B)
Class com.google.common.collect.ImmutableBiMapFauxverideShim                          : loaded 2 times (x 116B)
Class com.google.common.reflect.Types$ClassOwnership$1LocalClass                      : loaded 2 times (x 67B)
Class com.google.common.collect.Maps$EntryFunction                                    : loaded 2 times (x 87B)
Class jdk.internal.jrtfs.JrtPath                                                      : loaded 2 times (x 114B)
Class jdk.internal.jimage.ImageBufferCache                                            : loaded 2 times (x 67B)
Class com.google.common.collect.Sets$4                                                : loaded 2 times (x 135B)
Class com.google.common.reflect.Types$ClassOwnership$2                                : loaded 2 times (x 76B)
Class com.google.common.cache.CacheBuilder$OneWeigher                                 : loaded 2 times (x 78B)
Class org.apache.commons.io.output.AbstractByteArrayOutputStream                      : loaded 2 times (x 98B)
Class com.google.common.collect.IndexedImmutableSet$1                                 : loaded 2 times (x 208B)
Class org.jetbrains.kotlin.name.ClassId$Companion                                     : loaded 2 times (x 67B)
Class com.google.common.reflect.TypeResolver                                          : loaded 2 times (x 68B)
Class com.google.common.cache.LocalCache$Strength$1                                   : loaded 2 times (x 77B)
Class org.jetbrains.org.objectweb.asm.RecordComponentWriter                           : loaded 2 times (x 74B)
Class com.google.common.io.ByteSource$AsCharSource                                    : loaded 2 times (x 82B)
Class org.objectweb.asm.Frame                                                         : loaded 2 times (x 69B)
Class org.objectweb.asm.MethodVisitor                                                 : loaded 2 times (x 101B)
Class com.google.common.collect.MapMakerInternalMap$InternalEntryHelper               : loaded 2 times (x 66B)
Class com.google.common.collect.Maps$IteratorBasedAbstractMap                         : loaded 2 times (x 121B)
Class com.google.common.collect.RangeGwtSerializationDependencies                     : loaded 2 times (x 67B)
Class com.google.common.collect.Table                                                 : loaded 2 times (x 66B)
Class com.google.common.base.CharMatcher$1                                            : loaded 2 times (x 109B)
Class com.google.common.base.CharMatcher$NamedFastMatcher                             : loaded 2 times (x 108B)
Class com.google.common.reflect.Types$JavaVersion$4                                   : loaded 2 times (x 79B)
Class com.google.common.base.Joiner$2                                                 : loaded 2 times (x 75B)
Class com.google.common.cache.LocalCache$EntryFactory$1                               : loaded 2 times (x 79B)
Class [Lcom.google.common.cache.RemovalListener;                                      : loaded 2 times (x 65B)
Class com.google.common.collect.ImmutableMultimap                                     : loaded 2 times (x 143B)
Class com.google.common.base.Predicates                                               : loaded 2 times (x 67B)
Class org.jetbrains.kotlin.build.report.metrics.DoNothingBuildMetricsReporter         : loaded 2 times (x 82B)
Class org.jetbrains.kotlin.name.FqName                                                : loaded 2 times (x 68B)
Class org.jetbrains.org.objectweb.asm.Type                                            : loaded 2 times (x 68B)
Class com.google.common.collect.Iterators$10                                          : loaded 2 times (x 77B)
Class com.google.common.reflect.Types$TypeVariableInvocationHandler                   : loaded 2 times (x 71B)
Class com.google.common.base.CharMatcher$JavaDigit                                    : loaded 2 times (x 107B)
Class com.google.common.collect.MapMakerInternalMap$InternalEntry                     : loaded 2 times (x 66B)
Class [Lcom.google.common.collect.HashBiMap$BiEntry;                                  : loaded 2 times (x 65B)
Class com.google.common.reflect.Types$NativeTypeVariableEquals                        : loaded 2 times (x 67B)
Class com.google.common.math.IntMath                                                  : loaded 2 times (x 67B)
Class com.google.common.collect.RegularImmutableSortedSet                             : loaded 2 times (x 295B)
Class com.google.common.collect.AbstractMapBasedMultimap$KeySet                       : loaded 2 times (x 133B)
Class org.apache.commons.io.filefilter.ConditionalFileFilter                          : loaded 2 times (x 66B)
Class org.gradle.internal.service.CachingServiceLocator                               : loaded 2 times (x 78B)
Class com.google.common.cache.LocalCache$LocalManualCache                             : loaded 2 times (x 95B)
Class com.google.common.collect.ImmutableMap$SerializedForm                           : loaded 2 times (x 69B)
Class com.google.common.base.CharMatcher$IsNot                                        : loaded 2 times (x 107B)
Class org.apache.commons.io.CloseableURLConnection                                    : loaded 2 times (x 112B)
Class [Lorg.apache.commons.io.FileSystem;                                             : loaded 2 times (x 65B)
Class org.gradle.internal.classloader.ClassLoaderFactory                              : loaded 2 times (x 66B)
Class [Lcom.google.common.cache.LocalCache$EntryFactory;                              : loaded 2 times (x 65B)
Class org.jetbrains.org.objectweb.asm.MethodWriter                                    : loaded 2 times (x 101B)
Class com.google.common.collect.RangeSet                                              : loaded 2 times (x 66B)
Class com.google.common.reflect.Types$JavaVersion$5                                   : loaded 2 times (x 67B)
Class [Lcom.google.common.reflect.Types$ClassOwnership;                               : loaded 2 times (x 65B)
Class com.google.common.cache.LocalCache$EntryFactory$2                               : loaded 2 times (x 79B)
Class org.gradle.api.internal.classpath.GlobalCacheRootsProvider                      : loaded 2 times (x 66B)
Class com.google.common.base.CharMatcher$JavaLetter                                   : loaded 2 times (x 107B)
Class com.google.common.collect.ImmutableSortedSet                                    : loaded 2 times (x 295B)
Class com.google.common.collect.Lists$ReverseList                                     : loaded 2 times (x 196B)
Class com.google.common.collect.Collections2$FilteredCollection                       : loaded 2 times (x 115B)
Class jdk.internal.jrtfs.JrtFileAttributes                                            : loaded 2 times (x 79B)
Class org.apache.commons.io.output.QueueOutputStream                                  : loaded 2 times (x 83B)
Class org.gradle.internal.service.ServiceLookupException                              : loaded 2 times (x 78B)
Class com.google.common.reflect.TypeResolver$TypeTable$1                              : loaded 2 times (x 69B)
Class [Lkotlin.Pair;                                                                  : loaded 2 times (x 65B)
Class com.google.common.base.CharMatcher$Whitespace                                   : loaded 2 times (x 108B)
Class com.google.common.reflect.Types$ClassOwnership$3                                : loaded 2 times (x 67B)
Class com.google.common.util.concurrent.SettableFuture                                : loaded 2 times (x 110B)
Class com.google.common.cache.LocalCache$Strength$2                                   : loaded 2 times (x 77B)
Class jdk.internal.jimage.ImageReader$Resource                                        : loaded 2 times (x 80B)
Class jdk.internal.jimage.decompressor.Decompressor                                   : loaded 2 times (x 68B)
Class com.google.common.cache.CacheLoader$SupplierToCacheLoader                       : loaded 2 times (x 71B)
Class com.google.common.reflect.TypeResolver$TypeTable                                : loaded 2 times (x 69B)
Class com.google.common.collect.ImmutableMultiset                                     : loaded 2 times (x 159B)
Class com.google.common.io.CharStreams                                                : loaded 2 times (x 67B)
Class org.objectweb.asm.ModuleWriter                                                  : loaded 2 times (x 78B)
Class com.google.common.collect.CollectCollectors                                     : loaded 2 times (x 67B)
Class com.google.common.cache.LocalCache$EntryFactory$3                               : loaded 2 times (x 79B)
Class com.google.common.base.Ticker$1                                                 : loaded 2 times (x 68B)
Class org.gradle.internal.classloader.ClassLoaderHierarchy                            : loaded 2 times (x 66B)
Class com.google.common.base.CharMatcher$IsEither                                     : loaded 2 times (x 107B)
Class [Lcom.google.common.base.AbstractIterator$State;                                : loaded 2 times (x 65B)
Class org.objectweb.asm.RecordComponentVisitor                                        : loaded 2 times (x 73B)
Class com.google.common.util.concurrent.AbstractFuture                                : loaded 2 times (x 102B)
Class com.google.common.collect.AbstractMapBasedMultimap                              : loaded 2 times (x 135B)
Class [Lcom.google.common.collect.Maps$EntryFunction;                                 : loaded 2 times (x 65B)
Class com.google.common.io.ByteStreams                                                : loaded 2 times (x 67B)
Class org.apache.commons.io.IOCase                                                    : loaded 2 times (x 76B)
Class com.google.common.collect.Interners$InternerImpl                                : loaded 2 times (x 71B)
Class com.google.common.cache.ReferenceEntry                                          : loaded 2 times (x 66B)
Class com.google.common.util.concurrent.ListenableFuture                              : loaded 2 times (x 66B)
Class com.google.common.base.CharMatcher$Any                                          : loaded 2 times (x 108B)
Class org.jetbrains.kotlin.build.report.metrics.GradleBuildTime$Companion             : loaded 2 times (x 67B)
Class org.jetbrains.org.objectweb.asm.AnnotationWriter                                : loaded 2 times (x 74B)
Class com.google.common.collect.Interner                                              : loaded 2 times (x 66B)
Class com.google.common.collect.TransformedIterator                                   : loaded 2 times (x 76B)
Class com.google.common.base.Splitter$1                                               : loaded 2 times (x 73B)
Class com.google.common.io.FileWriteMode                                              : loaded 2 times (x 75B)
Class [Lkotlin.jvm.functions.Function1;                                               : loaded 2 times (x 65B)
Class org.jetbrains.org.objectweb.asm.RecordComponentVisitor                          : loaded 2 times (x 73B)
Class com.google.common.base.CharMatcher$InRange                                      : loaded 2 times (x 107B)
Class com.google.common.collect.ImmutableSet$Builder                                  : loaded 2 times (x 81B)
Class com.google.common.cache.LocalCache$EntryFactory$4                               : loaded 2 times (x 79B)
Class [Lcom.google.common.collect.MapMakerInternalMap$Segment;                        : loaded 2 times (x 65B)
Class com.google.common.cache.LocalCache$ValueIterator                                : loaded 2 times (x 82B)
Class com.google.common.cache.LocalCache$Strength$3                                   : loaded 2 times (x 77B)
Class com.google.common.base.Splitter$1$1                                             : loaded 2 times (x 82B)
Class jdk.internal.jimage.BasicImageReader$1                                          : loaded 2 times (x 73B)
Class org.gradle.api.internal.classpath.DefaultModuleRegistry                         : loaded 2 times (x 82B)
Class com.google.common.base.CharMatcher$AnyOf                                        : loaded 2 times (x 108B)
Class [Lcom.google.common.collect.MapMaker$Dummy;                                     : loaded 2 times (x 65B)
Class jdk.internal.jimage.ImageReader$Node                                            : loaded 2 times (x 80B)
Class org.objectweb.asm.FieldWriter                                                   : loaded 2 times (x 74B)
Class com.google.common.collect.MapMaker$Dummy                                        : loaded 2 times (x 75B)
Class com.google.common.cache.LocalCache$LocalManualCache$1                           : loaded 2 times (x 71B)
Class com.google.common.util.concurrent.AbstractFuture$UnsafeAtomicHelper             : loaded 2 times (x 74B)
Class com.google.common.base.CharMatcher$ForPredicate                                 : loaded 2 times (x 108B)
Class com.google.common.io.Closer$SuppressingSuppressor                               : loaded 2 times (x 71B)
Class com.google.common.collect.ImmutableMultimap$Values                              : loaded 2 times (x 122B)
Class com.google.common.collect.Iterators$6                                           : loaded 2 times (x 77B)
Class com.google.common.collect.HashBiMap$Inverse                                     : loaded 2 times (x 138B)
Class org.jetbrains.kotlin.name.FqNameUnsafe                                          : loaded 2 times (x 68B)
Class [Lorg.jetbrains.org.objectweb.asm.Type;                                         : loaded 2 times (x 65B)
Class com.google.common.reflect.Invokable                                             : loaded 2 times (x 99B)
Class com.google.common.cache.CacheBuilder$NullListener                               : loaded 2 times (x 78B)
Class org.gradle.internal.classpath.TransformedClassPath                              : loaded 2 times (x 92B)
Class org.jetbrains.org.objectweb.asm.MethodTooLargeException                         : loaded 2 times (x 79B)
Class org.jetbrains.org.objectweb.asm.Context                                         : loaded 2 times (x 68B)
Class com.google.common.collect.Iterables$5                                           : loaded 2 times (x 77B)
Class com.google.common.io.ByteStreams$1                                              : loaded 2 times (x 81B)
Class com.google.common.cache.LocalCache$EntryFactory$5                               : loaded 2 times (x 79B)
Class org.gradle.internal.classloader.InstrumentingClassLoader                        : loaded 2 times (x 66B)
Class jdk.internal.jrtfs.SystemImage$1                                                : loaded 2 times (x 74B)
Class com.google.common.util.concurrent.internal.InternalFutureFailureAccess          : loaded 2 times (x 68B)
Class com.google.common.collect.ImmutableSet$JdkBackedSetBuilderImpl                  : loaded 2 times (x 72B)
Class com.google.common.base.Splitter$SplittingIterator                               : loaded 2 times (x 80B)
Class org.apache.commons.io.output.NullWriter                                         : loaded 2 times (x 95B)
Class org.jetbrains.org.objectweb.asm.AnnotationVisitor                               : loaded 2 times (x 73B)
Class org.gradle.api.internal.classpath.ModuleRegistry                                : loaded 2 times (x 66B)
Class org.gradle.internal.installation.GradleInstallation$1                           : loaded 2 times (x 71B)
Class com.google.common.cache.CacheLoader                                             : loaded 2 times (x 70B)
Class com.google.common.collect.AbstractListMultimap                                  : loaded 2 times (x 168B)
Class com.google.common.collect.SortedIterable                                        : loaded 2 times (x 66B)
Class [Lorg.objectweb.asm.SymbolTable$Entry;                                          : loaded 2 times (x 65B)
Class jdk.internal.jimage.ImageReader$SharedImageReader                               : loaded 2 times (x 91B)
Class com.google.common.cache.LocalCache$Segment                                      : loaded 2 times (x 150B)
Class com.google.common.reflect.TypeToken$2                                           : loaded 2 times (x 106B)
Class com.google.common.collect.AbstractMapBasedMultimap$AsMap$AsMapEntries           : loaded 2 times (x 134B)
Class jdk.internal.jimage.ImageReader                                                 : loaded 2 times (x 71B)
Class [Lorg.jetbrains.org.objectweb.asm.SymbolTable$Entry;                            : loaded 2 times (x 65B)
Class com.google.common.cache.LocalCache$ComputingValueReference                      : loaded 2 times (x 92B)
Class com.google.common.reflect.TypeToken$1                                           : loaded 2 times (x 106B)
Class org.jetbrains.org.objectweb.asm.CurrentFrame                                    : loaded 2 times (x 69B)
Class org.apache.commons.io.output.AppendableWriter                                   : loaded 2 times (x 96B)
Class com.google.common.cache.LocalCache$EntryFactory$6                               : loaded 2 times (x 79B)
Class org.gradle.internal.installation.CurrentGradleInstallationLocator               : loaded 2 times (x 67B)
Class com.google.common.collect.Maps$IteratorBasedAbstractMap$1                       : loaded 2 times (x 134B)
Class org.apache.commons.io.filefilter.AbstractFileFilter                             : loaded 2 times (x 117B)
Class com.google.common.collect.ImmutableListMultimap                                 : loaded 2 times (x 172B)
Class org.apache.commons.io.output.UnsynchronizedByteArrayOutputStream                : loaded 2 times (x 98B)
Class com.google.common.collect.ImmutableRangeSet$AsSet                               : loaded 2 times (x 295B)
Class com.google.common.reflect.Types$ParameterizedTypeImpl                           : loaded 2 times (x 77B)
Class com.google.common.base.Suppliers$SupplierOfInstance                             : loaded 2 times (x 75B)
Class org.objectweb.asm.Edge                                                          : loaded 2 times (x 68B)
Class org.jetbrains.org.objectweb.asm.ClassWriter                                     : loaded 2 times (x 100B)
Class com.google.common.cache.CacheLoader$FunctionToCacheLoader                       : loaded 2 times (x 71B)
Class jdk.internal.jrtfs.SystemImage$2                                                : loaded 2 times (x 72B)
Class jdk.internal.jimage.ImageStringsReader                                          : loaded 2 times (x 76B)
Class com.google.common.util.concurrent.AbstractFuture$AtomicHelper                   : loaded 2 times (x 74B)
Class com.google.common.io.CharStreams$NullWriter                                     : loaded 2 times (x 95B)
Class org.objectweb.asm.SymbolTable$Entry                                             : loaded 2 times (x 70B)
Class [Lcom.google.common.reflect.Types$JavaVersion;                                  : loaded 2 times (x 65B)
Class com.google.common.io.Files$FileByteSource                                       : loaded 2 times (x 81B)
Class [Lkotlin.io.FileWalkDirection;                                                  : loaded 2 times (x 65B)
Class org.objectweb.asm.ClassReader                                                   : loaded 2 times (x 89B)
Class com.google.common.io.ByteSource$SlicedByteSource                                : loaded 2 times (x 81B)
Class com.google.common.collect.ImmutableMultimap$Builder                             : loaded 2 times (x 79B)
Class org.apache.commons.io.output.ThresholdingOutputStream                           : loaded 2 times (x 91B)
Class com.google.common.collect.Maps$KeySet                                           : loaded 2 times (x 133B)
Class com.google.common.collect.ImmutableSet$EmptySetBuilderImpl                      : loaded 2 times (x 72B)
Class com.google.common.cache.LocalCache$EntryFactory$7                               : loaded 2 times (x 79B)
Class org.gradle.internal.service.DefaultServiceLocator                               : loaded 2 times (x 79B)
Class com.google.common.collect.Interners$InternerBuilder                             : loaded 2 times (x 72B)
Class org.gradle.api.UncheckedIOException                                             : loaded 2 times (x 78B)
Class jdk.internal.jrtfs.JrtDirectoryStream                                           : loaded 2 times (x 85B)
Class org.gradle.internal.classpath.ClassPath                                         : loaded 2 times (x 66B)
Class com.google.common.cache.CacheBuilder                                            : loaded 2 times (x 68B)
Class com.google.common.io.ByteSink                                                   : loaded 2 times (x 72B)
Class com.google.common.cache.RemovalCause                                            : loaded 2 times (x 76B)
Class [Lorg.jetbrains.org.objectweb.asm.AnnotationWriter;                             : loaded 2 times (x 65B)
Class com.google.common.collect.EmptyImmutableListMultimap                            : loaded 2 times (x 172B)
Class com.google.common.collect.BaseImmutableMultimap                                 : loaded 2 times (x 119B)
Class com.google.common.reflect.TypeToken                                             : loaded 2 times (x 69B)
Class org.apache.commons.io.IOUtils                                                   : loaded 2 times (x 67B)
Class com.google.common.base.ExtraObjectsMethodsForWeb                                : loaded 2 times (x 67B)
Class com.google.common.collect.MapMakerInternalMap$Segment                           : loaded 2 times (x 138B)
Class com.google.common.collect.NullnessCasts                                         : loaded 2 times (x 67B)
Class org.jetbrains.org.objectweb.asm.ByteVector                                      : loaded 2 times (x 74B)
Class org.apache.commons.io.output.ByteArrayOutputStream                              : loaded 2 times (x 98B)
Class com.google.common.reflect.TypeResolver$TypeVariableKey                          : loaded 2 times (x 68B)
Class com.google.common.base.Joiner                                                   : loaded 2 times (x 75B)
Class com.google.common.base.MoreObjects                                              : loaded 2 times (x 67B)
Class org.gradle.internal.classpath.DefaultClassPath$ImmutableUniqueList              : loaded 2 times (x 195B)
Class org.gradle.api.internal.ClassPathRegistry                                       : loaded 2 times (x 66B)
Class org.jetbrains.org.objectweb.asm.SymbolTable                                     : loaded 2 times (x 68B)
Class kotlin.io.FileTreeWalk                                                          : loaded 2 times (x 71B)
Class com.google.common.collect.ImmutableMultimap$EntryCollection                     : loaded 2 times (x 123B)
Class com.google.common.collect.Maps$EntrySet                                         : loaded 2 times (x 132B)
Class com.google.common.cache.LocalCache$EntryFactory$8                               : loaded 2 times (x 79B)
Class org.gradle.internal.installation.CurrentGradleInstallation                      : loaded 2 times (x 69B)
Class com.google.common.reflect.Invokable$ConstructorInvokable                        : loaded 2 times (x 103B)
Class org.apache.commons.io.file.DeleteOption                                         : loaded 2 times (x 66B)
Class com.google.common.primitives.IntsMethodsForWeb                                  : loaded 2 times (x 67B)
Class com.google.common.collect.ImmutableMultimap$Keys                                : loaded 2 times (x 162B)
Class com.google.common.collect.Maps$EntryFunction$2                                  : loaded 2 times (x 87B)
Class org.jetbrains.kotlin.build.report.metrics.GradleBuildTime                       : loaded 2 times (x 82B)
Class [Lorg.objectweb.asm.Type;                                                       : loaded 2 times (x 65B)
Class org.gradle.api.internal.DefaultClassPathRegistry                                : loaded 2 times (x 72B)
Class com.google.common.cache.RemovalListener                                         : loaded 2 times (x 66B)
Class com.google.common.collect.AbstractMapBasedMultimap$WrappedCollection$WrappedIterator: loaded 2 times (x 80B)
Class com.google.common.collect.Maps$EntryFunction$1                                  : loaded 2 times (x 87B)
Class kotlin.io.ByteStreamsKt                                                         : loaded 2 times (x 67B)
Class org.jetbrains.org.objectweb.asm.MethodVisitor                                   : loaded 2 times (x 100B)
Class jdk.internal.jimage.BasicImageReader                                            : loaded 2 times (x 91B)
Class org.gradle.internal.classloader.FilteringClassLoader                            : loaded 2 times (x 101B)
Class org.jetbrains.org.objectweb.asm.FieldWriter                                     : loaded 2 times (x 73B)
Class com.google.common.collect.Platform                                              : loaded 2 times (x 67B)
Class org.gradle.internal.service.ServiceLocator                                      : loaded 2 times (x 66B)
Class org.jetbrains.org.objectweb.asm.ModuleWriter                                    : loaded 2 times (x 77B)
Class com.google.common.collect.ForwardingObject                                      : loaded 2 times (x 68B)
Class com.google.common.cache.CacheLoader$1                                           : loaded 2 times (x 71B)
Class org.gradle.util.internal.GUtil                                                  : loaded 2 times (x 67B)
Class com.google.common.io.LineReader                                                 : loaded 2 times (x 68B)
Class kotlin.io.TextStreamsKt                                                         : loaded 2 times (x 67B)
Class jdk.internal.jrtfs.JrtFileSystemProvider                                        : loaded 2 times (x 97B)
Class com.google.common.util.concurrent.AbstractFuture$Cancellation                   : loaded 2 times (x 68B)
Class com.google.common.base.NullnessCasts                                            : loaded 2 times (x 67B)
Class com.google.common.io.Files$2                                                    : loaded 2 times (x 72B)
Class org.apache.commons.io.filefilter.IOFileFilter                                   : loaded 2 times (x 66B)
Class com.google.common.io.AppendableWriter                                           : loaded 2 times (x 96B)
Class org.jetbrains.kotlin.build.report.metrics.BuildMetricsReporter                  : loaded 2 times (x 66B)
Class com.google.common.cache.Cache                                                   : loaded 2 times (x 66B)
Class com.google.common.cache.LocalCache$Strength                                     : loaded 2 times (x 77B)
Class com.google.common.base.Stopwatch                                                : loaded 2 times (x 68B)
Class org.apache.commons.io.Charsets                                                  : loaded 2 times (x 67B)
Class jdk.internal.jimage.ImageHeader                                                 : loaded 2 times (x 67B)
Class org.gradle.api.internal.classpath.UnknownModuleException                        : loaded 2 times (x 78B)
Class [Lorg.jetbrains.org.objectweb.asm.Label;                                        : loaded 2 times (x 65B)
Class com.google.common.io.Files                                                      : loaded 2 times (x 67B)
Class com.google.common.io.ByteSource                                                 : loaded 2 times (x 80B)
Class com.google.common.util.concurrent.AbstractFuture$SetFuture                      : loaded 2 times (x 71B)
Class com.google.common.cache.AbstractCache$StatsCounter                              : loaded 2 times (x 66B)
Class com.google.common.cache.Weigher                                                 : loaded 2 times (x 66B)
Class com.google.common.cache.LocalCache$EntryFactory                                 : loaded 2 times (x 79B)
Class org.gradle.api.internal.classpath.Module                                        : loaded 2 times (x 66B)
Class org.apache.commons.io.output.NullOutputStream                                   : loaded 2 times (x 81B)
Class [Lkotlin.Function;                                                              : loaded 2 times (x 65B)
Class com.google.common.collect.HashBiMap$BiEntry                                     : loaded 2 times (x 79B)
Class com.google.common.base.Ascii                                                    : loaded 2 times (x 67B)
Class org.apache.commons.io.FileExistsException                                       : loaded 2 times (x 78B)
Class com.google.common.cache.LocalCache$1                                            : loaded 2 times (x 85B)
Class com.google.common.math.MathPreconditions                                        : loaded 2 times (x 67B)
Class com.google.common.collect.ObjectArrays                                          : loaded 2 times (x 67B)
Class com.google.common.collect.Multiset                                              : loaded 2 times (x 66B)
Class com.google.common.collect.ArrayListMultimapGwtSerializationDependencies         : loaded 2 times (x 168B)
Class com.google.common.collect.FluentIterable$3                                      : loaded 2 times (x 77B)
Class org.jetbrains.org.objectweb.asm.FieldVisitor                                    : loaded 2 times (x 72B)
Class com.google.common.reflect.Reflection                                            : loaded 2 times (x 67B)
Class com.google.common.primitives.Ints                                               : loaded 2 times (x 67B)
Class com.google.common.collect.FluentIterable$2                                      : loaded 2 times (x 77B)
Class org.jetbrains.kotlin.name.ClassId                                               : loaded 2 times (x 68B)
Class org.gradle.api.internal.classpath.DefaultModuleRegistry$DefaultModule           : loaded 2 times (x 82B)
Class com.google.common.base.Objects                                                  : loaded 2 times (x 67B)
Class com.google.common.collect.FluentIterable$1                                      : loaded 2 times (x 77B)
Class org.objectweb.asm.FieldVisitor                                                  : loaded 2 times (x 73B)
Class kotlin.collections.CollectionsKt___CollectionsKt$withIndex$1                    : loaded 2 times (x 75B)
Class com.google.common.io.ByteSource$ByteArrayByteSource                             : loaded 2 times (x 81B)
Class com.google.common.collect.MapMakerInternalMap$AbstractStrongKeyEntry            : loaded 2 times (x 76B)
Class org.apache.commons.io.function.IOSupplier                                       : loaded 2 times (x 66B)
Class com.google.common.collect.MapMakerInternalMap$1                                 : loaded 2 times (x 79B)
Class com.google.common.io.LineBuffer                                                 : loaded 2 times (x 71B)
Class com.google.common.reflect.Types$TypeVariableImpl                                : loaded 2 times (x 68B)
Class org.gradle.internal.installation.GradleInstallation                             : loaded 2 times (x 71B)
Class com.google.common.collect.Sets$ImprovedAbstractSet                              : loaded 2 times (x 131B)
Class jdk.internal.jimage.ImageBufferCache$2                                          : loaded 2 times (x 87B)
Class com.google.common.collect.AbstractMultimap                                      : loaded 2 times (x 119B)
Class com.google.common.reflect.TypeToken$SimpleTypeToken                             : loaded 2 times (x 69B)
Class com.google.common.cache.LocalCache$2                                            : loaded 2 times (x 138B)
Class org.gradle.internal.classloader.ClasspathUtil$1                                 : loaded 2 times (x 72B)
Class com.google.common.cache.CacheLoader$UnsupportedLoadingOperationException        : loaded 2 times (x 78B)
Class com.google.common.base.CharMatcher$And                                          : loaded 2 times (x 108B)
Class com.google.common.collect.AbstractMapBasedMultimap$KeySet$1                     : loaded 2 times (x 78B)
Class org.objectweb.asm.ClassWriter                                                   : loaded 2 times (x 102B)
Class com.google.common.collect.ImmutableBiMap$Builder                                : loaded 2 times (x 78B)
Class jdk.internal.jimage.ImageBufferCache$1                                          : loaded 2 times (x 79B)
Class org.gradle.internal.InternalTransformer                                         : loaded 2 times (x 66B)
Class com.google.common.base.CharMatcher$JavaLetterOrDigit                            : loaded 2 times (x 107B)
Class com.google.common.collect.ImmutableSortedSetFauxverideShim                      : loaded 2 times (x 143B)
Class kotlin.io.FileTreeWalk$FileTreeWalkIterator$WhenMappings                        : loaded 2 times (x 67B)
Class org.jetbrains.org.objectweb.asm.ClassTooLargeException                          : loaded 2 times (x 79B)
Class com.google.common.collect.Iterables                                             : loaded 2 times (x 67B)
Class com.google.common.base.Splitter$Strategy                                        : loaded 2 times (x 66B)
Class com.google.common.util.concurrent.UncheckedExecutionException                   : loaded 2 times (x 78B)
Class com.google.common.io.ByteSink$AsCharSink                                        : loaded 2 times (x 76B)
Class [Lorg.jetbrains.kotlin.build.report.metrics.BuildTime;                          : loaded 2 times (x 65B)
Class org.jetbrains.kotlin.build.report.metrics.BuildTime                             : loaded 2 times (x 66B)
Class org.gradle.internal.classloader.DefaultClassLoaderFactory                       : loaded 2 times (x 78B)
Class com.google.common.collect.ImmutableRangeSet$1                                   : loaded 2 times (x 205B)
Class com.google.common.util.concurrent.AbstractFuture$UnsafeAtomicHelper$1           : loaded 2 times (x 72B)
Class jdk.internal.jimage.ImageLocation                                               : loaded 2 times (x 86B)
Class jdk.internal.jrtfs.JrtDirectoryStream$1                                         : loaded 2 times (x 79B)
Class com.google.common.util.concurrent.AbstractFuture$Trusted                        : loaded 2 times (x 66B)
Class com.google.common.base.CharMatcher$RangesMatcher                                : loaded 2 times (x 108B)
Class com.google.common.collect.Range                                                 : loaded 2 times (x 83B)
Class kotlin.collections.AbstractIterator                                             : loaded 2 times (x 79B)
Class kotlin.io.LinesSequence$iterator$1                                              : loaded 2 times (x 75B)
Class kotlin.io.FileWalkDirection                                                     : loaded 2 times (x 75B)
Class com.google.common.collect.Lists$RandomAccessReverseList                         : loaded 2 times (x 196B)

---------------  S Y S T E M  ---------------

OS:
 Windows 10 , 64 bit Build 19041 (10.0.19041.5915)
OS uptime: 0 days 16:23 hours

CPU: total 8 (initial active 8) (4 cores per cpu, 2 threads per core) family 6 model 140 stepping 1 microcode 0x86, cx8, cmov, fxsr, ht, mmx, 3dnowpref, sse, sse2, sse3, ssse3, sse4.1, sse4.2, popcnt, lzcnt, tsc, tscinvbit, avx, avx2, aes, erms, clmul, bmi1, bmi2, adx, avx512f, avx512dq, avx512cd, avx512bw, avx512vl, sha, fma, vzeroupper, avx512_vpopcntdq, avx512_vpclmulqdq, avx512_vaes, avx512_vnni, clflush, clflushopt, clwb, avx512_vbmi2, avx512_vbmi, rdtscp, rdpid, fsrm, gfni, avx512_bitalg, f16c, pku, cet_ibt, cet_ss, avx512_ifma
Processor Information for all 8 processors :
  Max Mhz: 3110, Current Mhz: 3110, Mhz Limit: 3110

Memory: 4k page, system-wide physical 7871M (47M free)
TotalPageFile size 32447M (AvailPageFile size 5M)
current process WorkingSet (physical memory assigned to process): 110M, peak: 2104M
current process commit charge ("private bytes"): 2650M, peak: 2759M

vm_info: OpenJDK 64-Bit Server VM (21.0.5+-13047016-b750.29) for windows-amd64 JRE (21.0.5+-13047016-b750.29), built on 2025-02-11T21:12:39Z by "builder" with MS VC++ 16.10 / 16.11 (VS2019)

END.
